antibiotic_class,treatment,comparison,regulation,gene,gene_id,baseMean,log2FoldChange,FoldChange,pvalue,padj,signal_strength,padj_source
aminoglycoside,kanamycin,kanamycin_vs_control,downregulated,b1492,b1492,43492.324936835364,-10.22836963550446,0.0008335927580400113,4.77618120249096e-05,0.000711198254271072,32.19900292122223,BH_from_pvalue
aminoglycoside,kanamycin,kanamycin_vs_control,downregulated,b1493,b1493,1391.5845039352398,-9.189109608578354,0.0017131775489706315,5.292227270185654e-05,0.0007462206351503157,28.73556556021986,BH_from_pvalue
aminoglycoside,kanamycin,kanamycin_vs_control,downregulated,b0897,b0897,7549.052205434956,-7.949158342793582,0.004046363537716554,2.937291024212873e-06,0.0003023658628582782,27.976802391330644,BH_from_pvalue
aminoglycoside,kanamycin,kanamycin_vs_control,downregulated,b3510,b3510,21218.91924809095,-10.424479386385062,0.0007276441054235383,0.0005277991897029832,0.0024885123221006483,27.145971922351464,BH_from_pvalue
aminoglycoside,kanamycin,kanamycin_vs_control,downregulated,b1597,b1597,20981.505724759496,-10.298908293136098,0.0007938156946786476,0.0005292497225241203,0.0024902879723117475,26.81578688634867,BH_from_pvalue
aminoglycoside,kanamycin,kanamycin_vs_control,upregulated,b0315,b0315,1404.7880721570407,6.86995837580349,116.96705088306668,1.2681789149413747e-07,0.00014260671898515758,26.42089820164591,BH_from_pvalue
aminoglycoside,kanamycin,kanamycin_vs_control,downregulated,b3506,b3506,8713.863915222428,-7.367762104803462,0.006054560253405862,6.761537922061393e-06,0.00036237239294645155,25.35132663410877,BH_from_pvalue
aminoglycoside,kanamycin,kanamycin_vs_control,downregulated,b3511,b3511,5171.21609770923,-7.067222701990207,0.00745682550933569,1.8607982340997042e-06,0.00026155845178063965,25.317839401652993,BH_from_pvalue
aminoglycoside,kanamycin,kanamycin_vs_control,downregulated,b3509,b3509,6506.025277691708,-9.924871913184345,0.0010287642194094517,0.0008650437606261115,0.0033982243103024014,24.502007264825203,BH_from_pvalue
aminoglycoside,kanamycin,kanamycin_vs_control,downregulated,b4704,b4704,610.076176086106,-8.396089733481096,0.0029684185982050445,0.00017845194742559134,0.0013502188814240195,24.093384029927336,BH_from_pvalue
aminoglycoside,kanamycin,kanamycin_vs_control,downregulated,b0812,b0812,31587.296018396824,-6.833879019277415,0.008765918498367787,1.0558878880074969e-05,0.0004024901457845526,23.202691849016528,BH_from_pvalue
aminoglycoside,kanamycin,kanamycin_vs_control,downregulated,b3512,b3512,2958.152767721512,-9.60307394655745,0.0012858392888515017,0.0014370103495279952,0.004752700406012443,22.308512749248546,BH_from_pvalue
aminoglycoside,kanamycin,kanamycin_vs_control,downregulated,b1444,b1444,4688.389086872344,-6.459060398598519,0.011366560718526545,7.319841776502513e-06,0.00036237239294645155,22.224625006221725,BH_from_pvalue
aminoglycoside,kanamycin,kanamycin_vs_control,downregulated,b1516,b1516,1002.6229103501541,-6.126275104301496,0.014315530016257762,1.8483709045209956e-06,0.00026155845178063965,21.946959330625198,BH_from_pvalue
aminoglycoside,kanamycin,kanamycin_vs_control,downregulated,b1188,b1188,6421.979772852576,-6.156945511256036,0.014014406790919053,3.4008789430595963e-06,0.0003023658628582782,21.66916803950162,BH_from_pvalue
aminoglycoside,kanamycin,kanamycin_vs_control,upregulated,b0985,b0985,66.46819368226518,7.0626326829947415,133.67933791951526,8.001087111851222e-05,0.0009337842161831477,21.398035887479374,BH_from_pvalue
aminoglycoside,kanamycin,kanamycin_vs_control,downregulated,b2215,b2215,103744.27346115872,-6.044610142669855,0.015149246594858098,2.4175837717475075e-06,0.00029106331052579446,21.373817235717805,BH_from_pvalue
aminoglycoside,kanamycin,kanamycin_vs_control,downregulated,b3555,b3555,3575.46535454591,-6.305253123594854,0.012645315794149748,1.7112020416306332e-05,0.00045935133940707773,21.04602074646087,BH_from_pvalue
aminoglycoside,kanamycin,kanamycin_vs_control,downregulated,b1836,b1836,1397.8696725069733,-5.90861340540309,0.016646775866241182,3.918459730019696e-06,0.0003023658628582782,20.7951713277404,BH_from_pvalue
aminoglycoside,kanamycin,kanamycin_vs_control,upregulated,b1309,b1309,245.42904729990957,6.1551263710324395,71.26522567981581,1.6340298421598687e-05,0.00045091203865245947,20.594487609445093,BH_from_pvalue
aminoglycoside,kanamycin,kanamycin_vs_control,downregulated,b1732,b1732,2270.2581992441524,-5.825038407824531,0.0176395992125786,4.204776183398936e-06,0.00030504973020852277,20.478676019206475,BH_from_pvalue
aminoglycoside,kanamycin,kanamycin_vs_control,downregulated,b1783,b1783,13188.755103372658,-5.543834556040807,0.02143579068574986,8.784980073417527e-07,0.0002407088760585029,20.06040910942656,BH_from_pvalue
aminoglycoside,kanamycin,kanamycin_vs_control,downregulated,b2097,b2097,6387.449649255054,-5.887425454349443,0.01689306063926175,1.3976603297194709e-05,0.0004276650451073591,19.834125506095873,BH_from_pvalue
aminoglycoside,kanamycin,kanamycin_vs_control,downregulated,b0485,b0485,1085.9760827618345,-6.240804647682913,0.013223018451924418,5.003804508197101e-05,0.0007283855235556816,19.581390145913854,BH_from_pvalue
aminoglycoside,kanamycin,kanamycin_vs_control,upregulated,b1319,b1319,60.38744637935637,6.9201924489192725,121.11153342794468,0.00023517763172427263,0.001588331813056724,19.37002533261966,BH_from_pvalue
aminoglycoside,kanamycin,kanamycin_vs_control,downregulated,b1784,b1784,3125.320936743649,-6.034571681723798,0.015255024617619992,3.68185414965546e-05,0.0006270504306683465,19.32690781686315,BH_from_pvalue
aminoglycoside,kanamycin,kanamycin_vs_control,downregulated,b2266,b2266,4832.5654634028415,-5.43791867813267,0.023068712889886312,2.6500494370081642e-06,0.00029106331052579446,19.228548612031148,BH_from_pvalue
aminoglycoside,kanamycin,kanamycin_vs_control,downregulated,b2762,b2762,886.1762842680896,-5.278277519629941,0.025767966141097116,1.444895432098617e-06,0.0002407088760585029,19.099488876609705,BH_from_pvalue
aminoglycoside,kanamycin,kanamycin_vs_control,upregulated,b1504,b1504,44.45755108686844,6.486521491942702,89.66801103543467,0.00013415382058954477,0.0011749394294854121,19.005407570275302,BH_from_pvalue
aminoglycoside,kanamycin,kanamycin_vs_control,upregulated,b4205,b4205,35.81130172446354,6.180563966576691,72.53291709396832,6.758693665118637e-05,0.0008479072732519019,18.98453944029387,BH_from_pvalue
aminoglycoside,kanamycin,kanamycin_vs_control,downregulated,b2135,b2135,2807.1092029911,-5.360752499793069,0.02433619621110404,3.307399412362292e-06,0.0003023658628582782,18.86699281710823,BH_from_pvalue
aminoglycoside,kanamycin,kanamycin_vs_control,downregulated,b3588,b3588,8512.516203717936,-6.850951217892548,0.008662797939944957,0.00034983868727602233,0.0019526846506203693,18.561747229025304,BH_from_pvalue
aminoglycoside,kanamycin,kanamycin_vs_control,downregulated,b2465,b2465,8891.541469335038,-5.401120529395909,0.02366468404616736,8.036964969443131e-06,0.0003696808539065649,18.53758027398811,BH_from_pvalue
aminoglycoside,kanamycin,kanamycin_vs_control,downregulated,b3516,b3516,1021.8123345872526,-6.018174388205781,0.015429398292715507,6.737094964814154e-05,0.0008479072732519019,18.485735225670915,BH_from_pvalue
aminoglycoside,kanamycin,kanamycin_vs_control,downregulated,b3024,b3024,5014.101559408141,-5.541659290803268,0.021468135498359693,1.9374765105091897e-05,0.000474456175936222,18.419388740163722,BH_from_pvalue
aminoglycoside,kanamycin,kanamycin_vs_control,downregulated,b3517,b3517,138.2500637269309,-6.708245607652533,0.009563499815287643,0.0003146819033477486,0.0018454226874291696,18.339700469233325,BH_from_pvalue
aminoglycoside,kanamycin,kanamycin_vs_control,downregulated,b1683,b1683,2833.771442944015,-5.572509021981583,0.02101394703394691,2.5390809968839306e-05,0.0005191266510901782,18.304169028950334,BH_from_pvalue
aminoglycoside,kanamycin,kanamycin_vs_control,downregulated,b1682,b1682,964.6335100125348,-5.317635832581153,0.02507448999312621,9.27067648412595e-06,0.0003917968381299027,18.116861294860552,BH_from_pvalue
aminoglycoside,kanamycin,kanamycin_vs_control,upregulated,b0305,b0305,147.2608525210486,5.331446077165403,40.26476692459091,1.2910721428212987e-05,0.00041761151317182293,18.01616939457278,BH_from_pvalue
aminoglycoside,kanamycin,kanamycin_vs_control,downregulated,b2080,b2080,2414.395499100947,-5.429151839195854,0.023209321547389354,2.2714265023946273e-05,0.0004959648741636424,17.94089871843742,BH_from_pvalue
aminoglycoside,kanamycin,kanamycin_vs_control,downregulated,b2282,b2282,1936.5405592959653,-5.0892779844578575,0.029374783228135647,3.645886886585936e-06,0.0003023658628582782,17.911547153266245,BH_from_pvalue
aminoglycoside,kanamycin,kanamycin_vs_control,downregulated,b3012,b3012,1221.291484932575,-5.857327538688469,0.017249190415204625,7.378814851281831e-05,0.0008874307273012212,17.875776059555047,BH_from_pvalue
aminoglycoside,kanamycin,kanamycin_vs_control,downregulated,b1681,b1681,1754.7845494118003,-5.050946868038436,0.030165705457511346,2.5801298803856592e-06,0.00029106331052579446,17.86021144071512,BH_from_pvalue
aminoglycoside,kanamycin,kanamycin_vs_control,downregulated,b0863,b0863,1752.6494296750122,-5.193811742659762,0.02732164685813975,1.324301505721455e-05,0.00041761151317182293,17.551071661411186,BH_from_pvalue
aminoglycoside,kanamycin,kanamycin_vs_control,downregulated,b4016,b4016,11059.151378221191,-5.242241271241971,0.026419715270858804,2.051591558008054e-05,0.00047755253107549837,17.40937238204519,BH_from_pvalue
aminoglycoside,kanamycin,kanamycin_vs_control,downregulated,b1480,b1480,8781.551056282631,-5.58950609576681,0.02076782445833023,6.422441247946528e-05,0.0008258689634676197,17.232943946382225,BH_from_pvalue
aminoglycoside,kanamycin,kanamycin_vs_control,downregulated,b2283,b2283,5815.235909618807,-4.876437200180833,0.03404443497903286,3.7871387656449335e-06,0.0003023658628582782,17.16246098517747,BH_from_pvalue
aminoglycoside,kanamycin,kanamycin_vs_control,downregulated,b1517,b1517,856.9319290726094,-6.0406411785601435,0.015190980708404491,0.00020748931475740603,0.0014789924765917604,17.095220129677386,BH_from_pvalue
aminoglycoside,kanamycin,kanamycin_vs_control,downregulated,b0806,b0806,334.15711519486325,-5.7345584664730005,0.018781310371574968,0.00011255822886000205,0.0010658671861311353,17.044810397544197,BH_from_pvalue
aminoglycoside,kanamycin,kanamycin_vs_control,downregulated,b2464,b2464,3100.600020193541,-5.702192192717635,0.01920742335894963,0.00010542212999486681,0.001047687146570083,16.991212016199462,BH_from_pvalue
aminoglycoside,kanamycin,kanamycin_vs_control,upregulated,b1530,b1530,504.2245969271324,5.267658061932118,38.52326458707609,3.5204362086224966e-05,0.0006209773359366271,16.89298038034619,BH_from_pvalue
aminoglycoside,kanamycin,kanamycin_vs_control,downregulated,b2278,b2278,4025.632507019312,-4.755708840706879,0.0370159575381364,2.653089313374294e-06,0.00029106331052579446,16.816246075161978,BH_from_pvalue
aminoglycoside,kanamycin,kanamycin_vs_control,upregulated,b4417,b4417,33.43693791107128,6.077887756057493,67.55018221399676,0.000273946779546817,0.001719576282956336,16.8027981407748,BH_from_pvalue
aminoglycoside,kanamycin,kanamycin_vs_control,downregulated,b1518,b1518,265.40272492067703,-5.363127625467648,0.024296164209022295,5.3271847114666166e-05,0.0007488024010055263,16.763167465075853,BH_from_pvalue
aminoglycoside,kanamycin,kanamycin_vs_control,downregulated,b2091,b2091,8184.943890448777,-4.679006153503474,0.03903721242153163,3.943801855110032e-06,0.0003023658628582782,16.467608883783182,BH_from_pvalue
aminoglycoside,kanamycin,kanamycin_vs_control,upregulated,b1649,b1649,525.7726842032333,4.665712235650973,25.381619781948263,4.366595598478788e-06,0.0003066831743719094,16.39209368866675,BH_from_pvalue
aminoglycoside,kanamycin,kanamycin_vs_control,upregulated,b4321,b4321,1637.3279674036921,4.633630762733948,24.82343331920124,2.615261006795142e-06,0.00029106331052579446,16.384576461159604,BH_from_pvalue
aminoglycoside,kanamycin,kanamycin_vs_control,downregulated,b0836,b0836,7108.150243220677,-4.947192663124303,0.0324150438971916,2.5040545234723206e-05,0.0005162575797293256,16.262083025533528,BH_from_pvalue
aminoglycoside,kanamycin,kanamycin_vs_control,downregulated,b1684,b1684,980.5776847435963,-5.477496160048903,0.02244447000983324,0.00011678081582020649,0.001085815085560025,16.23663583323861,BH_from_pvalue
aminoglycoside,kanamycin,kanamycin_vs_control,downregulated,b2925,b2925,8072.975708282298,-4.800181751385475,0.035892301580142595,1.3107637250630479e-05,0.00041761151317182293,16.22090635561253,BH_from_pvalue
aminoglycoside,kanamycin,kanamycin_vs_control,downregulated,b4045,b4045,5091.910251876272,-5.19208304447624,0.027354404432179968,5.370202641892365e-05,0.0007524975539947619,16.21744494828655,BH_from_pvalue
aminoglycoside,kanamycin,kanamycin_vs_control,downregulated,b0903,b0903,25553.77310075665,-5.0379592769299535,0.030438492569651143,3.554780649762966e-05,0.0006245860688528837,16.143675533366352,BH_from_pvalue
aminoglycoside,kanamycin,kanamycin_vs_control,upregulated,b2986,b2986,19.893659741236704,5.348279362929547,40.737325525648345,8.841538731187303e-05,0.0009658430855157682,16.125561942025456,BH_from_pvalue
aminoglycoside,kanamycin,kanamycin_vs_control,downregulated,b0486,b0486,4766.951808857027,-5.7509280402292795,0.01856941221178288,0.00023650857264445206,0.0015949258766937713,16.086838069825156,BH_from_pvalue
aminoglycoside,kanamycin,kanamycin_vs_control,downregulated,b2535,b2535,4993.555649099102,-4.737004916351003,0.03749897791162192,1.3555198070939561e-05,0.00041761151317182293,16.007417454980306,BH_from_pvalue
aminoglycoside,kanamycin,kanamycin_vs_control,downregulated,b0753,b0753,2330.851534881695,-5.187955146414207,0.02743278405104096,7.038255318203234e-05,0.0008673444498980315,15.884524626403874,BH_from_pvalue
aminoglycoside,kanamycin,kanamycin_vs_control,upregulated,b3686,b3686,5592.776622385066,7.0622184598184585,133.64096173476773,0.0018576745725135467,0.005638205281488484,15.881934362145001,BH_from_pvalue
aminoglycoside,kanamycin,kanamycin_vs_control,downregulated,b0707,b0707,200.5511594753044,-5.283941632433136,0.02566699779529626,0.00010250200011709384,0.0010360763966891868,15.770495630357917,BH_from_pvalue
aminoglycoside,kanamycin,kanamycin_vs_control,upregulated,b1505,b1505,296.67118213193635,8.493493995076156,360.40969130636654,0.007066655498841709,0.014108218568038174,15.717446933296138,BH_from_pvalue
aminoglycoside,kanamycin,kanamycin_vs_control,downregulated,b0862,b0862,880.533849209714,-4.644467208615112,0.03998306254751946,1.466544915865209e-05,0.00043132456026684184,15.629541598340841,BH_from_pvalue
aminoglycoside,kanamycin,kanamycin_vs_control,upregulated,b1172,b1172,84.5877854240046,5.158009644080909,35.70389698585101,9.011805134274682e-05,0.0009720647360663674,15.537497269336448,BH_from_pvalue
aminoglycoside,kanamycin,kanamycin_vs_control,upregulated,b0770,b0770,101.78591031520786,4.787823035416281,27.62347730171297,3.103493064267698e-05,0.0005768393307056241,15.507496131278756,BH_from_pvalue
aminoglycoside,kanamycin,kanamycin_vs_control,upregulated,b0294,b0294,23.459181294922445,5.5767965170594564,47.72907649731995,0.0002704072051700705,0.0017082747315378892,15.433462485353404,BH_from_pvalue
aminoglycoside,kanamycin,kanamycin_vs_control,upregulated,b2210,b2210,1061.4795694019247,4.532015412067461,23.13516386046,1.128768090037685e-05,0.00040971651359822457,15.352277129311586,BH_from_pvalue
aminoglycoside,kanamycin,kanamycin_vs_control,upregulated,b1310,b1310,119.09617664113625,6.017150232319554,64.76534873168875,0.0006613208841314143,0.0028684873064832223,15.297684248446775,BH_from_pvalue
aminoglycoside,kanamycin,kanamycin_vs_control,downregulated,b2277,b2277,2167.204843360145,-4.188882115331798,0.054830326876925996,5.292689050350612e-07,0.00022828671390309302,15.25389533377952,BH_from_pvalue
aminoglycoside,kanamycin,kanamycin_vs_control,downregulated,b2094,b2094,5858.358112195977,-4.748981588109261,0.03718896511771201,3.6812969852972095e-05,0.0006270504306683465,15.209551600048252,BH_from_pvalue
aminoglycoside,kanamycin,kanamycin_vs_control,downregulated,b1003,b1003,1010.708560462972,-4.476373676745586,0.044923879276453534,1.2086130398161147e-05,0.00041761151317182293,15.126685193172419,BH_from_pvalue
aminoglycoside,kanamycin,kanamycin_vs_control,upregulated,b1307,b1307,457.45206332680687,4.678546251153015,25.60841844936669,3.2893657849345214e-05,0.0005935299365681254,15.095597892853329,BH_from_pvalue
aminoglycoside,kanamycin,kanamycin_vs_control,upregulated,b2367,b2367,59.788273375869785,4.774401497912542,27.367684981462535,4.7084216260585915e-05,0.000711198254271072,15.029860403631353,BH_from_pvalue
aminoglycoside,kanamycin,kanamycin_vs_control,upregulated,b4631,b4631,13.297638097483095,4.785467215948887,27.578406915770746,5.6013986181612495e-05,0.00077049207903637,14.898268818115833,BH_from_pvalue
aminoglycoside,kanamycin,kanamycin_vs_control,downregulated,b2284,b2284,2435.8525453778393,-4.32305592289301,0.049960927734263846,6.688735350860395e-06,0.00036237239294645155,14.874964907909812,BH_from_pvalue
aminoglycoside,kanamycin,kanamycin_vs_control,upregulated,b2109,b2109,60.55032007834918,4.3970136460814935,21.068470033247035,1.2116838750123462e-05,0.00041761151317182293,14.858509592236215,BH_from_pvalue
aminoglycoside,kanamycin,kanamycin_vs_control,downregulated,b3491,b3491,2753.541267870712,-6.144120874963229,0.014139541263611527,0.0011194039356933023,0.004015384162170741,14.722990336695695,BH_from_pvalue
aminoglycoside,kanamycin,kanamycin_vs_control,upregulated,b1873,b1873,342.23866840589034,5.560167996773469,47.18210882439544,0.00045486486406626307,0.0022809165647380727,14.689355569534431,BH_from_pvalue
aminoglycoside,kanamycin,kanamycin_vs_control,downregulated,b3267,b3267,343.19200352977265,-5.62226484505066,0.02030157061544882,0.0005427956972422214,0.002532671209746382,14.597767559619612,BH_from_pvalue
aminoglycoside,kanamycin,kanamycin_vs_control,upregulated,b4600,b4600,380.02086587933553,6.026007812382119,65.16420565666694,0.0010472019900019914,0.003823307265445582,14.568240255016947,BH_from_pvalue
aminoglycoside,kanamycin,kanamycin_vs_control,downregulated,b3513,b3513,1034.091705278815,-5.263119946564859,0.026040122641697753,0.00027175741449394174,0.001714396704619565,14.557203864622606,BH_from_pvalue
aminoglycoside,kanamycin,kanamycin_vs_control,upregulated,b4499,b4499,176.02725068817668,4.2199278091181665,18.634804894910847,6.02423700336019e-06,0.0003612935738815218,14.525581308360197,BH_from_pvalue
aminoglycoside,kanamycin,kanamycin_vs_control,upregulated,b1691,b1691,27.412522498716754,5.7854384480384375,55.155713993796205,0.0007465099619314899,0.003100463350662827,14.513196985983688,BH_from_pvalue
aminoglycoside,kanamycin,kanamycin_vs_control,downregulated,b1824,b1824,1142.855056180973,-5.5379738231525275,0.021523047494149242,0.0004942947052831493,0.0024003052405815826,14.508015694363966,BH_from_pvalue
aminoglycoside,kanamycin,kanamycin_vs_control,upregulated,b3659,b3659,37.47603401693005,4.833141828168291,28.50497494290869,9.752536706247769e-05,0.0010084347150506314,14.481795209124682,BH_from_pvalue
aminoglycoside,kanamycin,kanamycin_vs_control,downregulated,b2012,b2012,324.0734868491315,-3.998493529246156,0.06256529695802952,7.714844883079299e-07,0.0002407088760585029,14.46858040355314,BH_from_pvalue
aminoglycoside,kanamycin,kanamycin_vs_control,downregulated,b2779,b2779,14415.445054726972,-4.108618999296894,0.05796721566764461,4.04934800965813e-06,0.0003023658628582782,14.460149979123482,BH_from_pvalue
aminoglycoside,kanamycin,kanamycin_vs_control,downregulated,b2642,b2642,125.81074351273206,-4.818111446523868,0.03544899540456801,0.00010525366789990464,0.001047687146570083,14.356856159656699,BH_from_pvalue
aminoglycoside,kanamycin,kanamycin_vs_control,downregulated,b2276,b2276,3982.0615330193054,-3.959665653472225,0.0642720075648717,1.18502002668148e-06,0.0002407088760585029,14.32808142852036,BH_from_pvalue
aminoglycoside,kanamycin,kanamycin_vs_control,upregulated,b1306,b1306,983.3141301252057,4.9169346971727625,30.209589960763655,0.00015081853444921488,0.0012415541245270872,14.28878109221002,BH_from_pvalue
aminoglycoside,kanamycin,kanamycin_vs_control,upregulated,b1230,b1230,317.7598383957049,4.6602289061474025,25.28533357527294,6.933705982036457e-05,0.0008591683059834705,14.287897173203964,BH_from_pvalue
aminoglycoside,kanamycin,kanamycin_vs_control,upregulated,b0532,b0532,376.8807324935055,6.013790376917697,64.61469387177642,0.0011965228423159412,0.004211236106993039,14.286302739700643,BH_from_pvalue
aminoglycoside,kanamycin,kanamycin_vs_control,downregulated,b3097,b3097,1657.9264262075333,-4.340474120044304,0.049361357457308734,2.6084623780227364e-05,0.0005214606122820564,14.248815076633617,BH_from_pvalue
aminoglycoside,kanamycin,kanamycin_vs_control,downregulated,b1004,b1004,3365.905721607462,-4.799457549435125,0.0359103232681604,0.00011954662608130317,0.0010996333826456066,14.200405028026697,BH_from_pvalue
aminoglycoside,kanamycin,kanamycin_vs_control,upregulated,b1353,b1353,60.53173370026351,4.93478535143446,30.585699190903092,0.00017492951599071036,0.0013354588714946534,14.184396416983978,BH_from_pvalue
aminoglycoside,kanamycin,kanamycin_vs_control,upregulated,b4282,b4282,43.89259779544465,5.667488877287613,50.825791688505014,0.000762405758651775,0.003150352723630397,14.178021513704719,BH_from_pvalue
aminoglycoside,kanamycin,kanamycin_vs_control,upregulated,b1025,b1025,241.91594611099222,4.178815078044013,18.111260817396463,1.2931997685574977e-05,0.00041761151317182293,14.121166982647914,BH_from_pvalue
aminoglycoside,kanamycin,kanamycin_vs_control,upregulated,b1408,b1408,27.488371783344416,5.782874869719137,55.057792785875286,0.0010203034148693162,0.003755511212886694,14.025385326342544,BH_from_pvalue
aminoglycoside,kanamycin,kanamycin_vs_control,downregulated,b2795,b2795,3523.1714898455707,-4.22715946001424,0.053394706802049836,2.172419731751635e-05,0.0004861464653442216,14.005563659306436,BH_from_pvalue
aminoglycoside,kanamycin,kanamycin_vs_control,upregulated,b4470,b4470,774.9695470962924,4.20841355912537,18.48667113338737,1.967333218893914e-05,0.000474456175936222,13.987941383106955,BH_from_pvalue
aminoglycoside,kanamycin,kanamycin_vs_control,downregulated,b1241,b1241,16686.441337999906,-4.235619866305461,0.053082500194016675,2.3518477183970385e-05,0.0004989910866674472,13.985623783773555,BH_from_pvalue
aminoglycoside,kanamycin,kanamycin_vs_control,upregulated,b3557,b3557,164.2197830419286,5.010079250091655,32.224347700342776,0.00024804708825115133,0.0016351425035694056,13.960307231652608,BH_from_pvalue
aminoglycoside,kanamycin,kanamycin_vs_control,downregulated,b4056,b4056,1115.043922789435,-4.056467593557611,0.06010098336026206,7.22753522459486e-06,0.00036237239294645155,13.95767581555205,BH_from_pvalue
aminoglycoside,kanamycin,kanamycin_vs_control,downregulated,b0904,b0904,1336.6662601703765,-3.848393203373778,0.06942537122928916,1.1960284740667911e-06,0.0002407088760585029,13.925441189346767,BH_from_pvalue
aminoglycoside,kanamycin,kanamycin_vs_control,downregulated,b0871,b0871,2372.605669901495,-4.598238289337954,0.041285005586494866,8.084225014086895e-05,0.0009371867039526508,13.924265088458366,BH_from_pvalue
aminoglycoside,kanamycin,kanamycin_vs_control,downregulated,b3544,b3544,14754.504203039973,-4.179066823480207,0.055204633662167296,2.0715189596407636e-05,0.00047755253107549837,13.878592528455073,BH_from_pvalue
aminoglycoside,kanamycin,kanamycin_vs_control,upregulated,b2322,b2322,437.47626169814066,3.826219579217004,14.184265878247459,1.0506521118887055e-06,0.0002407088760585029,13.845205755275442,BH_from_pvalue
aminoglycoside,kanamycin,kanamycin_vs_control,downregulated,b2422,b2422,2522.1675779119787,-4.154771601676899,0.056142160672314326,1.8430026876641678e-05,0.0004657205668041251,13.843177896363883,BH_from_pvalue
aminoglycoside,kanamycin,kanamycin_vs_control,downregulated,b2903,b2903,7793.606359154296,-5.140480272363053,0.02835053415577101,0.0003746621585945111,0.0020451825113569307,13.824128739427291,BH_from_pvalue
aminoglycoside,kanamycin,kanamycin_vs_control,downregulated,b3428,b3428,3964.1435013104287,-3.8898093137645784,0.06746068071510126,2.2616654323515486e-06,0.0002906563175633505,13.75677832154392,BH_from_pvalue
aminoglycoside,kanamycin,kanamycin_vs_control,downregulated,b2764,b2764,2694.4256738006447,-6.278192182265612,0.012884745198125623,0.0023748291890583867,0.006559659780980149,13.70603866033088,BH_from_pvalue
aminoglycoside,kanamycin,kanamycin_vs_control,downregulated,b4067,b4067,2450.8206040959403,-4.599252469765868,0.041255993404482307,0.00010529522073328953,0.001047687146570083,13.70470710012608,BH_from_pvalue
aminoglycoside,kanamycin,kanamycin_vs_control,downregulated,b1519,b1519,678.934932012208,-4.022180390595396,0.06154645660122405,9.78301641549387e-06,0.0003917968381299027,13.703323532020516,BH_from_pvalue
aminoglycoside,kanamycin,kanamycin_vs_control,upregulated,b4440,b4440,1667.8953884270206,4.302444970752586,19.73172212843399,4.1883684028939284e-05,0.00067043704897569,13.6544200369026,BH_from_pvalue
aminoglycoside,kanamycin,kanamycin_vs_control,upregulated,b1183,b1183,217.57185727115916,4.033111975650002,16.37147014801795,1.2947818101090566e-05,0.00041761151317182293,13.628803046850413,BH_from_pvalue
aminoglycoside,kanamycin,kanamycin_vs_control,upregulated,b1304,b1304,7541.392607462101,4.948345986220319,30.874545333021757,0.00029418686008116253,0.0017761778478457303,13.610492688550092,BH_from_pvalue
aminoglycoside,kanamycin,kanamycin_vs_control,upregulated,b1560,b1560,283.549125161828,6.983659751513663,126.5584259491909,0.005207122262456903,0.011260401892563053,13.607284668703285,BH_from_pvalue
aminoglycoside,kanamycin,kanamycin_vs_control,downregulated,b0953,b0953,67418.5940080326,-5.30269858431806,0.025335452663855156,0.0006062929802757201,0.0027243814438363528,13.600001203830853,BH_from_pvalue
aminoglycoside,kanamycin,kanamycin_vs_control,downregulated,b0605,b0605,17600.685435534542,-4.085398608953453,0.05890775534725522,1.8923672281730693e-05,0.00047288154401791473,13.584962065030874,BH_from_pvalue
aminoglycoside,kanamycin,kanamycin_vs_control,downregulated,b2281,b2281,767.5134894601591,-5.13171957838488,0.02852321513398398,0.0004539068157315087,0.0022786527423664356,13.559654793297344,BH_from_pvalue
aminoglycoside,kanamycin,kanamycin_vs_control,downregulated,b3073,b3073,1809.648548921984,-3.796940057738121,0.07194608241998124,2.0017908369185118e-06,0.0002728501571048323,13.532582142767119,BH_from_pvalue
aminoglycoside,kanamycin,kanamycin_vs_control,upregulated,b1496,b1496,34.920316251385294,5.322261095936295,40.00923381515542,0.000660749166078432,0.0028684873064832223,13.531034890255642,BH_from_pvalue
aminoglycoside,kanamycin,kanamycin_vs_control,upregulated,b2106,b2106,162.40535680622267,4.001988623757252,16.022069750284807,1.3252443386351554e-05,0.00041761151317182293,13.523630159098955,BH_from_pvalue
aminoglycoside,kanamycin,kanamycin_vs_control,downregulated,b1744,b1744,2269.8616722457364,-5.609999632195359,0.020474902155214116,0.0011302442211017427,0.004034792465488602,13.43134218089159,BH_from_pvalue
aminoglycoside,kanamycin,kanamycin_vs_control,downregulated,b1745,b1745,5041.437904369786,-4.911966929401736,0.033216251224194096,0.0003216018480470408,0.0018610055170543629,13.410909199942422,BH_from_pvalue
aminoglycoside,kanamycin,kanamycin_vs_control,downregulated,b2280,b2280,858.0495354192676,-4.58278296881703,0.041729661588808094,0.00013839666575151232,0.0011853087776199352,13.409995163336507,BH_from_pvalue
aminoglycoside,kanamycin,kanamycin_vs_control,downregulated,b4187,b4187,7116.92166131887,-5.401226474542215,0.023662946280189497,0.0008431655013692198,0.0033332668914919043,13.379539658352819,BH_from_pvalue
aminoglycoside,kanamycin,kanamycin_vs_control,downregulated,b1724,b1724,403.5014899372809,-4.10288727404411,0.058197973399878256,2.8424218146421348e-05,0.0005519506095107552,13.367616136152156,BH_from_pvalue
aminoglycoside,kanamycin,kanamycin_vs_control,downregulated,b4015,b4015,50638.65295008722,-5.107019591110811,0.02901575761175565,0.0005095159655247606,0.002440684571810834,13.342029155010026,BH_from_pvalue
aminoglycoside,kanamycin,kanamycin_vs_control,downregulated,b1513,b1513,1664.3615079860792,-3.8651353104198307,0.06862436427825508,7.256603222551488e-06,0.00036237239294645155,13.299331105655229,BH_from_pvalue
aminoglycoside,kanamycin,kanamycin_vs_control,upregulated,b0327,b0327,119.79892245087892,6.3684447420588635,82.62146532341556,0.003285227832353112,0.00828980986298185,13.25563389165831,BH_from_pvalue
aminoglycoside,kanamycin,kanamycin_vs_control,downregulated,b0864,b0864,681.1580914290063,-3.9327308303839006,0.06548322428167205,1.4915875836387112e-05,0.00043132456026684184,13.234409319231876,BH_from_pvalue
aminoglycoside,kanamycin,kanamycin_vs_control,upregulated,b0245,b0245,14.095224858461632,4.862045119029591,29.08180922035916,0.0003337200890169288,0.0018976902154211703,13.23339130597576,BH_from_pvalue
aminoglycoside,kanamycin,kanamycin_vs_control,downregulated,b2579,b2579,15696.090770520095,-4.197185087129128,0.054515674703184434,4.7631736560336356e-05,0.000711198254271072,13.212777763942812,BH_from_pvalue
aminoglycoside,kanamycin,kanamycin_vs_control,downregulated,b2665,b2665,6527.279216279767,-4.860216879585025,0.034429358734740685,0.0003460572170183874,0.0019457067026858832,13.175671901350766,BH_from_pvalue
aminoglycoside,kanamycin,kanamycin_vs_control,upregulated,b1951,b1951,159.62834500058236,5.482318427816157,44.703578805279456,0.0011208876714825296,0.004017332865600334,13.135975856121835,BH_from_pvalue
aminoglycoside,kanamycin,kanamycin_vs_control,downregulated,b1514,b1514,743.4230548843158,-3.939522206334849,0.0651756914509962,1.9773882690265412e-05,0.000474456175936222,13.0941992571454,BH_from_pvalue
aminoglycoside,kanamycin,kanamycin_vs_control,upregulated,b1502,b1502,72.1453362198305,5.603443512608322,48.61883815649336,0.0013943643674656522,0.004666555747664065,13.061646673217533,BH_from_pvalue
aminoglycoside,kanamycin,kanamycin_vs_control,upregulated,b0533,b0533,39.388230366676275,5.935501782625886,61.20178316860114,0.0023064530926670906,0.006419818076000355,13.01345279632413,BH_from_pvalue
aminoglycoside,kanamycin,kanamycin_vs_control,downregulated,b2672,b2672,1296.964139848184,-4.0617802576665385,0.05988007100425509,3.631462952182603e-05,0.0006270504306683465,13.008653596745669,BH_from_pvalue
aminoglycoside,kanamycin,kanamycin_vs_control,upregulated,b2050,b2050,60.32424412094403,3.8363026227031445,14.283747417821358,1.1386074744281474e-05,0.00040971651359822457,12.995538554176225,BH_from_pvalue
aminoglycoside,kanamycin,kanamycin_vs_control,downregulated,b3494,b3494,2978.2306063624637,-4.1267980332087735,0.0572413682146216,4.645024091342846e-05,0.000711198254271072,12.99119866233011,BH_from_pvalue
aminoglycoside,kanamycin,kanamycin_vs_control,downregulated,b1680,b1680,1350.8013297115185,-4.297700458645389,0.05084675590838653,8.622509959914381e-05,0.0009597616568889081,12.969757758880968,BH_from_pvalue
aminoglycoside,kanamycin,kanamycin_vs_control,downregulated,b4107,b4107,200.37609847128428,-3.9159624253325394,0.0662487743742711,2.2242409031002833e-05,0.000488749905918745,12.965412128004887,BH_from_pvalue
aminoglycoside,kanamycin,kanamycin_vs_control,downregulated,b4658,b4658,459.8464295028967,-3.727289280554806,0.07550472393961549,5.542475249935083e-06,0.00034625074547511115,12.898691884318925,BH_from_pvalue
aminoglycoside,kanamycin,kanamycin_vs_control,upregulated,b0986,b0986,29.572277576759404,4.7002658815391385,25.99686733562439,0.00030216237123457875,0.0018052050187981332,12.895054737291407,BH_from_pvalue
aminoglycoside,kanamycin,kanamycin_vs_control,downregulated,b1515,b1515,376.5499794305678,-3.6417622848864735,0.08011619504300374,3.0536225151018565e-06,0.0003023658628582782,12.817063065907444,BH_from_pvalue
aminoglycoside,kanamycin,kanamycin_vs_control,upregulated,b2119,b2119,51.72917709071465,5.293095573981466,39.20852797582972,0.0010498968814601176,0.00382693368947132,12.79420100634385,BH_from_pvalue
aminoglycoside,kanamycin,kanamycin_vs_control,upregulated,b1453,b1453,310.32577631061866,3.5337531064436574,11.581523221990793,1.4135323745742488e-06,0.0002407088760585029,12.786913514531827,BH_from_pvalue
aminoglycoside,kanamycin,kanamycin_vs_control,downregulated,b0726,b0726,8327.339496926814,-3.882350949995816,0.06781033819322052,2.651679256426851e-05,0.000525942410453603,12.730468723602154,BH_from_pvalue
aminoglycoside,kanamycin,kanamycin_vs_control,downregulated,b4068,b4068,373.11243236683214,-4.4768530124838914,0.04490895578718424,0.0001973000769879041,0.0014336926434436069,12.730128268260739,BH_from_pvalue
aminoglycoside,kanamycin,kanamycin_vs_control,downregulated,b3153,b3153,310.18993751172917,-3.946211741587142,0.06487418225074497,3.395036668664949e-05,0.0006012155486478323,12.710628829092867,BH_from_pvalue
aminoglycoside,kanamycin,kanamycin_vs_control,upregulated,b2339,b2339,41.605993966365446,6.018155606620926,64.81049764294838,0.00303904882576213,0.007815689890381967,12.680450541351625,BH_from_pvalue
aminoglycoside,kanamycin,kanamycin_vs_control,upregulated,b2668,b2668,670.3978388214656,4.55221802432066,23.461413404977705,0.0002510999669909247,0.0016403076643174285,12.678267184072604,BH_from_pvalue
aminoglycoside,kanamycin,kanamycin_vs_control,downregulated,b4518,b4518,2333.2023466970236,-4.471966676602433,0.045061318048295204,0.00020329015320124242,0.0014674920992946555,12.670978729344945,BH_from_pvalue
aminoglycoside,kanamycin,kanamycin_vs_control,upregulated,b3534,b3534,137.34463143062092,3.1513178336368277,8.884667794523786,4.3161134687014145e-08,9.70693919110948e-05,12.64597908454878,BH_from_pvalue
aminoglycoside,kanamycin,kanamycin_vs_control,downregulated,b4139,b4139,33925.05344188377,-3.8009977814616303,0.0717440111919003,1.955352494985045e-05,0.000474456175936222,12.633771234083452,BH_from_pvalue
aminoglycoside,kanamycin,kanamycin_vs_control,downregulated,b3507,b3507,142.76849383711655,-4.519171234523336,0.043610784875857546,0.00024977928547203,0.0016403076643174285,12.586229406358985,BH_from_pvalue
aminoglycoside,kanamycin,kanamycin_vs_control,upregulated,b4296,b4296,112.57946897540201,4.858890050819426,29.018278930561735,0.0005616092411439283,0.0025908906324773225,12.567766527277364,BH_from_pvalue
aminoglycoside,kanamycin,kanamycin_vs_control,upregulated,b3473,b3473,753.4360436143066,3.258719972928394,9.571333729895745,9.423907420165614e-08,0.00014129578525301644,12.54565084515636,BH_from_pvalue
aminoglycoside,kanamycin,kanamycin_vs_control,downregulated,b0384,b0384,500.0503158913127,-3.7802698665107686,0.072782233439257,2.2002648643368608e-05,0.000488749905918745,12.51614582850039,BH_from_pvalue
aminoglycoside,kanamycin,kanamycin_vs_control,downregulated,b3919,b3919,3578.5849329306952,-3.6221759288610933,0.08121128752212604,8.445042218234039e-06,0.00037327166407985876,12.416728446886026,BH_from_pvalue
aminoglycoside,kanamycin,kanamycin_vs_control,downregulated,b3432,b3432,2535.0911843114145,-3.429229487032531,0.09283228969324603,1.1088798962304883e-06,0.0002407088760585029,12.408693972482103,BH_from_pvalue
aminoglycoside,kanamycin,kanamycin_vs_control,upregulated,b4618,b4618,13725.12580730259,4.694462729603572,25.892506571195334,0.00045892068307347303,0.002291037993856251,12.393230015132103,BH_from_pvalue
aminoglycoside,kanamycin,kanamycin_vs_control,downregulated,b1896,b1896,1670.2273670703662,-4.159095009050527,0.05597416806615839,0.00010652253293191826,0.001049620767519335,12.389809215094235,BH_from_pvalue
aminoglycoside,kanamycin,kanamycin_vs_control,downregulated,b0755,b0755,4585.866280200986,-3.6002875325205483,0.08245280974638927,7.331233383309713e-06,0.00036237239294645155,12.388030980822858,BH_from_pvalue
aminoglycoside,kanamycin,kanamycin_vs_control,upregulated,b1409,b1409,79.16498189304657,6.314619496612983,79.59575007330876,0.005004221730691675,0.010941279221238194,12.38253879867104,BH_from_pvalue
aminoglycoside,kanamycin,kanamycin_vs_control,downregulated,b1676,b1676,4737.074144449721,-3.627223597597089,0.08092764380101994,9.473188937950157e-06,0.0003917968381299027,12.357729801744314,BH_from_pvalue
aminoglycoside,kanamycin,kanamycin_vs_control,downregulated,b1064,b1064,1877.133994380336,-4.791585683060577,0.036106798523451264,0.0005848847168970206,0.0026432144421414936,12.352073491842397,BH_from_pvalue
aminoglycoside,kanamycin,kanamycin_vs_control,upregulated,b4182,b4182,67.51416380754661,4.354022785383132,20.449912786933286,0.0002043289341167896,0.0014705144730517113,12.332903193886853,BH_from_pvalue
aminoglycoside,kanamycin,kanamycin_vs_control,upregulated,b4492,b4492,4862.466109989312,3.859878241139768,14.519081069228486,4.075423240235582e-05,0.0006581658997402865,12.280838047792859,BH_from_pvalue
aminoglycoside,kanamycin,kanamycin_vs_control,downregulated,b2763,b2763,2590.053850410581,-5.0329453177651216,0.030544462900193976,0.0009748337093352303,0.0036601018569197546,12.262805634014516,BH_from_pvalue
aminoglycoside,kanamycin,kanamycin_vs_control,downregulated,b1051,b1051,1768.055723614423,-4.089423966581213,0.0587436220589321,9.791396079875923e-05,0.0010101307240202272,12.250370116068925,BH_from_pvalue
aminoglycoside,kanamycin,kanamycin_vs_control,downregulated,b4350,b4350,3145.4230603768065,-3.676859779407822,0.07819066676297928,1.9830538256115994e-05,0.000474456175936222,12.221160859235797,BH_from_pvalue
aminoglycoside,kanamycin,kanamycin_vs_control,upregulated,b0550,b0550,12.162365847970394,4.655080548090493,25.195261904792353,0.0004846454311414989,0.0023772466186199152,12.214585772768986,BH_from_pvalue
aminoglycoside,kanamycin,kanamycin_vs_control,downregulated,b0972,b0972,356.1902858438207,-4.381977889040178,0.047961550560287086,0.00025036947345882034,0.0016403076643174285,12.20413569278475,BH_from_pvalue
aminoglycoside,kanamycin,kanamycin_vs_control,upregulated,b3265,b3265,22.20425776645774,5.061019698023485,33.38249078200283,0.0010833336459572466,0.003920221029377067,12.180302693008077,BH_from_pvalue
aminoglycoside,kanamycin,kanamycin_vs_control,upregulated,b1531,b1531,872.5734225234114,4.801608751646996,27.88869942805331,0.0007036054791476247,0.0029800540915310885,12.12778743993575,BH_from_pvalue
aminoglycoside,kanamycin,kanamycin_vs_control,upregulated,b1029,b1029,133.86946465036178,5.306720278807205,39.580564379244564,0.0016857784995006864,0.005238862187836563,12.103371400383647,BH_from_pvalue
aminoglycoside,kanamycin,kanamycin_vs_control,downregulated,b1746,b1746,5848.224232907032,-4.490560079000673,0.04448429569196615,0.0003776448438560564,0.002049264279121886,12.072430832666846,BH_from_pvalue
aminoglycoside,kanamycin,kanamycin_vs_control,downregulated,b3508,b3508,829.141147639696,-4.987317539702434,0.03152592388295712,0.0010415227431678671,0.00381185459623195,12.063641227221064,BH_from_pvalue
aminoglycoside,kanamycin,kanamycin_vs_control,upregulated,b4158,b4158,100.51705346260262,4.5268856201402015,23.053048215401795,0.0004188010032620704,0.0021677409812114992,12.059589847256879,BH_from_pvalue
aminoglycoside,kanamycin,kanamycin_vs_control,upregulated,b1872,b1872,861.0169470748314,4.256907976829136,19.11863974487995,0.00020723770691303972,0.0014789924765917604,12.047194459085537,BH_from_pvalue
aminoglycoside,kanamycin,kanamycin_vs_control,downregulated,b0999,b0999,1888.598008595274,-4.060440786720446,0.05993569250361056,0.00011570308750296048,0.001085815085560025,12.036137762590444,BH_from_pvalue
aminoglycoside,kanamycin,kanamycin_vs_control,downregulated,b0861,b0861,1133.9245377188015,-3.4388393917491538,0.09221598145481304,4.948027946911061e-06,0.00032373808165283343,12.000883068210154,BH_from_pvalue
aminoglycoside,kanamycin,kanamycin_vs_control,upregulated,b2372,b2372,52.40596784795046,5.168808219316597,35.97214338547281,0.0014632474865564817,0.004807660478108879,11.981639680419278,BH_from_pvalue
aminoglycoside,kanamycin,kanamycin_vs_control,upregulated,b3020,b3020,2901.336463866737,3.974789231336839,15.722832402093978,8.929856295654261e-05,0.0009697897307995799,11.977321501522827,BH_from_pvalue
aminoglycoside,kanamycin,kanamycin_vs_control,downregulated,b4025,b4025,3598.719654018527,-3.6419729296708265,0.0801044983044753,2.6542669447080454e-05,0.000525942410453603,11.942254337782144,BH_from_pvalue
aminoglycoside,kanamycin,kanamycin_vs_control,upregulated,b1599,b1599,303.5247345366179,5.616848118279142,49.07267864330235,0.0028469865186267584,0.007479991449055584,11.94197459793378,BH_from_pvalue
aminoglycoside,kanamycin,kanamycin_vs_control,downregulated,b1000,b1000,5262.865416825753,-4.711154632634992,0.038176942282111916,0.0006871648038603324,0.0029439492811854564,11.924260631318274,BH_from_pvalue
aminoglycoside,kanamycin,kanamycin_vs_control,downregulated,b4149,b4149,553.3871003803989,-4.036437458010506,0.060941234772575875,0.00013557537254272703,0.001175929591065017,11.825222581349584,BH_from_pvalue
aminoglycoside,kanamycin,kanamycin_vs_control,upregulated,b0326,b0326,24.197973229415364,3.952902055527715,15.48610104422049,0.00010710795404814291,0.001049620767519335,11.775567090284579,BH_from_pvalue
aminoglycoside,kanamycin,kanamycin_vs_control,downregulated,b4384,b4384,3200.07707456244,-4.000900429337186,0.062461004042017855,0.00013992862625971224,0.0011853087776199352,11.707308805909264,BH_from_pvalue
aminoglycoside,kanamycin,kanamycin_vs_control,downregulated,b1482,b1482,6591.779000261636,-3.502379633960885,0.08824267684568003,1.7755881569789785e-05,0.00046236363327178606,11.680493280903661,BH_from_pvalue
aminoglycoside,kanamycin,kanamycin_vs_control,upregulated,b2678,b2678,1117.7579498603927,5.349466010634472,40.77084663622065,0.002386865317951262,0.0065742855674488085,11.673344933631174,BH_from_pvalue
aminoglycoside,kanamycin,kanamycin_vs_control,upregulated,b3552,b3552,377.52022492442205,3.686037637526254,12.870869710382829,4.313472279104177e-05,0.0006855829792017876,11.662401823617818,BH_from_pvalue
aminoglycoside,kanamycin,kanamycin_vs_control,upregulated,b4670,b4670,45.19518489202784,3.563686430285901,11.82432915336711,2.9213024794350027e-05,0.0005613291987669727,11.58476900700456,BH_from_pvalue
aminoglycoside,kanamycin,kanamycin_vs_control,upregulated,b2162,b2162,52.502299760543906,3.3975039183013016,10.537815482550796,9.326286790415128e-06,0.0003917968381299027,11.575088850477535,BH_from_pvalue
aminoglycoside,kanamycin,kanamycin_vs_control,upregulated,b4365,b4365,29.193521707153653,5.4617829653321985,44.071770961934064,0.0029392139679028507,0.007646376187175837,11.5601058179135,BH_from_pvalue
aminoglycoside,kanamycin,kanamycin_vs_control,downregulated,b4129,b4129,4665.460232142112,-3.366506489159077,0.09695731185653408,7.99779544260271e-06,0.0003696808539065649,11.55443281556766,BH_from_pvalue
aminoglycoside,kanamycin,kanamycin_vs_control,upregulated,b1368,b1368,50.55237255500766,3.5597693438546076,11.792268255598595,3.050004228219954e-05,0.0005692497518063632,11.550373444896437,BH_from_pvalue
aminoglycoside,kanamycin,kanamycin_vs_control,upregulated,b2616,b2616,2329.274646306304,3.4644524769450022,11.038348823542389,1.9406188643477663e-05,0.000474456175936222,11.515160639806012,BH_from_pvalue
aminoglycoside,kanamycin,kanamycin_vs_control,upregulated,b1305,b1305,300.1316587415065,5.171395946492315,36.03672364910376,0.002033164824593784,0.005938425572092753,11.513227123149886,BH_from_pvalue
aminoglycoside,kanamycin,kanamycin_vs_control,upregulated,b0139,b0139,59.16362605866251,4.632750000164492,24.808283285532774,0.0008297730030301446,0.0033065788397313098,11.492097484014346,BH_from_pvalue
aminoglycoside,kanamycin,kanamycin_vs_control,downregulated,b4014,b4014,22364.113242984255,-3.6301006031443546,0.08076641965102223,4.71808720286314e-05,0.000711198254271072,11.427590524226385,BH_from_pvalue
aminoglycoside,kanamycin,kanamycin_vs_control,downregulated,b0733,b0733,18464.566578262024,-3.680368296641289,0.07800074443971983,5.922099611258317e-05,0.0007904333546421339,11.416998355301493,BH_from_pvalue
aminoglycoside,kanamycin,kanamycin_vs_control,upregulated,b2060,b2060,77.15435036956843,4.371199388291144,20.694842852258795,0.0005133030219573121,0.002450994684462834,11.41170503797254,BH_from_pvalue
aminoglycoside,kanamycin,kanamycin_vs_control,upregulated,b0646,b0646,33.37632329315749,5.293168274102373,39.210503817199516,0.0026242430556403314,0.007047071799564305,11.390852094580426,BH_from_pvalue
aminoglycoside,kanamycin,kanamycin_vs_control,upregulated,b0375,b0375,22.440226146277606,4.086756644238863,16.99168056239588,0.0002528773144840724,0.001648466899346895,11.373115856010754,BH_from_pvalue
aminoglycoside,kanamycin,kanamycin_vs_control,downregulated,b2904,b2904,1480.5309035468317,-4.05101683881885,0.060328484909583396,0.0002273582718241955,0.0015613091704812692,11.36922368156192,BH_from_pvalue
aminoglycoside,kanamycin,kanamycin_vs_control,upregulated,b0901,b0901,40.65514229613189,3.4076771540995905,10.612386022205037,2.0915484353462247e-05,0.00047755253107549837,11.316823752267434,BH_from_pvalue
aminoglycoside,kanamycin,kanamycin_vs_control,upregulated,b0815,b0815,649.9690595304937,3.389704106583264,10.480997382083581,1.7258865353445117e-05,0.00045935133940707773,11.314340844549882,BH_from_pvalue
aminoglycoside,kanamycin,kanamycin_vs_control,downregulated,b4243,b4243,3459.6434371681535,-3.6827515469674683,0.07787199800708118,6.706917881374313e-05,0.0008474077705174623,11.313072311162694,BH_from_pvalue
aminoglycoside,kanamycin,kanamycin_vs_control,upregulated,b2667,b2667,328.886766177879,5.549108277251117,46.821793003220826,0.0038738097163201076,0.009204646647653377,11.297944935855888,BH_from_pvalue
aminoglycoside,kanamycin,kanamycin_vs_control,downregulated,b1443,b1443,621.772375760156,-4.952683125146968,0.03229191646221947,0.0016842528950254244,0.005238862187836563,11.29589655054142,BH_from_pvalue
aminoglycoside,kanamycin,kanamycin_vs_control,downregulated,b0581,b0581,1275.5135215985363,-3.586779738852745,0.08322843162439728,4.6447196949154736e-05,0.000711198254271072,11.291216039769596,BH_from_pvalue
aminoglycoside,kanamycin,kanamycin_vs_control,downregulated,b1897,b1897,1194.235579509543,-4.547726095985483,0.042756094968843916,0.0008429352266445757,0.0033332668914919043,11.265308341235755,BH_from_pvalue
aminoglycoside,kanamycin,kanamycin_vs_control,downregulated,b0973,b0973,344.45434349490165,-4.023171766037684,0.06150417830631503,0.00023310421732613466,0.001586237170246526,11.263399924977648,BH_from_pvalue
aminoglycoside,kanamycin,kanamycin_vs_control,downregulated,b2279,b2279,77.33419076541604,-3.833573593120053,0.07014219588840674,0.00013213287964064272,0.0011685154129701034,11.241439156241434,BH_from_pvalue
aminoglycoside,kanamycin,kanamycin_vs_control,upregulated,b3326,b3326,26.870712167863445,3.3031522871219807,9.870699228726977,1.0152531084591176e-05,0.0003952480765455085,11.241057418659803,BH_from_pvalue
aminoglycoside,kanamycin,kanamycin_vs_control,downregulated,b3709,b3709,1785.2667281331305,-3.9801871741553,0.06336424612456182,0.0002127854005930923,0.0015001704261249674,11.239488966811921,BH_from_pvalue
aminoglycoside,kanamycin,kanamycin_vs_control,upregulated,b0993,b0993,474.23888678718214,3.0987430798804363,8.566720858420913,6.738917862904254e-07,0.0002407088760585029,11.212826299022849,BH_from_pvalue
aminoglycoside,kanamycin,kanamycin_vs_control,upregulated,b1164,b1164,26.00009787796105,4.035533424842918,16.39897143500003,0.0002627587267041453,0.001692862636720389,11.183989682815719,BH_from_pvalue
aminoglycoside,kanamycin,kanamycin_vs_control,downregulated,b4601,b4601,116.79337325698062,-6.487690126519264,0.011143219088842011,0.010665270964111906,0.0190745084678232,11.155885788195798,BH_from_pvalue
aminoglycoside,kanamycin,kanamycin_vs_control,downregulated,b1440,b1440,2398.344690669998,-3.8541335290751686,0.06914968410217943,0.00016126734956908176,0.001281591057176201,11.147119748772003,BH_from_pvalue
aminoglycoside,kanamycin,kanamycin_vs_control,upregulated,b0731,b0731,85.07448713730749,3.3739713941669494,10.367322157620388,2.31127173148257e-05,0.0004989910866674472,11.14054047942505,BH_from_pvalue
aminoglycoside,kanamycin,kanamycin_vs_control,upregulated,b1231,b1231,507.17614256111693,4.7992080644541195,27.84233039825655,0.0014624074726402201,0.004807660478108879,11.124882050132332,BH_from_pvalue
aminoglycoside,kanamycin,kanamycin_vs_control,downregulated,b3429,b3429,2509.90765003531,-3.4396925642129297,0.09216146343476087,3.190035233741989e-05,0.00058360990629839,11.123543856912463,BH_from_pvalue
aminoglycoside,kanamycin,kanamycin_vs_control,upregulated,b2374,b2374,37.00713244504627,3.3434741250012423,10.150466479668285,2.0017283547458464e-05,0.0004748109201180364,11.111967048931048,BH_from_pvalue
aminoglycoside,kanamycin,kanamycin_vs_control,upregulated,b3364,b3364,255.7081458757766,4.180239836618694,18.129155742721675,0.0004280764884563832,0.0022005577658020703,11.10885036469118,BH_from_pvalue
aminoglycoside,kanamycin,kanamycin_vs_control,upregulated,b0834,b0834,142.58527499880918,4.548517742865123,23.401315744816188,0.0009805039533755842,0.0036630455002353637,11.08090646258486,BH_from_pvalue
aminoglycoside,kanamycin,kanamycin_vs_control,downregulated,b1467,b1467,466.22740186860113,-4.186363487887567,0.05492613214131709,0.0004429999917395225,0.002256640954523638,11.07936810313953,BH_from_pvalue
aminoglycoside,kanamycin,kanamycin_vs_control,downregulated,b2662,b2662,4424.935990444715,-5.314530727739005,0.025128515803083767,0.0033615883220297904,0.008410968685952824,11.028469612228498,BH_from_pvalue
aminoglycoside,kanamycin,kanamycin_vs_control,upregulated,b4306,b4306,574.5901009500777,4.019755825401698,16.22060612400465,0.00030508905134790274,0.0018106935450194054,11.022793722853164,BH_from_pvalue
aminoglycoside,kanamycin,kanamycin_vs_control,downregulated,b1276,b1276,9220.214125480794,-3.998308664265032,0.06257331450378885,0.0002861179849044208,0.0017605454119016207,11.01275253737826,BH_from_pvalue
aminoglycoside,kanamycin,kanamycin_vs_control,upregulated,b0877,b0877,1218.6406919481105,3.5023685805109404,11.332298317632475,4.900747955243729e-05,0.0007190424681245807,11.008804134809374,BH_from_pvalue
aminoglycoside,kanamycin,kanamycin_vs_control,upregulated,b1201,b1201,1062.5262916724234,3.950705105463549,15.462536605304562,0.0002482886460511125,0.0016351425035694056,11.008420086951855,BH_from_pvalue
aminoglycoside,kanamycin,kanamycin_vs_control,downregulated,b0085,b0085,1205.735180149497,-3.126137661791705,0.11453515113228718,3.1899519033208667e-06,0.0003023658628582782,11.002339095601286,BH_from_pvalue
aminoglycoside,kanamycin,kanamycin_vs_control,downregulated,b2501,b2501,1591.2293723490322,-3.1953666259597036,0.10916886584429027,6.745926533018679e-06,0.00036237239294645155,10.994760946152372,BH_from_pvalue
aminoglycoside,kanamycin,kanamycin_vs_control,upregulated,b4687,b4687,789.6751626667289,4.401485137750603,21.133870987668743,0.0007946640700708101,0.003237680242009514,10.958668243617886,BH_from_pvalue
aminoglycoside,kanamycin,kanamycin_vs_control,downregulated,b2809,b2809,469.7318582752827,-5.001127087853891,0.03122559585370637,0.0023585958237953546,0.006528593240265542,10.928364835207306,BH_from_pvalue
aminoglycoside,kanamycin,kanamycin_vs_control,downregulated,b0419,b0419,2695.5481654012797,-3.2710411290564974,0.10359015981991426,1.8128719606394702e-05,0.00046236363327178606,10.90897558877555,BH_from_pvalue
aminoglycoside,kanamycin,kanamycin_vs_control,upregulated,b0691,b0691,49.64546038450478,5.994247825888148,63.745333419213424,0.00787111877503503,0.015240762914381216,10.89150809477604,BH_from_pvalue
aminoglycoside,kanamycin,kanamycin_vs_control,downregulated,b4135,b4135,897.0449593952072,-3.3290207300720027,0.09950958248478335,2.7266202300707347e-05,0.0005355606023955531,10.889863911457397,BH_from_pvalue
aminoglycoside,kanamycin,kanamycin_vs_control,downregulated,b3361,b3361,622.2510675092245,-3.44792460430636,0.09163708618194887,4.410868055935023e-05,0.000698594525197033,10.880873655112909,BH_from_pvalue
aminoglycoside,kanamycin,kanamycin_vs_control,upregulated,b2650,b2650,21.39773028957464,4.002333998479883,16.02590582107845,0.00033853717748325696,0.0019153965085782264,10.877308438305569,BH_from_pvalue
aminoglycoside,kanamycin,kanamycin_vs_control,upregulated,b4307,b4307,363.6198060911961,4.16529623361052,17.942341033778614,0.0005216275057070419,0.0024673532377559354,10.862129021123149,BH_from_pvalue
aminoglycoside,kanamycin,kanamycin_vs_control,upregulated,b1574,b1574,110.34685821809747,4.181715418416024,18.14770764492396,0.0005527919959433997,0.0025607192561827104,10.837492720248786,BH_from_pvalue
aminoglycoside,kanamycin,kanamycin_vs_control,downregulated,b0622,b0622,355.52011459971067,-3.9678619239711166,0.06390789930440238,0.00032380259488414773,0.0018610055170543629,10.833264300247771,BH_from_pvalue
aminoglycoside,kanamycin,kanamycin_vs_control,upregulated,b2709,b2709,3240.6375753673988,4.816893730737285,28.185743726953177,0.001891523981503674,0.005687215821392731,10.814409514689842,BH_from_pvalue
aminoglycoside,kanamycin,kanamycin_vs_control,downregulated,b4382,b4382,1419.8809999382709,-3.2365529813611182,0.10609635654599774,1.8194389303936448e-05,0.00046236363327178606,10.793957052943354,BH_from_pvalue
aminoglycoside,kanamycin,kanamycin_vs_control,upregulated,b1407,b1407,245.67158492906037,4.167057538082875,17.964259195941867,0.0005734819115270536,0.002613589998611645,10.762520113210533,BH_from_pvalue
aminoglycoside,kanamycin,kanamycin_vs_control,downregulated,b2502,b2502,1053.0579366900417,-2.3155925515719353,0.20088022411895007,5.047425996253711e-09,2.2703322131149195e-05,10.753404769417374,BH_from_pvalue
aminoglycoside,kanamycin,kanamycin_vs_control,upregulated,b1532,b1532,362.3334982751208,5.144332878816134,35.36702294735949,0.003231109845007867,0.00817868997346392,10.737849634635616,BH_from_pvalue
aminoglycoside,kanamycin,kanamycin_vs_control,downregulated,b2905,b2905,2820.977565443763,-3.2438470330042684,0.10556130285619933,2.426469966279985e-05,0.0005053495489552021,10.693043691810052,BH_from_pvalue
aminoglycoside,kanamycin,kanamycin_vs_control,downregulated,b0146,b0146,1512.248501883717,-2.9544716657049364,0.12900763309039756,1.015710089652199e-06,0.0002407088760585029,10.690779047810695,BH_from_pvalue
aminoglycoside,kanamycin,kanamycin_vs_control,upregulated,b4277,b4277,66.89633857276105,4.25758445765609,19.127606592045346,0.0007440514105823261,0.0030959696991667922,10.683144964748232,BH_from_pvalue
aminoglycoside,kanamycin,kanamycin_vs_control,upregulated,b0272,b0272,1054.8812078589797,4.582560531848161,23.960075214118216,0.0014066354978786012,0.004690175292407671,10.671917033302343,BH_from_pvalue
aminoglycoside,kanamycin,kanamycin_vs_control,upregulated,b0236,b0236,107.77577791321863,6.2941750021187906,78.47574974914154,0.01143619956657514,0.020168477736359408,10.670684068234085,BH_from_pvalue
aminoglycoside,kanamycin,kanamycin_vs_control,downregulated,b3541,b3541,1081.9488920870333,-4.209498501255205,0.05405236296525992,0.0006797132679802705,0.002922897016611144,10.667654214772371,BH_from_pvalue
aminoglycoside,kanamycin,kanamycin_vs_control,upregulated,b1567,b1567,37.99524008585315,4.847293590311719,28.785963373591528,0.0022416345125738247,0.006301795023473164,10.666642725193862,BH_from_pvalue
aminoglycoside,kanamycin,kanamycin_vs_control,upregulated,b0841,b0841,346.9203784925456,3.150488297472924,8.879560662002742,1.2690245575409648e-05,0.00041761151317182293,10.646216808980489,BH_from_pvalue
aminoglycoside,kanamycin,kanamycin_vs_control,downregulated,b2425,b2425,2029.1508742489668,-4.745253359217896,0.03728519354700762,0.0019545588808017518,0.005773748503509603,10.62244959681922,BH_from_pvalue
aminoglycoside,kanamycin,kanamycin_vs_control,upregulated,b4491,b4491,205.54415619925408,4.08882429802543,17.01605030078928,0.0005448844232682846,0.0025371533497523233,10.61317021076359,BH_from_pvalue
aminoglycoside,kanamycin,kanamycin_vs_control,upregulated,b4242,b4242,743.2575915630496,3.432636460972623,10.797582697912707,6.204852438087115e-05,0.0008191385477725959,10.595322054870941,BH_from_pvalue
aminoglycoside,kanamycin,kanamycin_vs_control,downregulated,b1478,b1478,4879.977563306747,-4.312043741540181,0.05034374177912582,0.0009372732700477362,0.0035636983674342494,10.556310238549182,BH_from_pvalue
aminoglycoside,kanamycin,kanamycin_vs_control,downregulated,b1441,b1441,885.8763301853124,-3.63784218331216,0.08033418338296754,0.0001565724890182576,0.0012584727372113756,10.550310520011386,BH_from_pvalue
aminoglycoside,kanamycin,kanamycin_vs_control,upregulated,b2053,b2053,76.34351118726123,4.2935558333993225,19.61051928534643,0.0009076324628920087,0.0034983126119008186,10.545580167935292,BH_from_pvalue
aminoglycoside,kanamycin,kanamycin_vs_control,upregulated,b0244,b0244,120.11774141189566,5.696876559004066,51.8717291935133,0.0070702228107771235,0.014109078173414153,10.542077821644153,BH_from_pvalue
aminoglycoside,kanamycin,kanamycin_vs_control,downregulated,b0086,b0086,1089.4045204155545,-2.8932062669770975,0.13460405085306576,5.582823150142337e-07,0.00022828671390309302,10.535666643368382,BH_from_pvalue
aminoglycoside,kanamycin,kanamycin_vs_control,upregulated,b1621,b1621,579.1601605044159,3.115381816753696,8.66609358752362,1.2754869427823493e-05,0.00041761151317182293,10.527584022616233,BH_from_pvalue
aminoglycoside,kanamycin,kanamycin_vs_control,downregulated,b2908,b2908,2617.4508755165084,-3.0417639848298723,0.12143330098618355,5.778451802958348e-06,0.00035123616499603576,10.507471861624902,BH_from_pvalue
aminoglycoside,kanamycin,kanamycin_vs_control,upregulated,b2108,b2108,33.38554849675941,5.259202105953323,38.29813160113488,0.0044343647022040324,0.01006345733123801,10.503956081710106,BH_from_pvalue
aminoglycoside,kanamycin,kanamycin_vs_control,upregulated,b3110,b3110,521.277981921597,4.538425010056851,23.238177309938955,0.001506255790693763,0.004884743003994626,10.489018542135835,BH_from_pvalue
aminoglycoside,kanamycin,kanamycin_vs_control,downregulated,b0389,b0389,344.69955355049206,-3.784341513189063,0.07257711333700387,0.00026422574540102464,0.001695417122416275,10.485363717069397,BH_from_pvalue
aminoglycoside,kanamycin,kanamycin_vs_control,upregulated,b2357,b2357,7.111295984598418,3.923851240637525,15.177383989129023,0.00040832589748634085,0.0021381255959179992,10.47655249131201,BH_from_pvalue
aminoglycoside,kanamycin,kanamycin_vs_control,upregulated,b2945,b2945,93.102632163748,3.5133660289930484,11.419012818429756,0.00010734227502420944,0.001049620767519335,10.466203514777241,BH_from_pvalue
aminoglycoside,kanamycin,kanamycin_vs_control,upregulated,b0277,b0277,338.7281608508033,4.800373340138596,27.864827943371026,0.0024121182721759827,0.006607617532428483,10.464598359869022,BH_from_pvalue
aminoglycoside,kanamycin,kanamycin_vs_control,upregulated,b0716,b0716,34.360754478664695,4.706193578168185,26.103902125469432,0.0021122951500055086,0.006063772242461872,10.434841216146745,BH_from_pvalue
aminoglycoside,kanamycin,kanamycin_vs_control,upregulated,b2685,b2685,1192.5598279285266,3.657666668148119,12.620233236689916,0.00019312213076142174,0.001412460722219309,10.424436399128105,BH_from_pvalue
aminoglycoside,kanamycin,kanamycin_vs_control,upregulated,b2970,b2970,40.16759928213804,5.749073382089014,53.78281571412595,0.008082631630567584,0.015516720902387107,10.40122385841589,BH_from_pvalue
aminoglycoside,kanamycin,kanamycin_vs_control,downregulated,b1823,b1823,2816.5177580539,-3.3311055907824905,0.0993658835181132,5.430452403652543e-05,0.0007560009303985251,10.397971718103113,BH_from_pvalue
aminoglycoside,kanamycin,kanamycin_vs_control,upregulated,b0036,b0036,71.87499094197047,4.632014333243201,24.79563613528296,0.0019562456023451834,0.005773748503509603,10.368959265586968,BH_from_pvalue
aminoglycoside,kanamycin,kanamycin_vs_control,upregulated,b0297,b0297,24.225698781914645,5.220173511696053,37.275957644886454,0.004645770200163445,0.010370557995203561,10.357857191443504,BH_from_pvalue
aminoglycoside,kanamycin,kanamycin_vs_control,upregulated,b4640,b4640,205.13529266526862,3.6324660969146185,12.401700912364282,0.00019830103060219773,0.0014374847444793767,10.324909848801175,BH_from_pvalue
aminoglycoside,kanamycin,kanamycin_vs_control,upregulated,b1061,b1061,446.28465895140135,3.0854642585207914,8.488233000499672,1.609426967334654e-05,0.0004506348506738914,10.324504057485601,BH_from_pvalue
aminoglycoside,kanamycin,kanamycin_vs_control,downregulated,b2424,b2424,832.2856538974097,-3.8780243879537677,0.06801400285598211,0.0004223507078438515,0.002183601705611085,10.318750350502855,BH_from_pvalue
aminoglycoside,kanamycin,kanamycin_vs_control,upregulated,b1542,b1542,207.8113436350919,3.7538982458724126,13.4907462202005,0.0003029857143470206,0.0018052050187981332,10.298720238118912,BH_from_pvalue
aminoglycoside,kanamycin,kanamycin_vs_control,downregulated,b0728,b0728,7271.102180920425,-4.138092304417018,0.05679499838675447,0.0008013334774972733,0.003255797758126753,10.292853189629275,BH_from_pvalue
aminoglycoside,kanamycin,kanamycin_vs_control,upregulated,b4570,b4570,43.92040245178864,3.045605535829473,8.25693035103453,1.495923330405232e-05,0.00043132456026684184,10.24905899348091,BH_from_pvalue
aminoglycoside,kanamycin,kanamycin_vs_control,downregulated,b1423,b1423,1835.6648523174324,-2.7939722278457975,0.14418847626140618,2.976815002188853e-07,0.00021543106242886224,10.244634712949178,BH_from_pvalue
aminoglycoside,kanamycin,kanamycin_vs_control,downregulated,b2661,b2661,2953.7539148074643,-5.002982508227201,0.031185463070614605,0.0037922433930173954,0.009059589044384779,10.220550451116189,BH_from_pvalue
aminoglycoside,kanamycin,kanamycin_vs_control,downregulated,b3255,b3255,808.1243012933933,-2.975149702134723,0.1271717647720858,8.163592881935049e-06,0.0003696808539065649,10.211228601599592,BH_from_pvalue
aminoglycoside,kanamycin,kanamycin_vs_control,upregulated,b2349,b2349,96.55410526286022,3.150447573248888,8.879310014358058,3.200126127573637e-05,0.00058360990629839,10.18816103350104,BH_from_pvalue
aminoglycoside,kanamycin,kanamycin_vs_control,downregulated,b1679,b1679,211.52492251163298,-4.0372885165550185,0.06090529560149404,0.0007119722809899155,0.0029985499249931087,10.186437098903745,BH_from_pvalue
aminoglycoside,kanamycin,kanamycin_vs_control,upregulated,b3460,b3460,538.1538537585218,3.8510583646214513,14.430589835755912,0.00045130634652419693,0.0022706666070087668,10.181607667066261,BH_from_pvalue
aminoglycoside,kanamycin,kanamycin_vs_control,upregulated,b3668,b3668,584.2023402795884,3.4733593428730414,11.106707838639416,0.00013991535618518975,0.0011853087776199352,10.163634696512899,BH_from_pvalue
aminoglycoside,kanamycin,kanamycin_vs_control,downregulated,b0727,b0727,8275.068142606693,-3.5979830350733906,0.0825846214762733,0.000214209778060544,0.0015054930964317607,10.1546639109732,BH_from_pvalue
aminoglycoside,kanamycin,kanamycin_vs_control,downregulated,b2423,b2423,1227.5556915290722,-3.70085480359928,0.07690094815931135,0.00030254165631049096,0.0018052050187981332,10.153196961605367,BH_from_pvalue
aminoglycoside,kanamycin,kanamycin_vs_control,upregulated,b4613,b4613,2893.801349544672,3.4146581231265802,10.66386209132331,0.00011285319068010107,0.0010664152346199468,10.148615463243964,BH_from_pvalue
aminoglycoside,kanamycin,kanamycin_vs_control,downregulated,b0886,b0886,951.5939974435329,-3.0087427914613025,0.12424478547036162,1.4464895272874843e-05,0.00043132456026684184,10.125008640522747,BH_from_pvalue
aminoglycoside,kanamycin,kanamycin_vs_control,downregulated,b0115,b0115,9560.368659712507,-3.0471278183835775,0.12098265919200778,2.037001047858897e-05,0.00047720993298277706,10.120396752262142,BH_from_pvalue
aminoglycoside,kanamycin,kanamycin_vs_control,upregulated,b4625,b4625,25.714006763142592,3.2247761521549156,9.34876732586174,5.2347611331446354e-05,0.0007462206351503157,10.084303102748322,BH_from_pvalue
aminoglycoside,kanamycin,kanamycin_vs_control,downregulated,b3430,b3430,1877.414872800421,-3.436202366538099,0.09238469226383494,0.0001328291729957423,0.0011690434452911638,10.075527255451716,BH_from_pvalue
aminoglycoside,kanamycin,kanamycin_vs_control,downregulated,b0428,b0428,3930.2777809177737,-2.860180252313123,0.13772093136601363,4.100559723066912e-06,0.0003023658628582782,10.06631070509402,BH_from_pvalue
aminoglycoside,kanamycin,kanamycin_vs_control,downregulated,b3988,b3988,26932.20673061012,-3.0266840843230014,0.12270925042819701,2.0154920165383624e-05,0.0004748109201180364,10.059121905873502,BH_from_pvalue
aminoglycoside,kanamycin,kanamycin_vs_control,upregulated,b1562,b1562,3098.360744283145,3.681422662354251,12.829763419967962,0.0003177824903607864,0.0018536882261669745,10.057511636666755,BH_from_pvalue
aminoglycoside,kanamycin,kanamycin_vs_control,downregulated,b4568,b4568,949.340267393082,-3.7145214834956883,0.07617590349387449,0.00035382037358140255,0.001962372429555054,10.056021525410545,BH_from_pvalue
aminoglycoside,kanamycin,kanamycin_vs_control,downregulated,b2133,b2133,2547.8546553764927,-2.9737946874555856,0.12729126373194957,1.2094436123113104e-05,0.00041761151317182293,10.049128896444863,BH_from_pvalue
aminoglycoside,kanamycin,kanamycin_vs_control,downregulated,b3099,b3099,1589.1682693156883,-3.4240404517494962,0.09316678683327183,0.00013093097099333014,0.0011657389384997071,10.044075798956065,BH_from_pvalue
aminoglycoside,kanamycin,kanamycin_vs_control,downregulated,b0553,b0553,732.5009323597839,-3.4563191420251096,0.09110543029632866,0.00015360931071159203,0.0012471745118785937,10.037402316090846,BH_from_pvalue
aminoglycoside,kanamycin,kanamycin_vs_control,upregulated,b2054,b2054,16.396737314569375,4.627470554738636,24.71766494913093,0.0025024087467419133,0.006784710393517255,10.034524991210228,BH_from_pvalue
aminoglycoside,kanamycin,kanamycin_vs_control,upregulated,b4614,b4614,10.80331340686657,4.472554382267786,22.201025021898968,0.0019374806400254657,0.0057579070394082246,10.017338159342897,BH_from_pvalue
aminoglycoside,kanamycin,kanamycin_vs_control,downregulated,b1982,b1982,508.1379502631565,-3.03722421688596,0.12181602031657342,2.4379913766847234e-05,0.0005053495489552021,10.011930563478701,BH_from_pvalue
aminoglycoside,kanamycin,kanamycin_vs_control,upregulated,b3744,b3744,8911.30081423951,2.962556176640536,7.795038652219907,1.298139180658729e-05,0.00041761151317182293,10.011151411226757,BH_from_pvalue
aminoglycoside,kanamycin,kanamycin_vs_control,upregulated,b4185,b4185,53.47060928592583,4.854730362571991,28.934731720834993,0.003573178423176311,0.008742819309950836,9.992726946073997,BH_from_pvalue
aminoglycoside,kanamycin,kanamycin_vs_control,downregulated,b3708,b3708,15425.186890425606,-3.563205482405868,0.08459959210077984,0.0002294835649301798,0.0015711066591414745,9.990495330389987,BH_from_pvalue
aminoglycoside,kanamycin,kanamycin_vs_control,downregulated,b3540,b3540,1112.789871629747,-4.10883395486413,0.057958579436739405,0.0010157074248054127,0.003745792542744494,9.969905950352079,BH_from_pvalue
aminoglycoside,kanamycin,kanamycin_vs_control,downregulated,b3830,b3830,672.0954643288165,-3.110166713002455,0.11581012433331292,3.601915957343932e-05,0.0006270504306683465,9.96092324817726,BH_from_pvalue
aminoglycoside,kanamycin,kanamycin_vs_control,downregulated,b3289,b3289,1133.1345956290409,-2.977126890149097,0.12699759749355752,1.6585097422148258e-05,0.00045487663539526136,9.949874743882345,BH_from_pvalue
aminoglycoside,kanamycin,kanamycin_vs_control,downregulated,b3100,b3100,1668.209982508165,-3.4098928950199223,0.0940849062717305,0.00015098490576174225,0.0012415541245270872,9.90926585883636,BH_from_pvalue
aminoglycoside,kanamycin,kanamycin_vs_control,upregulated,b4308,b4308,98.43056146477515,5.508527584545229,45.52312161581842,0.00834129338527855,0.0159046789516672,9.906949660131298,BH_from_pvalue
aminoglycoside,kanamycin,kanamycin_vs_control,downregulated,b0773,b0773,511.59394865400515,-3.149549905281794,0.1126914600367577,4.9236345082785874e-05,0.0007190424681245807,9.899808436208755,BH_from_pvalue
aminoglycoside,kanamycin,kanamycin_vs_control,downregulated,b3102,b3102,703.0292743967401,-3.6836421055801942,0.07782394337556443,0.00038235006646510913,0.0020596534119282166,9.895020989392222,BH_from_pvalue
aminoglycoside,kanamycin,kanamycin_vs_control,downregulated,b3990,b3990,1399.757854432751,-3.776417218643199,0.07297685464826617,0.0004987262875365352,0.002407628310207942,9.88821071914653,BH_from_pvalue
aminoglycoside,kanamycin,kanamycin_vs_control,downregulated,b1462,b1462,88.00314353051765,-3.2660651467324042,0.10394806828344041,8.188923285813943e-05,0.0009420403309358342,9.882886154415651,BH_from_pvalue
aminoglycoside,kanamycin,kanamycin_vs_control,downregulated,b4051,b4051,1685.1217725366957,-3.3337745972559922,0.09918222514916701,0.00011857917290972537,0.0010974673245842486,9.86666730624329,BH_from_pvalue
aminoglycoside,kanamycin,kanamycin_vs_control,upregulated,b1600,b1600,358.241663348281,4.261728760000161,19.18263176956563,0.0015008641907241329,0.004872800022086763,9.854060489040194,BH_from_pvalue
aminoglycoside,kanamycin,kanamycin_vs_control,downregulated,b1967,b1967,4098.237802574861,-4.475873620049253,0.04493945317094325,0.0022396771959279616,0.006301795023473164,9.849319810875178,BH_from_pvalue
aminoglycoside,kanamycin,kanamycin_vs_control,upregulated,b0135,b0135,126.28418477926573,5.576594189568098,47.72238331066912,0.009241493345915251,0.017148612652610067,9.846988350276321,BH_from_pvalue
aminoglycoside,kanamycin,kanamycin_vs_control,upregulated,b2677,b2677,715.1719295686561,4.8372649877334135,28.58655744335017,0.0038850557940985925,0.009219562539567162,9.845235534900342,BH_from_pvalue
aminoglycoside,kanamycin,kanamycin_vs_control,downregulated,b4152,b4152,253.40844695998075,-2.9772604521689505,0.12698584083672876,2.3470237501620354e-05,0.0004989910866674472,9.830637758969187,BH_from_pvalue
aminoglycoside,kanamycin,kanamycin_vs_control,downregulated,b0088,b0088,1266.0765873070666,-2.70554297694925,0.1533029137621949,7.202343828172723e-07,0.0002407088760585029,9.79002862226437,BH_from_pvalue
aminoglycoside,kanamycin,kanamycin_vs_control,upregulated,b4645,b4645,74.68115218360184,3.439941941018234,10.852397873192972,0.00020810025326976973,0.0014789924765917604,9.735152772148874,BH_from_pvalue
aminoglycoside,kanamycin,kanamycin_vs_control,downregulated,b3991,b3991,843.5982126292921,-3.267910917515504,0.1038151631166714,0.00010727661090761487,0.001049620767519335,9.735000694101425,BH_from_pvalue
aminoglycoside,kanamycin,kanamycin_vs_control,downregulated,b2302,b2302,187.85252772006427,-2.842817380204136,0.13938842034459975,8.640689484591756e-06,0.0003773380708902302,9.731729676873321,BH_from_pvalue
aminoglycoside,kanamycin,kanamycin_vs_control,downregulated,b4411,b4411,503.9811054123177,-4.073676179464003,0.05938835246376039,0.0011630795406939961,0.004116075353297871,9.717822487965686,BH_from_pvalue
aminoglycoside,kanamycin,kanamycin_vs_control,upregulated,b1184,b1184,384.6108311502706,4.311417190297509,19.854817435885096,0.0018675295294091022,0.005656665200863395,9.689649401980631,BH_from_pvalue
aminoglycoside,kanamycin,kanamycin_vs_control,downregulated,b2035,b2035,419.04605568907306,-3.207181015009806,0.10827852048697964,8.729705785856134e-05,0.0009602476747908257,9.678043105607243,BH_from_pvalue
aminoglycoside,kanamycin,kanamycin_vs_control,downregulated,b4153,b4153,602.4073289617444,-3.0715424465465935,0.11895250457086047,4.565193974636453e-05,0.000711198254271072,9.66924424257318,BH_from_pvalue
aminoglycoside,kanamycin,kanamycin_vs_control,upregulated,b0262,b0262,292.670640538098,4.159459149319892,17.869893724459864,0.0014436701816534653,0.004764217518031758,9.658299160386617,BH_from_pvalue
aminoglycoside,kanamycin,kanamycin_vs_control,upregulated,b1769,b1769,218.1881503480366,4.230473714345375,18.77152187572681,0.0016823963938784904,0.005238862187836563,9.648708029470797,BH_from_pvalue
aminoglycoside,kanamycin,kanamycin_vs_control,downregulated,b0087,b0087,1014.691862887799,-2.7612604306569413,0.14749516516208908,5.044800862603236e-06,0.00032373808165283343,9.636263801297872,BH_from_pvalue
aminoglycoside,kanamycin,kanamycin_vs_control,downregulated,b3863,b3863,3194.949531243928,-3.0904251107119,0.11740574327410823,5.5759355477037365e-05,0.000769342272808939,9.623214191854203,BH_from_pvalue
aminoglycoside,kanamycin,kanamycin_vs_control,upregulated,b1615,b1615,144.89352712058474,3.6672193271403026,12.70407409753423,0.0004910843490508235,0.0023931716165011964,9.611877778496146,BH_from_pvalue
aminoglycoside,kanamycin,kanamycin_vs_control,downregulated,b1378,b1378,4227.810391500117,-3.7343397952445034,0.0751366291832356,0.0005937982179288707,0.0026735779622062664,9.608109549417035,BH_from_pvalue
aminoglycoside,kanamycin,kanamycin_vs_control,upregulated,b0575,b0575,306.43111245610356,2.71390414924688,6.560947374414778,2.352829397194791e-06,0.00029106331052579446,9.596399091445464,BH_from_pvalue
aminoglycoside,kanamycin,kanamycin_vs_control,upregulated,b0518,b0518,75.17950908060759,3.4251883865812234,10.741982614754956,0.00023360640851889333,0.0015871772364217532,9.588385280123783,BH_from_pvalue
aminoglycoside,kanamycin,kanamycin_vs_control,downregulated,b2013,b2013,563.5462383741336,-3.650957900010459,0.07960716522963203,0.0004833686670540452,0.002376166409190268,9.580563137205598,BH_from_pvalue
aminoglycoside,kanamycin,kanamycin_vs_control,downregulated,b2285,b2285,797.782412844862,-4.368676063643345,0.048405806846241316,0.0023052124326775566,0.006419818076000355,9.57822300771047,BH_from_pvalue
aminoglycoside,kanamycin,kanamycin_vs_control,downregulated,b3239,b3239,128.23473796744014,-3.918282139470809,0.06614233834271861,0.0009490369983497767,0.0035962665699892965,9.57686194073364,BH_from_pvalue
aminoglycoside,kanamycin,kanamycin_vs_control,downregulated,b3733,b3733,2668.8123630581963,-2.883532465355776,0.13550965339744933,2.0903057110103362e-05,0.00047755253107549837,9.576150327243946,BH_from_pvalue
aminoglycoside,kanamycin,kanamycin_vs_control,upregulated,b1503,b1503,39.07854464546029,5.251948517614638,38.106059345632424,0.00773046596998409,0.01507223057346703,9.568117824387116,BH_from_pvalue
aminoglycoside,kanamycin,kanamycin_vs_control,upregulated,b0987,b0987,133.00471399240857,5.038848300351228,32.87338923546566,0.006100313878217985,0.012633154615204648,9.566193982188976,BH_from_pvalue
aminoglycoside,kanamycin,kanamycin_vs_control,downregulated,b1259,b1259,238.75721887252612,-4.461107018331625,0.04540178979417304,0.002719956163589662,0.007239267943092486,9.54813121276294,BH_from_pvalue
aminoglycoside,kanamycin,kanamycin_vs_control,upregulated,b0771,b0771,373.2321058793725,4.390908763216896,20.979505430685933,0.002489467769039623,0.006758604204474519,9.528899853985557,BH_from_pvalue
aminoglycoside,kanamycin,kanamycin_vs_control,downregulated,b1685,b1685,235.18607346137594,-3.9480799331430507,0.06479022898361134,0.0010669323344686566,0.0038764633606139074,9.521048685538737,BH_from_pvalue
aminoglycoside,kanamycin,kanamycin_vs_control,upregulated,b1410,b1410,397.09881283249825,3.8058316720056924,13.98522609008621,0.0007722213945214121,0.0031692078764209044,9.510960874584176,BH_from_pvalue
aminoglycoside,kanamycin,kanamycin_vs_control,downregulated,b3908,b3908,2880.2916618147665,-4.026275486581913,0.061372004432120486,0.0012574746835396335,0.004345622393581272,9.509853388348533,BH_from_pvalue
aminoglycoside,kanamycin,kanamycin_vs_control,upregulated,b0137,b0137,15.51417681305091,3.5258742440229707,11.51844647131524,0.0003710251820735838,0.002032729925660146,9.491372520225223,BH_from_pvalue
aminoglycoside,kanamycin,kanamycin_vs_control,upregulated,b4655,b4655,9.608300424280193,4.30760561712848,19.802430614547585,0.002222342475640799,0.006274699816184457,9.48710096319306,BH_from_pvalue
aminoglycoside,kanamycin,kanamycin_vs_control,upregulated,b3720,b3720,61.08832992590728,5.756531324818523,54.061563262359286,0.013255230999314199,0.02263554633064361,9.47069725333259,BH_from_pvalue
aminoglycoside,kanamycin,kanamycin_vs_control,downregulated,b0659,b0659,707.8609932636549,-2.927602910903471,0.13143278437356898,3.204794283141448e-05,0.00058360990629839,9.46750872850491,BH_from_pvalue
aminoglycoside,kanamycin,kanamycin_vs_control,upregulated,b3876,b3876,101.27040286458164,3.81098443099313,14.035265315753213,0.0008162852937019972,0.003281105429160892,9.466408400148524,BH_from_pvalue
aminoglycoside,kanamycin,kanamycin_vs_control,upregulated,b1880,b1880,46.65736947771359,3.0047234131518494,8.026235087743308,4.535321357328933e-05,0.000711198254271072,9.45889730282216,BH_from_pvalue
aminoglycoside,kanamycin,kanamycin_vs_control,downregulated,b2286,b2286,2940.3840352020347,-3.4622055535631215,0.0907344638288602,0.00031902339855752947,0.0018563612505973707,9.456451880389178,BH_from_pvalue
aminoglycoside,kanamycin,kanamycin_vs_control,downregulated,b2979,b2979,832.1497102822124,-2.5955387411106203,0.1654493190389128,5.237494561371152e-07,0.00022828671390309302,9.45170458408453,BH_from_pvalue
aminoglycoside,kanamycin,kanamycin_vs_control,upregulated,b2816,b2816,8.333799585847077,4.123410150103442,17.42890648141187,0.0016056332186835907,0.005111208929680673,9.448696906818137,BH_from_pvalue
aminoglycoside,kanamycin,kanamycin_vs_control,upregulated,b0241,b0241,23.861984378554908,3.1213615607046203,8.702087725409559,8.224153441826855e-05,0.0009436796474830917,9.442666243412397,BH_from_pvalue
aminoglycoside,kanamycin,kanamycin_vs_control,downregulated,b3622,b3622,62.84635674464036,-3.630757990653542,0.0807296254990986,0.0005468982336601419,0.002543896851089264,9.42000343035453,BH_from_pvalue
aminoglycoside,kanamycin,kanamycin_vs_control,downregulated,b0830,b0830,825.7270689600722,-2.6003784723453878,0.16489522504690662,1.3224997543031669e-06,0.0002407088760585029,9.409490032084964,BH_from_pvalue
aminoglycoside,kanamycin,kanamycin_vs_control,downregulated,b3253,b3253,571.6342321504495,-2.8354919156667338,0.1400979824056039,2.166938702936079e-05,0.0004861464653442216,9.394645010667615,BH_from_pvalue
aminoglycoside,kanamycin,kanamycin_vs_control,downregulated,b3205,b3205,858.8188557778017,-2.911047431833664,0.13294971301993516,3.3422323148108213e-05,0.0005942039901983823,9.391226591779839,BH_from_pvalue
aminoglycoside,kanamycin,kanamycin_vs_control,upregulated,b4183,b4183,18.89168702898597,4.45210763229805,21.888597800889137,0.0030257227213838227,0.007785870023332056,9.388127534477187,BH_from_pvalue
aminoglycoside,kanamycin,kanamycin_vs_control,downregulated,b2095,b2095,44951.33532920093,-3.4209620935442207,0.09336579420047002,0.00030503147350237694,0.0018106935450194054,9.380808469148647,BH_from_pvalue
aminoglycoside,kanamycin,kanamycin_vs_control,upregulated,b1501,b1501,352.02621892907365,3.54759566154699,11.693181925901127,0.0004568878819920076,0.002285964063626307,9.368953943227789,BH_from_pvalue
aminoglycoside,kanamycin,kanamycin_vs_control,upregulated,b0355,b0355,368.67439122601064,2.805338358662241,6.9902224084062,1.7990914484452077e-05,0.00046236363327178606,9.355849243549356,BH_from_pvalue
aminoglycoside,kanamycin,kanamycin_vs_control,upregulated,b2396,b2396,11.362332530650797,4.145921983950697,17.703000305443656,0.0018596600941905522,0.0056404255587788965,9.322885545480451,BH_from_pvalue
aminoglycoside,kanamycin,kanamycin_vs_control,upregulated,b2358,b2358,19.93736041865705,4.927950103427909,30.44113199751814,0.006247846593506291,0.012838197340151345,9.321197676811765,BH_from_pvalue
aminoglycoside,kanamycin,kanamycin_vs_control,downregulated,b1678,b1678,1738.0476327077383,-3.695205303278038,0.07720267768165935,0.000718755001492004,0.0030158208924543225,9.314113995642588,BH_from_pvalue
aminoglycoside,kanamycin,kanamycin_vs_control,upregulated,b0645,b0645,14.640215177375746,4.523972140599248,23.006540249668216,0.0035764311983791774,0.008742819309950836,9.311911256942397,BH_from_pvalue
aminoglycoside,kanamycin,kanamycin_vs_control,upregulated,b3325,b3325,123.66056339325759,3.238801121627798,9.440093321405906,0.0001747803192076291,0.0013354588714946534,9.309511103980826,BH_from_pvalue
aminoglycoside,kanamycin,kanamycin_vs_control,downregulated,b0729,b0729,5397.080855671254,-3.7463726841639335,0.07451255358054727,0.0008225599601677011,0.0032927242235767907,9.300162794296318,BH_from_pvalue
aminoglycoside,kanamycin,kanamycin_vs_control,upregulated,b2980,b2980,2123.0299402878277,2.725121509980026,6.612159426281502,9.608650341746439e-06,0.0003917968381299027,9.284322951461839,BH_from_pvalue
aminoglycoside,kanamycin,kanamycin_vs_control,upregulated,b3679,b3679,75.6597323038503,3.235941550957166,9.42140061238894,0.00018098997428834575,0.0013550332237787462,9.28084234735006,BH_from_pvalue
aminoglycoside,kanamycin,kanamycin_vs_control,downregulated,b2416,b2416,8066.123072296593,-2.7943453658267643,0.14415118824259535,2.0726633555424907e-05,0.00047755253107549837,9.279961856123228,BH_from_pvalue
aminoglycoside,kanamycin,kanamycin_vs_control,downregulated,b1466,b1466,166.81954325917997,-3.9888483074609375,0.06298498224957055,0.0014394677217667922,0.004757225326057641,9.264683673743704,BH_from_pvalue
aminoglycoside,kanamycin,kanamycin_vs_control,downregulated,b0803,b0803,161.9001025420781,-2.967113817459417,0.12788209441252255,5.4914156695647976e-05,0.000760011928667768,9.2549608643457,BH_from_pvalue
aminoglycoside,kanamycin,kanamycin_vs_control,downregulated,b2584,b2584,6055.813304023132,-3.4905215270993697,0.08897096884700285,0.00043766568197059193,0.0022396134670121986,9.249277941256144,BH_from_pvalue
aminoglycoside,kanamycin,kanamycin_vs_control,upregulated,b4028,b4028,20.48413732739583,4.726139318444732,26.467303566303745,0.0051293376372341295,0.011129648187302997,9.232600893087508,BH_from_pvalue
aminoglycoside,kanamycin,kanamycin_vs_control,downregulated,b1780,b1780,228.02693400327985,-2.6823317398694977,0.15578932225901518,6.4719306502982766e-06,0.00036237239294645155,9.22948747681951,BH_from_pvalue
aminoglycoside,kanamycin,kanamycin_vs_control,downregulated,b0098,b0098,4189.771198796979,-2.6217635623824034,0.16246900703193745,4.088143187597003e-06,0.0003023658628582782,9.22721097486487,BH_from_pvalue
aminoglycoside,kanamycin,kanamycin_vs_control,downregulated,b0735,b0735,473.7716302772717,-2.6864972659662145,0.15534015697179437,7.808147811836922e-06,0.0003696808539065649,9.220523491866661,BH_from_pvalue
aminoglycoside,kanamycin,kanamycin_vs_control,upregulated,b3533,b3533,588.950442474748,4.433986137482663,21.615377654492224,0.00338712294552234,0.00844996062615612,9.19229758638953,BH_from_pvalue
aminoglycoside,kanamycin,kanamycin_vs_control,upregulated,b0576,b0576,1030.8564307147574,3.300043881019385,9.849454883271012,0.0002512464405880684,0.0016403076643174285,9.190868675269874,BH_from_pvalue
aminoglycoside,kanamycin,kanamycin_vs_control,downregulated,b1927,b1927,1864.964105150726,-2.9378363968857926,0.13050378935371057,5.445626977526059e-05,0.0007560009303985251,9.170390711048183,BH_from_pvalue
aminoglycoside,kanamycin,kanamycin_vs_control,upregulated,b4580,b4580,300.84269874832984,3.1102023219177415,8.635036774899515,0.00012333878551319726,0.0011280592034686836,9.167844190184235,BH_from_pvalue
aminoglycoside,kanamycin,kanamycin_vs_control,downregulated,b3035,b3035,2455.7985571264335,-2.780072513093451,0.14558438072666097,2.41894442766269e-05,0.0005053495489552021,9.164253599645408,BH_from_pvalue
aminoglycoside,kanamycin,kanamycin_vs_control,upregulated,b1904,b1904,37.39516012440025,3.9517027094043127,15.473232436024771,0.0014654682317074147,0.004811442413299235,9.158959007380505,BH_from_pvalue
aminoglycoside,kanamycin,kanamycin_vs_control,upregulated,b4629,b4629,61.238306849652965,5.675387816046498,51.10483255453003,0.01449648467275271,0.024339375908190252,9.158319753381454,BH_from_pvalue
aminoglycoside,kanamycin,kanamycin_vs_control,downregulated,b0097,b0097,727.3371432975918,-2.604804450415565,0.16439012571650677,4.409229689249524e-06,0.0003066831743719094,9.151485654346336,BH_from_pvalue
aminoglycoside,kanamycin,kanamycin_vs_control,upregulated,b3083,b3083,47.03725711394217,3.4849717722937372,11.19646785303212,0.00048059469234618867,0.0023729033218146617,9.147074955778645,BH_from_pvalue
aminoglycoside,kanamycin,kanamycin_vs_control,upregulated,b0357,b0357,261.2264828120199,2.8703276292337154,7.3123120048326244,3.9823928013775276e-05,0.000651374648021677,9.145349338355908,BH_from_pvalue
aminoglycoside,kanamycin,kanamycin_vs_control,downregulated,b3500,b3500,1555.4182930865372,-2.528846059583641,0.17327722398287984,1.511537215334826e-06,0.00024281765694914457,9.14106976062173,BH_from_pvalue
aminoglycoside,kanamycin,kanamycin_vs_control,upregulated,b4131,b4131,52.470708791311715,3.708905372091056,13.076507525585052,0.000893578907701065,0.003467633030212793,9.123784335302199,BH_from_pvalue
aminoglycoside,kanamycin,kanamycin_vs_control,downregulated,b1536,b1536,343.62986089626247,-3.8060086146205308,0.07149525891147819,0.0011194512537488015,0.004015384162170741,9.120235293999485,BH_from_pvalue
aminoglycoside,kanamycin,kanamycin_vs_control,downregulated,b1428,b1428,329.41010748962736,-3.018973465183268,0.1233668372435388,8.638468141068712e-05,0.0009597616568889081,9.11076863096643,BH_from_pvalue
aminoglycoside,kanamycin,kanamycin_vs_control,downregulated,b3514,b3514,5167.895987061723,-3.9521673575147886,0.06460692595838244,0.0015349145152662176,0.004956242275425303,9.10914294371686,BH_from_pvalue
aminoglycoside,kanamycin,kanamycin_vs_control,downregulated,b3098,b3098,754.8755515581543,-3.3350043389780213,0.09909771903445463,0.00032352635268682753,0.0018610055170543629,9.105403398327782,BH_from_pvalue
aminoglycoside,kanamycin,kanamycin_vs_control,downregulated,b2833,b2833,466.4582683926526,-3.103214658123216,0.11636953660531298,0.00013506949161746433,0.001175929591065017,9.091235633340059,BH_from_pvalue
aminoglycoside,kanamycin,kanamycin_vs_control,upregulated,b4632,b4632,27.70154054435047,5.215210109780796,37.14793498022899,0.009979278169166036,0.018187517506040855,9.075647230629285,BH_from_pvalue
aminoglycoside,kanamycin,kanamycin_vs_control,upregulated,b1771,b1771,150.51168177525025,3.690518486670351,12.910907333532208,0.0009052242790855258,0.003492022990846222,9.067319403591686,BH_from_pvalue
aminoglycoside,kanamycin,kanamycin_vs_control,upregulated,b2887,b2887,202.66889646132225,3.6540490027178123,12.588626704894697,0.0008256773743277926,0.003301241626423477,9.0668746912002,BH_from_pvalue
aminoglycoside,kanamycin,kanamycin_vs_control,upregulated,b3696,b3696,94.23527165196145,3.481931911180413,11.172900935830237,0.0005293058648932051,0.0024902879723117475,9.066081707438775,BH_from_pvalue
aminoglycoside,kanamycin,kanamycin_vs_control,upregulated,b2944,b2944,53.929181797600286,2.745021381229516,6.703996432106834,2.3336598738004354e-05,0.0004989910866674472,9.063805895729976,BH_from_pvalue
aminoglycoside,kanamycin,kanamycin_vs_control,upregulated,b2756,b2756,36.794427617101356,2.9006683820264882,7.46772283078334,5.3997848806153875e-05,0.0007542929314598762,9.05722088613091,BH_from_pvalue
aminoglycoside,kanamycin,kanamycin_vs_control,downregulated,b3942,b3942,7075.43087735882,-3.4171562967979803,0.09361241619330346,0.0004435295232648708,0.0022567825742594895,9.043539268674337,BH_from_pvalue
aminoglycoside,kanamycin,kanamycin_vs_control,upregulated,b4342,b4342,105.57298124804099,2.7824398516408495,6.880149203342805,2.994663380895955e-05,0.0005659662137508406,9.035165102550096,BH_from_pvalue
aminoglycoside,kanamycin,kanamycin_vs_control,downregulated,b1002,b1002,4976.618540753864,-3.282792295106985,0.10274981524420687,0.00029291692596670766,0.0017733391401304644,9.031645082263594,BH_from_pvalue
aminoglycoside,kanamycin,kanamycin_vs_control,upregulated,b3487,b3487,2655.925175713582,2.516649270937142,5.722514728381941,1.7801157918344252e-06,0.00026155845178063965,9.015722973316024,BH_from_pvalue
aminoglycoside,kanamycin,kanamycin_vs_control,upregulated,b1561,b1561,129.65001766009354,2.6181895135587308,6.139790858803772,7.0238677651568456e-06,0.00036237239294645155,9.0087840247926,BH_from_pvalue
aminoglycoside,kanamycin,kanamycin_vs_control,downregulated,b2415,b2415,2143.5073144207668,-2.9740112429855365,0.1272721581292195,8.075541563004089e-05,0.0009371867039526508,9.005823169148645,BH_from_pvalue
aminoglycoside,kanamycin,kanamycin_vs_control,downregulated,b3204,b3204,959.6258459185259,-2.675177599262426,0.15656378026017723,1.4514288158672739e-05,0.00043132456026684184,9.00249645278239,BH_from_pvalue
aminoglycoside,kanamycin,kanamycin_vs_control,upregulated,b2298,b2298,149.94615275240457,2.660464581382983,6.3223661161779665,1.2638711446243941e-05,0.00041761151317182293,8.990315173916361,BH_from_pvalue
aminoglycoside,kanamycin,kanamycin_vs_control,downregulated,b3118,b3118,650.5886283041574,-4.67056681319203,0.03926623780836482,0.005670116083411013,0.011951350582559857,8.979552419679075,BH_from_pvalue
aminoglycoside,kanamycin,kanamycin_vs_control,downregulated,b1613,b1613,1047.3771953896935,-2.970460334630176,0.12758579918555754,8.36023185378989e-05,0.0009544244385367239,8.971557922664594,BH_from_pvalue
aminoglycoside,kanamycin,kanamycin_vs_control,upregulated,b1695,b1695,70.5337450040529,3.727187305859725,13.243268326168865,0.0010935355139006957,0.003947610546970569,8.958912282249905,BH_from_pvalue
aminoglycoside,kanamycin,kanamycin_vs_control,downregulated,b1100,b1100,943.1501168852463,-2.6265442861815504,0.16193151718015292,9.627921508309688e-06,0.0003917968381299027,8.948476355979098,BH_from_pvalue
aminoglycoside,kanamycin,kanamycin_vs_control,upregulated,b3046,b3046,50.72220027970301,3.300087914271644,9.849755508238806,0.00034544066868581096,0.0019446709984340146,8.947046095496093,BH_from_pvalue
aminoglycoside,kanamycin,kanamycin_vs_control,upregulated,b0769,b0769,39.28597663550013,4.630847951548158,24.775597605015886,0.005529236995986922,0.011762009775723859,8.935306626395958,BH_from_pvalue
aminoglycoside,kanamycin,kanamycin_vs_control,upregulated,b4517,b4517,33.53791619533387,5.096057581828542,34.20315683123503,0.009740615766905466,0.017861104655336642,8.908375884137065,BH_from_pvalue
aminoglycoside,kanamycin,kanamycin_vs_control,downregulated,b3559,b3559,4065.773963741866,-2.458919143073123,0.1818827789256111,1.32129317202682e-06,0.0002407088760585029,8.897618332296485,BH_from_pvalue
aminoglycoside,kanamycin,kanamycin_vs_control,downregulated,b2093,b2093,2216.3982091199528,-4.0778636344424175,0.05921622634865657,0.002398261005818035,0.006588352569175443,8.894730635555588,BH_from_pvalue
aminoglycoside,kanamycin,kanamycin_vs_control,upregulated,b0527,b0527,174.32803533977275,3.7479703276659775,13.435427553867045,0.001212062331944423,0.004245994056920572,8.890262893054496,BH_from_pvalue
aminoglycoside,kanamycin,kanamycin_vs_control,downregulated,b0837,b0837,383.8703471179028,-2.7925059120784796,0.1443350999832186,4.1039895951675404e-05,0.0006592766142522713,8.882772335220784,BH_from_pvalue
aminoglycoside,kanamycin,kanamycin_vs_control,upregulated,b2072,b2072,73.79162966014631,4.347727121372163,20.360867442856968,0.003812489708133892,0.009082933637280851,8.877075582003352,BH_from_pvalue
aminoglycoside,kanamycin,kanamycin_vs_control,downregulated,b2036,b2036,617.0523862552192,-2.9797128073606833,0.12677016818981118,0.00010698575601678839,0.001049620767519335,8.876467865878274,BH_from_pvalue
aminoglycoside,kanamycin,kanamycin_vs_control,upregulated,b1012,b1012,17.3137127565569,3.4659471068491854,11.049790462147815,0.0006196530382757381,0.002751430766203623,8.874354500003195,BH_from_pvalue
aminoglycoside,kanamycin,kanamycin_vs_control,downregulated,b1703,b1703,344.90711547594293,-2.5773914348994023,0.1675436095133704,6.998267740559889e-06,0.00036237239294645155,8.868404164066318,BH_from_pvalue
aminoglycoside,kanamycin,kanamycin_vs_control,downregulated,b3956,b3956,3311.260985467506,-2.7153377468460658,0.15226563214214153,2.8468773100599197e-05,0.0005519506095107552,8.846841323053194,BH_from_pvalue
aminoglycoside,kanamycin,kanamycin_vs_control,upregulated,b0263,b0263,91.83764037922725,4.917951297144456,30.230884753009867,0.008370317934070432,0.015932766341276373,8.841044388148582,BH_from_pvalue
aminoglycoside,kanamycin,kanamycin_vs_control,downregulated,b4348,b4348,94.04318399543332,-2.865771308011688,0.1371882371700615,6.463003004459807e-05,0.0008258689634676197,8.835427579463225,BH_from_pvalue
aminoglycoside,kanamycin,kanamycin_vs_control,downregulated,b4034,b4034,1087.8256931227306,-4.893542637800257,0.03364316774321736,0.008327695085620038,0.015892224223639766,8.80257944689198,BH_from_pvalue
aminoglycoside,kanamycin,kanamycin_vs_control,downregulated,b0329,b0329,1890.6819032665392,-3.530740328003592,0.08652492955273582,0.0007968127576194083,0.003243496636897827,8.787965181033256,BH_from_pvalue
aminoglycoside,kanamycin,kanamycin_vs_control,downregulated,b0435,b0435,5289.490628450069,-3.1241071760766506,0.11469646431025299,0.0002284071391655702,0.0015661209023883152,8.763666454296148,BH_from_pvalue
aminoglycoside,kanamycin,kanamycin_vs_control,downregulated,b2909,b2909,1038.3587004775738,-2.4896404492442166,0.17805064298542106,3.0949260598772182e-06,0.0003023658628582782,8.76220800622411,BH_from_pvalue
aminoglycoside,kanamycin,kanamycin_vs_control,downregulated,b3751,b3751,3464.6738118825124,-3.1829703377175953,0.11011093565948855,0.00029072846458645576,0.0017720044689293083,8.758054883958113,BH_from_pvalue
aminoglycoside,kanamycin,kanamycin_vs_control,downregulated,b3203,b3203,319.4182338108985,-2.798799078516124,0.14370686840190805,5.2455104876809336e-05,0.0007462206351503157,8.75221624688244,BH_from_pvalue
aminoglycoside,kanamycin,kanamycin_vs_control,upregulated,b1705,b1705,28.68733211679039,2.8562530806303825,7.241321879726317,7.085044116882669e-05,0.0008683522735078541,8.743859135875644,BH_from_pvalue
aminoglycoside,kanamycin,kanamycin_vs_control,upregulated,b0459,b0459,523.7615493035656,3.0011735073086854,8.006509953541455,0.00014720337940442646,0.0012248102380652312,8.739210748748853,BH_from_pvalue
aminoglycoside,kanamycin,kanamycin_vs_control,downregulated,b3931,b3931,1669.6990252043536,-2.8587801503025076,0.1378546512049319,7.283918346685157e-05,0.000883101475023985,8.730684246913613,BH_from_pvalue
aminoglycoside,kanamycin,kanamycin_vs_control,downregulated,b3339,b3339,189.7128842722528,-3.010372915875416,0.1241044785641951,0.0001561461204284934,0.0012584727372113756,8.730551641083222,BH_from_pvalue
aminoglycoside,kanamycin,kanamycin_vs_control,upregulated,b2648,b2648,10.491343041385662,4.400159004267829,21.114453539000436,0.004666182832915911,0.010394672537542077,8.726347761240005,BH_from_pvalue
aminoglycoside,kanamycin,kanamycin_vs_control,upregulated,b3139,b3139,18.394592406373377,4.44110266843246,21.7222654736428,0.004951312247789958,0.010853315053878767,8.724269022708002,BH_from_pvalue
aminoglycoside,kanamycin,kanamycin_vs_control,upregulated,b1986,b1986,48.96266792069915,2.9481988684992975,7.717849271362105,0.00011894602995731179,0.0010986021411663006,8.724190863191689,BH_from_pvalue
aminoglycoside,kanamycin,kanamycin_vs_control,downregulated,b2926,b2926,5078.444929560018,-2.6062117096645494,0.1642298515585432,1.7163454094691866e-05,0.00045935133940707773,8.699156819892611,BH_from_pvalue
aminoglycoside,kanamycin,kanamycin_vs_control,downregulated,b3431,b3431,2221.302702942666,-2.658221760025473,0.15841471308706523,2.7405193603554333e-05,0.0005359502644729886,8.694712456166,BH_from_pvalue
aminoglycoside,kanamycin,kanamycin_vs_control,downregulated,b4380,b4380,416.9848126061209,-3.866992249010938,0.06853609250113468,0.0018817871217651075,0.005674942278217069,8.685413669515789,BH_from_pvalue
aminoglycoside,kanamycin,kanamycin_vs_control,downregulated,b1912,b1912,981.7759994980584,-2.691182065523451,0.15483654589592888,3.298854694131422e-05,0.0005935299365681254,8.683253330580746,BH_from_pvalue
aminoglycoside,kanamycin,kanamycin_vs_control,downregulated,b3003,b3003,507.5083752651928,-2.911043575067036,0.1329500684357973,0.00010970794032813807,0.001052166984213145,8.668841288446963,BH_from_pvalue
aminoglycoside,kanamycin,kanamycin_vs_control,downregulated,b3447,b3447,650.6193790509087,-2.865151020512558,0.13724723400745342,8.317313361639763e-05,0.0009519408524339861,8.656738742380057,BH_from_pvalue
aminoglycoside,kanamycin,kanamycin_vs_control,upregulated,b4500,b4500,294.6272543936506,2.463678194510729,5.516213111473009,4.48368371835786e-06,0.0003066831743719094,8.655665361134433,BH_from_pvalue
aminoglycoside,kanamycin,kanamycin_vs_control,upregulated,b2375,b2375,65.74063388018003,5.5504279076318275,46.86464040050719,0.016918682090882597,0.027577585725951353,8.655580147663049,BH_from_pvalue
aminoglycoside,kanamycin,kanamycin_vs_control,upregulated,b4145,b4145,60.25707275039506,4.764868259539771,27.187437223881126,0.007950769573379321,0.015315872180325561,8.647560550771713,BH_from_pvalue
aminoglycoside,kanamycin,kanamycin_vs_control,upregulated,b1554,b1554,33.21765039374733,4.341770134558641,20.27696935381895,0.004563027754809703,0.010267383112123085,8.633784593371775,BH_from_pvalue
aminoglycoside,kanamycin,kanamycin_vs_control,downregulated,b2092,b2092,23928.301385095194,-3.8776891401872327,0.06802980951738705,0.0020496300109747005,0.005963283175526652,8.6259759787754,BH_from_pvalue
aminoglycoside,kanamycin,kanamycin_vs_control,upregulated,b0647,b0647,12.234472491724887,4.270644944570414,19.301551909592064,0.004169015053178877,0.009686069064668693,8.600448736122264,BH_from_pvalue
aminoglycoside,kanamycin,kanamycin_vs_control,downregulated,b1093,b1093,7080.72737681256,-2.523554377415051,0.17391395706575755,9.391316520319151e-06,0.0003917968381299027,8.597596011661247,BH_from_pvalue
aminoglycoside,kanamycin,kanamycin_vs_control,upregulated,b1674,b1674,37.23450773337451,3.373897041197093,10.366787864989766,0.0006645341378009908,0.0028746795325592144,8.574457579471286,BH_from_pvalue
aminoglycoside,kanamycin,kanamycin_vs_control,upregulated,b0718,b0718,95.12675315154154,4.9156027455377975,30.18171217452908,0.009973028592353278,0.018183495179734513,8.554734718990213,BH_from_pvalue
aminoglycoside,kanamycin,kanamycin_vs_control,upregulated,b0161,b0161,4931.495044011303,3.2591367975915464,9.574099487200627,0.0004940197406634194,0.0024003052405815826,8.538069936672393,BH_from_pvalue
aminoglycoside,kanamycin,kanamycin_vs_control,downregulated,b3037,b3037,2704.9756998746707,-2.417817820500032,0.18713900324770197,3.6108587260670583e-06,0.0003023658628582782,8.50943061710296,BH_from_pvalue
aminoglycoside,kanamycin,kanamycin_vs_control,downregulated,b0611,b0611,475.26551079652114,-2.9585255149301366,0.12864564153609365,0.00017517135041837382,0.0013354588714946534,8.503895453392357,BH_from_pvalue
aminoglycoside,kanamycin,kanamycin_vs_control,downregulated,b4057,b4057,1270.8912404042987,-3.329443133753375,0.09948045154582945,0.0006372524782838903,0.002796450387630184,8.501376395986853,BH_from_pvalue
aminoglycoside,kanamycin,kanamycin_vs_control,upregulated,b3082,b3082,185.65327059181766,2.962002633580907,7.79204837239918,0.00017916884271482075,0.0013502188814240195,8.499750385460981,BH_from_pvalue
aminoglycoside,kanamycin,kanamycin_vs_control,downregulated,b2343,b2343,3189.4248386005297,-3.215247950851907,0.1076747626961712,0.0004652319727558198,0.0023119521386787334,8.475461635629365,BH_from_pvalue
aminoglycoside,kanamycin,kanamycin_vs_control,downregulated,b3992,b3992,658.8662009972286,-3.170150230890166,0.11109376611432115,0.00040633698355937726,0.0021333225423560793,8.467292081955675,BH_from_pvalue
aminoglycoside,kanamycin,kanamycin_vs_control,downregulated,b2414,b2414,6703.398026091869,-4.408705988905496,0.047081170915933696,0.005788655079009608,0.012104774777027065,8.451680219000215,BH_from_pvalue
aminoglycoside,kanamycin,kanamycin_vs_control,upregulated,b2373,b2373,64.00779647203875,3.7641953569887727,13.58737970124083,0.001906251961064936,0.005705342356597719,8.445793969798109,BH_from_pvalue
aminoglycoside,kanamycin,kanamycin_vs_control,upregulated,b0234,b0234,52.64103501118436,3.4902585482705324,11.237572733394686,0.0010492471517263501,0.00382693368947132,8.436475179134831,BH_from_pvalue
aminoglycoside,kanamycin,kanamycin_vs_control,downregulated,b0008,b0008,7640.196339447978,-2.752716030859501,0.14837130111372054,7.083992106656748e-05,0.0008683522735078541,8.426900745640516,BH_from_pvalue
aminoglycoside,kanamycin,kanamycin_vs_control,downregulated,b2515,b2515,2822.853046020184,-2.435967519320881,0.18479946441742265,5.669020368981286e-06,0.00034930484410517566,8.420641294857086,BH_from_pvalue
aminoglycoside,kanamycin,kanamycin_vs_control,upregulated,b2715,b2715,363.4648913663743,2.452368484680931,5.4731389540581175,8.21878287920331e-06,0.0003696808539065649,8.416953000538934,BH_from_pvalue
aminoglycoside,kanamycin,kanamycin_vs_control,upregulated,b1940,b1940,26.126561067600203,2.8985963094561082,7.457005003046946,0.00015408835813360706,0.0012488097925855218,8.416085122057188,BH_from_pvalue
aminoglycoside,kanamycin,kanamycin_vs_control,downregulated,b0734,b0734,8422.496005129477,-3.286051304824083,0.10251796811188588,0.0006156596911087886,0.0027477216067786424,8.415667006094898,BH_from_pvalue
aminoglycoside,kanamycin,kanamycin_vs_control,upregulated,b0320,b0320,80.24627860829571,2.6353174904460444,6.213118155617278,3.9118729430519655e-05,0.0006500953673213261,8.398817266714381,BH_from_pvalue
aminoglycoside,kanamycin,kanamycin_vs_control,upregulated,b1155,b1155,11.827385129920168,4.224597489553647,18.695219302154747,0.004605439612211361,0.010311233138739025,8.392963024555716,BH_from_pvalue
aminoglycoside,kanamycin,kanamycin_vs_control,downregulated,b1570,b1570,324.3984645153625,-2.765742655633372,0.14703763215573665,7.848482819024894e-05,0.000926574165878582,8.388828845554906,BH_from_pvalue
aminoglycoside,kanamycin,kanamycin_vs_control,downregulated,b1341,b1341,428.64575183374615,-3.04179094230075,0.12143103196605211,0.00028904369433911344,0.0017712786609500439,8.370136011969707,BH_from_pvalue
aminoglycoside,kanamycin,kanamycin_vs_control,upregulated,b1206,b1206,643.9262491174394,2.46963798094931,5.539047771022381,1.3511070800829314e-05,0.00041761151317182293,8.345468670989451,BH_from_pvalue
aminoglycoside,kanamycin,kanamycin_vs_control,upregulated,b1846,b1846,1344.2266868678912,2.9301689605417636,7.621996578577351,0.0001962123276698127,0.0014280955499333618,8.337041944790128,BH_from_pvalue
aminoglycoside,kanamycin,kanamycin_vs_control,downregulated,b1247,b1247,3778.3389918476896,-2.811881940240074,0.1424095754487903,0.00011658732213345504,0.001085815085560025,8.335104532383802,BH_from_pvalue
aminoglycoside,kanamycin,kanamycin_vs_control,downregulated,b4390,b4390,1193.889760288111,-2.737554736345034,0.14993875816924612,7.586317612154931e-05,0.0009034698561999609,8.333352958391364,BH_from_pvalue
aminoglycoside,kanamycin,kanamycin_vs_control,upregulated,b4442,b4442,138.54180351163532,3.804403651857105,13.971389968581988,0.002324676403698397,0.006458551243876091,8.331129985593783,BH_from_pvalue
aminoglycoside,kanamycin,kanamycin_vs_control,upregulated,b0246,b0246,5.325071796538537,3.5310835696235294,11.560112795653456,0.0013018671985816509,0.004456467777184373,8.301610061710768,BH_from_pvalue
aminoglycoside,kanamycin,kanamycin_vs_control,downregulated,b0429,b0429,450.495499935412,-2.7142405642129193,0.15238147557760248,7.272587159540022e-05,0.000883101475023985,8.289261884583913,BH_from_pvalue
aminoglycoside,kanamycin,kanamycin_vs_control,upregulated,b2561,b2561,208.0876676220931,2.6312051979421662,6.195433351361923,4.745762502941244e-05,0.000711198254271072,8.28305848087357,BH_from_pvalue
aminoglycoside,kanamycin,kanamycin_vs_control,downregulated,b1288,b1288,4897.736200288203,-2.490363876437918,0.17796138338153297,1.878889026912132e-05,0.0004721364716788139,8.282782028500852,BH_from_pvalue
aminoglycoside,kanamycin,kanamycin_vs_control,downregulated,b3623,b3623,203.7674629946946,-2.81976229344278,0.14163382012515666,0.00012908783111896172,0.0011566475385918124,8.281074976527227,BH_from_pvalue
aminoglycoside,kanamycin,kanamycin_vs_control,downregulated,b1454,b1454,106.94215801653341,-3.100664187329871,0.11657544263341761,0.00040985114606241946,0.0021411271254224884,8.276781347662888,BH_from_pvalue
aminoglycoside,kanamycin,kanamycin_vs_control,downregulated,b2557,b2557,3429.999325356428,-2.370309715599724,0.1934041000347174,4.974085672655209e-06,0.00032373808165283343,8.271921567667599,BH_from_pvalue
aminoglycoside,kanamycin,kanamycin_vs_control,downregulated,b3206,b3206,41.911921551841644,-3.2846612012318674,0.10261679653476088,0.0007261379590954183,0.003034657432812548,8.27041666650618,BH_from_pvalue
aminoglycoside,kanamycin,kanamycin_vs_control,downregulated,b0974,b0974,141.89552586708376,-3.6374314742158695,0.08035705632268282,0.001732725371499444,0.0053602467132080455,8.259934756293323,BH_from_pvalue
aminoglycoside,kanamycin,kanamycin_vs_control,upregulated,b0940,b0940,68.94601179145135,2.958556656982744,7.773458737646927,0.00024309204045379915,0.00162109296030017,8.254941353024055,BH_from_pvalue
aminoglycoside,kanamycin,kanamycin_vs_control,downregulated,b0114,b0114,9554.190374426767,-2.4486577669796468,0.1831810579901287,1.4686208776655853e-05,0.00043132456026684184,8.240212861901238,BH_from_pvalue
aminoglycoside,kanamycin,kanamycin_vs_control,downregulated,b2663,b2663,669.5861302260795,-4.7735455366604596,0.03656112980866992,0.010430395476780773,0.018803975492809585,8.237947754127575,BH_from_pvalue
aminoglycoside,kanamycin,kanamycin_vs_control,downregulated,b3336,b3336,2431.475107886045,-3.521852958366839,0.08705959033310887,0.00135418235172534,0.004590137315795463,8.23470615372978,BH_from_pvalue
aminoglycoside,kanamycin,kanamycin_vs_control,upregulated,b2420,b2420,148.09150911683878,3.1800442754952343,9.063349227162488,0.0005660791042482045,0.0025955390529137858,8.222870820969511,BH_from_pvalue
aminoglycoside,kanamycin,kanamycin_vs_control,downregulated,b3626,b3626,166.46868383784133,-3.1707191019798424,0.11104996921214814,0.0005544892270654619,0.0025659388305971685,8.21455224822749,BH_from_pvalue
aminoglycoside,kanamycin,kanamycin_vs_control,upregulated,b4385,b4385,1116.3724265384842,2.7584055648166004,6.766480198266399,0.00011062578903149534,0.0010559865504379548,8.20995726851995,BH_from_pvalue
aminoglycoside,kanamycin,kanamycin_vs_control,downregulated,b1747,b1747,2123.5758740174915,-3.496459933810092,0.08860550013176254,0.0013166222003705578,0.0044940775879102265,8.207448211176198,BH_from_pvalue
aminoglycoside,kanamycin,kanamycin_vs_control,downregulated,b1646,b1646,1156.2853346652703,-2.7013234765425906,0.15375194045249957,7.766258295308274e-05,0.0009192797319025425,8.202710056303712,BH_from_pvalue
aminoglycoside,kanamycin,kanamycin_vs_control,upregulated,b2698,b2698,267.3701169933163,2.60516221971468,6.084599139836287,4.745498512227009e-05,0.000711198254271072,8.201074942743176,BH_from_pvalue
aminoglycoside,kanamycin,kanamycin_vs_control,downregulated,b1131,b1131,779.3702782367013,-2.4365423292866195,0.1847258498196088,1.4927608769261573e-05,0.00043132456026684184,8.199442041718886,BH_from_pvalue
aminoglycoside,kanamycin,kanamycin_vs_control,upregulated,b0301,b0301,27.218815363854574,4.072162026229351,16.820655533913296,0.004206385450121698,0.009745746394772934,8.189870753405685,BH_from_pvalue
aminoglycoside,kanamycin,kanamycin_vs_control,upregulated,b3021,b3021,1537.6719650178918,3.524826530307574,11.510084583983588,0.001445829885366532,0.004767846645438901,8.183511228735062,BH_from_pvalue
aminoglycoside,kanamycin,kanamycin_vs_control,downregulated,b2907,b2907,1386.3069544639318,-2.419004018621477,0.1869851989480222,1.3417648693670481e-05,0.00041761151317182293,8.174364991197258,BH_from_pvalue
aminoglycoside,kanamycin,kanamycin_vs_control,downregulated,b1490,b1490,425.9897612001966,-3.230298264519363,0.10655732940231971,0.0006995328379758817,0.0029768199670913115,8.16053268866909,BH_from_pvalue
aminoglycoside,kanamycin,kanamycin_vs_control,downregulated,b0651,b0651,655.189846091389,-2.882422995785361,0.13561390388465458,0.0002081374472393473,0.0014789924765917604,8.157355181878279,BH_from_pvalue
aminoglycoside,kanamycin,kanamycin_vs_control,downregulated,b2687,b2687,1928.6062642408108,-3.497269011545411,0.0885558232165235,0.0013964659977668803,0.004670114541230801,8.150988597036852,BH_from_pvalue
aminoglycoside,kanamycin,kanamycin_vs_control,upregulated,b2753,b2753,509.57268160690137,3.020523178332132,8.11461798652423,0.0003637709539252887,0.0020035538476260908,8.149972561716035,BH_from_pvalue
aminoglycoside,kanamycin,kanamycin_vs_control,upregulated,b4181,b4181,6.308949727870764,3.742900095908189,13.388292735130266,0.0024630351462550082,0.00671031622523018,8.134283882836856,BH_from_pvalue
aminoglycoside,kanamycin,kanamycin_vs_control,upregulated,b4486,b4486,493.85061092964287,2.820964990630661,7.06634893318552,0.00016891009790245901,0.0013124177723114264,8.129817703464424,BH_from_pvalue
aminoglycoside,kanamycin,kanamycin_vs_control,downregulated,b3450,b3450,498.22177331225043,-3.1028372535843163,0.11639998249652204,0.0004952675351828408,0.002400553203935795,8.128467580176514,BH_from_pvalue
aminoglycoside,kanamycin,kanamycin_vs_control,upregulated,b3027,b3027,27.392987174240346,3.071802249091229,8.408230673454497,0.00044734400175758493,0.0022633895611986693,8.12565630528939,BH_from_pvalue
aminoglycoside,kanamycin,kanamycin_vs_control,downregulated,b4189,b4189,3794.8003991525534,-2.8188811408266687,0.14172035201693942,0.00017250998082711587,0.0013241465763828791,8.112920156963833,BH_from_pvalue
aminoglycoside,kanamycin,kanamycin_vs_control,upregulated,b2669,b2669,99.90084736442373,5.994421912718799,63.753025892199666,0.030413248630999618,0.044386370000725595,8.10895646592207,BH_from_pvalue
aminoglycoside,kanamycin,kanamycin_vs_control,downregulated,b2696,b2696,5476.103095216057,-3.1257720829067477,0.11456417801408544,0.0005526692240086202,0.0025607192561827104,8.100869811578509,BH_from_pvalue
aminoglycoside,kanamycin,kanamycin_vs_control,upregulated,b2863,b2863,250.59408692003458,4.2109856887092105,18.51965975903835,0.005655167231423618,0.011945359108727616,8.096886607624203,BH_from_pvalue
aminoglycoside,kanamycin,kanamycin_vs_control,upregulated,b4653,b4653,6.13789586691826,3.707327082876071,13.062209822189732,0.002419749918302559,0.006616434731018183,8.079659547410708,BH_from_pvalue
aminoglycoside,kanamycin,kanamycin_vs_control,downregulated,b2937,b2937,1687.0508871151635,-2.296357166858531,0.2035764852605914,4.500019899632286e-06,0.0003066831743719094,8.067814713080876,BH_from_pvalue
aminoglycoside,kanamycin,kanamycin_vs_control,upregulated,b0587,b0587,13.831673074841122,4.427316761237709,21.515683417770745,0.007760991784162276,0.015113979097247652,8.060466678255812,BH_from_pvalue
aminoglycoside,kanamycin,kanamycin_vs_control,upregulated,b0768,b0768,43.717273684666814,3.187156554420499,9.108140551170294,0.0006943011468494843,0.0029632101935027,8.057888849974201,BH_from_pvalue
aminoglycoside,kanamycin,kanamycin_vs_control,downregulated,b1598,b1598,2801.352926024442,-2.393470574915572,0.19032400289639667,1.4488328886244636e-05,0.00043132456026684184,8.054497154303792,BH_from_pvalue
aminoglycoside,kanamycin,kanamycin_vs_control,downregulated,b3941,b3941,878.1963939314837,-4.022943528976788,0.06151390915235809,0.00435853105662877,0.009950908363414614,8.05448518695009,BH_from_pvalue
aminoglycoside,kanamycin,kanamycin_vs_control,upregulated,b0343,b0343,60.198548261132345,2.744614536425528,6.702106149342194,0.00013113915137413334,0.0011657389384997071,8.051048704371873,BH_from_pvalue
aminoglycoside,kanamycin,kanamycin_vs_control,downregulated,b4393,b4393,382.12669665284994,-2.677665866335409,0.15629398191295168,9.329265194663714e-05,0.0009896942180565422,8.045044329219778,BH_from_pvalue
aminoglycoside,kanamycin,kanamycin_vs_control,downregulated,b0880,b0880,12756.478109386988,-2.8019403757960646,0.14339430415563667,0.00018407712263357462,0.0013640509021512663,8.028033889389087,BH_from_pvalue
aminoglycoside,kanamycin,kanamycin_vs_control,upregulated,b4635,b4635,31.120485308326977,5.237134593702231,37.71677960661133,0.018224891849738144,0.029350362885829633,8.025314479935604,BH_from_pvalue
aminoglycoside,kanamycin,kanamycin_vs_control,downregulated,b2235,b2235,363.79673939511395,-2.687538025504688,0.15522813506518687,0.00010357052605732587,0.0010406056196011434,8.016156845669578,BH_from_pvalue
aminoglycoside,kanamycin,kanamycin_vs_control,downregulated,b2989,b2989,1163.816132765916,-2.599735899076192,0.16496868538391607,6.395110337765027e-05,0.0008258689634676197,8.015216775254535,BH_from_pvalue
aminoglycoside,kanamycin,kanamycin_vs_control,downregulated,b0237,b0237,2815.424785507507,-2.561776137414542,0.16936690076135738,5.253294030429883e-05,0.0007462206351503157,8.011014046296832,BH_from_pvalue
aminoglycoside,kanamycin,kanamycin_vs_control,downregulated,b2096,b2096,53811.55544982694,-2.934102450511274,0.13084199339739333,0.00032390534131795245,0.0018610055170543629,8.010840079480715,BH_from_pvalue
aminoglycoside,kanamycin,kanamycin_vs_control,upregulated,b0321,b0321,88.62959856819286,2.687064926422398,6.440018918267999,0.00010540229732288683,0.001047687146570083,8.006831113908268,BH_from_pvalue
aminoglycoside,kanamycin,kanamycin_vs_control,upregulated,b0140,b0140,6.239547854600211,3.7260134566086953,13.232497319449447,0.0026532983929637424,0.007100130603995458,8.006210541285673,BH_from_pvalue
aminoglycoside,kanamycin,kanamycin_vs_control,upregulated,b4186,b4186,140.29306866785387,4.132801526287002,17.542731871549975,0.0053996837626669545,0.011558388446368889,8.00566105363092,BH_from_pvalue
aminoglycoside,kanamycin,kanamycin_vs_control,upregulated,b1573,b1573,114.92265921823808,4.096402562709455,17.10566827719845,0.00512596715679473,0.011129648187302997,8.00239845053132,BH_from_pvalue
aminoglycoside,kanamycin,kanamycin_vs_control,downregulated,b3870,b3870,1054.0950202390009,-3.167218978870319,0.11131971467657864,0.0007032393574322711,0.0029800540915310885,7.999685217645886,BH_from_pvalue
aminoglycoside,kanamycin,kanamycin_vs_control,upregulated,b0796,b0796,236.87661338667337,2.6192941205653124,6.144493621917518,7.339238316412115e-05,0.0008850373712391875,7.996805506273324,BH_from_pvalue
aminoglycoside,kanamycin,kanamycin_vs_control,upregulated,b2505,b2505,35.69435208433113,3.8840249148194386,14.764134851506416,0.003556858726406171,0.008732942440706853,7.996583534107771,BH_from_pvalue
aminoglycoside,kanamycin,kanamycin_vs_control,upregulated,b4132,b4132,65.48052863920921,4.093635473810316,17.07289105109298,0.005135510788808581,0.011132302423161928,7.996568955511032,BH_from_pvalue
aminoglycoside,kanamycin,kanamycin_vs_control,upregulated,b3525,b3525,46.85941205913886,3.85967202490237,14.517005886178431,0.0034079779021384906,0.008484584910400706,7.994806525361426,BH_from_pvalue
aminoglycoside,kanamycin,kanamycin_vs_control,upregulated,b1728,b1728,314.4334365016258,3.125647085445995,8.727975702778952,0.0006291302656985984,0.0027770637243496525,7.99044845128589,BH_from_pvalue
aminoglycoside,kanamycin,kanamycin_vs_control,downregulated,b3087,b3087,1960.1683570217058,-2.6809081202690628,0.15594312759455542,0.00010946706387662204,0.001052166984213145,7.983517389630969,BH_from_pvalue
aminoglycoside,kanamycin,kanamycin_vs_control,upregulated,b2686,b2686,1271.7660792183003,3.143112404135886,8.834279052229048,0.0006720003311999236,0.002895265794767487,7.978198551267763,BH_from_pvalue
aminoglycoside,kanamycin,kanamycin_vs_control,downregulated,b3625,b3625,142.24017184124116,-2.9859684581185437,0.12622167177480725,0.00040506409792218014,0.0021333225423560793,7.975352977293178,BH_from_pvalue
aminoglycoside,kanamycin,kanamycin_vs_control,downregulated,b1489,b1489,467.9758375345332,-2.7698729283205905,0.1466172820440338,0.00017192423652717515,0.0013241465763828791,7.971871387883513,BH_from_pvalue
aminoglycoside,kanamycin,kanamycin_vs_control,downregulated,b2749,b2749,116.46828787026796,-3.013136188513595,0.12386700197409116,0.0004489695090680497,0.0022639740490897845,7.970132574077915,BH_from_pvalue
aminoglycoside,kanamycin,kanamycin_vs_control,upregulated,b3072,b3072,1103.577312222287,3.6490427822147424,12.545019274358314,0.002389918505388866,0.0065742855674488085,7.962763944978822,BH_from_pvalue
aminoglycoside,kanamycin,kanamycin_vs_control,upregulated,b2917,b2917,135.84158157557022,2.637029055553219,6.220493565138432,8.444919444486753e-05,0.0009592234257904398,7.958765241636127,BH_from_pvalue
aminoglycoside,kanamycin,kanamycin_vs_control,downregulated,b2032,b2032,493.80620848236555,-2.8529308891696497,0.13841470351652363,0.0002460289717022589,0.0016298060599657738,7.953583525043858,BH_from_pvalue
aminoglycoside,kanamycin,kanamycin_vs_control,upregulated,b0916,b0916,359.82688251731435,2.3366318920573432,5.051220049083046,1.027644899943511e-05,0.0003952480765455085,7.951862639604154,BH_from_pvalue
aminoglycoside,kanamycin,kanamycin_vs_control,downregulated,b2899,b2899,5356.339882587418,-2.2557747187605504,0.2093843153251569,3.233582060677318e-06,0.0003023658628582782,7.939125228689907,BH_from_pvalue
aminoglycoside,kanamycin,kanamycin_vs_control,downregulated,b3707,b3707,332.67760889320886,-2.622344086191058,0.16240364453289083,8.151675560608537e-05,0.0009401599146568513,7.9373065425073746,BH_from_pvalue
aminoglycoside,kanamycin,kanamycin_vs_control,upregulated,b4519,b4519,6.841236873725784,3.8389609640850573,14.31009122606694,0.0034641240322121633,0.008575470499114096,7.934142025007015,BH_from_pvalue
aminoglycoside,kanamycin,kanamycin_vs_control,downregulated,b3699,b3699,6892.966050514795,-2.416187502814868,0.18735059923284025,2.5799518828585995e-05,0.0005214606122820564,7.931808361463243,BH_from_pvalue
aminoglycoside,kanamycin,kanamycin_vs_control,downregulated,b1739,b1739,1870.346891480681,-2.515253674425365,0.17491747410634392,4.7736922248745916e-05,0.000711198254271072,7.918042004398381,BH_from_pvalue
aminoglycoside,kanamycin,kanamycin_vs_control,upregulated,b0547,b0547,8.037658542263996,3.598326894892531,12.111678372928695,0.0022485996343431336,0.006313483867213118,7.915350948751191,BH_from_pvalue
aminoglycoside,kanamycin,kanamycin_vs_control,upregulated,b4340,b4340,697.1446868596155,3.9849194824664904,15.833622795557257,0.004651344722534918,0.010377851469227213,7.905652070997887,BH_from_pvalue
aminoglycoside,kanamycin,kanamycin_vs_control,downregulated,b1953,b1953,2288.859260800614,-3.2825480821825472,0.10276720974275003,0.0010814336758818413,0.003919652436838454,7.900280609505328,BH_from_pvalue
aminoglycoside,kanamycin,kanamycin_vs_control,upregulated,b4157,b4157,31.67352896460653,2.9381684261218175,7.664376464221013,0.0003776123151742316,0.002049264279121886,7.89897796155862,BH_from_pvalue
aminoglycoside,kanamycin,kanamycin_vs_control,downregulated,b3624,b3624,125.16755301351913,-3.0089745557959837,0.12422482754689426,0.00048195821141564,0.002376166409190268,7.895919783124864,BH_from_pvalue
aminoglycoside,kanamycin,kanamycin_vs_control,upregulated,b4426,b4426,41.72736937206577,2.8925927657734927,7.426038350555462,0.00033839975371020186,0.0019153965085782264,7.861318848371921,BH_from_pvalue
aminoglycoside,kanamycin,kanamycin_vs_control,upregulated,b1366,b1366,59.43608361547124,5.321344775982258,39.983830234969695,0.021523721908274,0.03352274970339905,7.84717623271497,BH_from_pvalue
aminoglycoside,kanamycin,kanamycin_vs_control,downregulated,b1614,b1614,3776.903151869688,-3.186952353196016,0.10980743499747392,0.0008943840270022253,0.003467633030212793,7.839797201687795,BH_from_pvalue
aminoglycoside,kanamycin,kanamycin_vs_control,downregulated,b4172,b4172,1769.068840366878,-2.48215072295703,0.17897739333366663,4.710187113578906e-05,0.000711198254271072,7.813833604720477,BH_from_pvalue
aminoglycoside,kanamycin,kanamycin_vs_control,downregulated,b0604,b0604,105.99795379549961,-2.5341679475812056,0.17263920750498007,6.442334928052192e-05,0.0008258689634676197,7.813064954783679,BH_from_pvalue
aminoglycoside,kanamycin,kanamycin_vs_control,downregulated,b3038,b3038,1931.9735050563868,-2.8816680251762925,0.13568488999231196,0.00035013476627918913,0.0019526846506203693,7.807498810032514,BH_from_pvalue
aminoglycoside,kanamycin,kanamycin_vs_control,downregulated,b1442,b1442,428.8129731567069,-2.9053390963697128,0.13347679943887666,0.0003817887468288913,0.0020596534119282166,7.804338889581703,BH_from_pvalue
aminoglycoside,kanamycin,kanamycin_vs_control,downregulated,b4235,b4235,1487.679639871469,-2.271391197554074,0.20713005364282874,7.565145655287614e-06,0.0003673245675975916,7.802115248479513,BH_from_pvalue
aminoglycoside,kanamycin,kanamycin_vs_control,downregulated,b1668,b1668,1104.0988522762725,-2.8757040091629857,0.1362469642969634,0.00035094836420600787,0.0019536704730180984,7.790709741193613,BH_from_pvalue
aminoglycoside,kanamycin,kanamycin_vs_control,upregulated,b3861,b3861,59.5619719662078,3.5690248027335265,11.868163505787125,0.0023790185645395597,0.006564923621655791,7.790361418819902,BH_from_pvalue
aminoglycoside,kanamycin,kanamycin_vs_control,downregulated,b0957,b0957,51756.49492199404,-2.688013072952561,0.15517703030080418,0.00015820052835580474,0.001266167218050551,7.7885418958871595,BH_from_pvalue
aminoglycoside,kanamycin,kanamycin_vs_control,upregulated,b3227,b3227,82.6981845749381,3.083365766696346,8.475895300132585,0.0007050435771540429,0.0029823014438926237,7.786881330873958,BH_from_pvalue
aminoglycoside,kanamycin,kanamycin_vs_control,downregulated,b3448,b3448,1432.0884904720863,-3.135418488184081,0.11380071379334528,0.0008214611932113946,0.0032927242235767907,7.783502824376888,BH_from_pvalue
aminoglycoside,kanamycin,kanamycin_vs_control,upregulated,b4556,b4556,57.88432120809515,2.395152406295005,5.260326712349858,2.9786662849618414e-05,0.0005659662137508406,7.777561633141398,BH_from_pvalue
aminoglycoside,kanamycin,kanamycin_vs_control,upregulated,b4366,b4366,50.73021704059664,2.966371940192136,7.815682927692546,0.0005003549367752739,0.0024088419709204496,7.766530364494555,BH_from_pvalue
aminoglycoside,kanamycin,kanamycin_vs_control,upregulated,b4270,b4270,4.24872360664432,3.2394089288155246,9.44407126909313,0.0011221993960118797,0.00401883191342471,7.761300363336685,BH_from_pvalue
aminoglycoside,kanamycin,kanamycin_vs_control,upregulated,b2570,b2570,1277.0151062745201,2.3910308728219665,5.24532030241871,3.0396141616084905e-05,0.0005692497518063632,7.758171058764635,BH_from_pvalue
aminoglycoside,kanamycin,kanamycin_vs_control,upregulated,b3716,b3716,19.192245922139755,3.072887142425976,8.41455596317846,0.0007116376966810568,0.0029985499249931087,7.753166874251979,BH_from_pvalue
aminoglycoside,kanamycin,kanamycin_vs_control,upregulated,b1028,b1028,7.6008552023899725,3.9621949054085395,15.586173817467941,0.005142162637229565,0.011141352380664056,7.738412661399443,BH_from_pvalue
aminoglycoside,kanamycin,kanamycin_vs_control,upregulated,b4641,b4641,161.61410632850792,3.134039582824017,8.778896361476253,0.0008744656579861814,0.0034232780936656604,7.727155798647806,BH_from_pvalue
aminoglycoside,kanamycin,kanamycin_vs_control,downregulated,b2410,b2410,911.8564296396829,-2.636950037718557,0.16076775291495904,0.00013670623561995156,0.0011802392472524802,7.721068680722712,BH_from_pvalue
aminoglycoside,kanamycin,kanamycin_vs_control,downregulated,b4154,b4154,2840.1121966630567,-3.0100661425668083,0.12413087082901943,0.0006169603667034671,0.0027477216067786424,7.708861479117701,BH_from_pvalue
aminoglycoside,kanamycin,kanamycin_vs_control,upregulated,b0392,b0392,247.16238725515657,3.1057819719687467,8.608619917839846,0.0008342280326380276,0.00331229406255718,7.701938998334821,BH_from_pvalue
aminoglycoside,kanamycin,kanamycin_vs_control,upregulated,b1365,b1365,22.93759999854635,4.506238810314526,22.72547918976009,0.011095259898754163,0.01968243400136735,7.687288301423065,BH_from_pvalue
aminoglycoside,kanamycin,kanamycin_vs_control,upregulated,b0574,b0574,83.44876534104462,4.33739361498993,20.21555090903657,0.009061421371573114,0.016912146609682936,7.6849994945600635,BH_from_pvalue
aminoglycoside,kanamycin,kanamycin_vs_control,downregulated,b4498,b4498,740.7601680287872,-2.3008679721658813,0.20294096648045773,1.749324796094308e-05,0.0004601440311597776,7.678240791699255,BH_from_pvalue
aminoglycoside,kanamycin,kanamycin_vs_control,downregulated,b3433,b3433,2490.671812549636,-2.76434051470212,0.14718060603112895,0.00025723664557489784,0.0016696254427069127,7.67762667341522,BH_from_pvalue
aminoglycoside,kanamycin,kanamycin_vs_control,downregulated,b1246,b1246,3446.1867328968783,-2.5701397944593705,0.16838787984609183,0.00010160777665088471,0.0010316744455432943,7.675612819932839,BH_from_pvalue
aminoglycoside,kanamycin,kanamycin_vs_control,upregulated,b1121,b1121,16.574356535496126,3.8208026929803003,14.131108081572188,0.0042462327081582265,0.009799668918058339,7.675184879916153,BH_from_pvalue
aminoglycoside,kanamycin,kanamycin_vs_control,upregulated,b0649,b0649,147.07095368717677,2.644673970103173,6.253543767589628,0.00015624443215837,0.0012584727372113756,7.669967580445071,BH_from_pvalue
aminoglycoside,kanamycin,kanamycin_vs_control,upregulated,b1495,b1495,53.137732849706595,2.77469206174622,6.84329937104046,0.00027705015730697223,0.0017236121819733901,7.668029229202071,BH_from_pvalue
aminoglycoside,kanamycin,kanamycin_vs_control,upregulated,b3558,b3558,94.21531184019454,5.575736536586393,47.694021751373626,0.0286157385866665,0.0421459044410039,7.668001684914436,BH_from_pvalue
aminoglycoside,kanamycin,kanamycin_vs_control,downregulated,b1795,b1795,621.0348094493964,-3.0594276721762954,0.11995559275119179,0.0007540891702756608,0.0031232901361877737,7.665052368250434,BH_from_pvalue
aminoglycoside,kanamycin,kanamycin_vs_control,downregulated,b3627,b3627,204.35306927122528,-2.633116712763086,0.16119549023074822,0.00014905200327849355,0.0012324189535784264,7.660372760620559,BH_from_pvalue
aminoglycoside,kanamycin,kanamycin_vs_control,upregulated,b2679,b2679,199.67925407158484,2.5080264860015715,5.688414073262654,7.24746076432346e-05,0.000883101475023985,7.659486277690494,BH_from_pvalue
aminoglycoside,kanamycin,kanamycin_vs_control,upregulated,b4502,b4502,64.87973414254232,3.619824240012932,12.293503671766555,0.0029562873369331404,0.007666337007488561,7.657419973096178,BH_from_pvalue
aminoglycoside,kanamycin,kanamycin_vs_control,upregulated,b0317,b0317,10.55942116601809,4.039126084425589,16.439859729877313,0.006185416409699196,0.012750688822560486,7.6519884623664,BH_from_pvalue
aminoglycoside,kanamycin,kanamycin_vs_control,downregulated,b2127,b2127,424.4720732537371,-2.8858515701579917,0.13529199919474452,0.0004483860147307685,0.002263569353826035,7.63367244994521,BH_from_pvalue
aminoglycoside,kanamycin,kanamycin_vs_control,downregulated,b3945,b3945,904.0681267733622,-3.4359554192645136,0.09240050717959912,0.002076050474269496,0.006002946675203555,7.63344058571049,BH_from_pvalue
aminoglycoside,kanamycin,kanamycin_vs_control,downregulated,b3732,b3732,6886.933902164619,-2.558996446627276,0.16969354044142154,0.00010870719413455865,0.0010500112797099121,7.622754060065885,BH_from_pvalue
aminoglycoside,kanamycin,kanamycin_vs_control,upregulated,b2760,b2760,34.64714560281796,3.6562179239617447,12.60756644848391,0.003251412551539727,0.008225452000464394,7.622630208796531,BH_from_pvalue
aminoglycoside,kanamycin,kanamycin_vs_control,upregulated,b2073,b2073,92.17448674541231,2.790473886984497,6.918570043678572,0.0003243449207919749,0.0018610055170543629,7.61869785791035,BH_from_pvalue
aminoglycoside,kanamycin,kanamycin_vs_control,downregulated,b1235,b1235,1098.5003744236076,-2.293081544622485,0.20403922841976946,2.106539045751764e-05,0.00047854609231269866,7.613205520029299,BH_from_pvalue
aminoglycoside,kanamycin,kanamycin_vs_control,upregulated,b1772,b1772,46.60309155291008,2.941566831572642,7.682451913160646,0.0005675994503562797,0.002597214982403404,7.605397806131738,BH_from_pvalue
aminoglycoside,kanamycin,kanamycin_vs_control,upregulated,b4050,b4050,526.2284467082276,4.3830006520528055,20.864821194378102,0.010149406456390283,0.018415502315790033,7.603701546021294,BH_from_pvalue
aminoglycoside,kanamycin,kanamycin_vs_control,upregulated,b4184,b4184,20.196157294211428,4.288788503680024,19.5458240365016,0.009044470361514387,0.016894529769971644,7.6008221157116225,BH_from_pvalue
aminoglycoside,kanamycin,kanamycin_vs_control,upregulated,b2574,b2574,284.98624579294307,2.5148863144688507,5.715526153154358,8.684370705953437e-05,0.0009597616568889081,7.589515975728745,BH_from_pvalue
aminoglycoside,kanamycin,kanamycin_vs_control,downregulated,b0120,b0120,305.50015632725166,-2.7401889197350817,0.1496652382536218,0.0002747924561400452,0.001719576282956336,7.5754675199468755,BH_from_pvalue
aminoglycoside,kanamycin,kanamycin_vs_control,upregulated,b2933,b2933,47.96202648613379,3.3684106633429485,10.327439212260227,0.0018821900595184379,0.005674942278217069,7.5655802070522435,BH_from_pvalue
aminoglycoside,kanamycin,kanamycin_vs_control,upregulated,b1023,b1023,53.518547246600086,3.079773654265257,8.454817736398429,0.0009197160438303652,0.0035297634514923066,7.552388488686469,BH_from_pvalue
aminoglycoside,kanamycin,kanamycin_vs_control,downregulated,b3836,b3836,715.744422484557,-2.277172029950787,0.20630175081252025,2.1388373627146443e-05,0.0004834417315321844,7.550318792744816,BH_from_pvalue
aminoglycoside,kanamycin,kanamycin_vs_control,downregulated,b0811,b0811,1871.196955303087,-2.5469333425355636,0.1711183827106571,0.00011678206185434517,0.001085815085560025,7.549732207190431,BH_from_pvalue
aminoglycoside,kanamycin,kanamycin_vs_control,downregulated,b0829,b0829,1108.2351587840383,-2.285165884033667,0.20516181092071378,2.3397436429926547e-05,0.0004989910866674472,7.545405713068857,BH_from_pvalue
aminoglycoside,kanamycin,kanamycin_vs_control,not_regulated,b2810,b2810,2926.1406213264268,1.9757640914288412,3.9333650621744027,1.720168758214656e-07,0.00015474638148899045,7.528410985899534,BH_from_pvalue
aminoglycoside,kanamycin,kanamycin_vs_control,downregulated,b0525,b0525,859.0563245156494,-2.5156529113326656,0.17486907590173675,9.937464719228287e-05,0.001017354347769865,7.528161158033455,BH_from_pvalue
aminoglycoside,kanamycin,kanamycin_vs_control,upregulated,b1657,b1657,967.0125840129044,2.5070542374240237,5.684581877821473,9.416478691863781e-05,0.0009963412386002793,7.525153676482863,BH_from_pvalue
aminoglycoside,kanamycin,kanamycin_vs_control,upregulated,b3323,b3323,71.45185358963202,5.356406594033768,40.9674614557033,0.026287473981345746,0.03938742770422824,7.523835711667545,BH_from_pvalue
aminoglycoside,kanamycin,kanamycin_vs_control,upregulated,b4599,b4599,185.46312412830628,3.0239833684207458,8.13410361477279,0.0008046608332659518,0.0032577537606032865,7.520893833425442,BH_from_pvalue
aminoglycoside,kanamycin,kanamycin_vs_control,upregulated,b2534,b2534,73.00934074191832,5.340991892251897,40.532068333842375,0.026111348068687985,0.03917573169211426,7.514684172713987,BH_from_pvalue
aminoglycoside,kanamycin,kanamycin_vs_control,downregulated,b3538,b3538,308.2294689118515,-2.3074981563115253,0.20201045182842645,2.932689233220066e-05,0.0005613291987669727,7.501174317071811,BH_from_pvalue
aminoglycoside,kanamycin,kanamycin_vs_control,upregulated,b4027,b4027,19.248177259552424,4.27818363879081,19.40267468924288,0.009647873399861036,0.01770548125360055,7.494916821473565,BH_from_pvalue
aminoglycoside,kanamycin,kanamycin_vs_control,downregulated,b4136,b4136,474.3794652673909,-2.1743537635045653,0.22154109400715483,6.197117105638032e-06,0.00036237239294645155,7.481614049504975,BH_from_pvalue
aminoglycoside,kanamycin,kanamycin_vs_control,upregulated,b1992,b1992,328.48302386332966,3.0019870663299724,8.011026227024011,0.0008292494511141228,0.0033065788397313098,7.446792512177291,BH_from_pvalue
aminoglycoside,kanamycin,kanamycin_vs_control,downregulated,b2296,b2296,2217.892206960078,-2.6675454865858796,0.15739422509308262,0.00024327206496278678,0.00162109296030017,7.442964290144027,BH_from_pvalue
aminoglycoside,kanamycin,kanamycin_vs_control,upregulated,b0900,b0900,75.70195617714496,2.8454132508160663,7.187117392301016,0.000517679820523868,0.002458842484388974,7.424449417426787,BH_from_pvalue
aminoglycoside,kanamycin,kanamycin_vs_control,upregulated,b2376,b2376,4.66888095116532,3.3536488431371847,10.222306458749005,0.0021475089435417038,0.00613301284320672,7.419364952602077,BH_from_pvalue
aminoglycoside,kanamycin,kanamycin_vs_control,downregulated,b4376,b4376,7310.285101286131,-3.436229090049789,0.09238298100783958,0.002582417019550655,0.006955516020322663,7.414250636259455,BH_from_pvalue
aminoglycoside,kanamycin,kanamycin_vs_control,upregulated,b0984,b0984,88.09476698426583,3.5768525027380145,11.932732180711902,0.0034095138048582164,0.008484584910400706,7.408982821505038,BH_from_pvalue
aminoglycoside,kanamycin,kanamycin_vs_control,upregulated,b1494,b1494,113.6767502835696,2.8273568593624105,7.097725889615332,0.0004961815907361903,0.0024023948279132228,7.4058530674285965,BH_from_pvalue
aminoglycoside,kanamycin,kanamycin_vs_control,downregulated,b3199,b3199,355.53028124607573,-2.1556968473265554,0.22442466593758117,7.676413818179992e-06,0.0003673245675975916,7.4047109373925135,BH_from_pvalue
aminoglycoside,kanamycin,kanamycin_vs_control,upregulated,b2055,b2055,33.194783770728264,4.0083363122255395,16.092720285472932,0.007162816832896702,0.014225010225736289,7.403186381246787,BH_from_pvalue
aminoglycoside,kanamycin,kanamycin_vs_control,downregulated,b3987,b3987,14457.626813819952,-2.2154964298828563,0.2153124383905402,1.7214182732995112e-05,0.00045935133940707773,7.395005864640153,BH_from_pvalue
aminoglycoside,kanamycin,kanamycin_vs_control,upregulated,b3586,b3586,54.11864548608484,2.468463978716051,5.534542169272104,9.966926534259707e-05,0.001017354347769865,7.386946967469597,BH_from_pvalue
aminoglycoside,kanamycin,kanamycin_vs_control,upregulated,b4639,b4639,27.57021894789135,3.821926906261229,14.142123972131284,0.00557027587686357,0.011824021186471136,7.365750539756266,BH_from_pvalue
aminoglycoside,kanamycin,kanamycin_vs_control,downregulated,b3605,b3605,538.2536348374849,-2.565013955851179,0.16898721942968786,0.00017920868657406397,0.0013502188814240195,7.360553334012874,BH_from_pvalue
aminoglycoside,kanamycin,kanamycin_vs_control,upregulated,b1890,b1890,64.16070331984828,3.549388062615994,11.70771853704259,0.003414206022193259,0.008484584910400706,7.352093820655677,BH_from_pvalue
aminoglycoside,kanamycin,kanamycin_vs_control,upregulated,b4063,b4063,251.45850306418188,2.879962822251307,7.361311504121334,0.0006422679974778087,0.0028092503549787496,7.347964664425286,BH_from_pvalue
aminoglycoside,kanamycin,kanamycin_vs_control,upregulated,b1968,b1968,158.2426439416458,2.2914777432438562,4.895573047442873,3.666248591358325e-05,0.0006270504306683465,7.338910107273234,BH_from_pvalue
aminoglycoside,kanamycin,kanamycin_vs_control,upregulated,b2057,b2057,52.49863799196172,2.7576260646635347,6.7628252001297655,0.0004241418462477558,0.0021894548681814854,7.334358776838743,BH_from_pvalue
aminoglycoside,kanamycin,kanamycin_vs_control,downregulated,b3781,b3781,3599.742813219369,-2.4225578854296153,0.18652515529998845,8.135465065405755e-05,0.0009401599146568513,7.3325940157428935,BH_from_pvalue
aminoglycoside,kanamycin,kanamycin_vs_control,upregulated,b0356,b0356,1786.1935854816486,2.5193085116353497,5.733072453392159,0.000148058516622239,0.0012287217855476587,7.33256442359863,BH_from_pvalue
aminoglycoside,kanamycin,kanamycin_vs_control,upregulated,b1377,b1377,56.287767719778174,4.110822773986788,17.277502394439534,0.0087887736564267,0.0165060141572473,7.326956981086938,BH_from_pvalue
aminoglycoside,kanamycin,kanamycin_vs_control,upregulated,b0040,b0040,49.281309218381125,3.3443822822172335,10.156858073941214,0.002350486071437165,0.006514162876971268,7.311292520257336,BH_from_pvalue
aminoglycoside,kanamycin,kanamycin_vs_control,downregulated,b1857,b1857,1530.9301492966342,-2.4511234710335064,0.1828682513952551,0.00010567638467957707,0.001047687146570083,7.303780224630422,BH_from_pvalue
aminoglycoside,kanamycin,kanamycin_vs_control,upregulated,b4435,b4435,7.60792763754715,3.5962320994717603,12.094104958681948,0.003954718246256585,0.009327909109419046,7.3011268487057785,BH_from_pvalue
aminoglycoside,kanamycin,kanamycin_vs_control,upregulated,b2984,b2984,22.183924520266345,4.2318750675226084,18.789764339361906,0.01051242127195207,0.018891900139206136,7.294586136985578,BH_from_pvalue
aminoglycoside,kanamycin,kanamycin_vs_control,downregulated,b3629,b3629,179.4068430982007,-3.4557050289239593,0.0911442194696256,0.0030208768938459413,0.007777850182323436,7.288567178662607,BH_from_pvalue
aminoglycoside,kanamycin,kanamycin_vs_control,upregulated,b0557,b0557,117.53102725579033,4.813026775486592,28.110296687706583,0.019331972035542634,0.03074795269302361,7.27818109855566,BH_from_pvalue
aminoglycoside,kanamycin,kanamycin_vs_control,downregulated,b0606,b0606,3484.6202250871443,-2.3246523734606637,0.19962269115074513,5.281792198816352e-05,0.0007462206351503157,7.2694965592682985,BH_from_pvalue
aminoglycoside,kanamycin,kanamycin_vs_control,downregulated,b1792,b1792,308.9690388273977,-2.7090590312991685,0.1529297475290853,0.0003915877408821161,0.0020893969851574832,7.260221411938128,BH_from_pvalue
aminoglycoside,kanamycin,kanamycin_vs_control,upregulated,b3690,b3690,92.9559091302785,3.5377478580477777,11.613636329403539,0.003708190307945891,0.008929036405321531,7.249536659477179,BH_from_pvalue
aminoglycoside,kanamycin,kanamycin_vs_control,downregulated,b3542,b3542,829.1670669747576,-3.481887058443286,0.08950505296476562,0.0033087807487314482,0.008337756755066697,7.238671812858848,BH_from_pvalue
aminoglycoside,kanamycin,kanamycin_vs_control,upregulated,b0616,b0616,5.0602515924919365,3.449107656783165,10.921564701628444,0.003127717894471665,0.007970807416053003,7.2379444289412165,BH_from_pvalue
aminoglycoside,kanamycin,kanamycin_vs_control,upregulated,b4458,b4458,7.090312693188267,3.413149422099066,10.652716166620415,0.0029213090232880906,0.007617630315249989,7.229665209953548,BH_from_pvalue
aminoglycoside,kanamycin,kanamycin_vs_control,downregulated,b0893,b0893,8356.492748119354,-2.3918987677259835,0.19053147270067156,8.858246329274754e-05,0.0009658430855157682,7.211798247743814,BH_from_pvalue
aminoglycoside,kanamycin,kanamycin_vs_control,downregulated,b0660,b0660,1829.6009704720136,-2.4561874782350284,0.1822274903491695,0.0001305229861698364,0.0011657389384997071,7.2049771477536995,BH_from_pvalue
aminoglycoside,kanamycin,kanamycin_vs_control,downregulated,b1854,b1854,2753.5230796548817,-2.3161565037898786,0.20080171500539104,5.693876710484326e-05,0.0007784515940352128,7.2003941199854395,BH_from_pvalue
aminoglycoside,kanamycin,kanamycin_vs_control,downregulated,b4679,b4679,125.45943500643524,-2.6693707012459473,0.15719522489444088,0.00037166208624672323,0.0020337421702405854,7.185156077124041,BH_from_pvalue
aminoglycoside,kanamycin,kanamycin_vs_control,downregulated,b3620,b3620,412.3234964843082,-2.0585154067718774,0.24006293752219765,5.110138683270603e-06,0.00032373808165283343,7.183819852142834,BH_from_pvalue
aminoglycoside,kanamycin,kanamycin_vs_control,upregulated,b4317,b4317,438.6148630531873,3.379893464808486,10.40996609570653,0.00285813500040911,0.007500519971902087,7.1819647857512665,BH_from_pvalue
aminoglycoside,kanamycin,kanamycin_vs_control,downregulated,b2731,b2731,337.4346815705322,-2.4231141880019917,0.18645324514740658,0.00011949361527750832,0.0010996333826456066,7.169394154311485,BH_from_pvalue
aminoglycoside,kanamycin,kanamycin_vs_control,upregulated,b1796,b1796,15.777830103875502,3.560437894844167,11.797734108982482,0.004179151965691394,0.00969960038270376,7.168037912658371,BH_from_pvalue
aminoglycoside,kanamycin,kanamycin_vs_control,downregulated,b2380,b2380,537.3341057365458,-2.3273878114755666,0.1992445529217572,6.558829029264234e-05,0.0008333788975601843,7.166393636849874,BH_from_pvalue
aminoglycoside,kanamycin,kanamycin_vs_control,downregulated,b1538,b1538,943.1936436985128,-2.4327201409934123,0.18521590009307126,0.00012446615087843444,0.0011355958349922883,7.163816394349068,BH_from_pvalue
aminoglycoside,kanamycin,kanamycin_vs_control,downregulated,b0790,b0790,205.44646165866163,-2.7945531119933786,0.14413043215771856,0.0006169850651059201,0.0027477216067786424,7.156926730528185,BH_from_pvalue
aminoglycoside,kanamycin,kanamycin_vs_control,downregulated,b0340,b0340,63.05482866979141,-2.8521545277884384,0.13848920904012166,0.0007476563191616922,0.0031023598926100474,7.154081513884797,BH_from_pvalue
aminoglycoside,kanamycin,kanamycin_vs_control,downregulated,b2113,b2113,2520.2470938462898,-2.2442088892275383,0.21106965866082192,4.040468279043644e-05,0.0006581658997402865,7.14032002882096,BH_from_pvalue
aminoglycoside,kanamycin,kanamycin_vs_control,upregulated,b2497,b2497,191.10734898115743,2.85248458038848,7.22243132250385,0.0007695693942750172,0.0031633013619331574,7.130810481984844,BH_from_pvalue
aminoglycoside,kanamycin,kanamycin_vs_control,upregulated,b0681,b0681,151.76398998552762,3.4983822313947197,11.301028962626932,0.003865605635113053,0.00919000747713452,7.125099589774346,BH_from_pvalue
aminoglycoside,kanamycin,kanamycin_vs_control,upregulated,b2972,b2972,48.13908713937136,2.448835051638071,5.459750603501976,0.0001488697668921371,0.0012324189535784264,7.124252880206056,BH_from_pvalue
aminoglycoside,kanamycin,kanamycin_vs_control,upregulated,b3218,b3218,3.990438393955861,3.153999232389607,8.90119622864482,0.0018105547460401915,0.005536285008625956,7.117887309308295,BH_from_pvalue
aminoglycoside,kanamycin,kanamycin_vs_control,upregulated,b0569,b0569,646.5913074013225,2.232514537224998,4.699523671245519,3.9234250630921545e-05,0.0006500953673213261,7.115075019011292,BH_from_pvalue
aminoglycoside,kanamycin,kanamycin_vs_control,upregulated,b4608,b4608,7.938148859848255,3.9875696697591825,15.862735414562225,0.008744719230707347,0.01644387420556925,7.11380775918361,BH_from_pvalue
aminoglycoside,kanamycin,kanamycin_vs_control,upregulated,b2165,b2165,70.15251366821408,2.5923712103193957,6.03089120734293,0.0003017086918017392,0.0018052050187981332,7.11210163402511,BH_from_pvalue
aminoglycoside,kanamycin,kanamycin_vs_control,upregulated,b4204,b4204,24.170846906200268,4.358376694240534,20.511721791328235,0.013856230631388834,0.023386613651027007,7.1086547279749706,BH_from_pvalue
aminoglycoside,kanamycin,kanamycin_vs_control,downregulated,b1333,b1333,6948.347918691344,-2.565088015787927,0.16897854478868404,0.00026536635932116235,0.0017003103763911516,7.103938910974292,BH_from_pvalue
aminoglycoside,kanamycin,kanamycin_vs_control,upregulated,b2969,b2969,45.024536990531665,4.430330367662329,21.56067391691678,0.015015889626235021,0.025071073325465897,7.092192794571316,BH_from_pvalue
aminoglycoside,kanamycin,kanamycin_vs_control,upregulated,b1941,b1941,44.18319001062449,2.355830092765712,5.11888676489454,9.165123312363976e-05,0.0009792096118530443,7.088985654607482,BH_from_pvalue
aminoglycoside,kanamycin,kanamycin_vs_control,downregulated,b3009,b3009,1554.900547311925,-2.4400858082995356,0.18427269170465752,0.00015213935370169402,0.0012444195362406618,7.088530233904081,BH_from_pvalue
aminoglycoside,kanamycin,kanamycin_vs_control,upregulated,b0346,b0346,1529.7851853048032,2.652050324863591,6.285599387171695,0.00041808983523791606,0.002166553086290491,7.065673800979755,BH_from_pvalue
aminoglycoside,kanamycin,kanamycin_vs_control,upregulated,b4623,b4623,66.55945896849316,3.1866674289742805,9.105053087732813,0.0021253269725415927,0.006086128988859172,7.060567882992528,BH_from_pvalue
aminoglycoside,kanamycin,kanamycin_vs_control,upregulated,b3673,b3673,3894.558389899636,2.927763461801952,7.609298519861458,0.0010714083886122097,0.003889584287310508,7.056193388241626,BH_from_pvalue
aminoglycoside,kanamycin,kanamycin_vs_control,upregulated,b1991,b1991,760.9105307695569,2.7018703286343753,6.5064487504325665,0.0005166291696643572,0.0024564460942391956,7.051051440092414,BH_from_pvalue
aminoglycoside,kanamycin,kanamycin_vs_control,downregulated,b2521,b2521,3229.791584954002,-2.8566709916804776,0.13805633621731905,0.000867735736083467,0.003405824904802299,7.049628921229988,BH_from_pvalue
aminoglycoside,kanamycin,kanamycin_vs_control,downregulated,b3802,b3802,1321.4895806942982,-2.0945766220257127,0.2341367623126235,1.5245460908286838e-05,0.00043401318459160884,7.04300776942848,BH_from_pvalue
aminoglycoside,kanamycin,kanamycin_vs_control,downregulated,b4216,b4216,585.8982947603872,-2.2934295127910564,0.20399002148895523,6.88219049710446e-05,0.0008551406866291675,7.036155580712484,BH_from_pvalue
aminoglycoside,kanamycin,kanamycin_vs_control,downregulated,b3892,b3892,941.975913542285,-2.081989475562162,0.23618848323432098,1.3470261342952116e-05,0.00041761151317182293,7.035516167011206,BH_from_pvalue
aminoglycoside,kanamycin,kanamycin_vs_control,upregulated,b2046,b2046,55.248269974505,2.5136572328899467,5.710658973186138,0.00023880684417518938,0.0016056101421524692,7.024062966907802,BH_from_pvalue
aminoglycoside,kanamycin,kanamycin_vs_control,upregulated,b4370,b4370,4.204220182971831,3.2163584359926656,9.294378746727833,0.0023900660080135674,0.0065742855674488085,7.018581177803161,BH_from_pvalue
aminoglycoside,kanamycin,kanamycin_vs_control,downregulated,b0965,b0965,1080.0040628671834,-2.6781589974235835,0.15624056781754966,0.0004946827385547192,0.0024003052405815826,7.016062915318202,BH_from_pvalue
aminoglycoside,kanamycin,kanamycin_vs_control,downregulated,b3932,b3932,555.8192158224109,-2.197969771968922,0.21794412630517868,3.8217543913368186e-05,0.0006462500470764289,7.010643092840809,BH_from_pvalue
aminoglycoside,kanamycin,kanamycin_vs_control,upregulated,b1202,b1202,409.9715127811719,2.3613135522623514,5.138379879129631,0.00011412010060677337,0.00107612623171754,7.008701608510433,BH_from_pvalue
aminoglycoside,kanamycin,kanamycin_vs_control,upregulated,b3667,b3667,257.84421147345114,3.0296039249100772,8.16585485772292,0.0015006918339573285,0.004872800022086763,7.005115063657021,BH_from_pvalue
aminoglycoside,kanamycin,kanamycin_vs_control,upregulated,b1576,b1576,3.4720924729699214,2.981976225907784,7.900676695673586,0.0013101857140221695,0.004481532579218036,7.003390169010173,BH_from_pvalue
aminoglycoside,kanamycin,kanamycin_vs_control,downregulated,b1468,b1468,907.0205112677241,-2.907681303530654,0.1332602764266494,0.0010827422781940457,0.003920221029377067,6.997885905410542,BH_from_pvalue
aminoglycoside,kanamycin,kanamycin_vs_control,upregulated,b0511,b0511,33.25056240710755,4.549603812055058,23.418939023584823,0.018045596282547247,0.029082440730525804,6.989870933910808,BH_from_pvalue
aminoglycoside,kanamycin,kanamycin_vs_control,upregulated,b4083,b4083,27.087837346006307,4.4522445763699565,21.89067561768084,0.01644652261421602,0.026959350845023197,6.986865426359744,BH_from_pvalue
aminoglycoside,kanamycin,kanamycin_vs_control,upregulated,b3151,b3151,683.6850150040112,2.4962391902572554,5.642127195529479,0.0002374715498054602,0.0015990225015343712,6.979847791030415,BH_from_pvalue
aminoglycoside,kanamycin,kanamycin_vs_control,upregulated,b1331,b1331,7.45292429542651,3.895643793595299,14.88351927706878,0.008550831541940552,0.01619437485290467,6.975679288710772,BH_from_pvalue
aminoglycoside,kanamycin,kanamycin_vs_control,downregulated,b3803,b3803,1111.9772496197743,-2.098738091653736,0.23346236538062692,2.0162046630178957e-05,0.0004748109201180364,6.975112606497016,BH_from_pvalue
aminoglycoside,kanamycin,kanamycin_vs_control,downregulated,b1719,b1719,11182.84676683652,-2.2153725011628467,0.21533093470489043,4.7433548069518004e-05,0.000711198254271072,6.974013276654505,BH_from_pvalue
aminoglycoside,kanamycin,kanamycin_vs_control,downregulated,b1123,b1123,1413.783053273766,-2.6691470039966347,0.15721960070828098,0.0005150799569420337,0.002451671583412982,6.967908898637233,BH_from_pvalue
aminoglycoside,kanamycin,kanamycin_vs_control,upregulated,b1018,b1018,462.5313929549637,2.550348890929201,5.857759210606546,0.0003278649011042767,0.0018691208177022008,6.95827659585733,BH_from_pvalue
aminoglycoside,kanamycin,kanamycin_vs_control,upregulated,b1320,b1320,184.51602401228573,3.0884487313250357,8.505810604028932,0.0018352614996403015,0.005589036036142231,6.957234463020779,BH_from_pvalue
aminoglycoside,kanamycin,kanamycin_vs_control,upregulated,b2409,b2409,247.63625504815113,2.839107198482007,7.155770899237909,0.000927359254703553,0.003545530128538629,6.956717799892412,BH_from_pvalue
aminoglycoside,kanamycin,kanamycin_vs_control,upregulated,b0937,b0937,13.267465988642755,3.1058556642841157,8.609059654110057,0.0019449877104410279,0.005759417196552826,6.955941001172699,BH_from_pvalue
aminoglycoside,kanamycin,kanamycin_vs_control,upregulated,b3820,b3820,173.25220099831589,2.418419608766702,5.345850931599085,0.00017613897128841496,0.0013405636088922005,6.94742441978321,BH_from_pvalue
aminoglycoside,kanamycin,kanamycin_vs_control,upregulated,b1650,b1650,1227.6187216978935,2.7953918007563487,6.942194571818824,0.0008139593170011876,0.003277698306062079,6.944958112140859,BH_from_pvalue
aminoglycoside,kanamycin,kanamycin_vs_control,downregulated,b1852,b1852,865.7280959452041,-2.2047783433387274,0.21691799665856296,4.643802088599323e-05,0.000711198254271072,6.9406627691070835,BH_from_pvalue
aminoglycoside,kanamycin,kanamycin_vs_control,downregulated,b3924,b3924,506.2543845070786,-2.0590386356679584,0.2399758885703469,1.4595075682685023e-05,0.00043132456026684184,6.929068193025161,BH_from_pvalue
aminoglycoside,kanamycin,kanamycin_vs_control,downregulated,b0453,b0453,1481.5096298543094,-2.3621437477509826,0.19450191332394864,0.0001355946489408112,0.001175929591065017,6.920180450427766,BH_from_pvalue
aminoglycoside,kanamycin,kanamycin_vs_control,downregulated,b3543,b3543,1000.7229176623908,-3.377557925051801,0.09621742997726976,0.0037438764988948037,0.008971740272791063,6.914277550825767,BH_from_pvalue
aminoglycoside,kanamycin,kanamycin_vs_control,upregulated,b4082,b4082,13.558235490065186,3.687564458084742,12.884498308457191,0.006583987712321997,0.013376141251140172,6.909275777617702,BH_from_pvalue
aminoglycoside,kanamycin,kanamycin_vs_control,downregulated,b1138,b1138,25.899350178134025,-2.8264887751920478,0.14097499772750985,0.0009536757196018284,0.0036066858095752676,6.904805937612352,BH_from_pvalue
aminoglycoside,kanamycin,kanamycin_vs_control,downregulated,b2288,b2288,1477.471727307714,-2.407381611985034,0.1884976428627255,0.00018229979478812347,0.0013575901936373831,6.902519927571701,BH_from_pvalue
aminoglycoside,kanamycin,kanamycin_vs_control,downregulated,b4245,b4245,386.8899599877348,-3.515834729747099,0.08742351953955459,0.004987509635135969,0.010914007565162465,6.89812311246212,BH_from_pvalue
aminoglycoside,kanamycin,kanamycin_vs_control,downregulated,b1723,b1723,1732.8909150107145,-2.377356882478985,0.1924616780234816,0.000156500879145234,0.0012584727372113756,6.89470627453199,BH_from_pvalue
aminoglycoside,kanamycin,kanamycin_vs_control,not_regulated,b3734,b3734,6009.213998120646,-1.998627342445408,0.2502379766223779,7.244103707450495e-06,0.00036237239294645155,6.876966690490868,BH_from_pvalue
aminoglycoside,kanamycin,kanamycin_vs_control,downregulated,b2034,b2034,471.9889975429005,-2.4018914359769514,0.1892163372750231,0.00018586038322224453,0.0013704918093994359,6.87691194841674,BH_from_pvalue
aminoglycoside,kanamycin,kanamycin_vs_control,upregulated,b0998,b0998,137.79395897802144,2.307100332279859,4.948874072411319,0.00010968468071558316,0.001052166984213145,6.870349447310073,BH_from_pvalue
aminoglycoside,kanamycin,kanamycin_vs_control,downregulated,b1955,b1955,1963.6401670371472,-3.052350756283852,0.12054546180669476,0.0018546853251537483,0.005632933553370399,6.865546858434896,BH_from_pvalue
aminoglycoside,kanamycin,kanamycin_vs_control,downregulated,b0906,b0906,201.60826199778862,-2.5006235350528856,0.17670030864087585,0.00030513688464311014,0.0018106935450194054,6.857097446371722,BH_from_pvalue
aminoglycoside,kanamycin,kanamycin_vs_control,upregulated,b4273,b4273,12.87525809806516,4.043268028768492,16.4871260074901,0.011475883750426977,0.02021877207576206,6.8502875449449485,BH_from_pvalue
aminoglycoside,kanamycin,kanamycin_vs_control,upregulated,b2105,b2105,135.31928401471862,3.211093621695233,9.26052266520664,0.0027835228310573073,0.0073611285763846,6.849441220343324,BH_from_pvalue
aminoglycoside,kanamycin,kanamycin_vs_control,upregulated,b0946,b0946,821.8727068288644,2.6695009892302375,6.362090919100794,0.0006194897298416913,0.002751430766203623,6.835100878984409,BH_from_pvalue
aminoglycoside,kanamycin,kanamycin_vs_control,downregulated,b0168,b0168,1168.1160932620623,-2.04853107232071,0.24173008245305008,1.7942997113239556e-05,0.00046236363327178606,6.831884583255219,BH_from_pvalue
aminoglycoside,kanamycin,kanamycin_vs_control,downregulated,b2247,b2247,124.39685448157077,-2.307170566387538,0.20205632715241795,0.00011850123536416313,0.0010974673245842486,6.828321391626087,BH_from_pvalue
aminoglycoside,kanamycin,kanamycin_vs_control,upregulated,b4643,b4643,6.0045312086239475,3.218840977696125,9.3103859733401,0.002891355988991123,0.007570034481072218,6.82684672534772,BH_from_pvalue
aminoglycoside,kanamycin,kanamycin_vs_control,upregulated,b0292,b0292,25.237849381425416,4.482161941241169,22.349365075128674,0.018719178320379733,0.0300174203511829,6.824659145413921,BH_from_pvalue
aminoglycoside,kanamycin,kanamycin_vs_control,downregulated,b4529,b4529,861.9477496922923,-2.819209087037601,0.14168814051754478,0.0010454283674945764,0.0038199324102279487,6.816690602881698,BH_from_pvalue
aminoglycoside,kanamycin,kanamycin_vs_control,upregulated,b2275,b2275,88.0672194172188,3.5960451574009253,12.092537925811904,0.006214131673802644,0.01279815213771259,6.806783898681127,BH_from_pvalue
aminoglycoside,kanamycin,kanamycin_vs_control,downregulated,b0430,b0430,906.9209570265026,-2.3209573441593303,0.20013461991201398,0.00013249063152840214,0.0011685154129701034,6.805895370164022,BH_from_pvalue
aminoglycoside,kanamycin,kanamycin_vs_control,upregulated,b1877,b1877,18.942840118909306,3.418884856812431,10.69515033665307,0.004640163255554083,0.01036318486766746,6.78480009102063,BH_from_pvalue
aminoglycoside,kanamycin,kanamycin_vs_control,upregulated,b3264,b3264,6.825492489141666,3.410849194686806,10.635745049962411,0.0045446254093477285,0.010252278020162384,6.784791722624048,BH_from_pvalue
aminoglycoside,kanamycin,kanamycin_vs_control,not_regulated,b1316,b1316,146.64964575142474,1.9971430264134087,3.9920866252807574,1.0696746373865562e-05,0.0004025495771792115,6.78066130900353,BH_from_pvalue
aminoglycoside,kanamycin,kanamycin_vs_control,upregulated,b0235,b0235,8.856060665020927,3.7969589857452783,13.899479809662743,0.008713218609076685,0.016405611309323605,6.7776005788748535,BH_from_pvalue
aminoglycoside,kanamycin,kanamycin_vs_control,not_regulated,b0754,b0754,4458.430831763188,-1.972096367895869,0.2548823947670971,7.665068567617149e-06,0.0003673245675975916,6.774052466171505,BH_from_pvalue
aminoglycoside,kanamycin,kanamycin_vs_control,downregulated,b0687,b0687,517.3431613305557,-2.192253063669985,0.21880944761109414,6.357603762294891e-05,0.0008258689634676197,6.758910986987082,BH_from_pvalue
aminoglycoside,kanamycin,kanamycin_vs_control,downregulated,b3161,b3161,4839.060491891546,-3.796962034461904,0.07194498646616353,0.008864411520336414,0.016627240624884566,6.755478222102387,BH_from_pvalue
aminoglycoside,kanamycin,kanamycin_vs_control,upregulated,b2155,b2155,495.69081739641723,2.4679647399984317,5.532627294929552,0.00031113584450134405,0.0018341926979908855,6.7537213473752935,BH_from_pvalue
aminoglycoside,kanamycin,kanamycin_vs_control,downregulated,b2830,b2830,1641.5122147984057,-2.083917387668656,0.2358730690198223,3.1543966955009e-05,0.00058360990629839,6.739133228675311,BH_from_pvalue
aminoglycoside,kanamycin,kanamycin_vs_control,downregulated,b3236,b3236,9432.485154850918,-2.1294715026956936,0.2285415680382706,4.299168358446965e-05,0.0006855829792017876,6.737520008896966,BH_from_pvalue
aminoglycoside,kanamycin,kanamycin_vs_control,downregulated,b0054,b0054,3794.728905378277,-2.4342554111565367,0.1850189040618873,0.00026914210778925364,0.001707477011052275,6.737155145584502,BH_from_pvalue
aminoglycoside,kanamycin,kanamycin_vs_control,upregulated,b0859,b0859,476.4340189773083,2.668036423838532,6.355635659991477,0.0007112522956056074,0.0029985499249931087,6.731692594564893,BH_from_pvalue
aminoglycoside,kanamycin,kanamycin_vs_control,upregulated,b3061,b3061,37.708369301205565,4.74001025267552,26.72300333107936,0.02520482318239317,0.038016399256029745,6.730952113712665,BH_from_pvalue
aminoglycoside,kanamycin,kanamycin_vs_control,upregulated,b1216,b1216,287.5764442120128,2.8438311055918755,7.179239891982468,0.0012358268991726604,0.004302437610277574,6.72931607831245,BH_from_pvalue
aminoglycoside,kanamycin,kanamycin_vs_control,upregulated,b2956,b2956,49.43076695021364,2.947187572119909,7.712441130440073,0.0016733264699682103,0.0052350614064612605,6.722765380275023,BH_from_pvalue
aminoglycoside,kanamycin,kanamycin_vs_control,upregulated,b3532,b3532,326.42871854438135,2.7690572997366516,6.816623492086461,0.0010091369516410228,0.0037358831345525273,6.722182102750897,BH_from_pvalue
aminoglycoside,kanamycin,kanamycin_vs_control,upregulated,b1797,b1797,13.504663698206889,4.181175982890621,18.14092333641221,0.014719927472096326,0.024696096146769594,6.720703917215307,BH_from_pvalue
aminoglycoside,kanamycin,kanamycin_vs_control,downregulated,b2467,b2467,251.90426383642816,-2.2256313063283377,0.21380517732456059,8.434497370045047e-05,0.0009592234257904398,6.717133830665031,BH_from_pvalue
aminoglycoside,kanamycin,kanamycin_vs_control,upregulated,b4714,b4714,6.675915257879281,3.3497091197309503,10.194429381541884,0.004360502918811724,0.009950908363414614,6.706577482663997,BH_from_pvalue
aminoglycoside,kanamycin,kanamycin_vs_control,downregulated,b2262,b2262,681.9621382899637,-2.1315480322049414,0.22821285550778186,4.9122145319917356e-05,0.0007190424681245807,6.699978671879033,BH_from_pvalue
aminoglycoside,kanamycin,kanamycin_vs_control,not_regulated,b3202,b3202,2500.8948900432297,-1.9019069488728206,0.2675894330671721,4.064989652063226e-06,0.0003023658628582782,6.693699204463715,BH_from_pvalue
aminoglycoside,kanamycin,kanamycin_vs_control,downregulated,b3630,b3630,151.04932560353123,-2.2479487136386727,0.21052322215842462,0.0001110452730896293,0.0010559865504379548,6.69066330063939,BH_from_pvalue
aminoglycoside,kanamycin,kanamycin_vs_control,downregulated,b2898,b2898,2266.3418035484187,-2.277090070748672,0.20631347110454357,0.00012826108895609532,0.0011538367562490335,6.689761885307713,BH_from_pvalue
aminoglycoside,kanamycin,kanamycin_vs_control,not_regulated,b0741,b0741,3049.2220289986635,-1.847006829534358,0.2779684735088538,1.014505056373323e-06,0.0002407088760585029,6.6834087947287175,BH_from_pvalue
aminoglycoside,kanamycin,kanamycin_vs_control,upregulated,b1722,b1722,82.52127702445406,3.1070953591957213,8.616460521165063,0.0026501044490860517,0.007100130603995458,6.676320391020277,BH_from_pvalue
aminoglycoside,kanamycin,kanamycin_vs_control,upregulated,b2062,b2062,44.49568307757764,4.239178554099865,18.885126652678842,0.01616112000417879,0.026617619106113582,6.675988927899291,BH_from_pvalue
aminoglycoside,kanamycin,kanamycin_vs_control,downregulated,b2220,b2220,131.91379053332406,-2.526975058096025,0.1735020894263506,0.00045675258160897907,0.002285964063626307,6.6735657593692865,BH_from_pvalue
aminoglycoside,kanamycin,kanamycin_vs_control,downregulated,b3886,b3886,311.57490402342324,-2.2869026675144424,0.204914976183125,0.0001451707841489463,0.001215974277657282,6.666494192853279,BH_from_pvalue
aminoglycoside,kanamycin,kanamycin_vs_control,downregulated,b4238,b4238,1349.9973079355486,-2.6755765995927785,0.15652048603605379,0.0007921550280698816,0.0032303837862722824,6.664181387182494,BH_from_pvalue
aminoglycoside,kanamycin,kanamycin_vs_control,upregulated,b2139,b2139,117.29321014278575,4.025724904313255,16.287857102200828,0.012930633787891714,0.022216192046576367,6.6558532818312,BH_from_pvalue
aminoglycoside,kanamycin,kanamycin_vs_control,downregulated,b4173,b4173,2899.0562060684492,-2.4036433637169967,0.18898670304966259,0.00026679788392755717,0.0017058138131936429,6.653449175362032,BH_from_pvalue
aminoglycoside,kanamycin,kanamycin_vs_control,downregulated,b1895,b1895,180.73777878829105,-3.2760049228239456,0.10323435585580676,0.003965666658371154,0.009343933278865088,6.648554599623466,BH_from_pvalue
aminoglycoside,kanamycin,kanamycin_vs_control,downregulated,b1195,b1195,369.8384428792153,-2.7645489727792256,0.14715934112844525,0.0010894057494049228,0.003938427295931204,6.647847792653253,BH_from_pvalue
aminoglycoside,kanamycin,kanamycin_vs_control,downregulated,b2869,b2869,2155.9636093798463,-2.802197271124884,0.1433687727395544,0.001210290984322829,0.00424309341191277,6.6477013644554885,BH_from_pvalue
aminoglycoside,kanamycin,kanamycin_vs_control,downregulated,b3927,b3927,642.5036327211654,-2.9699501027980357,0.12763092989378866,0.0019616893371225265,0.0057822271548998196,6.646465742468384,BH_from_pvalue
aminoglycoside,kanamycin,kanamycin_vs_control,downregulated,b3133,b3133,34.148261782396325,-2.5335012925397575,0.17271900080157113,0.00048720699119141373,0.0023820185286728035,6.645512890005239,BH_from_pvalue
aminoglycoside,kanamycin,kanamycin_vs_control,upregulated,b0162,b0162,463.88227231423735,2.167790707316927,4.493347712044242,6.976191382060955e-05,0.0008620579350689609,6.643115598362411,BH_from_pvalue
aminoglycoside,kanamycin,kanamycin_vs_control,downregulated,b1901,b1901,321.27510740701814,-2.6437683297343444,0.160009744286994,0.0007409463522581485,0.0030876838088257463,6.636829245303209,BH_from_pvalue
aminoglycoside,kanamycin,kanamycin_vs_control,downregulated,b2660,b2660,1165.767191114698,-3.822611838381162,0.07067717380232183,0.010155414215083505,0.018418973040099033,6.631216971735978,BH_from_pvalue
aminoglycoside,kanamycin,kanamycin_vs_control,upregulated,b3252,b3252,1953.201561301952,2.700323413339973,6.499476014878788,0.0009274974952617206,0.003545530128538629,6.616653279274717,BH_from_pvalue
aminoglycoside,kanamycin,kanamycin_vs_control,upregulated,b3216,b3216,68.19026872524427,2.404217378204475,5.293483295616151,0.00029056484812008565,0.0017720044689293083,6.615288713742597,BH_from_pvalue
aminoglycoside,kanamycin,kanamycin_vs_control,upregulated,b2843,b2843,66.46575957048698,2.776079583613207,6.8498841271841515,0.0011775508376947682,0.004154214641530249,6.611264253829271,BH_from_pvalue
aminoglycoside,kanamycin,kanamycin_vs_control,upregulated,b1821,b1821,122.7015869483937,2.9466640083045146,7.709642741052287,0.0019548397047068995,0.005773748503509603,6.59623154708328,BH_from_pvalue
aminoglycoside,kanamycin,kanamycin_vs_control,downregulated,b0979,b0979,766.3164110209942,-3.0905926517922255,0.11739210966313013,0.0028010377746259304,0.007393819196166335,6.586458345130114,BH_from_pvalue
aminoglycoside,kanamycin,kanamycin_vs_control,downregulated,b0325,b0325,490.18061020905776,-3.1281192635025556,0.11437794032560375,0.003061968682423833,0.007847712326804786,6.585494742488116,BH_from_pvalue
aminoglycoside,kanamycin,kanamycin_vs_control,upregulated,b4358,b4358,57.283018244175786,3.972067965263476,15.693203352126005,0.012754872887275186,0.022015125958159548,6.582824131915632,BH_from_pvalue
aminoglycoside,kanamycin,kanamycin_vs_control,upregulated,b1526,b1526,344.8434055108937,2.053822842595184,4.152047195433071,3.6113667762383974e-05,0.0006270504306683465,6.57777334408367,BH_from_pvalue
aminoglycoside,kanamycin,kanamycin_vs_control,upregulated,b3142,b3142,24.423408467371132,3.1936321891075496,9.14911494809924,0.0035729087858411353,0.008742819309950836,6.573608017034552,BH_from_pvalue
aminoglycoside,kanamycin,kanamycin_vs_control,upregulated,b1171,b1171,172.5917682381605,3.196152642365657,9.165112834705877,0.0036543878322877876,0.008858786065369315,6.560505330199679,BH_from_pvalue
aminoglycoside,kanamycin,kanamycin_vs_control,upregulated,b1499,b1499,8.608525407330466,2.6708892502184725,6.368215909647658,0.0009134777194787472,0.0035148184621175407,6.5546215662324085,BH_from_pvalue
aminoglycoside,kanamycin,kanamycin_vs_control,not_regulated,b2428,b2428,277.71446641935955,1.9047546787275724,3.744452214909706,7.049561443267312e-06,0.00036237239294645155,6.553965414652555,BH_from_pvalue
aminoglycoside,kanamycin,kanamycin_vs_control,upregulated,b3918,b3918,91.62226415895132,3.351587237785716,10.207709256510086,0.0051279989343150775,0.011129648187302997,6.547387886784522,BH_from_pvalue
aminoglycoside,kanamycin,kanamycin_vs_control,downregulated,b3226,b3226,668.1910398502824,-2.2613184571766256,0.2085812734575666,0.00016473808765776263,0.001290926686906997,6.533171584180336,BH_from_pvalue
aminoglycoside,kanamycin,kanamycin_vs_control,upregulated,b4081,b4081,32.73818607089776,3.179477766759737,9.059790984837592,0.00367034851055896,0.008875928817470001,6.523608571181235,BH_from_pvalue
aminoglycoside,kanamycin,kanamycin_vs_control,upregulated,b0313,b0313,1319.2487794338085,2.9115453866657717,7.524237494300621,0.0019420749347794713,0.005759417196552826,6.5207595332836465,BH_from_pvalue
aminoglycoside,kanamycin,kanamycin_vs_control,upregulated,b0035,b0035,75.54653873629938,2.7960998267469828,6.9456024025572916,0.0013900903521054794,0.004663076339566953,6.518624347876272,BH_from_pvalue
aminoglycoside,kanamycin,kanamycin_vs_control,downregulated,b4069,b4069,4841.4179747840335,-2.8879128702031434,0.13509883413686963,0.0018208697830746322,0.005552726972386235,6.513669227897307,BH_from_pvalue
aminoglycoside,kanamycin,kanamycin_vs_control,downregulated,b3049,b3049,1320.5700425805155,-3.3496852040292255,0.09809441409729716,0.005270895253604146,0.011365525815297914,6.513162972710032,BH_from_pvalue
aminoglycoside,kanamycin,kanamycin_vs_control,upregulated,b3240,b3240,242.14265586596966,2.349153826339509,5.095253150111192,0.0002631321627874381,0.001692862636720389,6.510393891273693,BH_from_pvalue
aminoglycoside,kanamycin,kanamycin_vs_control,downregulated,b1406,b1406,669.481587222253,-2.385743699158403,0.19134608664551594,0.0003261610027300288,0.001867133270073543,6.510276292087974,BH_from_pvalue
aminoglycoside,kanamycin,kanamycin_vs_control,downregulated,b3831,b3831,1989.0625114780762,-2.401064336786332,0.18932484638095642,0.0003516894396633703,0.0019553758956808893,6.503930425895477,BH_from_pvalue
aminoglycoside,kanamycin,kanamycin_vs_control,downregulated,b1199,b1199,393.3925238704883,-2.1089430305058654,0.23181679046616982,6.404978099635263e-05,0.0008258689634676197,6.502058752265337,BH_from_pvalue
aminoglycoside,kanamycin,kanamycin_vs_control,upregulated,b1775,b1775,79.38141941030115,3.072539233094721,8.412527017700535,0.002957113096485694,0.007666337007488561,6.499686650956588,BH_from_pvalue
aminoglycoside,kanamycin,kanamycin_vs_control,upregulated,b1563,b1563,1645.9006994868575,2.6741356050915464,6.3825618146246175,0.0010159775238213168,0.003745792542744494,6.488673130655187,BH_from_pvalue
aminoglycoside,kanamycin,kanamycin_vs_control,upregulated,b1575,b1575,3.2740274044320543,2.904441562614485,7.4872792476878205,0.0019878459515651333,0.005836377996174915,6.488105920707415,BH_from_pvalue
aminoglycoside,kanamycin,kanamycin_vs_control,downregulated,b3117,b3117,539.2111800786084,-3.5424027567646545,0.08582830058220722,0.007512060092781521,0.014755129387480909,6.486341286045156,BH_from_pvalue
aminoglycoside,kanamycin,kanamycin_vs_control,downregulated,b4023,b4023,417.1777392806853,-2.1022650643014833,0.23289231442252661,6.397067643244646e-05,0.0008258689634676197,6.481469989089445,BH_from_pvalue
aminoglycoside,kanamycin,kanamycin_vs_control,not_regulated,b0712,b0712,1279.360447462799,-1.790949418529797,0.2889818082798798,1.3519757630490256e-06,0.0002407088760585029,6.480564610437283,BH_from_pvalue
aminoglycoside,kanamycin,kanamycin_vs_control,upregulated,b3144,b3144,73.41399492800868,2.1290663079166716,4.374342875127666,7.631643431777996e-05,0.0009057290806368714,6.478752368751896,BH_from_pvalue
aminoglycoside,kanamycin,kanamycin_vs_control,downregulated,b3499,b3499,752.3569431669456,-2.0223549017393694,0.24615604909875027,3.580769524520438e-05,0.0006267043315678184,6.477475955886132,BH_from_pvalue
aminoglycoside,kanamycin,kanamycin_vs_control,not_regulated,b2383,b2383,201.77543493141806,1.8835478014640783,3.689813253760245,8.09282451908202e-06,0.0003696808539065649,6.464661986248881,BH_from_pvalue
aminoglycoside,kanamycin,kanamycin_vs_control,upregulated,b4368,b4368,27.599750364615762,4.3643101806962825,20.596255693817408,0.021113255189283198,0.03306214447319982,6.462098706665593,BH_from_pvalue
aminoglycoside,kanamycin,kanamycin_vs_control,downregulated,b3866,b3866,766.6946780646026,-2.831325766583694,0.14050313569349518,0.0016759645231890206,0.0052350614064612605,6.458475539165672,BH_from_pvalue
aminoglycoside,kanamycin,kanamycin_vs_control,upregulated,b1311,b1311,69.0617995293061,3.8988880810206905,14.917026530004662,0.012899532775657094,0.022171225993467943,6.4495807879091425,BH_from_pvalue
aminoglycoside,kanamycin,kanamycin_vs_control,upregulated,b0807,b0807,673.2752275871461,2.387859472488384,5.233802455927683,0.00036099791452785503,0.001997255374595685,6.446185203398207,BH_from_pvalue
aminoglycoside,kanamycin,kanamycin_vs_control,upregulated,b2985,b2985,22.34665604052162,3.7785093859106054,13.722860990497912,0.011124818528774736,0.01972386036359037,6.442389036157139,BH_from_pvalue
aminoglycoside,kanamycin,kanamycin_vs_control,upregulated,b1564,b1564,582.3688796242748,2.1626589583601437,4.477393009388889,0.00010866924888133703,0.0010500112797099121,6.442141557916271,BH_from_pvalue
aminoglycoside,kanamycin,kanamycin_vs_control,downregulated,b0757,b0757,595.0462414040807,-2.879885814470116,0.1358526097681284,0.0019732927770111665,0.005805016946367709,6.439990602056331,BH_from_pvalue
aminoglycoside,kanamycin,kanamycin_vs_control,upregulated,b4355,b4355,460.8602097216485,2.639805655006348,6.232477005721509,0.0009665710496002213,0.003635147643061702,6.439747675509954,BH_from_pvalue
aminoglycoside,kanamycin,kanamycin_vs_control,upregulated,b4418,b4418,16.067578366621845,2.793799602898336,6.934537201502536,0.0015383964523888979,0.004963921981954995,6.437403347893363,BH_from_pvalue
aminoglycoside,kanamycin,kanamycin_vs_control,not_regulated,b0194,b0194,2878.4106071195606,-1.8758585564947854,0.2724647395048857,8.464586424220897e-06,0.00037327166407985876,6.430396192292896,BH_from_pvalue
aminoglycoside,kanamycin,kanamycin_vs_control,upregulated,b1057,b1057,32.30993730375334,2.5537825131641196,5.871717313755691,0.0007256366811579408,0.003034657432812548,6.4301442875093135,BH_from_pvalue
aminoglycoside,kanamycin,kanamycin_vs_control,upregulated,b0363,b0363,45.62572551036697,3.471035501047632,11.088831949735711,0.007039806731595179,0.014063001103648673,6.4280869695261735,BH_from_pvalue
aminoglycoside,kanamycin,kanamycin_vs_control,downregulated,b3439,b3439,466.354211591309,-2.082405400095708,0.23612040063706877,6.266715899015274e-05,0.0008217984872819447,6.424709321746234,BH_from_pvalue
aminoglycoside,kanamycin,kanamycin_vs_control,downregulated,b4691,b4691,93.30930101630888,-2.220248806083373,0.21460434541657325,0.00016107598292684232,0.001281591057176201,6.421515789936383,BH_from_pvalue
aminoglycoside,kanamycin,kanamycin_vs_control,downregulated,b0545,b0545,87.4741373925262,-2.4553190877810005,0.1823372101746625,0.0005063883033900565,0.0024282884740388856,6.419922135097171,BH_from_pvalue
aminoglycoside,kanamycin,kanamycin_vs_control,downregulated,b0631,b0631,1429.1633217525457,-2.4589403879034606,0.18188010057695148,0.0005139573275071133,0.0024515164996044493,6.419224154996543,BH_from_pvalue
aminoglycoside,kanamycin,kanamycin_vs_control,upregulated,b2305,b2305,140.00722642313073,2.8833086812904467,7.378403469185154,0.002063676020440576,0.005988654670930136,6.408645809438177,BH_from_pvalue
aminoglycoside,kanamycin,kanamycin_vs_control,upregulated,b2361,b2361,4.279677636523611,3.2222442481098135,9.332374794584702,0.004593826995876002,0.01030061506851957,6.403040259356609,BH_from_pvalue
aminoglycoside,kanamycin,kanamycin_vs_control,downregulated,b1178,b1178,147.7174633178011,-2.634906653042532,0.16099562028039108,0.0010072176254415726,0.0037327103339229494,6.397489354129247,BH_from_pvalue
aminoglycoside,kanamycin,kanamycin_vs_control,upregulated,b4312,b4312,35.194427466712604,2.51890059872153,5.7314516924946,0.0006734738635959791,0.002898837740148052,6.392405720608357,BH_from_pvalue
aminoglycoside,kanamycin,kanamycin_vs_control,upregulated,b4268,b4268,83.21789384161602,3.422112924833526,10.719107808993341,0.006759707069187944,0.013622384586562442,6.384796453989554,BH_from_pvalue
aminoglycoside,kanamycin,kanamycin_vs_control,downregulated,b3418,b3418,5367.1613977275365,-2.2721413251033002,0.2070223846144783,0.00022543315463937588,0.0015508413335766256,6.383427984485774,BH_from_pvalue
aminoglycoside,kanamycin,kanamycin_vs_control,downregulated,b1586,b1586,299.3286064159137,-2.3122202805268506,0.201350326872653,0.00028103283366894943,0.001735139883909496,6.383266773980842,BH_from_pvalue
aminoglycoside,kanamycin,kanamycin_vs_control,upregulated,b2864,b2864,5.4686930715508835,3.0855643631561938,8.488821996043354,0.0035211208057839023,0.008668856805920083,6.362551495167612,BH_from_pvalue
aminoglycoside,kanamycin,kanamycin_vs_control,not_regulated,b4468,b4468,284.9745223173732,-1.9994257410227618,0.2500995313054504,4.082442997499776e-05,0.0006581658997402865,6.361502145942855,BH_from_pvalue
aminoglycoside,kanamycin,kanamycin_vs_control,upregulated,b3723,b3723,16.46360963918082,3.455608887289208,10.970891711356284,0.007340075368124317,0.014487349458076613,6.354902976149734,BH_from_pvalue
aminoglycoside,kanamycin,kanamycin_vs_control,upregulated,b4447,b4447,114.4475565806398,3.0933411417844905,8.534704136720912,0.003666217596488751,0.00887070831038537,6.347665018783522,BH_from_pvalue
aminoglycoside,kanamycin,kanamycin_vs_control,upregulated,b4156,b4156,517.793057871429,3.7015152346658544,13.009694999527836,0.010802765772188727,0.019289734197421554,6.346891032790669,BH_from_pvalue
aminoglycoside,kanamycin,kanamycin_vs_control,not_regulated,b2541,b2541,125.98642146914659,1.9898807840630743,3.9720417417322165,3.861630883497572e-05,0.000646916016027742,6.346032474633564,BH_from_pvalue
aminoglycoside,kanamycin,kanamycin_vs_control,downregulated,b1324,b1324,3065.444730002935,-2.1044445999207806,0.23254074056247692,8.8682346446868e-05,0.0009658430855157682,6.345097076416605,BH_from_pvalue
aminoglycoside,kanamycin,kanamycin_vs_control,upregulated,b0991,b0991,30.16113670660847,3.092865428585538,8.531890373601865,0.003679255759487772,0.008883141388178206,6.3448075204787315,BH_from_pvalue
aminoglycoside,kanamycin,kanamycin_vs_control,downregulated,b4226,b4226,1243.195404203456,-2.102025490889348,0.23293099164656483,8.627474111838728e-05,0.0009597616568889081,6.343569469804502,BH_from_pvalue
aminoglycoside,kanamycin,kanamycin_vs_control,downregulated,b0280,b0280,104.00142380724141,-2.505791975632585,0.1760684141031566,0.0006870032666716952,0.0029439492811854564,6.342334084796718,BH_from_pvalue
aminoglycoside,kanamycin,kanamycin_vs_control,downregulated,b2421,b2421,817.668505775624,-2.090355305253663,0.23482284828406888,7.913966066534294e-05,0.0009317494017785059,6.33524165772879,BH_from_pvalue
aminoglycoside,kanamycin,kanamycin_vs_control,downregulated,b4269,b4269,760.3473534560676,-3.0499102713830357,0.12074955091703304,0.0034132540276409803,0.008484584910400706,6.317490808052973,BH_from_pvalue
aminoglycoside,kanamycin,kanamycin_vs_control,downregulated,b1743,b1743,477.56332890355674,-2.693238061336868,0.15461604429850884,0.0013242095668533332,0.004512344417959313,6.317253161006465,BH_from_pvalue
aminoglycoside,kanamycin,kanamycin_vs_control,upregulated,b1194,b1194,22.81949994842775,2.207135813629972,4.617576342863277,0.00019018705228438234,0.0013955323999594645,6.3019467711428945,BH_from_pvalue
aminoglycoside,kanamycin,kanamycin_vs_control,not_regulated,b3893,b3893,2189.469738672356,-1.9742304545054026,0.2545056422449733,3.960118511472729e-05,0.0006500953673213261,6.29191772524034,BH_from_pvalue
aminoglycoside,kanamycin,kanamycin_vs_control,downregulated,b1256,b1256,341.20102428679803,-3.2383420368280476,0.10596487025202864,0.005304442909726208,0.011424046819150303,6.289443220299032,BH_from_pvalue
aminoglycoside,kanamycin,kanamycin_vs_control,upregulated,b2056,b2056,19.05147446112016,2.2851716886844575,4.874221079438036,0.0002888556568210777,0.0017712786609500439,6.288136892972656,BH_from_pvalue
aminoglycoside,kanamycin,kanamycin_vs_control,upregulated,b2503,b2503,150.08104242890735,2.936006067550422,7.652897450499966,0.002710337738019819,0.007222215133657077,6.286956636727584,BH_from_pvalue
aminoglycoside,kanamycin,kanamycin_vs_control,upregulated,b2052,b2052,60.8225037871885,3.4720775082852957,11.09684391108557,0.00810540758195879,0.015540547017753896,6.2793691770719455,BH_from_pvalue
aminoglycoside,kanamycin,kanamycin_vs_control,downregulated,b3287,b3287,2366.802565610585,-2.0859426807704384,0.23554217653698808,9.109877983629889e-05,0.0009779530112259485,6.278024163817452,BH_from_pvalue
aminoglycoside,kanamycin,kanamycin_vs_control,downregulated,b1198,b1198,691.1201125361055,-2.244826085678713,0.2109793806887098,0.0002442035680974039,0.0016217504685551048,6.263100624250628,BH_from_pvalue
aminoglycoside,kanamycin,kanamycin_vs_control,upregulated,b4497,b4497,21.689501167857244,3.016638949858337,8.092800043443052,0.0033765708997016753,0.008432990509082807,6.256564653319963,BH_from_pvalue
aminoglycoside,kanamycin,kanamycin_vs_control,downregulated,b2977,b2977,159.06924064312258,-2.2799776014594597,0.20590095100425063,0.00030221160013866997,0.0018052050187981332,6.25505805662864,BH_from_pvalue
aminoglycoside,kanamycin,kanamycin_vs_control,downregulated,b2033,b2033,225.57246473928387,-2.216273762637983,0.2151964580035007,0.00021575888192015814,0.0015116564655402978,6.251104077611708,BH_from_pvalue
aminoglycoside,kanamycin,kanamycin_vs_control,upregulated,b0874,b0874,157.1575004743413,2.763763503596321,6.791656545688053,0.00178409441299574,0.0054739813571997534,6.250794756985388,BH_from_pvalue
aminoglycoside,kanamycin,kanamycin_vs_control,upregulated,b1298,b1298,1410.988021557682,3.823984620126935,14.162309254948482,0.01371441966803628,0.02324042648602293,6.247457459316542,BH_from_pvalue
aminoglycoside,kanamycin,kanamycin_vs_control,not_regulated,b0658,b0658,2789.288817276187,-1.8141383296657487,0.28437403907670966,6.691820569856461e-06,0.00036237239294645155,6.242168612478526,BH_from_pvalue
aminoglycoside,kanamycin,kanamycin_vs_control,upregulated,b2140,b2140,254.66336913686675,3.047044753487042,8.265171489342645,0.003724261681353413,0.008948573206585283,6.241097851799618,BH_from_pvalue
aminoglycoside,kanamycin,kanamycin_vs_control,downregulated,b4142,b4142,508.24792108166366,-2.513198601611154,0.17516681598567618,0.0008370336368042457,0.0033175126961266566,6.230690322933245,BH_from_pvalue
aminoglycoside,kanamycin,kanamycin_vs_control,downregulated,b3410,b3410,107.18807926696404,-2.079276431128984,0.23663306280553092,9.727396262588835e-05,0.0010081527278600134,6.2304970794190515,BH_from_pvalue
aminoglycoside,kanamycin,kanamycin_vs_control,not_regulated,b2395,b2395,504.20304166973796,1.720872426074476,3.296356838308075,9.912069259451498e-07,0.0002407088760585029,6.226990459982136,BH_from_pvalue
aminoglycoside,kanamycin,kanamycin_vs_control,upregulated,b0531,b0531,6.424542940421794,3.6847187973493853,12.859109176596666,0.01161233327217231,0.02043516238584939,6.225781600633845,BH_from_pvalue
aminoglycoside,kanamycin,kanamycin_vs_control,upregulated,b0217,b0217,44.6802709035671,3.4202221652563347,10.705068819394906,0.007790270406682412,0.015149432031672067,6.223448732355207,BH_from_pvalue
aminoglycoside,kanamycin,kanamycin_vs_control,downregulated,b3408,b3408,457.86804261175786,-2.853356311173237,0.1383738937974046,0.0024073381410432988,0.00659854171749711,6.221891905913408,BH_from_pvalue
aminoglycoside,kanamycin,kanamycin_vs_control,downregulated,b1283,b1283,3013.789820098548,-2.1697632801396516,0.22224713398845372,0.00018368199223668314,0.0013633689786808592,6.217210610538988,BH_from_pvalue
aminoglycoside,kanamycin,kanamycin_vs_control,downregulated,b3409,b3409,3281.076416754701,-3.0345770855158136,0.12203973982522304,0.0037185132524683562,0.008942546960589095,6.216448811852089,BH_from_pvalue
aminoglycoside,kanamycin,kanamycin_vs_control,upregulated,b4559,b4559,3.859520292002609,3.095291335262765,8.54624890439772,0.004270526040882327,0.009830738951609868,6.213530653262112,BH_from_pvalue
aminoglycoside,kanamycin,kanamycin_vs_control,upregulated,b4465,b4465,64.43666174480038,3.9765605587769848,15.742148603951785,0.016856359301028318,0.027530829388534992,6.204153055815556,BH_from_pvalue
aminoglycoside,kanamycin,kanamycin_vs_control,downregulated,b4571,b4571,405.4901567978084,-2.268783175196636,0.2075048302665336,0.0003292393593477706,0.001874580554868699,6.1871892774798605,BH_from_pvalue
aminoglycoside,kanamycin,kanamycin_vs_control,upregulated,b1158,b1158,6.550759579348049,3.402222567967719,10.572338139010075,0.007828553033910283,0.01519104035656965,6.186643985881323,BH_from_pvalue
aminoglycoside,kanamycin,kanamycin_vs_control,upregulated,b4278,b4278,234.33676449857498,2.1029210234923505,4.2957827188300834,0.00012611039392830764,0.001143638209454693,6.1861866284558165,BH_from_pvalue
aminoglycoside,kanamycin,kanamycin_vs_control,not_regulated,b1282,b1282,51.2718884437082,1.931524632322354,3.8145810915176743,3.657127279228664e-05,0.0006270504306683465,6.186089168176234,BH_from_pvalue
aminoglycoside,kanamycin,kanamycin_vs_control,downregulated,b2805,b2805,462.04500329209617,-2.183738098230786,0.22010470679632146,0.00020588012105627462,0.0014745999753361836,6.182873969259474,BH_from_pvalue
aminoglycoside,kanamycin,kanamycin_vs_control,downregulated,b4558,b4558,377.53501650778776,-2.2075397561661267,0.2165031985034915,0.0002339480897615879,0.0015871772364217532,6.179730664227334,BH_from_pvalue
aminoglycoside,kanamycin,kanamycin_vs_control,upregulated,b3022,b3022,644.9541788518305,2.7440761818524892,6.6996056649870175,0.0018404527791008438,0.005601053180240592,6.178919494673404,BH_from_pvalue
aminoglycoside,kanamycin,kanamycin_vs_control,downregulated,b3524,b3524,788.6326288145511,-2.258720718252448,0.208957186448823,0.00031414115012414764,0.0018454226874291696,6.175125932948265,BH_from_pvalue
aminoglycoside,kanamycin,kanamycin_vs_control,downregulated,b1647,b1647,650.5683733013926,-2.072454741255611,0.23775461639311163,0.00010865591240313965,0.0010500112797099121,6.1734406915766975,BH_from_pvalue
aminoglycoside,kanamycin,kanamycin_vs_control,downregulated,b3697,b3697,482.7945355064208,-2.0596513877628757,0.23987398588022116,9.685862699908542e-05,0.0010081527278600134,6.171691153691504,BH_from_pvalue
aminoglycoside,kanamycin,kanamycin_vs_control,downregulated,b0865,b0865,608.7522046304633,-2.5187176515774814,0.17449799300365818,0.0009355389979598654,0.0035631282073018415,6.166245342753689,BH_from_pvalue
aminoglycoside,kanamycin,kanamycin_vs_control,upregulated,b3615,b3615,130.71092164342005,3.380729616410754,10.416001212260046,0.007718512047473113,0.015061981427129745,6.1600879229592715,BH_from_pvalue
aminoglycoside,kanamycin,kanamycin_vs_control,downregulated,b0473,b0473,3092.207358378156,-2.4115337208496292,0.1879559223113087,0.0006356881821487456,0.0027923100032275954,6.15914482534132,BH_from_pvalue
aminoglycoside,kanamycin,kanamycin_vs_control,upregulated,b1644,b1644,202.8047265245539,2.59638517936848,6.047694147368608,0.001214061694479817,0.004247230769178478,6.158350795755011,BH_from_pvalue
aminoglycoside,kanamycin,kanamycin_vs_control,upregulated,b1907,b1907,482.9503283089998,2.771312099731694,6.827285579004227,0.002070863987915294,0.005999588172824514,6.157518936587769,BH_from_pvalue
aminoglycoside,kanamycin,kanamycin_vs_control,downregulated,b0767,b0767,1364.4858344037605,-2.437888804916451,0.1845535245436515,0.0007064284361144965,0.0029835822588197233,6.156307920137922,BH_from_pvalue
aminoglycoside,kanamycin,kanamycin_vs_control,upregulated,b1523,b1523,39.51525553526158,2.1765358179001644,4.520667525465448,0.00021070774352204458,0.0014901940728964725,6.1525382253099234,BH_from_pvalue
aminoglycoside,kanamycin,kanamycin_vs_control,downregulated,b1779,b1779,13825.12263200819,-3.0196620922814734,0.12330796584459046,0.00390169118249195,0.009237535123278124,6.14333311556335,BH_from_pvalue
aminoglycoside,kanamycin,kanamycin_vs_control,downregulated,b2752,b2752,540.9817627984092,-3.430492126246394,0.09275107889781611,0.008548981372063162,0.01619437485290467,6.142762055012551,BH_from_pvalue
aminoglycoside,kanamycin,kanamycin_vs_control,upregulated,b1506,b1506,12.214026644113773,3.6067631337055874,12.182709557127568,0.011266556411025206,0.019943711427308688,6.1321971057874665,BH_from_pvalue
aminoglycoside,kanamycin,kanamycin_vs_control,upregulated,b1297,b1297,5874.044359826097,4.0195309532023895,16.21807802276868,0.018615015153410096,0.02988234766596667,6.128117746915262,BH_from_pvalue
aminoglycoside,kanamycin,kanamycin_vs_control,upregulated,b1579,b1579,27.02484971617258,2.468737143603591,5.535590197915856,0.000834332853018516,0.00331229406255718,6.122149930217171,BH_from_pvalue
aminoglycoside,kanamycin,kanamycin_vs_control,not_regulated,b3704,b3704,156.9797499487116,1.924190792164299,3.7952391365580005,4.0584105961028915e-05,0.0006581658997402865,6.122129770768675,BH_from_pvalue
aminoglycoside,kanamycin,kanamycin_vs_control,downregulated,b3008,b3008,417.9995716606481,-3.0939217106790293,0.11712153640648937,0.004757863729512866,0.010552697759047767,6.115558582576094,BH_from_pvalue
aminoglycoside,kanamycin,kanamycin_vs_control,upregulated,b0549,b0549,6.743585741059881,3.4453026303406675,10.892797645843837,0.008983855930486723,0.016802238659180572,6.114147228956873,BH_from_pvalue
aminoglycoside,kanamycin,kanamycin_vs_control,upregulated,b4030,b4030,162.7222201383421,2.280583877987789,4.858745539054461,0.0003934908126400674,0.002094581864207128,6.109462219591322,BH_from_pvalue
aminoglycoside,kanamycin,kanamycin_vs_control,upregulated,b0043,b0043,30.842917210953317,2.152472013739309,4.445889260480446,0.00020538512472607987,0.001473400783122659,6.0951100224982575,BH_from_pvalue
aminoglycoside,kanamycin,kanamycin_vs_control,downregulated,b2159,b2159,363.1480948776837,-2.232816190982353,0.21274303553864074,0.00032710115980834857,0.001867133270073543,6.0929639331628165,BH_from_pvalue
aminoglycoside,kanamycin,kanamycin_vs_control,upregulated,b2987,b2987,78.80907196871767,2.8958749013441816,7.442951842034849,0.0030754655192047663,0.00787529324218522,6.092148364048666,BH_from_pvalue
aminoglycoside,kanamycin,kanamycin_vs_control,downregulated,b3221,b3221,112.91201104052011,-2.281757180503565,0.20564712666125531,0.0004103864457341786,0.002141436465095517,6.090682591124427,BH_from_pvalue
aminoglycoside,kanamycin,kanamycin_vs_control,upregulated,b3086,b3086,21.349567611529963,2.3733391442924585,5.181389877386633,0.0006088364385652057,0.002733080140385524,6.08369327919868,BH_from_pvalue
aminoglycoside,kanamycin,kanamycin_vs_control,upregulated,b0941,b0941,100.65251218545878,2.5860860789604336,6.004674650616727,0.0012980637833380371,0.004453191183646871,6.080738313165202,BH_from_pvalue
aminoglycoside,kanamycin,kanamycin_vs_control,upregulated,b2723,b2723,73.60235564216244,2.742150191075983,6.690667691812174,0.0021621687363447516,0.006163200019453438,6.06068317965754,BH_from_pvalue
aminoglycoside,kanamycin,kanamycin_vs_control,not_regulated,b0089,b0089,900.8597840256556,-1.7933216259164482,0.288507029155258,1.225457586564496e-05,0.00041761151317182293,6.060041820518457,BH_from_pvalue
aminoglycoside,kanamycin,kanamycin_vs_control,downregulated,b4046,b4046,782.207617689512,-2.8399251459036314,0.13966813873926331,0.0027804427628783253,0.0073611285763846,6.057718225846251,BH_from_pvalue
aminoglycoside,kanamycin,kanamycin_vs_control,downregulated,b1136,b1136,11198.669139733684,-2.0925530235082253,0.23446540505028501,0.0001620988562442159,0.0012826057656079492,6.051468343491108,BH_from_pvalue
aminoglycoside,kanamycin,kanamycin_vs_control,upregulated,b2336,b2336,24.805131705403834,3.5756577164127874,11.922854027067341,0.01157914135437295,0.02038472712797242,6.045346972131332,BH_from_pvalue
aminoglycoside,kanamycin,kanamycin_vs_control,upregulated,b1556,b1556,13.610968659596631,2.5689051227993764,5.933589506759141,0.0012950103088517433,0.004449928471516533,6.041157947850414,BH_from_pvalue
aminoglycoside,kanamycin,kanamycin_vs_control,downregulated,b2457,b2457,43.483141450263595,-2.283395707909411,0.20541369744223317,0.0004470708892879119,0.0022633895611986693,6.040131241174113,BH_from_pvalue
aminoglycoside,kanamycin,kanamycin_vs_control,upregulated,b2181,b2181,2716.70297958704,2.6086657800292183,6.099393441713104,0.0014962701565291528,0.004872800022086763,6.031812872130362,BH_from_pvalue
aminoglycoside,kanamycin,kanamycin_vs_control,upregulated,b1762,b1762,188.48067139276327,3.041762040975187,8.23496227560586,0.004673285749342917,0.010401009055192697,6.031584551857337,BH_from_pvalue
aminoglycoside,kanamycin,kanamycin_vs_control,downregulated,b0212,b0212,150.19497371649285,-2.4139463926938687,0.18764185940964317,0.0007761400379850295,0.0031823864091674228,6.0282206019923485,BH_from_pvalue
aminoglycoside,kanamycin,kanamycin_vs_control,downregulated,b3451,b3451,86.23181981699031,-2.711733118221658,0.15264654930559282,0.002076608498580865,0.006002946675203555,6.024482601313666,BH_from_pvalue
aminoglycoside,kanamycin,kanamycin_vs_control,downregulated,b2352,b2352,53.29233048224523,-3.229844880828857,0.10659082154437556,0.006790373210873293,0.01367805584527903,6.020352138294869,BH_from_pvalue
aminoglycoside,kanamycin,kanamycin_vs_control,upregulated,b2256,b2256,171.19073548017522,2.18711000016805,4.553923322895482,0.00029082322567041525,0.0017720044689293083,6.017910123680489,BH_from_pvalue
aminoglycoside,kanamycin,kanamycin_vs_control,downregulated,b3610,b3610,266.1999122638685,-2.9215553468121582,0.13198488751237666,0.003612868792396415,0.008802683638670495,6.004920762043848,BH_from_pvalue
aminoglycoside,kanamycin,kanamycin_vs_control,downregulated,b3042,b3042,327.6652112754219,-2.5784538953723075,0.16742026887156322,0.001405587503131349,0.004690157707036207,6.004735801047609,BH_from_pvalue
aminoglycoside,kanamycin,kanamycin_vs_control,downregulated,b3867,b3867,902.953256863334,-2.224335418886586,0.21399731212111694,0.00036391807325711784,0.0020035538476260908,6.001699560534034,BH_from_pvalue
aminoglycoside,kanamycin,kanamycin_vs_control,downregulated,b0758,b0758,555.8803633712294,-2.049777555160274,0.24152131881127986,0.000139481773546965,0.0011853087776199352,5.997994512864843,BH_from_pvalue
aminoglycoside,kanamycin,kanamycin_vs_control,downregulated,b0643,b0643,2883.960829436926,-2.9082405775865183,0.13320862686169851,0.0035270852900001763,0.008676058397393797,5.995854260735006,BH_from_pvalue
aminoglycoside,kanamycin,kanamycin_vs_control,upregulated,b2354,b2354,21.34520496169397,3.338066609640366,10.112491673460983,0.008465016917873602,0.016052127359441594,5.990051720648898,BH_from_pvalue
aminoglycoside,kanamycin,kanamycin_vs_control,downregulated,b3604,b3604,115.16177328797453,-2.789554874877095,0.1446306400409708,0.002672996904811249,0.007135394704950147,5.988008277516343,BH_from_pvalue
aminoglycoside,kanamycin,kanamycin_vs_control,downregulated,b3522,b3522,763.1963913142116,-2.7176505803117355,0.15202172549061727,0.0022451920065743557,0.006307853619969676,5.979153028747928,BH_from_pvalue
aminoglycoside,kanamycin,kanamycin_vs_control,upregulated,b4590,b4590,2.0942517312468643,2.372446939060557,5.178186543443421,0.0007266176200842851,0.003034657432812548,5.973561199507993,BH_from_pvalue
aminoglycoside,kanamycin,kanamycin_vs_control,upregulated,b3717,b3717,91.70549768903349,2.0333563389226708,4.09356084444968,0.00012902076812336115,0.0011566475385918124,5.97155878556585,BH_from_pvalue
aminoglycoside,kanamycin,kanamycin_vs_control,upregulated,b2089,b2089,20.0383318049095,2.7453498700213004,6.705523046085508,0.0024560703086086684,0.006699456790856149,5.968281927878505,BH_from_pvalue
aminoglycoside,kanamycin,kanamycin_vs_control,downregulated,b1449,b1449,638.1261696483685,-2.1786781609150987,0.22087803125550576,0.00031155483302011325,0.0018342586896917137,5.962038659516803,BH_from_pvalue
aminoglycoside,kanamycin,kanamycin_vs_control,downregulated,b1200,b1200,823.3839644619565,-2.440839144312732,0.18417649464743535,0.0009609580363174675,0.0036200914969480476,5.9587728910462925,BH_from_pvalue
aminoglycoside,kanamycin,kanamycin_vs_control,downregulated,b1045,b1045,417.65803764255116,-2.009601373612332,0.24834173287902184,0.00011520250151044373,0.0010840603594016232,5.958360631513126,BH_from_pvalue
aminoglycoside,kanamycin,kanamycin_vs_control,upregulated,b0958,b0958,1700.9034554122136,2.034994950830024,4.098212949106934,0.00014139062832937662,0.001193311657503501,5.9487910875530305,BH_from_pvalue
aminoglycoside,kanamycin,kanamycin_vs_control,upregulated,b4309,b4309,14.218321427927549,2.641966972465799,6.241820946107769,0.0018517445764213859,0.00562780209779959,5.943530544660606,BH_from_pvalue
aminoglycoside,kanamycin,kanamycin_vs_control,not_regulated,b3805,b3805,1682.5908910648413,-1.8865399002944887,0.27045492974309043,4.684622929839942e-05,0.000711198254271072,5.938845185036044,BH_from_pvalue
aminoglycoside,kanamycin,kanamycin_vs_control,downregulated,b3029,b3029,1467.9797186710896,-2.1414337462327904,0.22665442833959548,0.0002619676835470033,0.0016905748071655965,5.935980694526059,BH_from_pvalue
aminoglycoside,kanamycin,kanamycin_vs_control,upregulated,b4322,b4322,1326.3414827055879,2.6466496332005356,6.262113395068228,0.0019228125236999463,0.005729283331692522,5.933523018531409,BH_from_pvalue
aminoglycoside,kanamycin,kanamycin_vs_control,upregulated,b3080,b3080,128.51070347070842,2.6703588487071777,6.365875088877128,0.002078507785566917,0.006004578047193316,5.932248929345644,BH_from_pvalue
aminoglycoside,kanamycin,kanamycin_vs_control,downregulated,b4383,b4383,5976.414463899149,-2.361815470867798,0.19454617614112335,0.0007454015997645976,0.003098721252995527,5.925363959526207,BH_from_pvalue
aminoglycoside,kanamycin,kanamycin_vs_control,upregulated,b1592,b1592,170.04086145766738,2.4292976870653513,5.38631157909806,0.000978054730590511,0.0036630455002353637,5.918152233740363,BH_from_pvalue
aminoglycoside,kanamycin,kanamycin_vs_control,downregulated,b4138,b4138,6718.38197864217,-2.5307315697977497,0.1730509096468851,0.001364854729782835,0.004614656501036453,5.911436215716442,BH_from_pvalue
aminoglycoside,kanamycin,kanamycin_vs_control,not_regulated,b2473,b2473,549.5489689300781,-1.8997087122407939,0.26799747027857723,5.6759272750352194e-05,0.0007783634415581834,5.905847823167374,BH_from_pvalue
aminoglycoside,kanamycin,kanamycin_vs_control,downregulated,b3023,b3023,142.62720232052237,-2.476017304940627,0.17973991063593273,0.0011675953325028896,0.0041288080232688654,5.903259325568368,BH_from_pvalue
aminoglycoside,kanamycin,kanamycin_vs_control,not_regulated,b0619,b0619,260.70673897907443,1.7886068225673437,3.454811082217574,2.427818224979341e-05,0.0005053495489552021,5.895978049084841,BH_from_pvalue
aminoglycoside,kanamycin,kanamycin_vs_control,upregulated,b1993,b1993,341.4506684234152,2.547618458784191,5.846683350579489,0.001494057151822427,0.0048697601948531,5.891348386552103,BH_from_pvalue
aminoglycoside,kanamycin,kanamycin_vs_control,upregulated,b3331,b3331,6.47079419559729,3.3574740008385966,10.249445816958746,0.009627745402712991,0.017682972160638234,5.883787641736313,BH_from_pvalue
aminoglycoside,kanamycin,kanamycin_vs_control,not_regulated,b4391,b4391,2991.062598952341,-1.9745048434990249,0.2544572419215513,0.00010828744856436385,0.0010500112797099121,5.881666944961641,BH_from_pvalue
aminoglycoside,kanamycin,kanamycin_vs_control,upregulated,b2229,b2229,9.664325611372375,2.5626327292110167,5.907848085969602,0.0015883735906251802,0.005084358035450658,5.878074377758866,BH_from_pvalue
aminoglycoside,kanamycin,kanamycin_vs_control,downregulated,b3290,b3290,652.9309486655005,-2.438693785474438,0.1844505779360219,0.0010732201403126644,0.003893019508972875,5.876553141907324,BH_from_pvalue
aminoglycoside,kanamycin,kanamycin_vs_control,downregulated,b2777,b2777,450.49438002097514,-2.032602219150623,0.24441382225701774,0.00016336625604703288,0.0012869026614703222,5.87514382645878,BH_from_pvalue
aminoglycoside,kanamycin,kanamycin_vs_control,upregulated,b3238,b3238,581.5941088917546,3.5381758221204,11.617081933790876,0.012647431547589702,0.021880056577330186,5.873200473150915,BH_from_pvalue
aminoglycoside,kanamycin,kanamycin_vs_control,downregulated,b3001,b3001,1559.441058497576,-2.0890974534663727,0.2350276740667567,0.0002235225449189385,0.0015444000108224046,5.87295475126843,BH_from_pvalue
aminoglycoside,kanamycin,kanamycin_vs_control,upregulated,b1950,b1950,11.101249952640122,2.362972632396085,5.144292346715641,0.0008290745376433709,0.0033065788397313098,5.861639812765552,BH_from_pvalue
aminoglycoside,kanamycin,kanamycin_vs_control,downregulated,b0786,b0786,1759.4699332362245,-2.131512559861781,0.2282184667728218,0.0002967961964579573,0.001784745042336754,5.858299883095499,BH_from_pvalue
aminoglycoside,kanamycin,kanamycin_vs_control,downregulated,b3498,b3498,1976.6597896318342,-2.2464010462921706,0.2107491844951467,0.0005222799127478018,0.002467662865062618,5.857971849797264,BH_from_pvalue
aminoglycoside,kanamycin,kanamycin_vs_control,upregulated,b4318,b4318,58.371824445780284,3.2034082644546635,9.211322249552708,0.007590135719521675,0.014853283010007061,5.856399053189463,BH_from_pvalue
aminoglycoside,kanamycin,kanamycin_vs_control,upregulated,b3104,b3104,19.4396028881638,2.550078594800842,5.856661832936617,0.0015757728132405066,0.005057332928651086,5.85518052120265,BH_from_pvalue
aminoglycoside,kanamycin,kanamycin_vs_control,upregulated,b3219,b3219,88.17030833052273,2.7936954357198296,6.934036523898014,0.00318401726093732,0.008082228916307034,5.84572068406012,BH_from_pvalue
aminoglycoside,kanamycin,kanamycin_vs_control,not_regulated,b3599,b3599,1754.480535442892,-1.9509588793087023,0.25864426733235824,0.00010040542824282881,0.0010217728874123166,5.83462663781533,BH_from_pvalue
aminoglycoside,kanamycin,kanamycin_vs_control,downregulated,b1511,b1511,1763.4778903016588,-2.0706589029592344,0.23805075291860123,0.00021996544259582268,0.0015299874284515785,5.82955114246274,BH_from_pvalue
aminoglycoside,kanamycin,kanamycin_vs_control,downregulated,b1291,b1291,450.94864126225076,-2.447525337136635,0.18332490067765583,0.0011845300562644747,0.004175561279841385,5.82336066025989,BH_from_pvalue
aminoglycoside,kanamycin,kanamycin_vs_control,upregulated,b2014,b2014,632.7333426937922,2.3413534848757633,5.067778554913695,0.0008069749102133394,0.003261141139141226,5.82208076417605,BH_from_pvalue
aminoglycoside,kanamycin,kanamycin_vs_control,upregulated,b2943,b2943,422.37340625108374,2.9612549899481238,7.788011368086929,0.004958877963119958,0.010864604519295457,5.815863572892189,BH_from_pvalue
aminoglycoside,kanamycin,kanamycin_vs_control,not_regulated,b4488,b4488,1045.9230018037115,1.9957766755568631,3.9883075807374273,0.0001468180915360948,0.0012248102380652312,5.811564353961508,BH_from_pvalue
aminoglycoside,kanamycin,kanamycin_vs_control,upregulated,b0989,b0989,19.703619031999708,3.1959284501304523,9.163688703180961,0.007828301919120127,0.01519104035656965,5.811516186936946,BH_from_pvalue
aminoglycoside,kanamycin,kanamycin_vs_control,upregulated,b0572,b0572,39.008658848835374,3.848998856409408,14.410004255089243,0.0195301470200854,0.03097552937106634,5.808067154883613,BH_from_pvalue
aminoglycoside,kanamycin,kanamycin_vs_control,not_regulated,b3284,b3284,1640.582710437828,-1.9243915930208324,0.2634513370993953,8.682221174285951e-05,0.0009597616568889081,5.80749939063323,BH_from_pvalue
aminoglycoside,kanamycin,kanamycin_vs_control,not_regulated,b3731,b3731,2543.5515563341087,-1.9242917370262198,0.2634695724887176,8.677710390147695e-05,0.0009597616568889081,5.807198041557518,BH_from_pvalue
aminoglycoside,kanamycin,kanamycin_vs_control,upregulated,b4080,b4080,37.29256456930884,2.7386844422186383,6.674614164651816,0.0029491489455297283,0.007658933000573163,5.794595440250477,BH_from_pvalue
aminoglycoside,kanamycin,kanamycin_vs_control,upregulated,b1801,b1801,45.774129432957004,2.881103361483453,7.367133374947142,0.004207701089072708,0.009745746394772934,5.79443155890359,BH_from_pvalue
aminoglycoside,kanamycin,kanamycin_vs_control,not_regulated,b2966,b2966,380.46530834882924,-1.9321385916981635,0.26204044490022677,9.575288225796444e-05,0.0010046452999052933,5.7925268500109155,BH_from_pvalue
aminoglycoside,kanamycin,kanamycin_vs_control,upregulated,b2408,b2408,112.26257882116177,3.266057284967107,9.620135969507988,0.009066399133795122,0.016914418624558464,5.786613887320493,BH_from_pvalue
aminoglycoside,kanamycin,kanamycin_vs_control,downregulated,b0980,b0980,690.0098363269802,-2.5834072597982107,0.1668464320205649,0.0019393573065147752,0.0057579070394082246,5.786148565862343,BH_from_pvalue
aminoglycoside,kanamycin,kanamycin_vs_control,not_regulated,b0095,b0095,5480.264824747051,-1.6977615434029243,0.30826402873505904,9.842828525717875e-06,0.0003917968381299027,5.784170139129164,BH_from_pvalue
aminoglycoside,kanamycin,kanamycin_vs_control,upregulated,b1024,b1024,185.51616889768897,2.8796556419585784,7.35974429203441,0.004359427183016901,0.009950908363414614,5.7654658944645725,BH_from_pvalue
aminoglycoside,kanamycin,kanamycin_vs_control,not_regulated,b0471,b0471,377.6839805167129,-1.744728571614881,0.29839006953119823,2.2898861055626038e-05,0.0004975800822618644,5.763077521553588,BH_from_pvalue
aminoglycoside,kanamycin,kanamycin_vs_control,upregulated,b1774,b1774,27.52814921789803,2.4123881185675415,5.323548130134808,0.001150613001849161,0.004097112452897713,5.7596299851195685,BH_from_pvalue
aminoglycoside,kanamycin,kanamycin_vs_control,downregulated,b4493,b4493,4258.031811255819,-2.3165943993347415,0.20074077570033358,0.0008213622196002199,0.0032927242235767907,5.750817352805959,BH_from_pvalue
aminoglycoside,kanamycin,kanamycin_vs_control,upregulated,b1645,b1645,316.1496049136171,2.2689117333245745,4.8195943795126235,0.0006808290207430853,0.0029248986965638947,5.749170871132208,BH_from_pvalue
aminoglycoside,kanamycin,kanamycin_vs_control,not_regulated,b3438,b3438,757.2867094072529,-1.8376943795666847,0.2797685351320668,5.259847177686047e-05,0.0007462206351503157,5.746714270813429,BH_from_pvalue
aminoglycoside,kanamycin,kanamycin_vs_control,upregulated,b1673,b1673,89.94049541232926,2.0973104211691265,4.279108977922869,0.00030795419085810193,0.0018202075564779797,5.7463769619471865,BH_from_pvalue
aminoglycoside,kanamycin,kanamycin_vs_control,not_regulated,b2601,b2601,1034.3030133708146,1.9191879805616718,3.7821012358681747,9.86507236603665e-05,0.0010154026430762666,5.7448238162048595,BH_from_pvalue
aminoglycoside,kanamycin,kanamycin_vs_control,upregulated,b4508,b4508,17.438562172363067,3.1954812216400246,9.160848444225214,0.008365066332205146,0.01593255100975109,5.744563509495083,BH_from_pvalue
aminoglycoside,kanamycin,kanamycin_vs_control,not_regulated,b3653,b3653,1914.6437376918884,1.734029954191037,3.326557460974333,2.2152821748013945e-05,0.000488749905918745,5.741222860810021,BH_from_pvalue
aminoglycoside,kanamycin,kanamycin_vs_control,upregulated,b1922,b1922,20.13473817534991,4.3965847369707145,21.06220736832632,0.034802985945900984,0.049594696171464246,5.735629538507004,BH_from_pvalue
aminoglycoside,kanamycin,kanamycin_vs_control,not_regulated,b1036,b1036,558.747873690079,1.6805782012989017,3.20556397439073,1.0281019332108602e-05,0.0003952480765455085,5.719226488891014,BH_from_pvalue
aminoglycoside,kanamycin,kanamycin_vs_control,downregulated,b4143,b4143,9055.853981387432,-2.567593592058925,0.16868532884466442,0.002023738373875435,0.005925457938021723,5.718744926910992,BH_from_pvalue
aminoglycoside,kanamycin,kanamycin_vs_control,downregulated,b3556,b3556,22007.2573348187,-2.759917547251776,0.14763251991511983,0.0034434554390943262,0.008533698382945609,5.70989049897788,BH_from_pvalue
aminoglycoside,kanamycin,kanamycin_vs_control,upregulated,b0787,b0787,79.56874344374405,2.711742432225531,6.551123890749654,0.003061949180577976,0.007847712326804786,5.70891453492965,BH_from_pvalue
aminoglycoside,kanamycin,kanamycin_vs_control,not_regulated,b4231,b4231,263.0769888835213,-1.9738060468959153,0.25458052294904143,0.00016178637628080835,0.0012826057656079492,5.70806315290247,BH_from_pvalue
aminoglycoside,kanamycin,kanamycin_vs_control,not_regulated,b0091,b0091,1855.509230672126,-1.6705185173044512,0.31414041850528013,8.912707152910717e-06,0.00038547458436338853,5.703157319728644,BH_from_pvalue
aminoglycoside,kanamycin,kanamycin_vs_control,not_regulated,b0051,b0051,709.0759397387033,-1.9020726667084347,0.2675586976770346,9.709103521310897e-05,0.0010081527278600134,5.699510665032187,BH_from_pvalue
aminoglycoside,kanamycin,kanamycin_vs_control,not_regulated,b3398,b3398,2394.8705967637293,1.6560687482983454,3.151565721200887,6.24168515635774e-06,0.00036237239294645155,5.698275700199327,BH_from_pvalue
aminoglycoside,kanamycin,kanamycin_vs_control,upregulated,b3457,b3457,88.46323282484188,2.7864827319293504,6.899456561618373,0.0038065050534952637,0.00908065756304778,5.689670888399633,BH_from_pvalue
aminoglycoside,kanamycin,kanamycin_vs_control,upregulated,b1884,b1884,43.530926630469516,2.3497791060032287,5.097461966666393,0.001037975941531124,0.0038019672516343608,5.686445764796949,BH_from_pvalue
aminoglycoside,kanamycin,kanamycin_vs_control,upregulated,b2252,b2252,39.02237517589173,2.562410820977582,5.90693943980781,0.002114369534114273,0.006065327910998724,5.681238171328417,BH_from_pvalue
aminoglycoside,kanamycin,kanamycin_vs_control,downregulated,b2417,b2417,6941.050750812895,-2.34144139617117,0.19731309400258634,0.0010301963008241318,0.0037827126213117917,5.671431509479592,BH_from_pvalue
aminoglycoside,kanamycin,kanamycin_vs_control,downregulated,b1273,b1273,1023.1506512265968,-2.060961724435929,0.2396562177619892,0.0002911319036324497,0.0017720044689293083,5.670808704202346,BH_from_pvalue
aminoglycoside,kanamycin,kanamycin_vs_control,upregulated,b3721,b3721,13.636921420996979,2.7381325506442984,6.672061332121889,0.003421248458854191,0.008492701748303615,5.670546907279934,BH_from_pvalue
aminoglycoside,kanamycin,kanamycin_vs_control,upregulated,b1840,b1840,1244.5188701622476,2.5257939527773647,5.758902722779361,0.0019247899519570842,0.0057297850456009035,5.662480650057615,BH_from_pvalue
aminoglycoside,kanamycin,kanamycin_vs_control,not_regulated,b3386,b3386,290.25777290920036,-1.7981448463886824,0.2875441024990217,4.790864185063024e-05,0.000711198254271072,5.6605767316693525,BH_from_pvalue
aminoglycoside,kanamycin,kanamycin_vs_control,not_regulated,b1635,b1635,1270.049051674521,-1.8972273629073921,0.2684588065482079,0.00010299803764126312,0.0010387559939695101,5.660352143418294,BH_from_pvalue
aminoglycoside,kanamycin,kanamycin_vs_control,not_regulated,b0847,b0847,1760.693537431778,1.7207939855283811,3.2961776174789748,2.5135706972148137e-05,0.0005162575797293256,5.656479657864934,BH_from_pvalue
aminoglycoside,kanamycin,kanamycin_vs_control,downregulated,b3608,b3608,1646.075145156692,-2.094899904866317,0.2340843022185465,0.00036194800679109054,0.0020000517623419227,5.654048458846154,BH_from_pvalue
aminoglycoside,kanamycin,kanamycin_vs_control,upregulated,b0221,b0221,8110.087779244281,2.2076501100153436,4.619222724180062,0.0006158781628804093,0.0027477216067786424,5.653852136935066,BH_from_pvalue
aminoglycoside,kanamycin,kanamycin_vs_control,downregulated,b1258,b1258,37.70739092438246,-2.9439100644293337,0.1299555303885734,0.005715881674679603,0.01202185369956273,5.652391406190432,BH_from_pvalue
aminoglycoside,kanamycin,kanamycin_vs_control,downregulated,b1976,b1976,1740.4471702480403,-2.4659167333370604,0.1810027180083803,0.0016286508831989872,0.005158923713119046,5.640638777403089,BH_from_pvalue
aminoglycoside,kanamycin,kanamycin_vs_control,upregulated,b1439,b1439,599.0608179069615,2.4778396340846074,5.570626673096178,0.0017140728689465975,0.005306193919147829,5.63762256740021,BH_from_pvalue
aminoglycoside,kanamycin,kanamycin_vs_control,upregulated,b2223,b2223,28.46927978650513,2.2189437633228537,4.655524660350597,0.0006719311897131132,0.002895265794767487,5.632370606470257,BH_from_pvalue
aminoglycoside,kanamycin,kanamycin_vs_control,downregulated,b0437,b0437,3970.830363445904,-2.1008957238062234,0.23311347015046943,0.00039313336589422284,0.002094581864207128,5.6280951451871175,BH_from_pvalue
aminoglycoside,kanamycin,kanamycin_vs_control,upregulated,b3874,b3874,71.45354404208803,2.30928666710596,4.9563795382831835,0.000974241577847164,0.0036601018569197546,5.626592733281736,BH_from_pvalue
aminoglycoside,kanamycin,kanamycin_vs_control,upregulated,b4675,b4675,6.312922918780797,2.8635330345467738,7.277954513707587,0.004948613599735927,0.010852688430820186,5.625303736204224,BH_from_pvalue
aminoglycoside,kanamycin,kanamycin_vs_control,upregulated,b1938,b1938,29.664001353345117,2.6203105034556455,6.148823960896197,0.0026853046645431305,0.007163997853567616,5.620158710357723,BH_from_pvalue
aminoglycoside,kanamycin,kanamycin_vs_control,upregulated,b0201,b0201,2.7142496399147547,2.668886296820677,6.359380785720051,0.003052841917005295,0.007842194713129537,5.619506579998678,BH_from_pvalue
aminoglycoside,kanamycin,kanamycin_vs_control,downregulated,b3926,b3926,1256.5916053624467,-2.5020984060139106,0.17651975975092107,0.0018899016380722476,0.0056861388415043275,5.617667654831054,BH_from_pvalue
aminoglycoside,kanamycin,kanamycin_vs_control,upregulated,b2271,b2271,14.018699987241712,4.078781307218862,16.89800830517825,0.028566829958670603,0.04210389897238994,5.611088426629643,BH_from_pvalue
aminoglycoside,kanamycin,kanamycin_vs_control,downregulated,b2910,b2910,1067.6403598786687,-2.122900043870805,0.2295849466586197,0.0004656799994759743,0.0023119521386787334,5.596009437883516,BH_from_pvalue
aminoglycoside,kanamycin,kanamycin_vs_control,upregulated,b0948,b0948,2136.5559452241605,2.1643274254062224,4.482574079445889,0.0005689048009007203,0.002600542474036016,5.594647982914166,BH_from_pvalue
aminoglycoside,kanamycin,kanamycin_vs_control,not_regulated,b3560,b3560,1078.9375865037853,-1.8585388408002963,0.2757554222321785,9.13315223833766e-05,0.0009781171135248286,5.593475486850264,BH_from_pvalue
aminoglycoside,kanamycin,kanamycin_vs_control,not_regulated,b3244,b3244,1868.9861453956928,-1.7533825348434107,0.2966055431524118,3.953875734811639e-05,0.0006500953673213261,5.588070341500197,BH_from_pvalue
aminoglycoside,kanamycin,kanamycin_vs_control,upregulated,b1886,b1886,61.58853458449348,3.473644950525645,11.108906830580286,0.014871345816063619,0.024857418610425182,5.573616072843191,BH_from_pvalue
aminoglycoside,kanamycin,kanamycin_vs_control,not_regulated,b0031,b0031,387.5133518402988,-1.9993700453317214,0.2501091866620637,0.00024798597837633355,0.0016351425035694056,5.571133451049384,BH_from_pvalue
aminoglycoside,kanamycin,kanamycin_vs_control,upregulated,b0075,b0075,10.006376691106794,3.760588495027293,13.553452508889855,0.021065226094724488,0.033028469704011944,5.569851046695234,BH_from_pvalue
aminoglycoside,kanamycin,kanamycin_vs_control,upregulated,b4649,b4649,4.3975837884827,2.8255868627695877,7.089023255382701,0.004908480340084663,0.010790979750586908,5.557757344178271,BH_from_pvalue
aminoglycoside,kanamycin,kanamycin_vs_control,upregulated,b4490,b4490,850.3959491303282,2.6897939845191283,6.4522126381552045,0.00347296852940975,0.00858791228437881,5.557416704942363,BH_from_pvalue
aminoglycoside,kanamycin,kanamycin_vs_control,upregulated,b2071,b2071,24.555076238574333,2.8911501488078364,7.418616425464627,0.005718899398292367,0.01202185369956273,5.551090861294848,BH_from_pvalue
aminoglycoside,kanamycin,kanamycin_vs_control,upregulated,b0745,b0745,39.63879739070029,2.5428994368958975,5.827590229070343,0.0023811795113701053,0.00656554650175066,5.5504606459378065,BH_from_pvalue
aminoglycoside,kanamycin,kanamycin_vs_control,not_regulated,b0214,b0214,259.28153200629623,-1.8967949954084364,0.26853927418301343,0.00013809760391609148,0.0011853087776199352,5.5503417655481755,BH_from_pvalue
aminoglycoside,kanamycin,kanamycin_vs_control,downregulated,b1114,b1114,1933.1562673734525,-2.005253520620693,0.24909128976992512,0.00026968286487894145,0.0017082747315378892,5.549423381228301,BH_from_pvalue
aminoglycoside,kanamycin,kanamycin_vs_control,upregulated,b1009,b1009,17.570218089836203,2.424235621332754,5.36744544054683,0.0016174678377508717,0.005141604476468849,5.548836149986336,BH_from_pvalue
aminoglycoside,kanamycin,kanamycin_vs_control,upregulated,b1581,b1581,56.48582030625432,2.7485058654207877,6.720207898739208,0.004126030106919163,0.009625976878071782,5.542513756247167,BH_from_pvalue
aminoglycoside,kanamycin,kanamycin_vs_control,not_regulated,b3233,b3233,2357.8643960022277,-1.903054131946968,0.26737673943178764,0.00014731488190157627,0.0012248102380652312,5.541562687015704,BH_from_pvalue
aminoglycoside,kanamycin,kanamycin_vs_control,downregulated,b0440,b0440,4028.156396556156,-2.1703918163218052,0.22215032909467144,0.0006408392062456073,0.0028092503549787496,5.537558419529768,BH_from_pvalue
aminoglycoside,kanamycin,kanamycin_vs_control,upregulated,b0361,b0361,4.6915844099724655,2.8728646473429795,7.325182215545547,0.005573994799237575,0.011826334248571043,5.536440676110561,BH_from_pvalue
aminoglycoside,kanamycin,kanamycin_vs_control,not_regulated,b3288,b3288,2858.7051656517374,-1.9386412080912159,0.2608620155515104,0.0001919324643036737,0.001406045968139942,5.529005657203372,BH_from_pvalue
aminoglycoside,kanamycin,kanamycin_vs_control,upregulated,b3577,b3577,4.112566597865034,3.1375163164846285,8.800078032128228,0.00934038814248787,0.01730356913711303,5.527878012111839,BH_from_pvalue
aminoglycoside,kanamycin,kanamycin_vs_control,upregulated,b2775,b2775,13.958147358695916,2.4364835264112656,5.413206883388942,0.0017489261164150018,0.005399091517993236,5.525163284196494,BH_from_pvalue
aminoglycoside,kanamycin,kanamycin_vs_control,downregulated,b2504,b2504,219.10285856183327,-2.4696072095654733,0.18054029693642343,0.001985465869407439,0.005836377996174915,5.516748336220616,BH_from_pvalue
aminoglycoside,kanamycin,kanamycin_vs_control,upregulated,b4427,b4427,3.3861572057660734,2.9213934998926057,7.575775086087996,0.006316797538557498,0.012950298691172117,5.514773564885452,BH_from_pvalue
aminoglycoside,kanamycin,kanamycin_vs_control,upregulated,b2562,b2562,66.2066672732808,3.340674971755272,10.130791382243556,0.013067788397786039,0.02241758665646133,5.510146522804893,BH_from_pvalue
aminoglycoside,kanamycin,kanamycin_vs_control,upregulated,b1773,b1773,47.6209282185348,2.9462291809974253,7.707319410100513,0.006704027209728033,0.01354050938004342,5.504631476776412,BH_from_pvalue
aminoglycoside,kanamycin,kanamycin_vs_control,downregulated,b2942,b2942,4025.9334717957613,-3.0578581135204495,0.12008616767347256,0.008297168556473628,0.01584741578217341,5.504271650753085,BH_from_pvalue
aminoglycoside,kanamycin,kanamycin_vs_control,downregulated,b1197,b1197,332.9827163451841,-2.3854286666379325,0.19138787428617648,0.0015225176567376306,0.0049268233237452245,5.504216851450728,BH_from_pvalue
aminoglycoside,kanamycin,kanamycin_vs_control,upregulated,b3563,b3563,11.226163668141444,3.4298470402345838,10.776725966744749,0.01482551799422096,0.02484544707079206,5.50405795886602,BH_from_pvalue
aminoglycoside,kanamycin,kanamycin_vs_control,upregulated,b1160,b1160,5.328636714959631,2.9716629045979728,7.844398921176336,0.007032971185912242,0.014059690841881451,5.503591699437271,BH_from_pvalue
aminoglycoside,kanamycin,kanamycin_vs_control,not_regulated,b0438,b0438,8712.757378003687,-1.9182825427952501,0.26456927940703,0.0001807572157315587,0.0013550332237787462,5.501730354829938,BH_from_pvalue
aminoglycoside,kanamycin,kanamycin_vs_control,not_regulated,b2432,b2432,467.53487241888644,1.6280309543331262,3.0909085161315177,1.2937691774792968e-05,0.00041761151317182293,5.501487031538747,BH_from_pvalue
aminoglycoside,kanamycin,kanamycin_vs_control,not_regulated,b2118,b2118,115.72281959120052,1.5619516243452791,2.9525298071041015,3.662197536697137e-06,0.0003023658628582782,5.497237575943016,BH_from_pvalue
aminoglycoside,kanamycin,kanamycin_vs_control,upregulated,b2975,b2975,199.76782169424783,2.1795747605985136,4.5302000520870935,0.0007163890397131583,0.0030115120566633516,5.4951774383178815,BH_from_pvalue
aminoglycoside,kanamycin,kanamycin_vs_control,upregulated,b3944,b3944,31.963880049138893,3.207205810083822,9.235600766299607,0.010889112710477152,0.019420788648582963,5.489880465615396,BH_from_pvalue
aminoglycoside,kanamycin,kanamycin_vs_control,downregulated,b2962,b2962,92.80910362097706,-2.0408405139960033,0.2430221109423313,0.0003858068791450459,0.002070834537463504,5.47731920226999,BH_from_pvalue
aminoglycoside,kanamycin,kanamycin_vs_control,downregulated,b3163,b3163,7423.456923964776,-2.0619198832342107,0.23949710410969613,0.00043364437704917336,0.002221563107024125,5.4709772771375755,BH_from_pvalue
aminoglycoside,kanamycin,kanamycin_vs_control,upregulated,b1862,b1862,50.5842115048254,2.964886737712654,7.80764110427072,0.007291826992018887,0.014423323575242283,5.458162738690862,BH_from_pvalue
aminoglycoside,kanamycin,kanamycin_vs_control,not_regulated,b1317,b1317,12.182135681834994,1.9026192438654843,3.738913886472944,0.00018105268285705347,0.0013550332237787462,5.456807229452852,BH_from_pvalue
aminoglycoside,kanamycin,kanamycin_vs_control,not_regulated,b0242,b0242,1480.5066540708704,1.487227250629374,2.803496464912306,3.8315884825053313e-07,0.00021543106242886224,5.453203781337855,BH_from_pvalue
aminoglycoside,kanamycin,kanamycin_vs_control,upregulated,b0943,b0943,27.133952042884534,2.4747652310901302,5.558768230701708,0.00225764139702214,0.006330966959978544,5.440845487112142,BH_from_pvalue
aminoglycoside,kanamycin,kanamycin_vs_control,upregulated,b3800,b3800,345.2488776132155,2.108540848069718,4.312548997081409,0.0005832317063453226,0.002641292871670145,5.436205098553243,BH_from_pvalue
aminoglycoside,kanamycin,kanamycin_vs_control,not_regulated,b2386,b2386,45.50995114019079,1.8540684808548527,3.6151825059256475,0.00013715684825500772,0.0011818611177222696,5.427662284222987,BH_from_pvalue
aminoglycoside,kanamycin,kanamycin_vs_control,not_regulated,b2841,b2841,420.07514328601223,1.962405126626277,3.8971112776210513,0.0002781830365638902,0.001726729751048029,5.421685056420832,BH_from_pvalue
aminoglycoside,kanamycin,kanamycin_vs_control,not_regulated,b4219,b4219,612.06585849648,-1.9040821257328258,0.26718628773158504,0.00019503505664977486,0.0014241358519654014,5.4198718634914425,BH_from_pvalue
aminoglycoside,kanamycin,kanamycin_vs_control,not_regulated,b0109,b0109,554.2198975427351,-1.9595754783554087,0.2571040999533856,0.00027235903826100516,0.0017157856499972004,5.419278428396742,BH_from_pvalue
aminoglycoside,kanamycin,kanamycin_vs_control,upregulated,b4576,b4576,28.351311277141104,2.800025208001679,6.9645261954642494,0.005459314597315249,0.011654483653879446,5.413868236019687,BH_from_pvalue
aminoglycoside,kanamycin,kanamycin_vs_control,not_regulated,b3962,b3962,1517.2366915453713,-1.6491185318029586,0.3188349013727738,2.6081604595941247e-05,0.0005214606122820564,5.413690843264386,BH_from_pvalue
aminoglycoside,kanamycin,kanamycin_vs_control,downregulated,b4430,b4430,13.563335652216592,-2.6075867447343715,0.16407339838055504,0.003347951376016831,0.008398820574079032,5.412780836945786,BH_from_pvalue
aminoglycoside,kanamycin,kanamycin_vs_control,downregulated,b3515,b3515,323.4773454505056,-2.820965539335406,0.14151574301272501,0.005764168218316116,0.012064787643548578,5.411966864558109,BH_from_pvalue
aminoglycoside,kanamycin,kanamycin_vs_control,downregulated,b3619,b3619,821.9004049303502,-2.0791821932174077,0.23664852035778727,0.000532674164268052,0.0024961842989667197,5.411536049129365,BH_from_pvalue
aminoglycoside,kanamycin,kanamycin_vs_control,downregulated,b4018,b4018,2580.856872777403,-2.072523906877395,0.2377432182450446,0.0005147035731871419,0.002451671583412982,5.410401806924086,BH_from_pvalue
aminoglycoside,kanamycin,kanamycin_vs_control,not_regulated,b3657,b3657,35.98816984275971,1.824697757405204,3.542327885926779,0.00011623787741595545,0.001085815085560025,5.40884961431921,BH_from_pvalue
aminoglycoside,kanamycin,kanamycin_vs_control,downregulated,b4188,b4188,1990.4714109488732,-2.4058658991214816,0.18869578483369495,0.0018711110761025602,0.005659890800477011,5.406442476049419,BH_from_pvalue
aminoglycoside,kanamycin,kanamycin_vs_control,not_regulated,b1048,b1048,2233.011975900208,-1.9908618623506538,0.25158854425441357,0.00034338429448466443,0.001935516988210552,5.401612402372688,BH_from_pvalue
aminoglycoside,kanamycin,kanamycin_vs_control,downregulated,b1127,b1127,1413.1651683832724,-2.177501699574023,0.2210582221044901,0.0008335034656496982,0.00331229406255718,5.399923565226454,BH_from_pvalue
aminoglycoside,kanamycin,kanamycin_vs_control,not_regulated,b0932,b0932,2631.1446460806596,-1.8744600797577657,0.2727289813073506,0.00017030747098413474,0.0013162250936196531,5.399700606238094,BH_from_pvalue
aminoglycoside,kanamycin,kanamycin_vs_control,not_regulated,b2184,b2184,394.18196938858824,-1.7572715074218808,0.2958070809030392,6.864939798987792e-05,0.0008551406866291675,5.391242963785812,BH_from_pvalue
aminoglycoside,kanamycin,kanamycin_vs_control,not_regulated,b1046,b1046,534.711624288218,-1.748619756739748,0.2975863469512369,6.452136070311202e-05,0.0008258689634676197,5.391150082876618,BH_from_pvalue
aminoglycoside,kanamycin,kanamycin_vs_control,upregulated,b0065,b0065,2223.536844271079,2.710210771524956,6.544172474008123,0.004547197565634494,0.010252278020162384,5.3910960466540105,BH_from_pvalue
aminoglycoside,kanamycin,kanamycin_vs_control,downregulated,b2297,b2297,2591.5079872198894,-2.1889843209282116,0.21930577056440403,0.0008885386161061673,0.0034573068297971805,5.387664093815642,BH_from_pvalue
aminoglycoside,kanamycin,kanamycin_vs_control,not_regulated,b0110,b0110,245.04076392852434,-1.9574724142430187,0.25747916237806145,0.0002921440135220586,0.0017733391401304644,5.385414157976281,BH_from_pvalue
aminoglycoside,kanamycin,kanamycin_vs_control,upregulated,b1421,b1421,308.0870022597081,2.589543953775495,6.019084013366417,0.003323996910355274,0.008366725295343045,5.379633818303782,BH_from_pvalue
aminoglycoside,kanamycin,kanamycin_vs_control,downregulated,b3858,b3858,266.49841981922026,-3.1058329082154463,0.11615853689105521,0.010263212059511894,0.018577033337498793,5.37627018457095,BH_from_pvalue
aminoglycoside,kanamycin,kanamycin_vs_control,upregulated,b0138,b0138,11.75066132941528,3.503068371069566,11.337796471274011,0.01820481978546492,0.029328538465265473,5.36918644739371,BH_from_pvalue
aminoglycoside,kanamycin,kanamycin_vs_control,not_regulated,b2806,b2806,878.0305105381708,1.9391147036411223,3.834702625657287,0.0002703106737115957,0.0017082747315378892,5.366388022567218,BH_from_pvalue
aminoglycoside,kanamycin,kanamycin_vs_control,not_regulated,b1512,b1512,1176.5717251671342,-1.8336706624775658,0.28054990658060924,0.000139190963704678,0.0011853087776199352,5.365629330974752,BH_from_pvalue
aminoglycoside,kanamycin,kanamycin_vs_control,upregulated,b4106,b4106,4.158478707489356,2.7386422671110298,6.674419044790694,0.005069228535757213,0.011052539967928232,5.35825740639583,BH_from_pvalue
aminoglycoside,kanamycin,kanamycin_vs_control,not_regulated,b2785,b2785,638.3153060911937,-1.9711038900926745,0.255057797151916,0.00033782863380366323,0.0019153965085782264,5.356950465559639,BH_from_pvalue
aminoglycoside,kanamycin,kanamycin_vs_control,upregulated,b3456,b3456,108.69854215191212,2.348309143216773,5.09227080489701,0.0016750962567614646,0.0052350614064612605,5.356676839827116,BH_from_pvalue
aminoglycoside,kanamycin,kanamycin_vs_control,not_regulated,b1742,b1742,56.19300838038359,1.9373246433881928,3.8299475722597114,0.0002755675633114176,0.001719576282956336,5.355886160213651,BH_from_pvalue
aminoglycoside,kanamycin,kanamycin_vs_control,upregulated,b1628,b1628,316.7770663176506,2.5550519936209506,5.8768863277652015,0.0031627825948567327,0.008036210511087763,5.352702840441566,BH_from_pvalue
aminoglycoside,kanamycin,kanamycin_vs_control,upregulated,b4495,b4495,4.49391117251048,2.7954090335814743,6.942277496023983,0.005865556648279841,0.012242818470516347,5.34515357956541,BH_from_pvalue
aminoglycoside,kanamycin,kanamycin_vs_control,upregulated,b3816,b3816,840.0710575458461,2.293635568248206,4.902900787299249,0.001409337997410285,0.0046918619674379694,5.341085413811652,BH_from_pvalue
aminoglycoside,kanamycin,kanamycin_vs_control,not_regulated,b3107,b3107,226.49813155132787,-1.9419551136801116,0.26026349682797145,0.000296591295599131,0.001784745042336754,5.337315683556949,BH_from_pvalue
aminoglycoside,kanamycin,kanamycin_vs_control,upregulated,b2758,b2758,57.5139958214007,2.7593357490036703,6.77084432388291,0.00546465042956605,0.011658933782753036,5.334737389618777,BH_from_pvalue
aminoglycoside,kanamycin,kanamycin_vs_control,not_regulated,b2024,b2024,206.8703670637143,-1.7133183939354089,0.3049578178233687,5.728740324115642e-05,0.000780844665996126,5.324026146634768,BH_from_pvalue
aminoglycoside,kanamycin,kanamycin_vs_control,downregulated,b1619,b1619,914.6764479271546,-2.2698372731106087,0.20735327327434572,0.0013281997446711554,0.0045201623337129335,5.322418777830741,BH_from_pvalue
aminoglycoside,kanamycin,kanamycin_vs_control,not_regulated,b1664,b1664,1585.2596258636959,-1.7235413812284008,0.30280451430988314,6.210009888627283e-05,0.0008191385477725959,5.319956312483404,BH_from_pvalue
aminoglycoside,kanamycin,kanamycin_vs_control,upregulated,b1888,b1888,86.70172615202631,2.4959003983427728,5.640802395349552,0.00282027896727779,0.007420425440288206,5.315197592169766,BH_from_pvalue
aminoglycoside,kanamycin,kanamycin_vs_control,not_regulated,b1702,b1702,7725.092852211687,-1.7685598378827923,0.29350157740061034,9.312307222033182e-05,0.0009896942180565422,5.313636205893423,BH_from_pvalue
aminoglycoside,kanamycin,kanamycin_vs_control,not_regulated,b3424,b3424,403.9895794600116,1.9577922789621782,3.8846706221601663,0.0003467345986330869,0.0019458017998114623,5.307381828446373,BH_from_pvalue
aminoglycoside,kanamycin,kanamycin_vs_control,downregulated,b2381,b2381,252.70046171525362,-2.291006519236616,0.20433290878238172,0.0014719032826200611,0.004825525484857897,5.30701439179509,BH_from_pvalue
aminoglycoside,kanamycin,kanamycin_vs_control,downregulated,b4381,b4381,982.70316449761,-2.0501016832993812,0.2414670626725238,0.0005623498354872191,0.002591649139366303,5.302431774093261,BH_from_pvalue
aminoglycoside,kanamycin,kanamycin_vs_control,not_regulated,b0577,b0577,694.5002914081873,1.6625057048445377,3.1656586619249176,3.868839668996501e-05,0.000646916016027742,5.301983554343716,BH_from_pvalue
aminoglycoside,kanamycin,kanamycin_vs_control,downregulated,b0978,b0978,630.2785406182361,-2.6313828012494342,0.16138934044470793,0.004164252028846263,0.009680002907364595,5.299932601115683,BH_from_pvalue
aminoglycoside,kanamycin,kanamycin_vs_control,upregulated,b2407,b2407,30.01858410410551,2.0193952164561613,4.054138051968012,0.0004826249791085602,0.002376166409190268,5.299141732139336,BH_from_pvalue
aminoglycoside,kanamycin,kanamycin_vs_control,not_regulated,b4539,b4539,207.64355557780718,1.7662468440128523,3.4016786150646485,9.594446782403772e-05,0.0010046452999052933,5.295185506697735,BH_from_pvalue
aminoglycoside,kanamycin,kanamycin_vs_control,upregulated,b3669,b3669,497.0326449780568,2.329353214477318,5.0257998386193945,0.001751283798299718,0.005399091517993236,5.2822260922533975,BH_from_pvalue
aminoglycoside,kanamycin,kanamycin_vs_control,upregulated,b4311,b4311,5.8146033502240755,3.2154707948726817,9.28866199089753,0.01339405311210716,0.022786100944878217,5.28086409581862,BH_from_pvalue
aminoglycoside,kanamycin,kanamycin_vs_control,upregulated,b3875,b3875,5.978292568974705,3.234352068611221,9.411026345373262,0.01379136285005992,0.023320883496078765,5.279287337838091,BH_from_pvalue
aminoglycoside,kanamycin,kanamycin_vs_control,not_regulated,b3403,b3403,6412.814551496773,-1.9169649182141928,0.2648110229601967,0.00028883238792799093,0.0017712786609500439,5.27493749570142,BH_from_pvalue
aminoglycoside,kanamycin,kanamycin_vs_control,not_regulated,b0273,b0273,308.36896197155886,1.79964971814662,3.481356887975297,0.00013594561746416384,0.001175929591065017,5.272287433393309,BH_from_pvalue
aminoglycoside,kanamycin,kanamycin_vs_control,downregulated,b0049,b0049,445.18063711971377,-2.151349232831649,0.22510199798124836,0.0009264583095902132,0.003545530128538629,5.271491513186576,BH_from_pvalue
aminoglycoside,kanamycin,kanamycin_vs_control,downregulated,b4214,b4214,1457.5730721044301,-2.260704897678682,0.20866999923476653,0.0014037966353635835,0.004687659440137638,5.265281058950008,BH_from_pvalue
aminoglycoside,kanamycin,kanamycin_vs_control,downregulated,b2790,b2790,464.3778685866859,-2.010895937680961,0.24811898997357393,0.0005007263767920454,0.0024088419709204496,5.264911034327797,BH_from_pvalue
aminoglycoside,kanamycin,kanamycin_vs_control,downregulated,b0678,b0678,482.2036804302962,-2.071158648717744,0.2379683070457501,0.0006639497802627535,0.0028746795325592144,5.263664467806128,BH_from_pvalue
aminoglycoside,kanamycin,kanamycin_vs_control,upregulated,b3458,b3458,78.57770523911154,2.062748020596411,4.177813295817815,0.0006419187440521322,0.0028092503549787496,5.262915010516417,BH_from_pvalue
aminoglycoside,kanamycin,kanamycin_vs_control,downregulated,b2976,b2976,1534.3763021497768,-2.306894913594647,0.2020949373303519,0.0016864989879918503,0.005238862187836563,5.2614806234271345,BH_from_pvalue
aminoglycoside,kanamycin,kanamycin_vs_control,not_regulated,b3999,b3999,340.0831746573131,-1.6012272629619693,0.32959647929390257,2.597646371753297e-05,0.0005214606122820564,5.256474416065959,BH_from_pvalue
aminoglycoside,kanamycin,kanamycin_vs_control,not_regulated,b4004,b4004,521.2578552044159,1.6803268927078925,3.205005633519653,5.290670136320952e-05,0.0007462206351503157,5.254605249558924,BH_from_pvalue
aminoglycoside,kanamycin,kanamycin_vs_control,not_regulated,b3677,b3677,163.66268139367978,1.998502517990464,3.9958502523092574,0.00048014442672722035,0.0023729033218146617,5.245509440479432,BH_from_pvalue
aminoglycoside,kanamycin,kanamycin_vs_control,downregulated,b3922,b3922,276.2225702535761,-2.686398503130965,0.15535079148500552,0.005163851032767613,0.011182957123441849,5.242354468128312,BH_from_pvalue
aminoglycoside,kanamycin,kanamycin_vs_control,upregulated,b1558,b1558,102.12247042795475,2.310090035753804,4.959140280268736,0.0017508706840693381,0.005399091517993236,5.238543380399877,BH_from_pvalue
aminoglycoside,kanamycin,kanamycin_vs_control,downregulated,b0975,b0975,171.33059645809988,-2.3986107796658933,0.1896471005886956,0.0023756526863531933,0.006559659780980149,5.236452010827638,BH_from_pvalue
aminoglycoside,kanamycin,kanamycin_vs_control,upregulated,b4298,b4298,99.11920342380974,3.1273312865612217,8.738170684757158,0.012149807959836735,0.021182107055560322,5.235249024804411,BH_from_pvalue
aminoglycoside,kanamycin,kanamycin_vs_control,upregulated,b0497,b0497,380.91010057784086,2.1496135237450043,4.437089099761848,0.0009831239816006198,0.003669785617626214,5.23508129875621,BH_from_pvalue
aminoglycoside,kanamycin,kanamycin_vs_control,downregulated,b1376,b1376,840.725105555026,-2.0036533548015303,0.24936772275462363,0.0005118945081892283,0.00244733506466676,5.2321531640178645,BH_from_pvalue
aminoglycoside,kanamycin,kanamycin_vs_control,upregulated,b1115,b1115,21.175621776061302,2.6047168936688796,6.082721256956088,0.004276321689366939,0.009830738951609868,5.228744731554428,BH_from_pvalue
aminoglycoside,kanamycin,kanamycin_vs_control,upregulated,b1969,b1969,161.25209438071815,2.204064786618357,4.607757483758699,0.001214303861530352,0.004247230769178478,5.227808354640286,BH_from_pvalue
aminoglycoside,kanamycin,kanamycin_vs_control,not_regulated,b2807,b2807,163.49368482518696,1.7930802660728036,3.4655402297333175,0.00014709036454433442,0.0012248102380652312,5.2213263566641075,BH_from_pvalue
aminoglycoside,kanamycin,kanamycin_vs_control,not_regulated,b2780,b2780,4689.58235730283,-1.9875749024966858,0.2521624037254809,0.0004781024017920795,0.002365791642751126,5.219418415287597,BH_from_pvalue
aminoglycoside,kanamycin,kanamycin_vs_control,not_regulated,b2102,b2102,170.13073204942623,1.7218152968575762,3.298511870600573,7.98839032176418e-05,0.0009337842161831477,5.216675872508603,BH_from_pvalue
aminoglycoside,kanamycin,kanamycin_vs_control,downregulated,b4227,b4227,1191.3973310418894,-2.15970930692,0.22380135761601655,0.001057076881248176,0.003846870397940369,5.215465688548254,BH_from_pvalue
aminoglycoside,kanamycin,kanamycin_vs_control,downregulated,b2620,b2620,1000.1090961247246,-2.0161914916628643,0.24720991427433728,0.0005655319661854275,0.0025955390529137858,5.213412377316571,BH_from_pvalue
aminoglycoside,kanamycin,kanamycin_vs_control,upregulated,b0230,b0230,78.27601727128179,2.0360691128333563,4.10126541946767,0.0006229067888790623,0.002754999740784683,5.212089419557261,BH_from_pvalue
aminoglycoside,kanamycin,kanamycin_vs_control,not_regulated,b3746,b3746,422.0872611312322,-1.8395671389753465,0.27940560379417984,0.00020624579671312457,0.0014748705780852692,5.208267265745068,BH_from_pvalue
aminoglycoside,kanamycin,kanamycin_vs_control,downregulated,b4013,b4013,321.53849702169765,-2.849828544509763,0.13871266818196995,0.007672335970879734,0.014984875031270968,5.199075798238386,BH_from_pvalue
aminoglycoside,kanamycin,kanamycin_vs_control,not_regulated,b1652,b1652,357.290647683923,1.9453217061249086,3.851236462702123,0.00041426112043653647,0.0021558049841802307,5.186987371766099,BH_from_pvalue
aminoglycoside,kanamycin,kanamycin_vs_control,not_regulated,b1084,b1084,3437.627830413638,-1.9579436036366094,0.25739508248793175,0.00044263439886623417,0.002256640954523638,5.181771237170727,BH_from_pvalue
aminoglycoside,kanamycin,kanamycin_vs_control,upregulated,b0744,b0744,87.30398700813555,2.764290100469359,6.794136014875211,0.006559618176989285,0.013350752289637016,5.18164593166011,BH_from_pvalue
aminoglycoside,kanamycin,kanamycin_vs_control,upregulated,b2971,b2971,10.968932185477696,3.6843791421904912,12.856082099809441,0.02615750472001209,0.03923189604221887,5.181566037957496,BH_from_pvalue
aminoglycoside,kanamycin,kanamycin_vs_control,downregulated,b4151,b4151,435.73700294072324,-2.2615166295333635,0.20855262415709327,0.0016078959141217427,0.005114791953125601,5.181523639618734,BH_from_pvalue
aminoglycoside,kanamycin,kanamycin_vs_control,upregulated,b0909,b0909,48.85811237801383,2.01279284242852,4.035627015318876,0.0005925644633829861,0.0026716910005513154,5.179346263200382,BH_from_pvalue
aminoglycoside,kanamycin,kanamycin_vs_control,downregulated,b4036,b4036,515.576961249033,-3.274008662562694,0.10337730033168739,0.01587152763741483,0.02622708718335485,5.177026001493326,BH_from_pvalue
aminoglycoside,kanamycin,kanamycin_vs_control,not_regulated,b4166,b4166,346.1482624734626,-1.6046524934691337,0.3288148831970808,3.3418045025979274e-05,0.0005942039901983823,5.1767123415576926,BH_from_pvalue
aminoglycoside,kanamycin,kanamycin_vs_control,upregulated,b2559,b2559,440.7423369477312,2.0733124609351057,4.208518505014989,0.0007821171598423064,0.0031981481681551765,5.173124864426339,BH_from_pvalue
aminoglycoside,kanamycin,kanamycin_vs_control,not_regulated,b0239,b0239,1101.252162954938,-1.88969857338234,0.26986343661649126,0.00031441860485855686,0.0018454226874291696,5.166254761667448,BH_from_pvalue
aminoglycoside,kanamycin,kanamycin_vs_control,not_regulated,b3471,b3471,257.3817722351637,1.8778017275470082,3.675146416515267,0.00029332243669565706,0.0017733391401304644,5.166223511412656,BH_from_pvalue
aminoglycoside,kanamycin,kanamycin_vs_control,upregulated,b1021,b1021,23.794908740858357,2.9099663521283516,7.516006696389625,0.00896555741572526,0.016788958058256545,5.165121180300288,BH_from_pvalue
aminoglycoside,kanamycin,kanamycin_vs_control,not_regulated,b1999,b1999,143.94369350166653,1.467011925692229,2.7644872649330616,4.09266657743955e-06,0.0003023658628582782,5.163100416539619,BH_from_pvalue
aminoglycoside,kanamycin,kanamycin_vs_control,upregulated,b0499,b0499,3.3259370616154817,2.8832176709593473,7.377938027949495,0.008610094890938082,0.01628604155569365,5.155725038014093,BH_from_pvalue
aminoglycoside,kanamycin,kanamycin_vs_control,not_regulated,b2476,b2476,519.1467242228057,-1.7572550274298369,0.29581045994437843,0.00013307030768987903,0.0011690434452911638,5.152569329461977,BH_from_pvalue
aminoglycoside,kanamycin,kanamycin_vs_control,downregulated,b2287,b2287,1741.0401118865102,-2.34959073006352,0.19620167591568735,0.0023197330501586,0.006452788657769563,5.146197108434044,BH_from_pvalue
aminoglycoside,kanamycin,kanamycin_vs_control,not_regulated,b3053,b3053,1282.8646013411683,-1.6897056143568232,0.30999017282567964,7.54784169157098e-05,0.0009034698561999609,5.143609767237257,BH_from_pvalue
aminoglycoside,kanamycin,kanamycin_vs_control,upregulated,b2982,b2982,3.329008641756611,2.8833594141458616,7.378662937782147,0.008772855663681065,0.016483001159247043,5.140925200697811,BH_from_pvalue
aminoglycoside,kanamycin,kanamycin_vs_control,upregulated,b2641,b2641,251.5901822063779,2.71106453523842,6.548046356125582,0.0061605633144680965,0.01270527913272696,5.140221164179056,BH_from_pvalue
aminoglycoside,kanamycin,kanamycin_vs_control,upregulated,b1776,b1776,87.63576081254972,2.2234891109751738,4.670215462880066,0.0015281222154988178,0.0049414045473139346,5.127698500415602,BH_from_pvalue
aminoglycoside,kanamycin,kanamycin_vs_control,not_regulated,b3340,b3340,33738.39293632616,-1.7679686987770662,0.29362186325831735,0.00015667957599785912,0.0012584727372113756,5.12738536248865,BH_from_pvalue
aminoglycoside,kanamycin,kanamycin_vs_control,not_regulated,b0955,b0955,1717.9667761975122,-1.6980662879638793,0.30819892012767036,8.580322859561187e-05,0.0009597616568889081,5.124486600528556,BH_from_pvalue
aminoglycoside,kanamycin,kanamycin_vs_control,upregulated,b1734,b1734,134.9238534176047,2.771676315487282,6.829009379814367,0.007135789572790928,0.01419935357125375,5.121313432267858,BH_from_pvalue
aminoglycoside,kanamycin,kanamycin_vs_control,downregulated,b4037,b4037,142.61047604430678,-2.5145111540213945,0.17500752309007858,0.003885581638210083,0.009219562539567162,5.11775861550941,BH_from_pvalue
aminoglycoside,kanamycin,kanamycin_vs_control,not_regulated,b2011,b2011,823.6733241366032,-1.8883392735974684,0.2701178203675096,0.00034912421512169197,0.0019526846506203693,5.116205788710845,BH_from_pvalue
aminoglycoside,kanamycin,kanamycin_vs_control,downregulated,b0789,b0789,251.2059903602419,-2.4966727694952953,0.17718485888116786,0.0037656854785033484,0.00901919770090951,5.105276605357923,BH_from_pvalue
aminoglycoside,kanamycin,kanamycin_vs_control,not_regulated,b1224,b1224,11755.15231999771,-4.711662217899768,0.03816351280165733,0.06332596813524236,0.08251978820768423,5.1048122435727485,BH_from_pvalue
aminoglycoside,kanamycin,kanamycin_vs_control,not_regulated,b1013,b1013,350.01445319457963,1.8422043019713845,3.585574520323344,0.00027833473991290626,0.001726729751048029,5.089597147579468,BH_from_pvalue
aminoglycoside,kanamycin,kanamycin_vs_control,not_regulated,b0848,b0848,143.03820939616782,1.9488327694411254,3.8606205682093457,0.0005119925068589197,0.00244733506466676,5.088999809442135,BH_from_pvalue
aminoglycoside,kanamycin,kanamycin_vs_control,upregulated,b0104,b0104,990.3925790200378,2.1171220410699085,4.338276605182533,0.001095988719420857,0.003953293712874912,5.087530893575907,BH_from_pvalue
aminoglycoside,kanamycin,kanamycin_vs_control,downregulated,b0676,b0676,707.271565853344,-2.44848937745434,0.1832024398974171,0.0033316926620027927,0.008372041113792493,5.085925368769623,BH_from_pvalue
aminoglycoside,kanamycin,kanamycin_vs_control,not_regulated,b0590,b0590,293.56384926758284,1.9358948197519696,3.826153674963919,0.0004768365436028051,0.0023621264021205035,5.085008856203796,BH_from_pvalue
aminoglycoside,kanamycin,kanamycin_vs_control,not_regulated,b3282,b3282,393.0928351580397,-1.4988005138485523,0.3538474643427809,1.1059503127046763e-05,0.00040775118906111754,5.08034136175791,BH_from_pvalue
aminoglycoside,kanamycin,kanamycin_vs_control,upregulated,b0312,b0312,2187.9854610009843,2.4463994573426433,5.45054109035244,0.0033657825815689166,0.008410968685952824,5.0766555801162765,BH_from_pvalue
aminoglycoside,kanamycin,kanamycin_vs_control,not_regulated,b3454,b3454,48.30149118021091,1.9086878367617937,3.754674483413666,0.0004252738124374722,0.0021894548681814854,5.076468331650785,BH_from_pvalue
aminoglycoside,kanamycin,kanamycin_vs_control,not_regulated,b0902,b0902,1528.366218557815,-1.8118378683048544,0.28482785178206643,0.0002313878016002394,0.0015793358597843352,5.075909996435131,BH_from_pvalue
aminoglycoside,kanamycin,kanamycin_vs_control,not_regulated,b4044,b4044,996.7233070908136,1.8999739014334676,3.7320644519389936,0.0004032847063996643,0.0021315800345307755,5.07539715979128,BH_from_pvalue
aminoglycoside,kanamycin,kanamycin_vs_control,not_regulated,b3213,b3213,455.74849740010904,-1.4748064307875124,0.3597816643733135,6.523564053931523e-06,0.00036237239294645155,5.074580180134046,BH_from_pvalue
aminoglycoside,kanamycin,kanamycin_vs_control,not_regulated,b3019,b3019,3409.110321183725,1.4454095454484186,2.7234012295436583,4.5953370557226946e-06,0.0003085048668155325,5.0744541883926635,BH_from_pvalue
aminoglycoside,kanamycin,kanamycin_vs_control,upregulated,b2049,b2049,64.35341034897975,2.3065908292104336,4.947126633576558,0.002251628918158422,0.006318045460933614,5.07315566651265,BH_from_pvalue
aminoglycoside,kanamycin,kanamycin_vs_control,upregulated,b0252,b0252,14.242940838169543,2.0382130951551787,4.107364821761928,0.0008020319154430892,0.003255797758126753,5.069734219127744,BH_from_pvalue
aminoglycoside,kanamycin,kanamycin_vs_control,not_regulated,b2270,b2270,57.00804568438486,3.9988709386933405,15.987483207912778,0.038740303371135855,0.0541161132184376,5.065263461218492,BH_from_pvalue
aminoglycoside,kanamycin,kanamycin_vs_control,downregulated,b1465,b1465,182.23447660679426,-2.399173373508707,0.18957316015949308,0.003006993749664097,0.00775097873122585,5.0637995777708555,BH_from_pvalue
aminoglycoside,kanamycin,kanamycin_vs_control,not_regulated,b1245,b1245,2255.306291094862,-1.905205539902111,0.26697831306128705,0.00042920742333465994,0.002203102252395212,5.062065095591751,BH_from_pvalue
aminoglycoside,kanamycin,kanamycin_vs_control,upregulated,b1303,b1303,485.42978534939454,2.1654302992162364,4.486002110676042,0.0013570630265342509,0.004596437871499292,5.061863539624999,BH_from_pvalue
aminoglycoside,kanamycin,kanamycin_vs_control,upregulated,b4064,b4064,588.1962276440241,2.2741557128990495,4.837144757659526,0.002047334138811835,0.00596045887144054,5.059360389877026,BH_from_pvalue
aminoglycoside,kanamycin,kanamycin_vs_control,downregulated,b3804,b3804,434.4080204142909,-2.4647348004306275,0.18115106587063923,0.003655701495901799,0.008858786065369315,5.059178207391714,BH_from_pvalue
aminoglycoside,kanamycin,kanamycin_vs_control,downregulated,b3209,b3209,480.2756839239244,-2.137845326352765,0.2272188883074435,0.0012403208879091837,0.004311409083319558,5.056818219134692,BH_from_pvalue
aminoglycoside,kanamycin,kanamycin_vs_control,not_regulated,b1985,b1985,407.7118002909104,1.7274517174367334,3.3114239309230307,0.00013856600688651443,0.0011853087776199352,5.054814799947559,BH_from_pvalue
aminoglycoside,kanamycin,kanamycin_vs_control,downregulated,b2551,b2551,3956.333499903609,-2.386374450442373,0.1912624477566142,0.0029595755004852985,0.007668301037547737,5.0478998943418825,BH_from_pvalue
aminoglycoside,kanamycin,kanamycin_vs_control,upregulated,b4319,b4319,37.906941270914494,2.5672895672949267,5.926948686898021,0.004926207052542751,0.010819374669110007,5.0467722849195615,BH_from_pvalue
aminoglycoside,kanamycin,kanamycin_vs_control,not_regulated,b0171,b0171,913.8402571551665,-1.4929708982169068,0.35528017737045503,1.2635033659230775e-05,0.00041761151317182293,5.045088370797902,BH_from_pvalue
aminoglycoside,kanamycin,kanamycin_vs_control,downregulated,b2750,b2750,129.60640320997933,-2.4703094693920136,0.18045243682655823,0.0038101913232194812,0.00908226845354596,5.043891869836519,BH_from_pvalue
aminoglycoside,kanamycin,kanamycin_vs_control,downregulated,b2751,b2751,1101.0774015166598,-2.5918595537480726,0.16587178939470223,0.005242582852388911,0.011331637515639271,5.043000122845631,BH_from_pvalue
aminoglycoside,kanamycin,kanamycin_vs_control,upregulated,b0721,b0721,984.9263659560465,2.521531977712371,5.7419150152633165,0.004400262644228485,0.010011320876954844,5.041824921641901,BH_from_pvalue
aminoglycoside,kanamycin,kanamycin_vs_control,upregulated,b1281,b1281,576.3577638642156,2.4143668923271457,5.330854819725744,0.003224632802302281,0.008166890959884944,5.041061038592012,BH_from_pvalue
aminoglycoside,kanamycin,kanamycin_vs_control,upregulated,b4347,b4347,66.26959401197091,2.707241409927186,6.530717079718269,0.006842963957193426,0.013766434885067786,5.0386595473345706,BH_from_pvalue
aminoglycoside,kanamycin,kanamycin_vs_control,upregulated,b3719,b3719,42.324035856762194,2.450550717154568,5.466247248672246,0.0036314302379605785,0.00882928281640361,5.033613914997945,BH_from_pvalue
aminoglycoside,kanamycin,kanamycin_vs_control,not_regulated,b0947,b0947,343.1015154897829,-1.9207169297508226,0.2641232246991233,0.0004931815850403467,0.0024003052405815826,5.031766536121459,BH_from_pvalue
aminoglycoside,kanamycin,kanamycin_vs_control,upregulated,b2355,b2355,5.909342442675052,2.7359357489602867,6.6619094694546375,0.0073403000033251675,0.014487349458076613,5.031416112389183,BH_from_pvalue
aminoglycoside,kanamycin,kanamycin_vs_control,downregulated,b2727,b2727,299.6856058250425,-2.898014093890466,0.13415622520177514,0.010124068976661809,0.018384361024232868,5.029652591991057,BH_from_pvalue
aminoglycoside,kanamycin,kanamycin_vs_control,not_regulated,b2475,b2475,1027.0132507787632,-1.5030547360707178,0.3528055751007146,1.6185820756019685e-05,0.0004506348506738914,5.029484518684631,BH_from_pvalue
aminoglycoside,kanamycin,kanamycin_vs_control,downregulated,b3417,b3417,464.2143934385867,-2.2885044438879296,0.20468759214475388,0.002269777384471217,0.006361033442586626,5.026636667832164,BH_from_pvalue
aminoglycoside,kanamycin,kanamycin_vs_control,downregulated,b2347,b2347,228.88713159344468,-2.3851731676988264,0.19142177176811784,0.0030591252721862945,0.007847712326804786,5.0214023292119006,BH_from_pvalue
aminoglycoside,kanamycin,kanamycin_vs_control,upregulated,b1627,b1627,318.86185776410116,2.8989364534313102,7.458763347178083,0.010247657213679495,0.018556345469859247,5.019530358024264,BH_from_pvalue
aminoglycoside,kanamycin,kanamycin_vs_control,upregulated,b3332,b3332,12.668070824824865,2.6478941341220628,6.2675175643023575,0.006235227795963638,0.012823984739938017,5.009754819914809,BH_from_pvalue
aminoglycoside,kanamycin,kanamycin_vs_control,upregulated,b0615,b0615,25.769557304577702,2.544010794758532,5.832081152813039,0.004890945736461518,0.010765990165047779,5.006475921580018,BH_from_pvalue
aminoglycoside,kanamycin,kanamycin_vs_control,not_regulated,b1711,b1711,351.3630427440207,1.5006352813535502,2.8296728784462424,1.7958713098217255e-05,0.00046236363327178606,5.004643172023674,BH_from_pvalue
aminoglycoside,kanamycin,kanamycin_vs_control,not_regulated,b0983,b0983,50.00047675048774,1.7798227647205467,3.4338398721486487,0.00022409872890610138,0.0015460062616865704,5.002705806597778,BH_from_pvalue
aminoglycoside,kanamycin,kanamycin_vs_control,upregulated,b3769,b3769,3.015742191743595,2.771681251046212,6.829032742364959,0.00820040853126501,0.015702612845308647,5.000190797097423,BH_from_pvalue
aminoglycoside,kanamycin,kanamycin_vs_control,downregulated,b3993,b3993,437.67509484346965,-2.215464548685354,0.21531719649535466,0.0018190940752260093,0.005551075407304335,4.99725251045668,BH_from_pvalue
aminoglycoside,kanamycin,kanamycin_vs_control,upregulated,b0041,b0041,25.592680914008074,2.987958643897888,7.933506421818056,0.012223391423418944,0.021269173935217954,4.9966119812267,BH_from_pvalue
aminoglycoside,kanamycin,kanamycin_vs_control,upregulated,b1885,b1885,57.74326123097112,2.600240552169704,6.063877260873282,0.005687520482472129,0.011982420201479924,4.996246392156359,BH_from_pvalue
aminoglycoside,kanamycin,kanamycin_vs_control,downregulated,b1251,b1251,315.6744668305509,-2.2298858112037747,0.213175595046334,0.0019339954855482216,0.005753380749997289,4.995115659803126,BH_from_pvalue
aminoglycoside,kanamycin,kanamycin_vs_control,not_regulated,b3611,b3611,478.85475261737935,-1.8144597885418001,0.2843106823916677,0.0002932936930552995,0.0017733391401304644,4.991956649397012,BH_from_pvalue
aminoglycoside,kanamycin,kanamycin_vs_control,upregulated,b2923,b2923,128.26789608188898,2.961663652112623,7.79021773623884,0.011755872011323469,0.0206302655750893,4.991869814215712,BH_from_pvalue
aminoglycoside,kanamycin,kanamycin_vs_control,upregulated,b2547,b2547,155.65817285605928,2.4860057046733965,5.602247435790156,0.0042641134297650915,0.009825810556907469,4.990983643752401,BH_from_pvalue
aminoglycoside,kanamycin,kanamycin_vs_control,not_regulated,b2958,b2958,752.0245848376431,1.99192107290974,3.9776630583913057,0.0007634247373848672,0.003150352723630397,4.983071063181706,BH_from_pvalue
aminoglycoside,kanamycin,kanamycin_vs_control,not_regulated,b1889,b1889,49.62735719648572,4.431508922756353,21.578294289366294,0.057023179787732164,0.07515097060803377,4.981305876164804,BH_from_pvalue
aminoglycoside,kanamycin,kanamycin_vs_control,upregulated,b2626,b2626,19.33174651034602,3.7447374491183814,13.405354340465383,0.032417930029746814,0.0467658272205905,4.9807681036999,BH_from_pvalue
aminoglycoside,kanamycin,kanamycin_vs_control,not_regulated,b4352,b4352,196.1724544492682,-1.882417671588816,0.27122880872431404,0.0004447371149921923,0.0022600651422467807,4.980649467293337,BH_from_pvalue
aminoglycoside,kanamycin,kanamycin_vs_control,not_regulated,b1686,b1686,276.9810994514852,-1.9977927228896606,0.2503827847259407,0.000789825373955022,0.0032238062904262153,4.977762403056656,BH_from_pvalue
aminoglycoside,kanamycin,kanamycin_vs_control,not_regulated,b3266,b3266,302.861706247586,1.6032015605778946,3.0381678158872787,5.9065854444647805e-05,0.0007904333546421339,4.9733472590334635,BH_from_pvalue
aminoglycoside,kanamycin,kanamycin_vs_control,upregulated,b1299,b1299,1123.0804119279967,3.1446511781283544,8.843706693329443,0.015860585841186946,0.026218638410017963,4.972919504888491,BH_from_pvalue
aminoglycoside,kanamycin,kanamycin_vs_control,not_regulated,b2154,b2154,1283.7202119607664,-1.627142631476639,0.3237287428168834,7.308518671245124e-05,0.0008837020694424884,4.968795899126026,BH_from_pvalue
aminoglycoside,kanamycin,kanamycin_vs_control,not_regulated,b1663,b1663,1647.3634520812811,1.8574507141060543,3.6236678297113514,0.0003975219631051679,0.0021135387589208575,4.968661683580419,BH_from_pvalue
aminoglycoside,kanamycin,kanamycin_vs_control,upregulated,b1043,b1043,5.389744542676077,2.6495925195540257,6.274900225430246,0.006570676483080193,0.013365241648263531,4.965397811492108,BH_from_pvalue
aminoglycoside,kanamycin,kanamycin_vs_control,upregulated,b1165,b1165,13.372002352433617,3.5251713772138373,11.512836164439063,0.026081869163870137,0.03915762600103067,4.9605635111043815,BH_from_pvalue
aminoglycoside,kanamycin,kanamycin_vs_control,upregulated,b3664,b3664,81.06688795719334,2.519849575107684,5.735222968745114,0.00491684724697653,0.01080409326668316,4.955061624761873,BH_from_pvalue
aminoglycoside,kanamycin,kanamycin_vs_control,not_regulated,b0814,b0814,11319.647850329551,-1.7249975303600138,0.3024990401294948,0.00017896068096127658,0.0013502188814240195,4.950045708052297,BH_from_pvalue
aminoglycoside,kanamycin,kanamycin_vs_control,upregulated,b3722,b3722,42.194190635588576,3.0067679778404286,8.037617805490381,0.01320885305272261,0.022590654384466273,4.949354139339637,BH_from_pvalue
aminoglycoside,kanamycin,kanamycin_vs_control,upregulated,b3220,b3220,127.6780799966835,2.9994518231139455,7.996960839323213,0.01305454172171742,0.02240340658690765,4.948153498143303,BH_from_pvalue
aminoglycoside,kanamycin,kanamycin_vs_control,not_regulated,b3423,b3423,354.3491721823543,1.7667845112327347,3.402946597477539,0.00023493727760938798,0.001588331813056724,4.945333672794414,BH_from_pvalue
aminoglycoside,kanamycin,kanamycin_vs_control,not_regulated,b3492,b3492,498.0107225861423,1.7204536036188838,3.2954000263349683,0.00017701563294195916,0.0013449599948867099,4.939922317142458,BH_from_pvalue
aminoglycoside,kanamycin,kanamycin_vs_control,not_regulated,b2514,b2514,2679.3083703918287,-1.4788563386933582,0.3587731079356527,1.7370396529834902e-05,0.00045960025641880823,4.935860105221158,BH_from_pvalue
aminoglycoside,kanamycin,kanamycin_vs_control,not_regulated,b2600,b2600,938.3983333838738,1.7861563478816365,3.448947929524966,0.00027929162600903354,0.0017279968827904166,4.934180187211761,BH_from_pvalue
aminoglycoside,kanamycin,kanamycin_vs_control,upregulated,b3047,b3047,2.879585182964309,2.716480131482225,6.572672639246807,0.007895408131243734,0.015262620710388823,4.934135429323465,BH_from_pvalue
aminoglycoside,kanamycin,kanamycin_vs_control,upregulated,b2226,b2226,118.32432588261906,2.330508711338834,5.029826761852295,0.0029420372855914765,0.007649296942537839,4.9322384832412505,BH_from_pvalue
aminoglycoside,kanamycin,kanamycin_vs_control,not_regulated,b1839,b1839,323.9793336806603,1.663350808611395,3.1675135887876626,0.00011683737247911341,0.001085815085560025,4.930577868648852,BH_from_pvalue
aminoglycoside,kanamycin,kanamycin_vs_control,not_regulated,b4392,b4392,1295.817959058439,-1.6183618563498694,0.3257050838405834,7.567791506831327e-05,0.0009034698561999609,4.926433208552707,BH_from_pvalue
aminoglycoside,kanamycin,kanamycin_vs_control,upregulated,b3043,b3043,7.155534105817803,3.0789455728616537,8.449966213228409,0.01519121962373166,0.025279358441563083,4.917796405641027,BH_from_pvalue
aminoglycoside,kanamycin,kanamycin_vs_control,not_regulated,b3729,b3729,3068.14609789575,-1.4792666690080551,0.3586710804491537,1.9668515812737943e-05,0.000474456175936222,4.916792317428263,BH_from_pvalue
aminoglycoside,kanamycin,kanamycin_vs_control,upregulated,b0247,b0247,9.49159568854195,3.235943277143324,9.421411885111583,0.018918145412372852,0.030282497531976187,4.914777538400348,BH_from_pvalue
aminoglycoside,kanamycin,kanamycin_vs_control,not_regulated,b0881,b0881,198.78442306304444,-1.607871280694738,0.3280820842927805,7.26166568740724e-05,0.000883101475023985,4.9104218314727435,BH_from_pvalue
aminoglycoside,kanamycin,kanamycin_vs_control,upregulated,b0618,b0618,3.2879686293011345,2.862172631742455,7.2710949329785,0.010833352432610332,0.01933667430233384,4.9046711641216545,BH_from_pvalue
aminoglycoside,kanamycin,kanamycin_vs_control,not_regulated,b3160,b3160,227.31623846498158,-1.9151628618557783,0.2651420025047174,0.0006346218088843098,0.0027903508273329674,4.89197938357619,BH_from_pvalue
aminoglycoside,kanamycin,kanamycin_vs_control,upregulated,b0650,b0650,90.36941575030274,2.136586850163181,4.397205173262636,0.001623445800773762,0.005153323367593777,4.888323986156353,BH_from_pvalue
aminoglycoside,kanamycin,kanamycin_vs_control,upregulated,b3683,b3683,26.196375538042513,2.377793399195859,5.197411902376456,0.0036146190930690094,0.008802683638670495,4.887280662425891,BH_from_pvalue
aminoglycoside,kanamycin,kanamycin_vs_control,not_regulated,b3521,b3521,164.99328099667815,1.9701056067843936,3.917967979200726,0.000837122478902569,0.0033175126961266566,4.884261009646732,BH_from_pvalue
aminoglycoside,kanamycin,kanamycin_vs_control,not_regulated,b3391,b3391,80.39122427203853,1.6390620750015987,3.114632775017892,0.00011146923346089692,0.0010577818820825197,4.877199463286592,BH_from_pvalue
aminoglycoside,kanamycin,kanamycin_vs_control,upregulated,b4104,b4104,6.848016342323842,2.2888875914088613,4.886791634078873,0.0028163132615064367,0.007420425440288206,4.874349081670703,BH_from_pvalue
aminoglycoside,kanamycin,kanamycin_vs_control,upregulated,b2120,b2120,86.65356666244276,2.2449595426085356,4.740238151750806,0.002507522990966194,0.006794480971907193,4.866721430994621,BH_from_pvalue
aminoglycoside,kanamycin,kanamycin_vs_control,upregulated,b2817,b2817,929.6267596958596,2.05807676062995,4.164307952736039,0.0012457859556348277,0.004327061952467533,4.864896020277964,BH_from_pvalue
aminoglycoside,kanamycin,kanamycin_vs_control,upregulated,b0558,b0558,3.4838663711540967,2.9210612759378667,7.5740307367143975,0.012463523728629038,0.021644150557115136,4.86257226802684,BH_from_pvalue
aminoglycoside,kanamycin,kanamycin_vs_control,not_regulated,b0648,b0648,23.585012813188325,3.8507839964424004,14.427845722770776,0.039136922399375315,0.05461926061197337,4.862208521928317,BH_from_pvalue
aminoglycoside,kanamycin,kanamycin_vs_control,not_regulated,b1858,b1858,920.0090448985052,-1.4530233504276673,0.3652551828300382,1.623006798781023e-05,0.0004506348506738914,4.86207073560586,BH_from_pvalue
aminoglycoside,kanamycin,kanamycin_vs_control,upregulated,b2983,b2983,36.206720783116815,2.9537838963192002,7.747784873353377,0.013216404418154758,0.022594977982843066,4.861893076914482,BH_from_pvalue
aminoglycoside,kanamycin,kanamycin_vs_control,not_regulated,b4399,b4399,324.5109146318609,1.686764435724192,3.2193388516223447,0.00016907247015778427,0.0013124177723114264,4.861133483283317,BH_from_pvalue
aminoglycoside,kanamycin,kanamycin_vs_control,not_regulated,b1913,b1913,887.3105616865952,-1.9838635578048098,0.2528119286497806,0.000929341934536915,0.003545530128538629,4.8610982116200905,BH_from_pvalue
aminoglycoside,kanamycin,kanamycin_vs_control,upregulated,b0797,b0797,756.9886412603627,2.1306682930224294,4.3792028933939715,0.0016700597770977123,0.0052350614064612605,4.860221036721338,BH_from_pvalue
aminoglycoside,kanamycin,kanamycin_vs_control,downregulated,b3828,b3828,723.5673726613257,-3.0684234201327465,0.11920995146045271,0.015751924191411006,0.026077348182910087,4.859574395881552,BH_from_pvalue
aminoglycoside,kanamycin,kanamycin_vs_control,downregulated,b0656,b0656,2.8321527220322653,-2.3526873944341222,0.19578099161997226,0.0034924682788336696,0.008610956088852137,4.858178601195416,BH_from_pvalue
aminoglycoside,kanamycin,kanamycin_vs_control,upregulated,b2083,b2083,23.730754999039352,2.235456593342627,4.7091170845160475,0.00248212150597006,0.00674597131954884,4.853076807661238,BH_from_pvalue
aminoglycoside,kanamycin,kanamycin_vs_control,upregulated,b1157,b1157,5.948267813970333,2.7995350679868944,6.962160475006548,0.010207929641887842,0.018499301985983686,4.8511593875807755,BH_from_pvalue
aminoglycoside,kanamycin,kanamycin_vs_control,upregulated,b4332,b4332,130.0095992909754,2.5992859810585607,6.059866373373864,0.0067425465123325205,0.013606089821656203,4.850960782727477,BH_from_pvalue
aminoglycoside,kanamycin,kanamycin_vs_control,upregulated,b1422,b1422,1214.9054783505067,2.183257169744813,4.541777937794421,0.0020760848875521574,0.006002946675203555,4.850401665613251,BH_from_pvalue
aminoglycoside,kanamycin,kanamycin_vs_control,not_regulated,b0179,b0179,2738.6794605498144,-1.426977301904385,0.3719092918564792,1.08833718330505e-05,0.00040457360747984424,4.841737484330424,BH_from_pvalue
aminoglycoside,kanamycin,kanamycin_vs_control,not_regulated,b0367,b0367,27.799234727049527,1.828906156538665,3.552676083757624,0.0004456788034816867,0.0022600651422467807,4.83906447106684,BH_from_pvalue
aminoglycoside,kanamycin,kanamycin_vs_control,not_regulated,b2493,b2493,1275.6102283125026,1.6470783979342833,3.1319873766898128,0.00012825591157259272,0.0011538367562490335,4.838878545103719,BH_from_pvalue
aminoglycoside,kanamycin,kanamycin_vs_control,not_regulated,b2086,b2086,440.34193120672927,-1.6031485853627405,0.32915782830223367,8.489091035745826e-05,0.0009596774016890159,4.838101607029792,BH_from_pvalue
aminoglycoside,kanamycin,kanamycin_vs_control,upregulated,b4110,b4110,58.86480925253104,2.4340983326288903,5.404264674781735,0.004586997049439192,0.01030061506851957,4.836886473828978,BH_from_pvalue
aminoglycoside,kanamycin,kanamycin_vs_control,upregulated,b4661,b4661,325.77867552458946,2.4245047858313447,5.368446941556977,0.004479647059123821,0.010137711591149718,4.83460817865256,BH_from_pvalue
aminoglycoside,kanamycin,kanamycin_vs_control,upregulated,b0249,b0249,9.86019361564634,3.320392441163371,9.98936132259871,0.022681805247877326,0.035011242280354224,4.833802343780609,BH_from_pvalue
aminoglycoside,kanamycin,kanamycin_vs_control,upregulated,b2702,b2702,79.88943130541941,2.1052668645762234,4.30277339987819,0.00159014007477328,0.005084358035450658,4.828985080050948,BH_from_pvalue
aminoglycoside,kanamycin,kanamycin_vs_control,not_regulated,b3349,b3349,2999.8158438557293,-1.5351308813920728,0.3450480341481314,4.91869287401562e-05,0.0007190424681245807,4.825293171193642,BH_from_pvalue
aminoglycoside,kanamycin,kanamycin_vs_control,downregulated,b0711,b0711,896.6845662621148,-2.089637150065979,0.23493976920089432,0.0015184152878201871,0.004917085647671131,4.823493190616525,BH_from_pvalue
aminoglycoside,kanamycin,kanamycin_vs_control,not_regulated,b2921,b2921,71.43896431228309,1.8523508388233445,3.6108809077279203,0.0005300730966493134,0.0024902879723117475,4.823059291220313,BH_from_pvalue
aminoglycoside,kanamycin,kanamycin_vs_control,not_regulated,b1330,b1330,250.33186712188902,1.6179283408360288,3.0693397330444228,0.00010574699078319645,0.001047687146570083,4.821051717841333,BH_from_pvalue
aminoglycoside,kanamycin,kanamycin_vs_control,not_regulated,b0635,b0635,767.8061378923359,1.4836738424735678,2.796599852217818,3.034851866604863e-05,0.0005692497518063632,4.814072288301072,BH_from_pvalue
aminoglycoside,kanamycin,kanamycin_vs_control,upregulated,b4257,b4257,15.134384022870448,3.4783892336617406,11.145498453047665,0.028097362213476668,0.041600373678807784,4.803317321882402,BH_from_pvalue
aminoglycoside,kanamycin,kanamycin_vs_control,upregulated,b0693,b0693,58.662958124415276,2.2578177381111075,4.782674932977584,0.0029447588584568868,0.007651949939537306,4.778056845055202,BH_from_pvalue
aminoglycoside,kanamycin,kanamycin_vs_control,not_regulated,b0345,b0345,636.6747139391351,1.728033723753562,3.312760081938237,0.00027563683859749185,0.001719576282956336,4.777284972356414,BH_from_pvalue
aminoglycoside,kanamycin,kanamycin_vs_control,not_regulated,b2935,b2935,2636.9835278470687,-1.786599371000598,0.2898544678974514,0.0004064600753221787,0.0021333225423560793,4.7719059369159815,BH_from_pvalue
aminoglycoside,kanamycin,kanamycin_vs_control,not_regulated,b4000,b4000,1396.246842499626,-1.7212223664511725,0.30329163930656816,0.0002678856374999086,0.0017058138131936429,4.764461195678277,BH_from_pvalue
aminoglycoside,kanamycin,kanamycin_vs_control,not_regulated,b0756,b0756,1242.2055633340622,-1.3291463428712262,0.3980036749837753,1.788945358342435e-06,0.00026155845178063965,4.76157538386778,BH_from_pvalue
aminoglycoside,kanamycin,kanamycin_vs_control,upregulated,b3578,b3578,19.985278133190235,3.2689393999523872,9.63937361195492,0.0228588999320172,0.03520004515378753,4.751262132370007,BH_from_pvalue
aminoglycoside,kanamycin,kanamycin_vs_control,not_regulated,b1879,b1879,211.82962388328284,1.5857670063400695,3.0016733889360934,9.940859799331821e-05,0.001017354347769865,4.745451778757588,BH_from_pvalue
aminoglycoside,kanamycin,kanamycin_vs_control,not_regulated,b4155,b4155,317.19794155921534,1.534698181241425,2.8972781211509413,6.25563596936833e-05,0.0008217984872819447,4.734904025237164,BH_from_pvalue
aminoglycoside,kanamycin,kanamycin_vs_control,not_regulated,b0413,b0413,796.3695292142801,-1.5299050768201976,0.34630015135096553,6.064450053763851e-05,0.0008060065575510279,4.733008319801636,BH_from_pvalue
aminoglycoside,kanamycin,kanamycin_vs_control,upregulated,b0559,b0559,25.0246966839377,2.8557181150452426,7.238637223757352,0.012812157028026789,0.022097040763828412,4.728115054965545,BH_from_pvalue
aminoglycoside,kanamycin,kanamycin_vs_control,not_regulated,b1822,b1822,515.0576811163044,1.6439259775172674,3.1251511698343193,0.0001799127427424475,0.001353256717149714,4.715798622858885,BH_from_pvalue
aminoglycoside,kanamycin,kanamycin_vs_control,not_regulated,b4485,b4485,483.9922854502883,-1.7661861539641803,0.2939848766406622,0.0004134311348371416,0.0021548241535312433,4.709691095471958,BH_from_pvalue
aminoglycoside,kanamycin,kanamycin_vs_control,not_regulated,b1190,b1190,4348.615204375461,-1.6060777898520637,0.3284901941787805,0.00013239935430138904,0.0011685154129701034,4.709607189285355,BH_from_pvalue
aminoglycoside,kanamycin,kanamycin_vs_control,downregulated,b3938,b3938,1435.3747810932803,-2.429370431741365,0.18564644169202862,0.005389164904895111,0.011554081859970549,4.706333240120178,BH_from_pvalue
aminoglycoside,kanamycin,kanamycin_vs_control,upregulated,b4541,b4541,4.32110948005497,3.1387651550275115,8.807698932086677,0.0200393773084216,0.03169378309890308,4.70509031965677,BH_from_pvalue
aminoglycoside,kanamycin,kanamycin_vs_control,not_regulated,b0468,b0468,177.16122313183686,-1.723007543341767,0.30291658125982557,0.0003219567017141244,0.0018610055170543629,4.704245375973384,BH_from_pvalue
aminoglycoside,kanamycin,kanamycin_vs_control,upregulated,b0719,b0719,19.28713444189968,3.1655344774387144,8.972652120716432,0.02079727277009872,0.03268558103420826,4.702856639726658,BH_from_pvalue
aminoglycoside,kanamycin,kanamycin_vs_control,upregulated,b2059,b2059,29.984635719284437,3.001925683870661,8.010685388512295,0.01663635929057347,0.02724075139752438,4.697356024961928,BH_from_pvalue
aminoglycoside,kanamycin,kanamycin_vs_control,upregulated,b0818,b0818,679.0673105187471,2.347488776319386,5.089375984604017,0.004384014463674717,0.009984454206384242,4.696563681709776,BH_from_pvalue
aminoglycoside,kanamycin,kanamycin_vs_control,not_regulated,b3281,b3281,483.5439916130089,-1.5498778965759623,0.3415389693360366,8.013354989922076e-05,0.0009337842161831477,4.695747937167382,BH_from_pvalue
aminoglycoside,kanamycin,kanamycin_vs_control,downregulated,b0699,b0699,2609.2946862998033,-2.2869341991056853,0.20491049760346902,0.003650554736678506,0.008856631718220022,4.694461672348368,BH_from_pvalue
aminoglycoside,kanamycin,kanamycin_vs_control,not_regulated,b2536,b2536,749.1724731720045,1.90030217168386,3.7329137410058255,0.0008695826077951428,0.003410098142861859,4.688488459411119,BH_from_pvalue
aminoglycoside,kanamycin,kanamycin_vs_control,not_regulated,b2249,b2249,867.2989164991467,-1.433148256020882,0.3703218920711238,2.714982581649571e-05,0.0005355606023955531,4.688102219379196,BH_from_pvalue
aminoglycoside,kanamycin,kanamycin_vs_control,not_regulated,b2847,b2847,20.538170641479052,-3.641340232027705,0.08013963604378532,0.036622522061725025,0.05167129994781655,4.685496773248203,BH_from_pvalue
aminoglycoside,kanamycin,kanamycin_vs_control,downregulated,b2025,b2025,184.11958642622866,-2.6470751265273487,0.15964340645363062,0.00914163517413762,0.017012245386461948,4.683306859895704,BH_from_pvalue
aminoglycoside,kanamycin,kanamycin_vs_control,not_regulated,b3123,b3123,470933.35202136915,1.9221353158870578,3.789835728918873,0.0009885152880005415,0.003677702039227821,4.6792913051879275,BH_from_pvalue
aminoglycoside,kanamycin,kanamycin_vs_control,not_regulated,b4476,b4476,163.9933833903565,1.827850075809808,3.5500764076374276,0.0006244109429674413,0.0027589395102824666,4.677939602713009,BH_from_pvalue
aminoglycoside,kanamycin,kanamycin_vs_control,not_regulated,b2190,b2190,708.0212344240108,1.5980955238638543,3.0274340320586157,0.00013883524365746508,0.0011853087776199352,4.676296781101097,BH_from_pvalue
aminoglycoside,kanamycin,kanamycin_vs_control,downregulated,b2728,b2728,9.137185739714948,-2.5026440029341055,0.17645301631180918,0.006714606994260345,0.013555790960584844,4.67462650958267,BH_from_pvalue
aminoglycoside,kanamycin,kanamycin_vs_control,upregulated,b3079,b3079,13.476149136358432,3.411998920191583,10.644224361800775,0.029094533927557294,0.042739129198612905,4.67162133806218,BH_from_pvalue
aminoglycoside,kanamycin,kanamycin_vs_control,upregulated,b4703,b4703,111.40429604582316,2.3304995019579335,5.02979465427491,0.00432093626921179,0.009900953305611122,4.6710737245553124,BH_from_pvalue
aminoglycoside,kanamycin,kanamycin_vs_control,not_regulated,b4230,b4230,235.44627498710238,-1.9717108741854146,0.2549505094313926,0.001232002600058713,0.0042924459295616505,4.667621622762687,BH_from_pvalue
aminoglycoside,kanamycin,kanamycin_vs_control,not_regulated,b0529,b0529,977.894430256089,-1.4038086009525141,0.37793011787660896,1.962213224189316e-05,0.000474456175936222,4.665984496853052,BH_from_pvalue
aminoglycoside,kanamycin,kanamycin_vs_control,not_regulated,b1864,b1864,905.9417263583068,-1.5456354611003675,0.3425447879694549,8.491587502717392e-05,0.0009596774016890159,4.664534202573559,BH_from_pvalue
aminoglycoside,kanamycin,kanamycin_vs_control,not_regulated,b2827,b2827,346.1961477392331,-1.5549267571926793,0.34034580737767056,9.560303442140309e-05,0.0010046452999052933,4.661650582178348,BH_from_pvalue
aminoglycoside,kanamycin,kanamycin_vs_control,downregulated,b4244,b4244,310.6386403881263,-2.8651598723610334,0.13724639191126703,0.01399573396643007,0.023604353723660463,4.661637706560833,BH_from_pvalue
aminoglycoside,kanamycin,kanamycin_vs_control,not_regulated,b2301,b2301,345.2217948358,-1.7032275320422494,0.30709830783704467,0.0003106356097085831,0.001833646945497647,4.661196013313838,BH_from_pvalue
aminoglycoside,kanamycin,kanamycin_vs_control,upregulated,b0512,b0512,75.43753295773149,2.4273561649971818,5.379067768788436,0.005725373921521442,0.012022750653129527,4.66051451547118,BH_from_pvalue
aminoglycoside,kanamycin,kanamycin_vs_control,upregulated,b0501,b0501,7.113242114349288,3.266595828768006,9.623727741536332,0.024762318923231365,0.03751462125857012,4.657510482970908,BH_from_pvalue
aminoglycoside,kanamycin,kanamycin_vs_control,upregulated,b2734,b2734,18.705942086319805,2.4129894713172306,5.325767585741789,0.0055549181912927376,0.011796988680091942,4.65279588272961,BH_from_pvalue
aminoglycoside,kanamycin,kanamycin_vs_control,downregulated,b3616,b3616,2815.606829310456,-2.002843110286996,0.24950781166569588,0.0014367347238484628,0.004752700406012443,4.652723837100026,BH_from_pvalue
aminoglycoside,kanamycin,kanamycin_vs_control,not_regulated,b0103,b0103,199.8905599621854,-1.3214583102110486,0.4001302731788144,4.028631763675983e-06,0.0003023658628582782,4.650829234855038,BH_from_pvalue
aminoglycoside,kanamycin,kanamycin_vs_control,upregulated,b0295,b0295,23.870022536581512,2.0756073787364513,4.215218389303883,0.0019590386300418223,0.0057782004970020435,4.645639779440018,BH_from_pvalue
aminoglycoside,kanamycin,kanamycin_vs_control,upregulated,b3143,b3143,2.1322201635612115,2.37692841415125,5.194296665969755,0.005121394147822482,0.011129648187302997,4.643373781566726,BH_from_pvalue
aminoglycoside,kanamycin,kanamycin_vs_control,not_regulated,b2074,b2074,423.5674508434506,1.6631787119188255,3.167135763893976,0.00024267755454645805,0.00162109296030017,4.640588069890079,BH_from_pvalue
aminoglycoside,kanamycin,kanamycin_vs_control,not_regulated,b3155,b3155,120.65874823236423,1.7721053297396994,3.415520212218808,0.0004988682937113832,0.002407628310207942,4.6400993064226315,BH_from_pvalue
aminoglycoside,kanamycin,kanamycin_vs_control,not_regulated,b3256,b3256,1910.2577065794992,-1.5583160641690572,0.3395471753368205,0.00011093743871274739,0.0010559865504379548,4.638080948233142,BH_from_pvalue
aminoglycoside,kanamycin,kanamycin_vs_control,not_regulated,b3628,b3628,284.16215003422434,-1.5998686226816785,0.32990701891802493,0.0001580558341041001,0.001266167218050551,4.635633628814367,BH_from_pvalue
aminoglycoside,kanamycin,kanamycin_vs_control,upregulated,b4087,b4087,37.41510467752989,2.69482559483905,6.474754962003356,0.010656686040304082,0.019066735803217088,4.634355311193579,BH_from_pvalue
aminoglycoside,kanamycin,kanamycin_vs_control,not_regulated,b4520,b4520,12.11849371777646,1.8820845818816792,3.686072844406449,0.0008898886753103009,0.0034595672096333044,4.631769179004927,BH_from_pvalue
aminoglycoside,kanamycin,kanamycin_vs_control,upregulated,b4341,b4341,4.571144121671282,2.883973554390138,7.381804626344752,0.014848059514735371,0.02485474358489413,4.627597181683828,BH_from_pvalue
aminoglycoside,kanamycin,kanamycin_vs_control,upregulated,b0591,b0591,418.0185663053533,2.2440199846943694,4.737152067575318,0.003550157302591858,0.00872124934301375,4.621382546764902,BH_from_pvalue
aminoglycoside,kanamycin,kanamycin_vs_control,not_regulated,b4171,b4171,3495.5438783612813,-1.6605804423259887,0.3163118605169142,0.0002584420324819289,0.0016750320779592449,4.609732901202493,BH_from_pvalue
aminoglycoside,kanamycin,kanamycin_vs_control,upregulated,b1022,b1022,33.16576596186544,3.070488210503146,8.400575757440773,0.019930543636855917,0.03154383718458055,4.609065261824588,BH_from_pvalue
aminoglycoside,kanamycin,kanamycin_vs_control,upregulated,b0536,b0536,26.092252724578,3.217047827893034,9.298821127407036,0.02429560860229427,0.03704462626885411,4.6044794295638285,BH_from_pvalue
aminoglycoside,kanamycin,kanamycin_vs_control,not_regulated,b3384,b3384,957.5457506898019,-1.8508533899374946,0.2772283320643309,0.0008076725720327536,0.003261141139141226,4.602388314482512,BH_from_pvalue
aminoglycoside,kanamycin,kanamycin_vs_control,upregulated,b0347,b0347,90.34406974460903,2.556550426406906,5.882993435404894,0.008314477489354788,0.01587373503697701,4.600054545561215,BH_from_pvalue
aminoglycoside,kanamycin,kanamycin_vs_control,not_regulated,b2782,b2782,133.17416507013434,1.8666226152058298,3.646778601263044,0.0008912619482804912,0.0034619138543744814,4.593167923982295,BH_from_pvalue
aminoglycoside,kanamycin,kanamycin_vs_control,not_regulated,b1605,b1605,174.91980574451668,1.5413883383113545,2.9107447633136987,0.00010843176250821296,0.0010500112797099121,4.591496885228948,BH_from_pvalue
aminoglycoside,kanamycin,kanamycin_vs_control,not_regulated,b1618,b1618,1263.8088072468076,-1.703195736228233,0.3071050761061555,0.00037278641096305173,0.002037415888835731,4.583164000750979,BH_from_pvalue
aminoglycoside,kanamycin,kanamycin_vs_control,upregulated,b0310,b0310,19.183610216824466,3.066654924403461,8.378284790450397,0.020325218577343526,0.03208013308950149,4.580858231676047,BH_from_pvalue
aminoglycoside,kanamycin,kanamycin_vs_control,not_regulated,b2992,b2992,138.63636459996096,1.5609812818254722,2.95054463222383,0.00013073337404849398,0.0011657389384997071,4.578980457837679,BH_from_pvalue
aminoglycoside,kanamycin,kanamycin_vs_control,not_regulated,b1089,b1089,1109.500592593363,-1.516898955291163,0.34943621621821086,8.560544331754246e-05,0.0009597616568889081,4.577753192465877,BH_from_pvalue
aminoglycoside,kanamycin,kanamycin_vs_control,upregulated,b4111,b4111,4083.3840121515254,2.0091494274074773,4.025448208947477,0.0016988923135069322,0.005270081121485642,4.577209466657973,BH_from_pvalue
aminoglycoside,kanamycin,kanamycin_vs_control,not_regulated,b1759,b1759,71.36294075564513,1.9518342648277693,3.8686608655486934,0.0013285136961246106,0.0045201623337129335,4.576750706052288,BH_from_pvalue
aminoglycoside,kanamycin,kanamycin_vs_control,not_regulated,b2572,b2572,11578.69039230704,1.6022804101507688,3.0362285867043606,0.0001897137787232425,0.0013943342756489294,4.575524969316588,BH_from_pvalue
aminoglycoside,kanamycin,kanamycin_vs_control,not_regulated,b2890,b2890,1927.2470717575409,-1.7932243622699477,0.28852648038427,0.000643340183777097,0.0028092503549787496,4.575249773205701,BH_from_pvalue
aminoglycoside,kanamycin,kanamycin_vs_control,not_regulated,b2688,b2688,1870.3642779243055,-1.6743052061681922,0.31331696501883094,0.00031662547716174443,0.0018519914125793581,4.574806300022744,BH_from_pvalue
aminoglycoside,kanamycin,kanamycin_vs_control,upregulated,b4642,b4642,58.11451230003866,2.239707804699992,4.723013976284137,0.0038012925617621003,0.009075485107646459,4.573774838599998,BH_from_pvalue
aminoglycoside,kanamycin,kanamycin_vs_control,downregulated,b4217,b4217,10121.36971828321,-2.200837029520793,0.2175114074279246,0.0033281603923556464,0.00836783982382096,4.571989445486567,BH_from_pvalue
aminoglycoside,kanamycin,kanamycin_vs_control,not_regulated,b0425,b0425,547.2761271100795,-1.7304877658345017,0.30135005519871255,0.00045962169829732107,0.00229199379040061,4.568118352236556,BH_from_pvalue
aminoglycoside,kanamycin,kanamycin_vs_control,not_regulated,b2107,b2107,250.1359564616513,1.6941188367801532,3.2357919191126525,0.00036631990633779105,0.0020118521840139,4.568028691385826,BH_from_pvalue
aminoglycoside,kanamycin,kanamycin_vs_control,downregulated,b3116,b3116,543.4545937896945,-2.7599453328605987,0.14762967661155946,0.012886461046379243,0.022171225993467943,4.565529972801175,BH_from_pvalue
aminoglycoside,kanamycin,kanamycin_vs_control,downregulated,b2877,b2877,301.5162402752203,-2.2190126941709645,0.21478829882153028,0.0035941696675096,0.008767123191137842,4.564826188671742,BH_from_pvalue
aminoglycoside,kanamycin,kanamycin_vs_control,not_regulated,b1411,b1411,204.0614417204322,1.6993172198447004,3.247472299754043,0.0003873685661994144,0.0020738558552080085,4.55964438547741,BH_from_pvalue
aminoglycoside,kanamycin,kanamycin_vs_control,upregulated,b2647,b2647,375.3874231332311,2.7334929077513648,6.650638746022134,0.012370614081707506,0.021492090436276694,4.558704456738536,BH_from_pvalue
aminoglycoside,kanamycin,kanamycin_vs_control,not_regulated,b2303,b2303,223.613359598006,-1.526271717237627,0.3471733911340382,0.00010246391859271104,0.0010360763966891868,4.555323113278061,BH_from_pvalue
aminoglycoside,kanamycin,kanamycin_vs_control,not_regulated,b2104,b2104,394.57956863790304,1.4671654768683302,2.7647815148262294,5.891749332474044e-05,0.0007904333546421339,4.5513449976317615,BH_from_pvalue
aminoglycoside,kanamycin,kanamycin_vs_control,not_regulated,b3589,b3589,22.335973018048318,3.7722420629749607,13.663375751116252,0.04561658266508368,0.06217678449319588,4.550726226838424,BH_from_pvalue
aminoglycoside,kanamycin,kanamycin_vs_control,upregulated,b3215,b3215,3.5140617603003164,2.48844971704505,5.611746023994896,0.007603529945858088,0.014869859868030296,4.5481224377694565,BH_from_pvalue
aminoglycoside,kanamycin,kanamycin_vs_control,not_regulated,b2575,b2575,362.56549172768024,1.8614034534804649,3.6336096773629527,0.0009541921105812735,0.0036066858095752676,4.547207026148819,BH_from_pvalue
aminoglycoside,kanamycin,kanamycin_vs_control,not_regulated,b1694,b1694,42.570073521978,3.617841004403202,12.276615720169463,0.03991197883275079,0.05554581707602508,4.5416517860575984,BH_from_pvalue
aminoglycoside,kanamycin,kanamycin_vs_control,not_regulated,b0111,b0111,501.13710895251194,-1.477824725871475,0.3590297438056396,6.767423545963378e-05,0.0008479072732519019,4.539362741955106,BH_from_pvalue
aminoglycoside,kanamycin,kanamycin_vs_control,not_regulated,b2818,b2818,307.78077352965374,1.7422775348112074,3.3456291447027033,0.0005258113801753351,0.002481741435497017,4.539057167355784,BH_from_pvalue
aminoglycoside,kanamycin,kanamycin_vs_control,upregulated,b3214,b3214,24.421898024797812,2.493755624150958,5.6324227595871585,0.007801665870015051,0.01515848513318691,4.536999825673994,BH_from_pvalue
aminoglycoside,kanamycin,kanamycin_vs_control,not_regulated,b0050,b0050,166.86684832931175,-1.9030751301693245,0.267372847829467,0.001171778700230201,0.004137096227343362,4.5356072883609295,BH_from_pvalue
aminoglycoside,kanamycin,kanamycin_vs_control,not_regulated,b4323,b4323,1089.4207651978315,1.7450589996798378,3.352085620957993,0.0005383361393145309,0.0025170851919301043,4.5355864850433125,BH_from_pvalue
aminoglycoside,kanamycin,kanamycin_vs_control,upregulated,b2725,b2725,5.4333437128923405,2.6009857222188173,6.067010138405241,0.00986573403373761,0.01804008387026534,4.535498628444709,BH_from_pvalue
aminoglycoside,kanamycin,kanamycin_vs_control,not_regulated,b4259,b4259,249.53974141812077,-1.689890719789764,0.30995040199224316,0.0003877529511404925,0.0020738558552080085,4.534350998493359,BH_from_pvalue
aminoglycoside,kanamycin,kanamycin_vs_control,not_regulated,b3093,b3093,1124.0110663463427,1.9095916048843122,3.7570273148217903,0.0012040415712383412,0.004224476589259016,4.533804123490031,BH_from_pvalue
aminoglycoside,kanamycin,kanamycin_vs_control,upregulated,b2082,b2082,78.2785443231259,2.3343902964854406,5.043377781450786,0.005330044509030758,0.01146010525890074,4.530611284149072,BH_from_pvalue
aminoglycoside,kanamycin,kanamycin_vs_control,not_regulated,b3609,b3609,1001.7563985668999,-1.5182369216108142,0.3491122966477615,0.00010364413463346204,0.0010406056196011434,4.528466268019918,BH_from_pvalue
aminoglycoside,kanamycin,kanamycin_vs_control,downregulated,b0339,b0339,110.76038776057896,-2.309284981977312,0.20176041005714407,0.005006036602336195,0.010941279221238194,4.528350584205433,BH_from_pvalue
aminoglycoside,kanamycin,kanamycin_vs_control,not_regulated,b0504,b0504,21.7370154371441,1.728002908161042,3.3126893229963503,0.00049846562566043,0.002407628310207942,4.524621060099234,BH_from_pvalue
aminoglycoside,kanamycin,kanamycin_vs_control,downregulated,b3085,b3085,78.87946895957207,-2.1198509509646097,0.23007068070194273,0.00277446941094321,0.00735823314293783,4.522122131002149,BH_from_pvalue
aminoglycoside,kanamycin,kanamycin_vs_control,upregulated,b3138,b3138,2.08901282442083,2.3502708256393965,5.09919965153755,0.005637759939054382,0.011916656111779422,4.521558170845993,BH_from_pvalue
aminoglycoside,kanamycin,kanamycin_vs_control,upregulated,b1156,b1156,7.419482308197179,2.441682874569765,5.432750809000787,0.007079219054439305,0.014120765989741903,4.517459412024015,BH_from_pvalue
aminoglycoside,kanamycin,kanamycin_vs_control,not_regulated,b3449,b3449,530.1637511490687,-1.68296702114342,0.31144147311437415,0.00038761079380265196,0.0020738558552080085,4.51577318189098,BH_from_pvalue
aminoglycoside,kanamycin,kanamycin_vs_control,downregulated,b0894,b0894,1228.0529485193615,-2.624563441667604,0.16215400457657964,0.010633148452677613,0.0190397698010127,4.515137027134602,BH_from_pvalue
aminoglycoside,kanamycin,kanamycin_vs_control,upregulated,b3658,b3658,10.063485737280175,2.7136312494914687,6.559706424976216,0.012508040895538648,0.021705697510853716,4.513925462946244,BH_from_pvalue
aminoglycoside,kanamycin,kanamycin_vs_control,upregulated,b2274,b2274,3.627401949338307,2.514292527984466,5.71317423277787,0.008445382056689675,0.016030925375276034,4.513259198403725,BH_from_pvalue
aminoglycoside,kanamycin,kanamycin_vs_control,upregulated,b1044,b1044,25.811274089106675,2.198948697518718,4.5914463799019805,0.003692435284876434,0.008905401561058552,4.508606749400564,BH_from_pvalue
aminoglycoside,kanamycin,kanamycin_vs_control,upregulated,b2888,b2888,15.555380371338009,2.559807931271573,5.896291832388497,0.009364327317752705,0.017339899549209073,4.507702538127909,BH_from_pvalue
aminoglycoside,kanamycin,kanamycin_vs_control,not_regulated,b1047,b1047,127.3321989150585,1.9295234573003892,3.8092935204907112,0.001368958798067763,0.004614656501036453,4.507097860825864,BH_from_pvalue
aminoglycoside,kanamycin,kanamycin_vs_control,not_regulated,b2079,b2079,332.11674361295087,-1.3241323361599013,0.3993893211864344,1.0084892351990613e-05,0.0003952480765455085,4.506194788144785,BH_from_pvalue
aminoglycoside,kanamycin,kanamycin_vs_control,downregulated,b2137,b2137,391.17022612312917,-2.008343318748371,0.24855838558579885,0.0019132138537868472,0.005718223626301854,4.504189614031683,BH_from_pvalue
aminoglycoside,kanamycin,kanamycin_vs_control,not_regulated,b0080,b0080,2002.5434557522256,-1.535347016204371,0.3449963452575779,0.0001323115997376746,0.0011685154129701034,4.5021987049767755,BH_from_pvalue
aminoglycoside,kanamycin,kanamycin_vs_control,not_regulated,b0882,b0882,15724.91770485774,-1.4320495929063934,0.3706040126508983,4.914749470961882e-05,0.0007190424681245807,4.501283379301015,BH_from_pvalue
aminoglycoside,kanamycin,kanamycin_vs_control,upregulated,b1798,b1798,161.96758231277627,2.695387246968509,6.477276123975293,0.012310048740895311,0.02140340132839084,4.499995383273365,BH_from_pvalue
aminoglycoside,kanamycin,kanamycin_vs_control,not_regulated,b2911,b2911,13096.815685554096,1.8827652485293829,3.687812351884382,0.0011569774743291942,0.004101265378355848,4.494315276258202,BH_from_pvalue
aminoglycoside,kanamycin,kanamycin_vs_control,not_regulated,b0387,b0387,592.8713080816907,-1.599439843776798,0.3300050841288836,0.00022548915788330663,0.0015508413335766256,4.493518490889727,BH_from_pvalue
aminoglycoside,kanamycin,kanamycin_vs_control,not_regulated,b2550,b2550,315.9903036825203,1.6371808100559297,3.1105739610548886,0.0003030079566902158,0.0018052050187981332,4.491562114269409,BH_from_pvalue
aminoglycoside,kanamycin,kanamycin_vs_control,downregulated,b4452,b4452,35.91276172542478,-2.9620528962956576,0.12833148786523507,0.01918154693011849,0.030624069566686243,4.48436176399693,BH_from_pvalue
aminoglycoside,kanamycin,kanamycin_vs_control,upregulated,b2069,b2069,421.9026624632259,2.132291764379479,4.384133604282837,0.003090994712620988,0.007899598987141593,4.482919447047103,BH_from_pvalue
aminoglycoside,kanamycin,kanamycin_vs_control,not_regulated,b1175,b1175,1420.53908624611,-1.2626429663951821,0.41677973414801234,2.152721543016518e-06,0.0002847923970731853,4.476664789622439,BH_from_pvalue
aminoglycoside,kanamycin,kanamycin_vs_control,not_regulated,b2217,b2217,1824.1554646711083,-1.321292169691084,0.4001763547675711,1.131875995447985e-05,0.00040971651359822457,4.475899067746807,BH_from_pvalue
aminoglycoside,kanamycin,kanamycin_vs_control,upregulated,b4657,b4657,7.138929573296529,2.773385168390077,6.837103042192755,0.014484993514285796,0.024329163863800417,4.475890932931428,BH_from_pvalue
aminoglycoside,kanamycin,kanamycin_vs_control,not_regulated,b0887,b0887,854.1307964878761,-1.269751482201496,0.4147312081081294,3.6583215674355373e-06,0.0003023658628582782,4.4688487474720935,BH_from_pvalue
aminoglycoside,kanamycin,kanamycin_vs_control,not_regulated,b1094,b1094,9686.658753544349,-1.63412243697959,0.32216631522159206,0.0003265439612628167,0.001867133270073543,4.459233640055354,BH_from_pvalue
aminoglycoside,kanamycin,kanamycin_vs_control,not_regulated,b0928,b0928,1540.8313424198402,-1.8834504309400213,0.27103471791226996,0.0012298152059343013,0.004291473077030634,4.458868510662511,BH_from_pvalue
aminoglycoside,kanamycin,kanamycin_vs_control,downregulated,b0828,b0828,958.2431262766175,-2.14908576357311,0.22545544159739628,0.0034233614647338623,0.008493259717800834,4.450596714273851,BH_from_pvalue
aminoglycoside,kanamycin,kanamycin_vs_control,downregulated,b1853,b1853,544.1159346326137,-2.103051862003647,0.23276533735843774,0.0029879165026361473,0.007723935878653673,4.441984839432819,BH_from_pvalue
aminoglycoside,kanamycin,kanamycin_vs_control,not_regulated,b2174,b2174,49.248479082735706,1.6456437733129707,3.128874457623958,0.00036308573093330864,0.0020035538476260908,4.44027435216218,BH_from_pvalue
aminoglycoside,kanamycin,kanamycin_vs_control,not_regulated,b3872,b3872,123.62511797875028,-1.7192663552198413,0.3037031221061756,0.0005764419603693234,0.0026200320219772694,4.4386186033331585,BH_from_pvalue
aminoglycoside,kanamycin,kanamycin_vs_control,not_regulated,b4113,b4113,173.79258296469345,-1.4569882630614757,0.36425274181361916,7.592521245966769e-05,0.0009034698561999609,4.435198058737391,BH_from_pvalue
aminoglycoside,kanamycin,kanamycin_vs_control,upregulated,b2161,b2161,80.2162788291755,2.094442640132808,4.270611437796348,0.002928988866082506,0.007628599837660169,4.435097831791007,BH_from_pvalue
aminoglycoside,kanamycin,kanamycin_vs_control,not_regulated,b2480,b2480,301.26632965191624,-1.9407820389706556,0.2604752066322941,0.001648051256940437,0.005198411327993048,4.432997235827665,BH_from_pvalue
aminoglycoside,kanamycin,kanamycin_vs_control,upregulated,b1527,b1527,6.267688518481251,3.0715649096322477,8.406847539304994,0.023558028485771952,0.03611588688786716,4.43012333942432,BH_from_pvalue
aminoglycoside,kanamycin,kanamycin_vs_control,not_regulated,b3632,b3632,635.0768105775081,-1.780698251926541,0.29104250046967295,0.0008012324179769665,0.003255797758126753,4.4292065845282105,BH_from_pvalue
aminoglycoside,kanamycin,kanamycin_vs_control,upregulated,b4463,b4463,66.00136629683912,2.361380216760061,5.1386173204587875,0.006616210081729379,0.013417363817682033,4.421289642510472,BH_from_pvalue
aminoglycoside,kanamycin,kanamycin_vs_control,upregulated,b2930,b2930,46.136491671595394,2.921805105308698,7.577936786815352,0.019274566946150738,0.03069349174087804,4.420555852704404,BH_from_pvalue
aminoglycoside,kanamycin,kanamycin_vs_control,upregulated,b0544,b0544,12.376663496057782,2.2019665839431233,4.601061001263225,0.004274428050031102,0.009830738951609868,4.420258187304999,BH_from_pvalue
aminoglycoside,kanamycin,kanamycin_vs_control,not_regulated,b0959,b0959,467.24159366285016,1.4313164475931206,2.696926955389003,6.796180316079966e-05,0.0008491449739368802,4.395598798438574,BH_from_pvalue
aminoglycoside,kanamycin,kanamycin_vs_control,upregulated,b1161,b1161,8.422132729772692,3.089004185133143,8.509086067230093,0.025211853930799628,0.038016399256029745,4.386475585670536,BH_from_pvalue
aminoglycoside,kanamycin,kanamycin_vs_control,upregulated,b2360,b2360,40.7019704538252,2.731607475828528,6.641952824116887,0.014861021906648465,0.02485474358489413,4.383111987059696,BH_from_pvalue
aminoglycoside,kanamycin,kanamycin_vs_control,downregulated,b3495,b3495,2546.6370281743575,-2.0011843465563874,0.2497948525978966,0.002382163604014468,0.00656554650175066,4.368043344406434,BH_from_pvalue
aminoglycoside,kanamycin,kanamycin_vs_control,not_regulated,b0997,b0997,178.1034559392558,1.8569011624359364,3.622287764334643,0.001299026813892117,0.004453191183646871,4.36618492093045,BH_from_pvalue
aminoglycoside,kanamycin,kanamycin_vs_control,upregulated,b3010,b3010,218.4656372705167,2.600562736915366,6.065231605945653,0.011998955623869633,0.020976021141144816,4.364464337004384,BH_from_pvalue
aminoglycoside,kanamycin,kanamycin_vs_control,downregulated,b0919,b0919,1938.525383063308,-2.3148832570515285,0.20097901025846632,0.006372578857017794,0.013029769853900294,4.3637013679584795,BH_from_pvalue
aminoglycoside,kanamycin,kanamycin_vs_control,not_regulated,b4646,b4646,10.454411470528713,1.9614144509820322,3.8944361121467335,0.002057994396777687,0.005976022463980657,4.361377202107387,BH_from_pvalue
aminoglycoside,kanamycin,kanamycin_vs_control,not_regulated,b1267,b1267,329.4421306357792,-1.3606548886971792,0.3894054852160037,3.6942722126970166e-05,0.0006270504306683465,4.357766050581184,BH_from_pvalue
aminoglycoside,kanamycin,kanamycin_vs_control,not_regulated,b2988,b2988,1077.7747262958217,-1.8998077713914512,0.267979069514979,0.0015904161306978825,0.005084358035450658,4.357710434425546,BH_from_pvalue
aminoglycoside,kanamycin,kanamycin_vs_control,downregulated,b1656,b1656,7303.77865118585,-2.3526469129606067,0.19578648523712405,0.00709939963363217,0.014142205293214128,4.351180147446339,BH_from_pvalue
aminoglycoside,kanamycin,kanamycin_vs_control,not_regulated,b2164,b2164,281.2629496709986,1.9449660585333808,3.850287187822158,0.0019718778003540945,0.005804650749995233,4.349379595388759,BH_from_pvalue
aminoglycoside,kanamycin,kanamycin_vs_control,not_regulated,b3526,b3526,394.4293150626375,1.750140858553979,3.3639140831200995,0.0008124174596990594,0.003274420908356962,4.348864631208145,BH_from_pvalue
aminoglycoside,kanamycin,kanamycin_vs_control,upregulated,b4462,b4462,10.048795211198085,3.043613384458905,8.245536603220499,0.024617651343575183,0.03738144091782288,4.3442831874893875,BH_from_pvalue
aminoglycoside,kanamycin,kanamycin_vs_control,not_regulated,b2388,b2388,1027.916639402017,-1.3891387086851257,0.38179266506581444,5.195493768993306e-05,0.0007462206351503157,4.344021144159172,BH_from_pvalue
aminoglycoside,kanamycin,kanamycin_vs_control,upregulated,b4310,b4310,106.92610584798048,2.4168219623726133,5.33993419110967,0.008398552238084172,0.015973229584314,4.342079898590915,BH_from_pvalue
aminoglycoside,kanamycin,kanamycin_vs_control,not_regulated,b0271,b0271,198.00997143836457,-1.767928636315105,0.2936300170106512,0.0009112504133199794,0.003509250307459989,4.3398858526008395,BH_from_pvalue
aminoglycoside,kanamycin,kanamycin_vs_control,not_regulated,b2699,b2699,13885.26045052269,1.7803089207487073,3.4349971945280067,0.0009793485599686332,0.0036630455002353637,4.337113262065779,BH_from_pvalue
aminoglycoside,kanamycin,kanamycin_vs_control,not_regulated,b1642,b1642,1067.4661374568605,-1.6767562736773183,0.3127851069222457,0.0005642168984300747,0.0025922856068830193,4.336623509440767,BH_from_pvalue
aminoglycoside,kanamycin,kanamycin_vs_control,upregulated,b0364,b0364,4.578200115415404,2.8715842752640848,7.318684100629973,0.019472578302217283,0.030906018773243945,4.335968593548807,BH_from_pvalue
aminoglycoside,kanamycin,kanamycin_vs_control,not_regulated,b3566,b3566,135.20565138165657,-1.9216073513878857,0.26396025992395233,0.001818985226580596,0.005551075407304335,4.334421494820738,BH_from_pvalue
aminoglycoside,kanamycin,kanamycin_vs_control,upregulated,b0169,b0169,26825.885660555574,2.1808855630883404,4.53431796738966,0.004598388473917614,0.010305705707863192,4.333250079473069,BH_from_pvalue
aminoglycoside,kanamycin,kanamycin_vs_control,not_regulated,b3130,b3130,811.2882006810178,1.8717558014038786,3.6597771458221255,0.001493923269288612,0.0048697601948531,4.32842111133188,BH_from_pvalue
aminoglycoside,kanamycin,kanamycin_vs_control,not_regulated,b3195,b3195,1301.2242447947276,1.1776131861782027,2.262022353410937,3.4554616237429006e-07,0.00021543106242886224,4.31794446820598,BH_from_pvalue
aminoglycoside,kanamycin,kanamycin_vs_control,not_regulated,b1260,b1260,372.5684420953571,-1.7781326388284588,0.29156053565527135,0.0010074500545536817,0.0037327103339229494,4.317262857869898,BH_from_pvalue
aminoglycoside,kanamycin,kanamycin_vs_control,not_regulated,b1119,b1119,901.9095386916507,-1.2714197349015883,0.41425191306069187,1.073942847076598e-05,0.0004025495771792115,4.316699650416607,BH_from_pvalue
aminoglycoside,kanamycin,kanamycin_vs_control,not_regulated,b3735,b3735,965.1239485849541,-1.9788344030247913,0.2536947548384962,0.002400603770828605,0.006588352569175443,4.316279445593243,BH_from_pvalue
aminoglycoside,kanamycin,kanamycin_vs_control,upregulated,b2755,b2755,98.77250766798443,2.3233943934513883,5.005084386925459,0.006943759411254123,0.013912262731323405,4.313619210498148,BH_from_pvalue
aminoglycoside,kanamycin,kanamycin_vs_control,not_regulated,b2370,b2370,359.36737613160494,-1.9353419393405238,0.2614592580233603,0.0020288794312914565,0.00593361487773015,4.309388437903798,BH_from_pvalue
aminoglycoside,kanamycin,kanamycin_vs_control,upregulated,b0620,b0620,71.0756558756127,2.2697298331525895,4.822328171043545,0.00614706850685599,0.01269491007522417,4.3042484060316655,BH_from_pvalue
aminoglycoside,kanamycin,kanamycin_vs_control,not_regulated,b0337,b0337,380.31188101488965,-1.46868822216567,0.3613106731449225,0.0001345250791874138,0.0011749394294854121,4.303233757969358,BH_from_pvalue
aminoglycoside,kanamycin,kanamycin_vs_control,not_regulated,b3929,b3929,2313.0319615780486,-1.9171115243503998,0.2647841143292787,0.0018969643778396182,0.005699763374430597,4.302272740555213,BH_from_pvalue
aminoglycoside,kanamycin,kanamycin_vs_control,not_regulated,b2902,b2902,177.62863936488077,-1.730411970133253,0.30136588781622675,0.0008163910583234986,0.003281105429160892,4.298308404665459,BH_from_pvalue
aminoglycoside,kanamycin,kanamycin_vs_control,not_regulated,b3838,b3838,454.1572672522039,-1.347655311234444,0.3929301260036954,3.851543985247654e-05,0.000646916016027742,4.297877761422264,BH_from_pvalue
aminoglycoside,kanamycin,kanamycin_vs_control,not_regulated,b0388,b0388,669.3903178157167,-1.4905481285490687,0.3558773134054287,0.00016923128233451028,0.0013124177723114264,4.295652233753842,BH_from_pvalue
aminoglycoside,kanamycin,kanamycin_vs_control,not_regulated,b1108,b1108,870.8867182215354,-1.6525329773502921,0.3180812028158273,0.0005434053035447948,0.0025328881402533546,4.290610164513365,BH_from_pvalue
aminoglycoside,kanamycin,kanamycin_vs_control,not_regulated,b3665,b3665,274.03228988806376,1.552171740679647,2.932582592830385,0.00027633676328792984,0.0017215550710098454,4.2903254370485975,BH_from_pvalue
aminoglycoside,kanamycin,kanamycin_vs_control,downregulated,b4137,b4137,82.711671777452,-2.1708841666807066,0.22207452850627568,0.004786933089656906,0.010596272164014157,4.287163856904182,BH_from_pvalue
aminoglycoside,kanamycin,kanamycin_vs_control,not_regulated,b1690,b1690,15.50906694905766,3.4022492058715983,10.572533348336453,0.0395123702870889,0.055091953363709194,4.283131769878763,BH_from_pvalue
aminoglycoside,kanamycin,kanamycin_vs_control,not_regulated,b1159,b1159,51.06729095984497,1.7599545006694335,3.3868744334251817,0.0009936852240182,0.0036908308320676,4.2817508195229586,BH_from_pvalue
aminoglycoside,kanamycin,kanamycin_vs_control,upregulated,b4630,b4630,2.201142625754849,2.399539812895744,5.276348338795713,0.008742584536165639,0.01644387420556925,4.28076907819359,BH_from_pvalue
aminoglycoside,kanamycin,kanamycin_vs_control,upregulated,b3561,b3561,106.11455132439077,2.0066602038771,4.018508695997682,0.0028129520725634527,0.007420425440288206,4.273325766938587,BH_from_pvalue
aminoglycoside,kanamycin,kanamycin_vs_control,not_regulated,b0133,b0133,1067.2777902041478,-1.4833062609166614,0.35766819475006495,0.0001699103145244,0.0013154158256983668,4.273311796657316,BH_from_pvalue
aminoglycoside,kanamycin,kanamycin_vs_control,upregulated,b2558,b2558,220.8946772776992,2.03118238875597,4.087397036132984,0.0030779825521924445,0.00787529324218522,4.273065960480671,BH_from_pvalue
aminoglycoside,kanamycin,kanamycin_vs_control,upregulated,b2348,b2348,3.747869901745505,2.9576161227499185,7.768392648716715,0.02345390030761323,0.0359685112797969,4.2710270061071105,BH_from_pvalue
aminoglycoside,kanamycin,kanamycin_vs_control,downregulated,b3180,b3180,418.7021469366137,-2.0217151136125704,0.24626523547465126,0.003000437884858728,0.007742954449853447,4.268029221941672,BH_from_pvalue
aminoglycoside,kanamycin,kanamycin_vs_control,not_regulated,b1015,b1015,1682.4827550982634,1.7095798147981789,3.2706555164643376,0.0007781250693015892,0.0031876198194157996,4.268023247041725,BH_from_pvalue
aminoglycoside,kanamycin,kanamycin_vs_control,downregulated,b2111,b2111,10.12932426947326,-2.1950027356316637,0.218392809863345,0.005305654469809912,0.011424046819150303,4.263090469491825,BH_from_pvalue
aminoglycoside,kanamycin,kanamycin_vs_control,not_regulated,b3283,b3283,638.7351266030771,-1.8410796095092294,0.279112838315333,0.0014928880376425598,0.0048697601948531,4.257482649961824,BH_from_pvalue
aminoglycoside,kanamycin,kanamycin_vs_control,not_regulated,b4372,b4372,217.03751650349636,1.6700365198104432,3.182226487620143,0.0006493181941042229,0.002827331304047236,4.256293983410717,BH_from_pvalue
aminoglycoside,kanamycin,kanamycin_vs_control,downregulated,b4177,b4177,17667.88441717749,-2.2488413176655087,0.2103930104707249,0.0062208566473207156,0.012806138764141226,4.2561161412087865,BH_from_pvalue
aminoglycoside,kanamycin,kanamycin_vs_control,upregulated,b2481,b2481,7.787278248563854,2.689727275635434,6.4519143007108415,0.01582595974974647,0.02618064249884503,4.255201536710573,BH_from_pvalue
aminoglycoside,kanamycin,kanamycin_vs_control,not_regulated,b0039,b0039,370.61729776019456,1.6068228552122905,3.045803470125249,0.0004401001142458636,0.00224935769847903,4.254772883671615,BH_from_pvalue
aminoglycoside,kanamycin,kanamycin_vs_control,not_regulated,b0891,b0891,770.7600231734779,-1.9190896975713674,0.2644213003644241,0.002127033074808052,0.006086128988859172,4.25204806753733,BH_from_pvalue
aminoglycoside,kanamycin,kanamycin_vs_control,not_regulated,b1977,b1977,34.891822683975825,-1.6069969302156837,0.3282809798756161,0.0004481871621531108,0.002263569353826035,4.250838234435734,BH_from_pvalue
aminoglycoside,kanamycin,kanamycin_vs_control,not_regulated,b0180,b0180,931.16239077168,-1.268628834742346,0.41505406091156166,1.5765608599088042e-05,0.00044599816024338374,4.250752686520498,BH_from_pvalue
aminoglycoside,kanamycin,kanamycin_vs_control,not_regulated,b4005,b4005,842.2752184390496,-1.7208057260355183,0.30337924049691195,0.0008617870363070702,0.003388389938207344,4.2504015291261945,BH_from_pvalue
aminoglycoside,kanamycin,kanamycin_vs_control,not_regulated,b4019,b4019,1870.0336897009993,-1.8650796155245306,0.2745080542259246,0.0016960883106446995,0.005265013955334616,4.249771294760683,BH_from_pvalue
aminoglycoside,kanamycin,kanamycin_vs_control,upregulated,b2711,b2711,109.94414134663316,2.578857763673721,5.974664752979916,0.013174451482668045,0.022548966046058168,4.247052169168731,BH_from_pvalue
aminoglycoside,kanamycin,kanamycin_vs_control,not_regulated,b2906,b2906,762.8830634347847,-1.9965507078326148,0.2505984318856881,0.0028528433166873013,0.007491003641832738,4.243588651082145,BH_from_pvalue
aminoglycoside,kanamycin,kanamycin_vs_control,not_regulated,b3983,b3983,3364.8155152051,-1.4060706217631562,0.3773380205004451,8.947593114313599e-05,0.0009697897307995799,4.2369441272334605,BH_from_pvalue
aminoglycoside,kanamycin,kanamycin_vs_control,not_regulated,b2920,b2920,75.55485197250864,1.7342941506373322,3.327166699317518,0.0009550164204776009,0.0036067706627273288,4.2366750467399115,BH_from_pvalue
aminoglycoside,kanamycin,kanamycin_vs_control,upregulated,b1313,b1313,92.9868599950272,2.1587786765932737,4.4653667648273565,0.0049887059924353105,0.010914007565162465,4.235557763197141,BH_from_pvalue
aminoglycoside,kanamycin,kanamycin_vs_control,not_regulated,b1315,b1315,81.39743427842048,1.557425973046601,2.9432824029235936,0.0003372945527966131,0.0019153965085782264,4.232680901966259,BH_from_pvalue
aminoglycoside,kanamycin,kanamycin_vs_control,not_regulated,b2351,b2351,73.36231687569817,-1.7613429280046002,0.29497346243223826,0.0010995001080789004,0.00396278163953437,4.230745462709074,BH_from_pvalue
aminoglycoside,kanamycin,kanamycin_vs_control,not_regulated,b0083,b0083,183.3570839398077,-1.7019221316234079,0.30737630677022676,0.0008169937929435747,0.003281105429160892,4.227540220887235,BH_from_pvalue
aminoglycoside,kanamycin,kanamycin_vs_control,upregulated,b1989,b1989,8.299610180577632,3.026493876481016,8.148270510758731,0.026896750248388925,0.04015319701867022,4.225832477175977,BH_from_pvalue
aminoglycoside,kanamycin,kanamycin_vs_control,upregulated,b2546,b2546,74.1785501636339,2.1178065412856393,4.3403354296500325,0.004469115642605094,0.010121894340603078,4.224469609112908,BH_from_pvalue
aminoglycoside,kanamycin,kanamycin_vs_control,upregulated,b1789,b1789,126.96796521102385,2.05551318327917,4.156914812815629,0.0036202447995540583,0.008811613153892941,4.223965669822342,BH_from_pvalue
aminoglycoside,kanamycin,kanamycin_vs_control,upregulated,b3329,b3329,7.445298938454518,2.134477668638034,4.390781273952332,0.004764486771835523,0.010562179152151888,4.218253958851659,BH_from_pvalue
aminoglycoside,kanamycin,kanamycin_vs_control,upregulated,b0996,b0996,27.594257631171967,2.8921277192219286,7.423644984746549,0.022627406024781353,0.03493926271866341,4.212922721316981,BH_from_pvalue
aminoglycoside,kanamycin,kanamycin_vs_control,not_regulated,b4112,b4112,227.08257048262087,-1.62723591310937,0.3237078118726511,0.0005585650132255511,0.0025794922274009536,4.212044471240493,BH_from_pvalue
aminoglycoside,kanamycin,kanamycin_vs_control,upregulated,b2163,b2163,34.34259785314372,2.5537147686857398,5.87144160262041,0.013150483730033698,0.022516511540803797,4.207242255447139,BH_from_pvalue
aminoglycoside,kanamycin,kanamycin_vs_control,not_regulated,b3058,b3058,111.3672088439987,1.8735189661961877,3.6642526134143782,0.0019052345567857308,0.005705342356597719,4.203648771210506,BH_from_pvalue
aminoglycoside,kanamycin,kanamycin_vs_control,not_regulated,b1385,b1385,1006.0107228284829,1.809016521046729,3.5040333865365043,0.0014404937514652084,0.004757225326057641,4.2017054889567005,BH_from_pvalue
aminoglycoside,kanamycin,kanamycin_vs_control,not_regulated,b4696,b4696,919.4505807926863,1.7599469646380541,3.3868567418655497,0.0011556064107026633,0.004101265378355848,4.201137945771692,BH_from_pvalue
aminoglycoside,kanamycin,kanamycin_vs_control,not_regulated,b0968,b0968,216.99868654113797,-1.838224810830936,0.27966569239925704,0.0016436355336197034,0.005191764487515046,4.199764682325875,BH_from_pvalue
aminoglycoside,kanamycin,kanamycin_vs_control,downregulated,b1973,b1973,68.94566725370579,-2.0700517143441397,0.23815096268148872,0.003996150956641143,0.009396072662295796,4.196105848821444,BH_from_pvalue
aminoglycoside,kanamycin,kanamycin_vs_control,downregulated,b3440,b3440,557.0720135599897,-2.0721335879054097,0.23780754801669454,0.00402711238691077,0.009449113988693084,4.195260128719214,BH_from_pvalue
aminoglycoside,kanamycin,kanamycin_vs_control,not_regulated,b0130,b0130,333.80388572074565,1.6419208619686838,3.1208107261014217,0.0006340641699196784,0.0027903508273329674,4.194026088429506,BH_from_pvalue
aminoglycoside,kanamycin,kanamycin_vs_control,not_regulated,b0248,b0248,11.201940413658152,3.2927835297682613,9.800012094937838,0.03817257270396562,0.05346356310671272,4.188230000449699,BH_from_pvalue
aminoglycoside,kanamycin,kanamycin_vs_control,not_regulated,b3293,b3293,230.19466447881936,-1.3301273207730322,0.39773313956966116,4.751459896707313e-05,0.000711198254271072,4.187253200011681,BH_from_pvalue
aminoglycoside,kanamycin,kanamycin_vs_control,not_regulated,b3298,b3298,4305.420114824937,-1.4599556481437848,0.3635043041399722,0.00018360837014213383,0.0013633689786808592,4.183337338979971,BH_from_pvalue
aminoglycoside,kanamycin,kanamycin_vs_control,upregulated,b4272,b4272,3.390916701515193,2.8305702788449896,7.113552789828637,0.021344721687830446,0.03331317076747445,4.181839322739483,BH_from_pvalue
aminoglycoside,kanamycin,kanamycin_vs_control,not_regulated,b4299,b4299,37.82660569540527,1.7670836034596293,3.4036521522596126,0.0012371414515516643,0.0043036831006027735,4.181202035906568,BH_from_pvalue
aminoglycoside,kanamycin,kanamycin_vs_control,not_regulated,b2897,b2897,575.0992132716511,-1.9160322194227266,0.26498227798648577,0.0023911807888719987,0.0065742855674488085,4.181072457850724,BH_from_pvalue
aminoglycoside,kanamycin,kanamycin_vs_control,not_regulated,b0178,b0178,2855.282057962471,-1.4227258150942372,0.3730068900808073,0.00012794620704958964,0.0011538367562490335,4.179763046409273,BH_from_pvalue
aminoglycoside,kanamycin,kanamycin_vs_control,upregulated,b1019,b1019,384.3573296703948,2.3668010823020067,5.157961777735354,0.009240219576974688,0.017148612652610067,4.17922873578403,BH_from_pvalue
aminoglycoside,kanamycin,kanamycin_vs_control,not_regulated,b0143,b0143,1544.2672749672445,1.8214967509519617,3.5344769929278095,0.001627708143710639,0.005158923713119046,4.166566156688222,BH_from_pvalue
aminoglycoside,kanamycin,kanamycin_vs_control,upregulated,b1073,b1073,6.229973534889942,3.027063229931062,8.151486825603829,0.028547777858438414,0.042100952395821636,4.164355342774628,BH_from_pvalue
aminoglycoside,kanamycin,kanamycin_vs_control,not_regulated,b0119,b0119,1071.6658412831832,-1.8899609767170933,0.2698143572031757,0.0022250213887981788,0.006274699816184457,4.16246337206762,BH_from_pvalue
aminoglycoside,kanamycin,kanamycin_vs_control,not_regulated,b3775,b3775,244.70299388728503,1.412064382559051,2.661176838757296,0.0001233893126070681,0.0011280592034686836,4.16229714529564,BH_from_pvalue
aminoglycoside,kanamycin,kanamycin_vs_control,not_regulated,b2017,b2017,343.90047977145946,1.8350578918249258,3.567857244196491,0.001752489487685102,0.005399108024388759,4.1613203791069955,BH_from_pvalue
aminoglycoside,kanamycin,kanamycin_vs_control,upregulated,b0945,b0945,249.46192093277173,2.212236299258266,4.633930154807205,0.006459970245380497,0.013176712295110688,4.159431063723334,BH_from_pvalue
aminoglycoside,kanamycin,kanamycin_vs_control,not_regulated,b0942,b0942,34.8422156880824,3.50064335367172,11.318754845488616,0.04798643182998594,0.06493470829460793,4.157094868709467,BH_from_pvalue
aminoglycoside,kanamycin,kanamycin_vs_control,upregulated,b1312,b1312,56.87825472116716,2.2104640103221413,4.628241065620352,0.006450413617143589,0.013164228879270356,4.157008731725007,BH_from_pvalue
aminoglycoside,kanamycin,kanamycin_vs_control,not_regulated,b1604,b1604,907.3450401712292,-1.25525492420857,0.4189195377128331,2.2275173568995713e-05,0.000488749905918745,4.156040240015735,BH_from_pvalue
aminoglycoside,kanamycin,kanamycin_vs_control,not_regulated,b1203,b1203,1232.4585994227607,-1.3948341199679426,0.3802884110829775,0.00010878284934300111,0.0010500112797099121,4.154940295097918,BH_from_pvalue
aminoglycoside,kanamycin,kanamycin_vs_control,upregulated,b0229,b0229,154.18732512104262,2.250282708927207,4.757760694200287,0.007234842681362877,0.01435479593329079,4.1472777316930305,BH_from_pvalue
aminoglycoside,kanamycin,kanamycin_vs_control,not_regulated,b4001,b4001,260.402230246997,1.8533684467737492,3.6134287485498757,0.001969938703206438,0.005802740201062579,4.144811798072827,BH_from_pvalue
aminoglycoside,kanamycin,kanamycin_vs_control,not_regulated,b0173,b0173,950.2584245877694,-1.7668544156858204,0.29384873328324834,0.0013326099408952356,0.004530672346293855,4.141219361653772,BH_from_pvalue
aminoglycoside,kanamycin,kanamycin_vs_control,not_regulated,b2571,b2571,2895.9362533685494,1.6009918639169864,3.0335179831668735,0.0005695353143302194,0.002600781567367845,4.138397659584334,BH_from_pvalue
aminoglycoside,kanamycin,kanamycin_vs_control,not_regulated,b2507,b2507,3092.988363675509,-1.3407177703914996,0.39482417392925867,6.590652652863645e-05,0.0008350635389459346,4.127105339549301,BH_from_pvalue
aminoglycoside,kanamycin,kanamycin_vs_control,not_regulated,b3390,b3390,1288.065922888387,-1.4097876382286891,0.37636708324355866,0.00013991388699371893,0.0011853087776199352,4.125276177950534,BH_from_pvalue
aminoglycoside,kanamycin,kanamycin_vs_control,upregulated,b2713,b2713,56.667970241171666,2.525810386966773,5.758968324611005,0.013768289129763687,0.02329938468987098,4.123778341587466,BH_from_pvalue
aminoglycoside,kanamycin,kanamycin_vs_control,not_regulated,b4314,b4314,964.9734024460596,-1.5356051431785573,0.34493462403861636,0.00038568182511424014,0.002070834537463504,4.12134092799225,BH_from_pvalue
aminoglycoside,kanamycin,kanamycin_vs_control,upregulated,b4579,b4579,9.587600368431612,3.0891588336913998,8.509998240896039,0.032181359411113546,0.046469598053876814,4.11732691696807,BH_from_pvalue
aminoglycoside,kanamycin,kanamycin_vs_control,not_regulated,b2622,b2622,438.79518825232844,-1.599430610812301,0.33000719610327117,0.0005927851530791936,0.0026716910005513154,4.115676875800092,BH_from_pvalue
aminoglycoside,kanamycin,kanamycin_vs_control,not_regulated,b1134,b1134,121.82365431078563,-1.5872031964532836,0.3328160245186682,0.0005506245625665914,0.0025585839694468268,4.114031201793407,BH_from_pvalue
aminoglycoside,kanamycin,kanamycin_vs_control,not_regulated,b3400,b3400,163.78840823100288,-1.5341725426351935,0.345277315283139,0.00038984550158295013,0.0020825713374348093,4.113730429378501,BH_from_pvalue
aminoglycoside,kanamycin,kanamycin_vs_control,not_regulated,b1243,b1243,25342.647616843868,-1.7698085092587572,0.29324765785821394,0.0014472066160634172,0.004768890372932784,4.108756748378514,BH_from_pvalue
aminoglycoside,kanamycin,kanamycin_vs_control,upregulated,b3897,b3897,51.69752014130981,2.6141566148853363,6.122651700933608,0.016432939502513365,0.02694690553492713,4.102895541323643,BH_from_pvalue
aminoglycoside,kanamycin,kanamycin_vs_control,upregulated,b4578,b4578,16.451898361401753,2.868778945066714,7.304466697635418,0.024476234195809306,0.037231687998901,4.099735480663426,BH_from_pvalue
aminoglycoside,kanamycin,kanamycin_vs_control,not_regulated,b2585,b2585,1634.1443488243137,-1.602518521236366,0.3293016118647918,0.0006302745772850307,0.002778209872716852,4.096413851525808,BH_from_pvalue
aminoglycoside,kanamycin,kanamycin_vs_control,not_regulated,b1034,b1034,433.150520252665,-1.4932057425727026,0.3552223489649393,0.0003062208957863042,0.0018123441963773634,4.094010759262254,BH_from_pvalue
aminoglycoside,kanamycin,kanamycin_vs_control,not_regulated,b2068,b2068,406.00497069849763,-1.7242275260797184,0.3026605349148713,0.0012031154012700645,0.004224476589259016,4.0937077056582645,BH_from_pvalue
aminoglycoside,kanamycin,kanamycin_vs_control,not_regulated,b2261,b2261,760.13980823283,-1.4127218668562502,0.37560238608967567,0.00015929034219685766,0.0012703687219884144,4.091341710283655,BH_from_pvalue
aminoglycoside,kanamycin,kanamycin_vs_control,downregulated,b4525,b4525,3.1980503318128513,-2.7662775581435706,0.1469831256816868,0.021295409332739088,0.033247744248059846,4.089216092784589,BH_from_pvalue
aminoglycoside,kanamycin,kanamycin_vs_control,not_regulated,b3425,b3425,164.34423661381476,1.9236147969424584,3.793724191807409,0.002878395999748156,0.007540492257930813,4.083065348191363,BH_from_pvalue
aminoglycoside,kanamycin,kanamycin_vs_control,not_regulated,b4252,b4252,198.95158196957024,-1.2624858488553548,0.41682512625826906,3.191358887959038e-05,0.00058360990629839,4.082724384900744,BH_from_pvalue
aminoglycoside,kanamycin,kanamycin_vs_control,not_regulated,b0038,b0038,127.28628662769734,1.921928239351419,3.789291795716155,0.002866848033818215,0.007518998516684742,4.0818680734979225,BH_from_pvalue
aminoglycoside,kanamycin,kanamycin_vs_control,not_regulated,b0632,b0632,499.2574031375827,-1.6545389757404676,0.31763923347019707,0.0008710346904059774,0.003412817105789274,4.081560665611084,BH_from_pvalue
aminoglycoside,kanamycin,kanamycin_vs_control,not_regulated,b1733,b1733,330.7664297142651,1.613998463090505,3.0609902787569316,0.0006943582801137941,0.0029632101935027,4.080571505524043,BH_from_pvalue
aminoglycoside,kanamycin,kanamycin_vs_control,upregulated,b1878,b1878,21.854063702233656,2.6945410297267514,6.473477971633787,0.019192808383390065,0.030624069566686243,4.079365625218553,BH_from_pvalue
aminoglycoside,kanamycin,kanamycin_vs_control,not_regulated,b0431,b0431,4165.038496461462,-1.558109939112768,0.3395956916058418,0.0005014807780626257,0.0024098937390231736,4.079135102951617,BH_from_pvalue
aminoglycoside,kanamycin,kanamycin_vs_control,not_regulated,b2981,b2981,46.819220468260994,1.9954038330680124,3.9872769967598423,0.0037806423330996757,0.009045387879937415,4.077753008648543,BH_from_pvalue
aminoglycoside,kanamycin,kanamycin_vs_control,not_regulated,b1139,b1139,49.31097900933222,-1.672435542596027,0.3137232719971333,0.000985113959914265,0.0036711206227790917,4.072717283686924,BH_from_pvalue
aminoglycoside,kanamycin,kanamycin_vs_control,not_regulated,b0092,b0092,1311.6020195448255,-1.2928098438642461,0.40815531692718443,4.711030385729084e-05,0.000711198254271072,4.069777434975997,BH_from_pvalue
aminoglycoside,kanamycin,kanamycin_vs_control,not_regulated,b2429,b2429,200.44961214926306,1.216821455982898,2.324340543167653,1.7027010118839473e-05,0.00045935133940707773,4.061573596708205,BH_from_pvalue
aminoglycoside,kanamycin,kanamycin_vs_control,upregulated,b1497,b1497,12.393182962788027,2.48717492629223,5.606789576475559,0.013760042593440871,0.023294193295181422,4.060940643771522,BH_from_pvalue
aminoglycoside,kanamycin,kanamycin_vs_control,upregulated,b4668,b4668,11.942323153937878,2.3947407002172243,5.25882577179808,0.011438369654391474,0.020168477736359408,4.059868279601006,BH_from_pvalue
aminoglycoside,kanamycin,kanamycin_vs_control,upregulated,b1580,b1580,35.13445099102796,2.2086155962108753,4.622315053662074,0.00736158818319926,0.014516625886904985,4.059732116887593,BH_from_pvalue
aminoglycoside,kanamycin,kanamycin_vs_control,not_regulated,b2811,b2811,939.5127249671472,1.3443360868066314,2.5391332135830216,8.567951649264522e-05,0.0009597616568889081,4.05698665139162,BH_from_pvalue
aminoglycoside,kanamycin,kanamycin_vs_control,upregulated,b4572,b4572,76.1228301959007,2.0761742587797123,4.216875006007947,0.005123737662096076,0.011129648187302997,4.055844955946578,BH_from_pvalue
aminoglycoside,kanamycin,kanamycin_vs_control,not_regulated,b2838,b2838,291.7924907852999,1.978947311193818,3.942053377012971,0.0037418408906001207,0.00897164196477577,4.051158582517979,BH_from_pvalue
aminoglycoside,kanamycin,kanamycin_vs_control,downregulated,b2378,b2378,2118.929059554606,-2.071839312107734,0.23785606010111005,0.005098169335984088,0.011099499357820149,4.049817279003212,BH_from_pvalue
aminoglycoside,kanamycin,kanamycin_vs_control,not_regulated,b2405,b2405,330.6620554316235,1.8984878013466302,3.7282220836027355,0.0027837438213495344,0.0073611285763846,4.049580029372546,BH_from_pvalue
aminoglycoside,kanamycin,kanamycin_vs_control,upregulated,b1154,b1154,7.542203284117419,2.907220292331437,7.501714158513932,0.027290471103864726,0.04060619881746065,4.045128593655788,BH_from_pvalue
aminoglycoside,kanamycin,kanamycin_vs_control,not_regulated,b2369,b2369,338.6834207568658,-1.9976620804289285,0.25040545902874584,0.0040266637400966235,0.009449113988693084,4.044484450999753,BH_from_pvalue
aminoglycoside,kanamycin,kanamycin_vs_control,not_regulated,b1431,b1431,796.1522316483006,-1.7561937989735625,0.2960281344742676,0.0015601897873194902,0.005019838099687458,4.038034472401849,BH_from_pvalue
aminoglycoside,kanamycin,kanamycin_vs_control,upregulated,b2483,b2483,10.997397626969837,2.28506946401008,4.873875720234433,0.009220626643572687,0.017131094028413858,4.035923737546787,BH_from_pvalue
aminoglycoside,kanamycin,kanamycin_vs_control,not_regulated,b3527,b3527,788.5189937398395,1.4715113093318184,2.773122426747477,0.00030571276334849366,0.0018117206976831681,4.034749740848007,BH_from_pvalue
aminoglycoside,kanamycin,kanamycin_vs_control,upregulated,b2482,b2482,94.89963736811394,2.634129967287569,6.208006066292461,0.0183123853544659,0.029459624221883984,4.032254498181508,BH_from_pvalue
aminoglycoside,kanamycin,kanamycin_vs_control,downregulated,b0199,b0199,814.4409111804215,-2.2915895394666617,0.2042503506893902,0.009429864651362387,0.017413014382909226,4.031194834750303,BH_from_pvalue
aminoglycoside,kanamycin,kanamycin_vs_control,not_regulated,b4124,b4124,125.4954809021303,-1.544274440101593,0.34286809304373067,0.0005216658357283003,0.0024673532377559354,4.0271105034626204,BH_from_pvalue
aminoglycoside,kanamycin,kanamycin_vs_control,not_regulated,b3357,b3357,6248.274714442535,-1.6401557453858686,0.32082183836804123,0.0009277689096697644,0.003545530128538629,4.018904490334972,BH_from_pvalue
aminoglycoside,kanamycin,kanamycin_vs_control,not_regulated,b2321,b2321,512.4825695612718,1.3937973096574297,2.627694052486497,0.00016841578339992912,0.0013124177723114264,4.016823349715093,BH_from_pvalue
aminoglycoside,kanamycin,kanamycin_vs_control,not_regulated,b1056,b1056,108.243893975821,-1.661827552049779,0.3160385490154835,0.0010548820300868187,0.003841991393789887,4.0140507453590075,BH_from_pvalue
aminoglycoside,kanamycin,kanamycin_vs_control,not_regulated,b0858,b0858,79.99261288802826,1.4252530405072559,2.685616006031424,0.0002200760040480594,0.0015299874284515785,4.012532184182312,BH_from_pvalue
aminoglycoside,kanamycin,kanamycin_vs_control,upregulated,b1547,b1547,15.920457173280667,2.5333929520552947,5.789316185698921,0.01581577588762459,0.02617342161241185,4.008181055879651,BH_from_pvalue
aminoglycoside,kanamycin,kanamycin_vs_control,not_regulated,b1687,b1687,1693.3258893919667,-1.8340569960105064,0.28047478930170106,0.0023662651710455716,0.006545793812646359,4.00564958425641,BH_from_pvalue
aminoglycoside,kanamycin,kanamycin_vs_control,not_regulated,b3385,b3385,317.4565433503157,-1.4666639452547505,0.36181799187083863,0.00032122139305846604,0.0018610055170543629,4.004362667611944,BH_from_pvalue
aminoglycoside,kanamycin,kanamycin_vs_control,downregulated,b1725,b1725,2693.084356830752,-2.048927517849343,0.24166366533673547,0.005107515892599284,0.01111446854615945,4.0038324131866325,BH_from_pvalue
aminoglycoside,kanamycin,kanamycin_vs_control,not_regulated,b2219,b2219,236.9873649577007,-1.7972269743997389,0.2877271021254133,0.0020365790093133094,0.005942518513700266,4.0006801851542235,BH_from_pvalue
aminoglycoside,kanamycin,kanamycin_vs_control,not_regulated,b3337,b3337,95.9380827830414,-1.8101967838083661,0.2851520315367801,0.0021709777855847745,0.0061697754762972705,4.000047297697134,BH_from_pvalue
aminoglycoside,kanamycin,kanamycin_vs_control,not_regulated,b1595,b1595,157.3355262246542,1.7121733293512165,3.276540420373213,0.0013726290708571162,0.004621321527481519,3.9983250549553646,BH_from_pvalue
aminoglycoside,kanamycin,kanamycin_vs_control,not_regulated,b2023,b2023,187.73192439284,-1.3798893423075604,0.38424826682823326,0.00015872943653277995,0.0012681438819261886,3.997306870785021,BH_from_pvalue
aminoglycoside,kanamycin,kanamycin_vs_control,not_regulated,b2609,b2609,2019.5229044736168,-1.9966672404357748,0.25057819080396326,0.004368411139429336,0.00995900319571878,3.996896791339768,BH_from_pvalue
aminoglycoside,kanamycin,kanamycin_vs_control,not_regulated,b0070,b0070,355.80777402598756,1.7638176489792485,3.3959557231140955,0.0017635204016657735,0.005421636912998731,3.996580738699951,BH_from_pvalue
aminoglycoside,kanamycin,kanamycin_vs_control,not_regulated,b0101,b0101,78.90682103553642,-1.646942696453607,0.3193161227168191,0.0010193691531872975,0.0037552190426179068,3.994436720806036,BH_from_pvalue
aminoglycoside,kanamycin,kanamycin_vs_control,not_regulated,b3936,b3936,3074.344945513143,-1.8847700155065112,0.2707869249249901,0.0029121435161675187,0.007606748859304007,3.9934524465420367,BH_from_pvalue
aminoglycoside,kanamycin,kanamycin_vs_control,upregulated,b4585,b4585,57.34074730806298,2.3477068744354357,5.090145424566892,0.011294132612400396,0.019976802395036172,3.9898668544374445,BH_from_pvalue
aminoglycoside,kanamycin,kanamycin_vs_control,upregulated,b2533,b2533,513.5208979487905,2.1583274379319546,4.463970329000782,0.0071933131667411224,0.01427869489143935,3.982786412524057,BH_from_pvalue
aminoglycoside,kanamycin,kanamycin_vs_control,not_regulated,b0564,b0564,31.238000168793477,-1.7098644086072383,0.3056887981709541,0.0014137753225757096,0.004700045381334473,3.9803898493679846,BH_from_pvalue
aminoglycoside,kanamycin,kanamycin_vs_control,not_regulated,b1990,b1990,1310.2999600961382,-1.7951750341932602,0.2881366265590785,0.002110489150009462,0.006063772242461872,3.9803646250116143,BH_from_pvalue
aminoglycoside,kanamycin,kanamycin_vs_control,upregulated,b1459,b1459,29.43708604143214,2.4366775677830375,5.413935004510034,0.013789921695636717,0.023320883496078765,3.9772791449740557,BH_from_pvalue
aminoglycoside,kanamycin,kanamycin_vs_control,downregulated,b2602,b2602,45.82027538737554,-2.138006280552246,0.22719354005764256,0.006921967480029393,0.013880967331775395,3.971518279339249,BH_from_pvalue
aminoglycoside,kanamycin,kanamycin_vs_control,not_regulated,b0166,b0166,1873.6974021232836,-1.6530052130590374,0.31797710269989377,0.0011021509411816611,0.003965979946748089,3.969939120390705,BH_from_pvalue
aminoglycoside,kanamycin,kanamycin_vs_control,not_regulated,b1860,b1860,1379.340580056468,1.6851284331524958,3.2156902208705236,0.0012797266737232468,0.004407511928336267,3.9698365223359096,BH_from_pvalue
aminoglycoside,kanamycin,kanamycin_vs_control,not_regulated,b1812,b1812,206.73695649677015,1.372977549072596,2.590045691629879,0.00016388960467868537,0.0012887682549732986,3.967665079193478,BH_from_pvalue
aminoglycoside,kanamycin,kanamycin_vs_control,upregulated,b0703,b0703,9.057356094111704,2.55700172504548,5.884834019976049,0.017313945245072015,0.028118480510243203,3.9659305196695445,BH_from_pvalue
aminoglycoside,kanamycin,kanamycin_vs_control,not_regulated,b2153,b2153,872.7608048140245,-1.4389632951924014,0.36883224792012925,0.00029046562011545096,0.0017720044689293083,3.9593581397724016,BH_from_pvalue
aminoglycoside,kanamycin,kanamycin_vs_control,not_regulated,b1937,b1937,9.598181762760747,1.9668864738786054,3.909235434587607,0.004210091736061472,0.009746264862997686,3.955726922465151,BH_from_pvalue
aminoglycoside,kanamycin,kanamycin_vs_control,not_regulated,b3070,b3070,166.64508128929097,1.3793207478096035,2.6014585992359454,0.00018197200514708938,0.0013575901936373831,3.9548316315411305,BH_from_pvalue
aminoglycoside,kanamycin,kanamycin_vs_control,not_regulated,b1101,b1101,2324.040309663271,-1.6656428918296928,0.31520386018566704,0.0012030408216977357,0.004224476589259016,3.954614479831053,BH_from_pvalue
aminoglycoside,kanamycin,kanamycin_vs_control,not_regulated,b0283,b0283,139.18791245370198,-1.722479492198934,0.30302747421999676,0.0015956294168660546,0.005097401361550791,3.9490446220311783,BH_from_pvalue
aminoglycoside,kanamycin,kanamycin_vs_control,not_regulated,b0995,b0995,315.7795768059513,1.7462988914039599,3.354967733670692,0.0017949159646507178,0.005492630394530143,3.9470190240259684,BH_from_pvalue
aminoglycoside,kanamycin,kanamycin_vs_control,upregulated,b0514,b0514,141.29938227039858,2.195433833872113,4.580273772773646,0.008373734911244407,0.015932766341276373,3.946750751227791,BH_from_pvalue
aminoglycoside,kanamycin,kanamycin_vs_control,not_regulated,b1507,b1507,377.30432547267475,1.4790403676681825,2.7876324762903737,0.00041527388407096695,0.0021569306357404265,3.9433639181552356,BH_from_pvalue
aminoglycoside,kanamycin,kanamycin_vs_control,not_regulated,b3141,b3141,11.073600425088747,3.051159541537313,8.288778678745183,0.03608036376540457,0.05105048009335947,3.9420986443128716,BH_from_pvalue
aminoglycoside,kanamycin,kanamycin_vs_control,not_regulated,b2577,b2577,321.67005793513357,1.4517562680404241,2.735408443063478,0.0003412335706754227,0.0019258075293576552,3.9420802711218657,BH_from_pvalue
aminoglycoside,kanamycin,kanamycin_vs_control,not_regulated,b1079,b1079,23.722662767641953,1.6022942240430669,3.0362576589159507,0.0008950471205151296,0.003467633030212793,3.9415907054073043,BH_from_pvalue
aminoglycoside,kanamycin,kanamycin_vs_control,not_regulated,b2393,b2393,359.75886673120243,-1.2520674738861652,0.4198461100899502,4.602057545009234e-05,0.000711198254271072,3.9415200746447834,BH_from_pvalue
aminoglycoside,kanamycin,kanamycin_vs_control,not_regulated,b0551,b0551,29.646504628792783,3.787540864664429,13.80903753421813,0.07094337912107995,0.09106829888316714,3.941439163388694,BH_from_pvalue
aminoglycoside,kanamycin,kanamycin_vs_control,not_regulated,b1381,b1381,599.2580625065661,-1.39895364122642,0.37920407128411565,0.0002188257877100384,0.001526013012588764,3.94007145973188,BH_from_pvalue
aminoglycoside,kanamycin,kanamycin_vs_control,not_regulated,b2740,b2740,104.9842332434019,1.5780522216706379,2.985664837655028,0.0007806156884259633,0.0031949129813830597,3.9380939657553666,BH_from_pvalue
aminoglycoside,kanamycin,kanamycin_vs_control,not_regulated,b1607,b1607,236.73013978239717,1.365280422159299,2.5762639686479694,0.00016816377778574663,0.0013124177723114264,3.9346397360935086,BH_from_pvalue
aminoglycoside,kanamycin,kanamycin_vs_control,upregulated,b0042,b0042,27.425065204841047,2.063537208884805,4.180099283629412,0.005970100133172761,0.012426427764466024,3.9323873180514592,BH_from_pvalue
aminoglycoside,kanamycin,kanamycin_vs_control,not_regulated,b2216,b2216,1760.7036909903638,-1.412026472439738,0.3757834740905664,0.00025619620161318045,0.001665275310485673,3.9233352610278205,BH_from_pvalue
aminoglycoside,kanamycin,kanamycin_vs_control,not_regulated,b3222,b3222,203.77545818413566,-1.5446048884812438,0.3427895683188996,0.0006694371372933968,0.0028897583911187126,3.9219656879074494,BH_from_pvalue
aminoglycoside,kanamycin,kanamycin_vs_control,not_regulated,b1669,b1669,84.04977022526555,1.3999029713172337,2.6388383400883675,0.0002310022875191912,0.00157910074355824,3.9219543921465374,BH_from_pvalue
aminoglycoside,kanamycin,kanamycin_vs_control,not_regulated,b3324,b3324,15.008284701524223,3.450968253378888,10.935658972826237,0.055491050786836665,0.07332513115134881,3.9159763956306546,BH_from_pvalue
aminoglycoside,kanamycin,kanamycin_vs_control,not_regulated,b2291,b2291,260.99285492821326,-1.7632513301558008,0.29458352844283214,0.0020859032446531632,0.006014027056435034,3.9158896019831246,BH_from_pvalue
aminoglycoside,kanamycin,kanamycin_vs_control,not_regulated,b2527,b2527,469.3049392298778,1.9440674987933173,3.847889844124036,0.0041608999270981144,0.00967721192972457,3.915837469250207,BH_from_pvalue
aminoglycoside,kanamycin,kanamycin_vs_control,not_regulated,b4503,b4503,7.604715032365855,3.0652416303466166,8.370081267305359,0.03765465109116985,0.05282926406989456,3.914698063241299,BH_from_pvalue
aminoglycoside,kanamycin,kanamycin_vs_control,not_regulated,b3835,b3835,808.5048269901422,-1.5652172192509521,0.3379268245040958,0.0007700789220357509,0.0031633013619331574,3.9128230281608762,BH_from_pvalue
aminoglycoside,kanamycin,kanamycin_vs_control,not_regulated,b3780,b3780,2393.7922794900264,-1.363589438945727,0.38861421019299835,0.0001848848498211992,0.0013677829843680165,3.9052967039340287,BH_from_pvalue
aminoglycoside,kanamycin,kanamycin_vs_control,upregulated,b2757,b2757,22.563652130297147,2.2620997901935964,4.796891441271236,0.010506202998137015,0.018891900139206136,3.8992365102318884,BH_from_pvalue
aminoglycoside,kanamycin,kanamycin_vs_control,not_regulated,b0710,b0710,844.3869640172157,-1.5078994562902999,0.35162280427632225,0.000575181975194229,0.002618591623910569,3.893294199211829,BH_from_pvalue
aminoglycoside,kanamycin,kanamycin_vs_control,not_regulated,b3714,b3714,801.6042567661385,1.918579326589846,3.7805059538769488,0.003974223716901313,0.00935626473947659,3.8926007957062128,BH_from_pvalue
aminoglycoside,kanamycin,kanamycin_vs_control,not_regulated,b3539,b3539,148.676804919611,1.9626368102385339,3.8977371682597073,0.0046681277291763,0.010394672537542077,3.892280101364671,BH_from_pvalue
aminoglycoside,kanamycin,kanamycin_vs_control,not_regulated,b2813,b2813,1075.0117554717256,1.8109069263518371,3.508627832937065,0.0026522963251140712,0.007100130603995458,3.8911566723759003,BH_from_pvalue
aminoglycoside,kanamycin,kanamycin_vs_control,upregulated,b0338,b0338,143.09917881880617,2.165181050137911,4.485227147653661,0.008426204663238469,0.01600551882400618,3.88808109437988,BH_from_pvalue
aminoglycoside,kanamycin,kanamycin_vs_control,not_regulated,b2599,b2599,809.7556469018282,-1.569684525019749,0.33688205236088786,0.0008453507092107367,0.0033383560052940246,3.887272478573483,BH_from_pvalue
aminoglycoside,kanamycin,kanamycin_vs_control,not_regulated,b1848,b1848,1768.4173188031875,1.5056378018515382,2.839501751865608,0.0005766633396526227,0.0026200320219772694,3.887095176899066,BH_from_pvalue
aminoglycoside,kanamycin,kanamycin_vs_control,not_regulated,b3210,b3210,1864.3968665418022,-1.809308415607731,0.28532767365060835,0.0026614295710095863,0.007117187996671295,3.8858364179216514,BH_from_pvalue
aminoglycoside,kanamycin,kanamycin_vs_control,not_regulated,b3638,b3638,459.90320054676005,-1.5937325860581906,0.3313131598563375,0.0009773666665166111,0.0036630455002353637,3.882583890144442,BH_from_pvalue
aminoglycoside,kanamycin,kanamycin_vs_control,not_regulated,b1520,b1520,43.5779956729009,1.694352759901732,3.236316623151683,0.001605605237223936,0.005111208929680673,3.8825693052001258,BH_from_pvalue
aminoglycoside,kanamycin,kanamycin_vs_control,not_regulated,b1800,b1800,281.623805237751,-1.7929884601723973,0.2885736626126924,0.0025277960543415223,0.006837057517996493,3.882054479103838,BH_from_pvalue
aminoglycoside,kanamycin,kanamycin_vs_control,not_regulated,b2007,b2007,1125.18698533874,-1.479805006069773,0.35853726844462047,0.0004871557464061703,0.0023820185286728035,3.881609719911613,BH_from_pvalue
aminoglycoside,kanamycin,kanamycin_vs_control,upregulated,b3846,b3846,3363.470060277786,2.135530155718996,4.393985642518364,0.007855969836460426,0.015231100139827152,3.8808321665133434,BH_from_pvalue
aminoglycoside,kanamycin,kanamycin_vs_control,not_regulated,b3755,b3755,144.9405942419149,-1.742660407776036,0.2988181309572053,0.0020410651667802453,0.0059499099936341825,3.8782726207138936,BH_from_pvalue
aminoglycoside,kanamycin,kanamycin_vs_control,not_regulated,b3397,b3397,953.8367606801631,1.7935781490464358,3.4667364154753075,0.0025538761025412616,0.006886960128486136,3.87766651165839,BH_from_pvalue
aminoglycoside,kanamycin,kanamycin_vs_control,not_regulated,b1278,b1278,627.5552238791378,-1.333394292415166,0.3968334949878031,0.0001525326390070268,0.001244479334294695,3.873526834680935,BH_from_pvalue
aminoglycoside,kanamycin,kanamycin_vs_control,upregulated,b1112,b1112,1746.4068001408305,2.548564903991636,5.8505201842537025,0.018873931776757887,0.030233242568325134,3.872583291970185,BH_from_pvalue
aminoglycoside,kanamycin,kanamycin_vs_control,upregulated,b1568,b1568,3.3504576073407137,2.3592772089857013,5.131132246086603,0.013437603322383923,0.02285154621704457,3.8717730434387367,BH_from_pvalue
aminoglycoside,kanamycin,kanamycin_vs_control,not_regulated,b3562,b3562,23.874405936225156,3.6324641776609443,12.401684414079103,0.0663702918147798,0.08595841421908422,3.871159229144485,BH_from_pvalue
aminoglycoside,kanamycin,kanamycin_vs_control,upregulated,b1947,b1947,3.2173721787025573,2.327689491409793,5.020007401925545,0.012522815559237281,0.021722955798476395,3.871136356756833,BH_from_pvalue
aminoglycoside,kanamycin,kanamycin_vs_control,not_regulated,b0520,b0520,40.13724711589048,1.7364930219306043,3.3322416384329774,0.002014575977441677,0.005903298206210203,3.8704784613708862,BH_from_pvalue
aminoglycoside,kanamycin,kanamycin_vs_control,not_regulated,b3040,b3040,1070.5829402493862,-1.3315503587159192,0.3973410190690177,0.00015128458077149495,0.0012417482560404824,3.8694406572926368,BH_from_pvalue
aminoglycoside,kanamycin,kanamycin_vs_control,upregulated,b0746,b0746,54.95415834602991,2.2025243397758407,4.602840147007741,0.009509759446002795,0.017516338242473617,3.8688588355599522,BH_from_pvalue
aminoglycoside,kanamycin,kanamycin_vs_control,not_regulated,b2021,b2021,372.4789243762669,-1.5990283496199478,0.3300992235887131,0.0010429108521466026,0.003813831717849934,3.867471487007415,BH_from_pvalue
aminoglycoside,kanamycin,kanamycin_vs_control,not_regulated,b3877,b3877,18.87067776904806,1.9262925795418182,3.800772252559974,0.004277117984421297,0.009830738951609868,3.866866376608248,BH_from_pvalue
aminoglycoside,kanamycin,kanamycin_vs_control,not_regulated,b2914,b2914,1246.2332516753602,-1.502957453530506,0.35282936597735826,0.0005946924599146645,0.0026749266846961607,3.866640780710435,BH_from_pvalue
aminoglycoside,kanamycin,kanamycin_vs_control,not_regulated,b3548,b3548,272.21771256154346,-1.8064294650322914,0.28589762391965484,0.0027331328791783166,0.007270036481693712,3.8629833133686367,BH_from_pvalue
aminoglycoside,kanamycin,kanamycin_vs_control,not_regulated,b1103,b1103,469.98037878313244,-1.5710323322090085,0.3365674744278991,0.0009034429721771533,0.0034881429088865538,3.860663855768437,BH_from_pvalue
aminoglycoside,kanamycin,kanamycin_vs_control,not_regulated,b4527,b4527,16.134389149120015,3.4004160050532635,10.55910759474358,0.055429272147877295,0.07326502089954513,3.8598235040899773,BH_from_pvalue
aminoglycoside,kanamycin,kanamycin_vs_control,upregulated,b4281,b4281,33.321026948914614,2.4317813443075815,5.395592316302477,0.015600684744505778,0.025874587013564525,3.8595447919815764,BH_from_pvalue
aminoglycoside,kanamycin,kanamycin_vs_control,not_regulated,b0019,b0019,5642.884397384856,-1.4133511717145826,0.3754385837231947,0.00032183771768570015,0.0018610055170543629,3.8588053429352147,BH_from_pvalue
aminoglycoside,kanamycin,kanamycin_vs_control,not_regulated,b1314,b1314,57.851663961141504,1.6143041035252637,3.0616388298930333,0.0011513450734688105,0.004097112452897713,3.8541867488912334,BH_from_pvalue
aminoglycoside,kanamycin,kanamycin_vs_control,not_regulated,b0977,b0977,137.84409121034216,-1.936828909106338,0.2611899136970647,0.00458711167317135,0.01030061506851957,3.8487440819448957,BH_from_pvalue
aminoglycoside,kanamycin,kanamycin_vs_control,not_regulated,b0415,b0415,774.6497822337127,-1.3528909864962912,0.3915067301998334,0.00019846109967134123,0.0014374847444793767,3.845452950736301,BH_from_pvalue
aminoglycoside,kanamycin,kanamycin_vs_control,downregulated,b1287,b1287,335.3067729203377,-2.632788011795621,0.16123222089700928,0.022504889732381045,0.03476201717591001,3.840961345932103,BH_from_pvalue
aminoglycoside,kanamycin,kanamycin_vs_control,not_regulated,b3580,b3580,46.641817380171496,1.8643496745066086,3.6410376891648064,0.0035762341269786817,0.008742819309950836,3.8374813507616734,BH_from_pvalue
aminoglycoside,kanamycin,kanamycin_vs_control,upregulated,b4482,b4482,28.7839338441144,2.587372298056628,6.010030440184638,0.021074190318033408,0.033028469704011944,3.832186989237803,BH_from_pvalue
aminoglycoside,kanamycin,kanamycin_vs_control,not_regulated,b3503,b3503,167.5604302592779,-1.5181537316578781,0.34913242804910516,0.0007161967223241426,0.0030115120566633516,3.82759255838217,BH_from_pvalue
aminoglycoside,kanamycin,kanamycin_vs_control,not_regulated,b4699,b4699,10.04723841189586,1.8545634865076925,3.6164231304278913,0.003538273940481917,0.00869680665808069,3.8215880455215436,BH_from_pvalue
aminoglycoside,kanamycin,kanamycin_vs_control,not_regulated,b0291,b0291,100.59080192663127,1.5501426505712805,2.9284609374719883,0.0008795621280661194,0.003434262545174831,3.819809600026349,BH_from_pvalue
aminoglycoside,kanamycin,kanamycin_vs_control,upregulated,b0372,b0372,8.273602090965253,2.1355537927390693,4.394057633878089,0.008618607708650625,0.016295291077558012,3.8182375154054555,BH_from_pvalue
aminoglycoside,kanamycin,kanamycin_vs_control,not_regulated,b0732,b0732,343.7702112756096,1.1816527082348314,2.2683648535834635,3.314623904929198e-05,0.0005939911683016547,3.812271614818804,BH_from_pvalue
aminoglycoside,kanamycin,kanamycin_vs_control,not_regulated,b3057,b3057,488.47018934292254,1.8601107635721768,3.6303553327619205,0.0037390176580360105,0.00897164196477577,3.8078849505768666,BH_from_pvalue
aminoglycoside,kanamycin,kanamycin_vs_control,not_regulated,b3912,b3912,858.1473678730514,-1.2696339360205044,0.4147650004580878,9.6042125157687e-05,0.0010046452999052933,3.806346343726831,BH_from_pvalue
aminoglycoside,kanamycin,kanamycin_vs_control,not_regulated,b0930,b0930,4237.600074852292,-1.424792206642767,0.3724730097188704,0.0004054057767158335,0.0021333225423560793,3.8055394511543046,BH_from_pvalue
aminoglycoside,kanamycin,kanamycin_vs_control,not_regulated,b1601,b1601,329.9961467629666,1.9091881036109557,3.7559766746758085,0.004507602541293704,0.010178311360812792,3.803721790855634,BH_from_pvalue
aminoglycoside,kanamycin,kanamycin_vs_control,not_regulated,b1799,b1799,505.47359198191,-1.6434672572779068,0.3200862796177803,0.0014818744052575439,0.004851143431476297,3.8032394245827,BH_from_pvalue
aminoglycoside,kanamycin,kanamycin_vs_control,not_regulated,b1924,b1924,44.596804762755305,3.2201222870001707,9.318658534695103,0.04889364099769169,0.06596388638500816,3.8019783068207818,BH_from_pvalue
aminoglycoside,kanamycin,kanamycin_vs_control,not_regulated,b2044,b2044,123.9777329460755,1.9220867811550342,3.789708234498824,0.004751989361276472,0.01054486835077532,3.7998864492438296,BH_from_pvalue
aminoglycoside,kanamycin,kanamycin_vs_control,upregulated,b0319,b0319,11.633901265465008,2.2034860174196416,4.60590935011021,0.01049947890290491,0.018890662442106514,3.7982652194611153,BH_from_pvalue
aminoglycoside,kanamycin,kanamycin_vs_control,not_regulated,b4512,b4512,989.3462955375303,-1.8846563221189854,0.27080826546823955,0.004148790839322275,0.009659037885751343,3.797707122318058,BH_from_pvalue
aminoglycoside,kanamycin,kanamycin_vs_control,not_regulated,b1788,b1788,45.3435871947494,1.9374838432994341,3.8303702263473105,0.005031452693856643,0.010986152532508339,3.7958299490565937,BH_from_pvalue
aminoglycoside,kanamycin,kanamycin_vs_control,downregulated,b4055,b4055,584.125877692195,-2.046490697952785,0.24207219827802748,0.0069859949019433695,0.013984425931883078,3.794920988688576,BH_from_pvalue
aminoglycoside,kanamycin,kanamycin_vs_control,downregulated,b3873,b3873,123.05764344420982,-2.0134755631056613,0.2476757347116414,0.006392658922664446,0.013064143495749513,3.7932249861143514,BH_from_pvalue
aminoglycoside,kanamycin,kanamycin_vs_control,not_regulated,b3819,b3819,165.00128674662946,1.220584451175772,2.3304110561539155,5.800294735826396e-05,0.0007882092363065597,3.7879111075261203,BH_from_pvalue
aminoglycoside,kanamycin,kanamycin_vs_control,upregulated,b3889,b3889,2.754922842713043,2.1993692045042144,4.592784858671031,0.010627955390261574,0.01903804991851715,3.783745378907339,BH_from_pvalue
aminoglycoside,kanamycin,kanamycin_vs_control,upregulated,b4501,b4501,28.556480267065194,2.6220409924429906,6.156203799279017,0.023578905835895492,0.03612326922679084,3.7815414801768914,BH_from_pvalue
aminoglycoside,kanamycin,kanamycin_vs_control,not_regulated,b2555,b2555,256.69740298866856,1.7408001875380394,3.342204910106734,0.0024933889538468327,0.006764332638361311,3.7771448034585235,BH_from_pvalue
aminoglycoside,kanamycin,kanamycin_vs_control,upregulated,b1296,b1296,1540.6009630258338,2.596542665984197,6.048354358184757,0.022837515814832593,0.035191211420046935,3.7742455728070676,BH_from_pvalue
aminoglycoside,kanamycin,kanamycin_vs_control,not_regulated,b3590,b3590,1014.6097308879306,-1.6463516767370336,0.31944696172338105,0.0016056138579468029,0.005111208929680673,3.7725759575796305,BH_from_pvalue
aminoglycoside,kanamycin,kanamycin_vs_control,upregulated,b2002,b2002,18.664705849089444,2.180277116407278,4.532406053263544,0.010379347803915214,0.01875705360466478,3.7649796637792403,BH_from_pvalue
aminoglycoside,kanamycin,kanamycin_vs_control,not_regulated,b0976,b0976,52.67465139952617,-1.8517992679202777,0.2770466316872653,0.003920392781147389,0.009266382937257464,3.7648741224360567,BH_from_pvalue
aminoglycoside,kanamycin,kanamycin_vs_control,downregulated,b3519,b3519,637.3019771234375,-2.0663408237742074,0.23876432150119983,0.007729774821268381,0.01507223057346703,3.764506144891241,BH_from_pvalue
aminoglycoside,kanamycin,kanamycin_vs_control,not_regulated,b1452,b1452,632.927561950608,1.3997480747309012,2.638555033431611,0.0003789500998615467,0.002053329537109902,3.761880824100938,BH_from_pvalue
aminoglycoside,kanamycin,kanamycin_vs_control,upregulated,b1571,b1571,12.898586189194887,2.612729678882104,6.116598922817352,0.02382292980121435,0.036435069107739596,3.758360439830413,BH_from_pvalue
aminoglycoside,kanamycin,kanamycin_vs_control,not_regulated,b1911,b1911,33.56713253953867,-1.967962849574882,0.255613714802995,0.0059148156191359685,0.012328471109765333,3.7570197279844897,BH_from_pvalue
aminoglycoside,kanamycin,kanamycin_vs_control,not_regulated,b0920,b0920,207.29330685851536,1.4302261285780578,2.6948895186539517,0.0004840080867293497,0.0023767121988085317,3.7529468354606186,BH_from_pvalue
aminoglycoside,kanamycin,kanamycin_vs_control,not_regulated,b4456,b4456,255.5486478969532,1.688805908914162,3.223897573962069,0.00207095963415786,0.005999588172824514,3.752321640484679,BH_from_pvalue
aminoglycoside,kanamycin,kanamycin_vs_control,not_regulated,b0913,b0913,714.261572604425,1.2797211864182803,2.4279205063267324,0.00013589367672631016,0.001175929591065017,3.7490950940990744,BH_from_pvalue
aminoglycoside,kanamycin,kanamycin_vs_control,not_regulated,b2134,b2134,364.03950666668453,-1.4437092187119722,0.36762092218251213,0.0005424822188134045,0.002532671209746382,3.7484772025618627,BH_from_pvalue
aminoglycoside,kanamycin,kanamycin_vs_control,not_regulated,b2617,b2617,2106.8337833844157,1.3519979233001607,2.552653863215607,0.0002634512773909009,0.001692862636720389,3.7468976795715285,BH_from_pvalue
aminoglycoside,kanamycin,kanamycin_vs_control,not_regulated,b2948,b2948,538.8504103326281,-1.3530974517581047,0.39145070536192084,0.00026724881416917494,0.0017058138131936429,3.745466261959321,BH_from_pvalue
aminoglycoside,kanamycin,kanamycin_vs_control,not_regulated,b4394,b4394,298.27671241951776,1.3447406631998033,2.5398453650643265,0.0002512610006035367,0.0016403076643174285,3.7452031801307153,BH_from_pvalue
aminoglycoside,kanamycin,kanamycin_vs_control,not_regulated,b1292,b1292,237.56039868062336,-1.5290901252238962,0.3464958251267556,0.0009435621108788379,0.0035815547466101372,3.740044972550051,BH_from_pvalue
aminoglycoside,kanamycin,kanamycin_vs_control,not_regulated,b3011,b3011,388.5445305032063,-1.703102905510634,0.30712483752558845,0.0022776845819074765,0.006375249066222669,3.7391672721325757,BH_from_pvalue
aminoglycoside,kanamycin,kanamycin_vs_control,not_regulated,b2891,b2891,1233.8481131590365,-1.3979632799167643,0.379464471410524,0.00040035267264091126,0.0021235687753995507,3.7366631190234343,BH_from_pvalue
aminoglycoside,kanamycin,kanamycin_vs_control,not_regulated,b1484,b1484,153.3788966097536,-1.3268620922382732,0.39863434205579207,0.00022100330758025746,0.0015340630825555525,3.7339979547196736,BH_from_pvalue
aminoglycoside,kanamycin,kanamycin_vs_control,not_regulated,b0490,b0490,112.03069120139469,-1.6098502031297919,0.32763236768609055,0.0014625510768151964,0.004807660478108879,3.7317393594265003,BH_from_pvalue
aminoglycoside,kanamycin,kanamycin_vs_control,not_regulated,b2009,b2009,1410.7782849630587,-1.8701995898533852,0.27353558037811815,0.004467796804060731,0.010121894340603078,3.730558564388463,BH_from_pvalue
aminoglycoside,kanamycin,kanamycin_vs_control,not_regulated,b2101,b2101,430.0155853736101,1.9004102522658401,3.7331934055164373,0.004984795260423988,0.010914007565162465,3.7286348454888647,BH_from_pvalue
aminoglycoside,kanamycin,kanamycin_vs_control,upregulated,b0842,b0842,956.8277267556722,2.134124179701555,4.389705577129629,0.009793704251231375,0.017943821475372188,3.7263623468671296,BH_from_pvalue
aminoglycoside,kanamycin,kanamycin_vs_control,upregulated,b0747,b0747,4.306381950346803,2.2793685469289158,4.854654239297688,0.013667554388940864,0.023189988548267072,3.7260825460858524,BH_from_pvalue
aminoglycoside,kanamycin,kanamycin_vs_control,not_regulated,b3916,b3916,2727.98102967385,-1.3352167151680892,0.3963325285413453,0.0002444523827657539,0.0016217504685551048,3.7252759559548414,BH_from_pvalue
aminoglycoside,kanamycin,kanamycin_vs_control,upregulated,b1666,b1666,2.1872014008857685,2.3592153472133024,5.1309122313774225,0.016021517593266487,0.026436091758808754,3.722376461205721,BH_from_pvalue
aminoglycoside,kanamycin,kanamycin_vs_control,not_regulated,b3998,b3998,437.1572624853646,-1.2028461348670803,0.4344174212366855,6.0746158961715967e-05,0.0008060065575510279,3.721198687437398,BH_from_pvalue
aminoglycoside,kanamycin,kanamycin_vs_control,upregulated,b0562,b0562,36.60048899495103,2.591745471699543,6.028276002357049,0.024184772197070555,0.036913167744290244,3.7135013353602693,BH_from_pvalue
aminoglycoside,kanamycin,kanamycin_vs_control,not_regulated,b1413,b1413,2982.7074140300483,-1.3698566049918615,0.38692970490574163,0.0003503371527458066,0.0019526846506203693,3.7114454961323444,BH_from_pvalue
aminoglycoside,kanamycin,kanamycin_vs_control,upregulated,b2047,b2047,62.22855627496872,2.216714253668388,4.64833566970685,0.012178094474364957,0.021214976353870478,3.709355306375142,BH_from_pvalue
aminoglycoside,kanamycin,kanamycin_vs_control,not_regulated,b2379,b2379,633.2515586010276,1.233213804089516,2.35090102915469,9.248941403605047e-05,0.0009858231856259597,3.7072885363737407,BH_from_pvalue
aminoglycoside,kanamycin,kanamycin_vs_control,not_regulated,b1329,b1329,748.9918607960418,1.3775040695877987,2.59818483815756,0.0003774998304501906,0.002049264279121886,3.703284737149445,BH_from_pvalue
aminoglycoside,kanamycin,kanamycin_vs_control,upregulated,b3173,b3173,91.95900733259673,2.040039715141038,4.112568517653605,0.007948442882448477,0.015315872180325561,3.7023829415097302,BH_from_pvalue
aminoglycoside,kanamycin,kanamycin_vs_control,not_regulated,b3847,b3847,1870.4480298673807,-1.3780574084188029,0.3847364951149225,0.00038115597565806036,0.0020596534119282166,3.7017458781446337,BH_from_pvalue
aminoglycoside,kanamycin,kanamycin_vs_control,not_regulated,b0629,b0629,21.506717251239465,2.9190438427968606,7.563446779962837,0.038597572582824854,0.05396701320408648,3.7009728377318982,BH_from_pvalue
aminoglycoside,kanamycin,kanamycin_vs_control,upregulated,b2858,b2858,3.099901963338421,2.693503413311539,6.468823784922894,0.028795497384589856,0.042341336134647,3.6988143486544205,BH_from_pvalue
aminoglycoside,kanamycin,kanamycin_vs_control,not_regulated,b2439,b2439,140.48229368512503,-1.4008121669278344,0.3787158830392,0.0004581051265466625,0.0022895076213409866,3.6985053991813,BH_from_pvalue
aminoglycoside,kanamycin,kanamycin_vs_control,not_regulated,b2438,b2438,160.67593712582837,-1.4125306252327068,0.3756521787133366,0.0005059462461558033,0.0024282884740388856,3.693343432453673,BH_from_pvalue
aminoglycoside,kanamycin,kanamycin_vs_control,not_regulated,b3415,b3415,253.74408438974118,1.1952506801771898,2.2898461663129726,6.337401258850089e-05,0.0008258689634676197,3.685064050465625,BH_from_pvalue
aminoglycoside,kanamycin,kanamycin_vs_control,not_regulated,b4060,b4060,386.4415914727559,1.7745916408017015,3.421411524768865,0.0033468890183585,0.008398820574079032,3.683664846867488,BH_from_pvalue
aminoglycoside,kanamycin,kanamycin_vs_control,upregulated,b3684,b3684,47.278937300300555,2.5173375007520398,5.725245274122656,0.02233966240224737,0.03456615118173673,3.678708576238828,BH_from_pvalue
aminoglycoside,kanamycin,kanamycin_vs_control,not_regulated,b2889,b2889,273.2495157941722,-1.6140077473239467,0.326689559133971,0.0017047167602321205,0.00528450447107104,3.675088749357669,BH_from_pvalue
aminoglycoside,kanamycin,kanamycin_vs_control,not_regulated,b1850,b1850,1783.7502988244748,1.490656653597057,2.8101685299649697,0.0008976052464440507,0.0034715635412771624,3.666232596144469,BH_from_pvalue
aminoglycoside,kanamycin,kanamycin_vs_control,not_regulated,b1764,b1764,2346.595165733743,-1.3732020754403464,0.3860334918113883,0.00040983663317067037,0.0021411271254224884,3.665567322969007,BH_from_pvalue
aminoglycoside,kanamycin,kanamycin_vs_control,not_regulated,b0860,b0860,57.403850472467276,-1.8834935733742348,0.2710266129959003,0.005257388749842512,0.011341839135151856,3.663991157459799,BH_from_pvalue
aminoglycoside,kanamycin,kanamycin_vs_control,not_regulated,b2472,b2472,481.36588826979056,1.207648327413862,2.3096085083240063,7.933748796824539e-05,0.0009317494017785059,3.6600208454946777,BH_from_pvalue
aminoglycoside,kanamycin,kanamycin_vs_control,upregulated,b0358,b0358,95.34126519397155,2.22301286788397,4.66867404856765,0.013247582455407273,0.022631077054470913,3.657511460027187,BH_from_pvalue
aminoglycoside,kanamycin,kanamycin_vs_control,not_regulated,b2615,b2615,386.3815306610147,-1.5656059378806253,0.3378357860285634,0.0013685656626832594,0.004614656501036453,3.657037257992507,BH_from_pvalue
aminoglycoside,kanamycin,kanamycin_vs_control,upregulated,b4415,b4415,7.0818660750780955,2.7996177624558496,6.9625595535696405,0.034596741071784,0.04941763777100173,3.6566312038774846,BH_from_pvalue
aminoglycoside,kanamycin,kanamycin_vs_control,not_regulated,b0839,b0839,1174.0857224846675,-1.5995379002234618,0.32998265525420584,0.0016451204852487374,0.00519280838080619,3.654300612643825,BH_from_pvalue
aminoglycoside,kanamycin,kanamycin_vs_control,upregulated,b4038,b4038,13.276059270434468,2.0585018308337695,4.1655350894328995,0.008973679451742283,0.016790187260373037,3.65372642087529,BH_from_pvalue
aminoglycoside,kanamycin,kanamycin_vs_control,not_regulated,b1790,b1790,285.4549224386196,1.3679296709183912,2.5809991582454437,0.00040710937820879643,0.002134240073640054,3.6534073745081495,BH_from_pvalue
aminoglycoside,kanamycin,kanamycin_vs_control,not_regulated,b1011,b1011,10.29277490357028,3.0626932118025767,8.355309162724298,0.047243780447292265,0.06414202368002433,3.653356084623461,BH_from_pvalue
aminoglycoside,kanamycin,kanamycin_vs_control,not_regulated,b3268,b3268,86.0867769192018,-1.5869731402066307,0.3328691005384293,0.0015502234003356063,0.004994917517700256,3.652373737503753,BH_from_pvalue
aminoglycoside,kanamycin,kanamycin_vs_control,upregulated,b3662,b3662,223.6045125149507,2.1432205963039292,4.417470793505331,0.011162381497990623,0.019782660353806866,3.6514377325412157,BH_from_pvalue
aminoglycoside,kanamycin,kanamycin_vs_control,not_regulated,b3854,b3854,8.681476388646168,2.938696272040196,7.667181180327126,0.04134341616717408,0.057254521527077905,3.650419740336291,BH_from_pvalue
aminoglycoside,kanamycin,kanamycin_vs_control,not_regulated,b0487,b0487,1476.7464306268505,-1.2677949988705297,0.4152940194532509,0.0001722063609363869,0.0013241465763828791,3.6487950670450457,BH_from_pvalue
aminoglycoside,kanamycin,kanamycin_vs_control,not_regulated,b0158,b0158,130.47367767256023,-1.5775799911823825,0.3350434269085358,0.0015014897355740894,0.004872800022086763,3.6477142340260302,BH_from_pvalue
aminoglycoside,kanamycin,kanamycin_vs_control,not_regulated,b4396,b4396,4477.2962801578,-1.6131568390308644,0.32688229900009935,0.001795057065353337,0.005492630394530143,3.646088744449386,BH_from_pvalue
aminoglycoside,kanamycin,kanamycin_vs_control,not_regulated,b2311,b2311,203.68739630361497,1.2856951759959703,2.437995014885214,0.00020511461305783044,0.001473400783122659,3.6406761635321265,BH_from_pvalue
aminoglycoside,kanamycin,kanamycin_vs_control,not_regulated,b0186,b0186,912.3761205694572,-1.7750395765098173,0.2921862966747262,0.003700391614818561,0.008915030253590727,3.638613119152972,BH_from_pvalue
aminoglycoside,kanamycin,kanamycin_vs_control,downregulated,b2026,b2026,254.36932564665543,-2.024966240628415,0.24571089925647727,0.008446708123478036,0.016030925375276034,3.6348982508011773,BH_from_pvalue
aminoglycoside,kanamycin,kanamycin_vs_control,not_regulated,b2129,b2129,122.96222666673503,-1.5512100122195838,0.3412237541261661,0.0013354935839129107,0.0045370469338672755,3.6348367615519037,BH_from_pvalue
aminoglycoside,kanamycin,kanamycin_vs_control,upregulated,b1730,b1730,17.441879672179986,2.1652883179351368,4.485560647325604,0.012010342473823026,0.020987770181529128,3.6334267677583307,BH_from_pvalue
aminoglycoside,kanamycin,kanamycin_vs_control,not_regulated,b4258,b4258,4452.956071476104,-1.2623890455106057,0.4168530957313786,0.00017224455178336135,0.0013241465763828791,3.6332363876292577,BH_from_pvalue
aminoglycoside,kanamycin,kanamycin_vs_control,not_regulated,b4234,b4234,1027.3962827064715,-1.2837766027285582,0.4107189441261523,0.00020886484312802726,0.001479486715574593,3.6329451967181186,BH_from_pvalue
aminoglycoside,kanamycin,kanamycin_vs_control,not_regulated,b1814,b1814,5143.702331362415,-1.4598300533512312,0.36353595063050914,0.0008027300386310737,0.003255797758126753,3.6310974515755174,BH_from_pvalue
aminoglycoside,kanamycin,kanamycin_vs_control,not_regulated,b3028,b3028,158.78627612332355,-1.3382242888513014,0.39550715821940113,0.0003481734949136484,0.001950291880599739,3.626454518625184,BH_from_pvalue
aminoglycoside,kanamycin,kanamycin_vs_control,not_regulated,b1244,b1244,1878.5529677979855,-1.714967205485717,0.3046094900479116,0.0029978558152407657,0.00774073217965153,3.620669562234239,BH_from_pvalue
aminoglycoside,kanamycin,kanamycin_vs_control,not_regulated,b0020,b0020,683.6124068063685,-1.3709326676985008,0.3866412133140143,0.00046148997748827493,0.002296218936661793,3.6178730846017273,BH_from_pvalue
aminoglycoside,kanamycin,kanamycin_vs_control,not_regulated,b3730,b3730,1896.9524152200547,-1.2379628915981495,0.42397088737916877,0.00014250812517552182,0.001200377428912916,3.6156961561882506,BH_from_pvalue
aminoglycoside,kanamycin,kanamycin_vs_control,not_regulated,b0250,b0250,263.4760924924285,-1.2818327034728574,0.41127272323516134,0.00021620716186153942,0.0015124413904404421,3.6151802637447314,BH_from_pvalue
aminoglycoside,kanamycin,kanamycin_vs_control,not_regulated,b3946,b3946,37.82735525196782,-1.9040248221679192,0.26719690052945344,0.006134459089428623,0.012686343441034456,3.611294451243723,BH_from_pvalue
aminoglycoside,kanamycin,kanamycin_vs_control,not_regulated,b2038,b2038,183.7865012946061,-1.3748181369089645,0.3856013113756277,0.0004864326432732309,0.0023820185286728035,3.6062234020344937,BH_from_pvalue
aminoglycoside,kanamycin,kanamycin_vs_control,not_regulated,b0593,b0593,196.37028901658678,1.6693863989251199,3.180792805674534,0.0025841655216196835,0.006956060153348495,3.6019293124570226,BH_from_pvalue
aminoglycoside,kanamycin,kanamycin_vs_control,not_regulated,b3103,b3103,452.1088198025407,-1.755718966273223,0.29612558193810196,0.0036771985962318777,0.008883141388178206,3.6017405730297214,BH_from_pvalue
aminoglycoside,kanamycin,kanamycin_vs_control,not_regulated,b0612,b0612,53.301511915956304,1.8104253916928439,3.507456938236301,0.0045536194167980545,0.010261613294968762,3.6005456959728614,BH_from_pvalue
aminoglycoside,kanamycin,kanamycin_vs_control,not_regulated,b1167,b1167,72.04783830472545,2.930593494134839,7.624239789816109,0.042936648411339734,0.059169437669793545,3.598483248257253,BH_from_pvalue
aminoglycoside,kanamycin,kanamycin_vs_control,not_regulated,b0450,b0450,21.88263591890951,1.8492778233427463,3.6031977292600317,0.005248865913318296,0.01133875480604548,3.5976491290590844,BH_from_pvalue
aminoglycoside,kanamycin,kanamycin_vs_control,upregulated,b0556,b0556,1.7290756240504204,2.119631683581406,4.345829829033797,0.011379163738121641,0.020099716881899054,3.5966123639154852,BH_from_pvalue
aminoglycoside,kanamycin,kanamycin_vs_control,not_regulated,b1671,b1671,45.626771040818305,1.965394779845635,3.905195516707449,0.00759175136505252,0.014853283010007061,3.5930906015162365,BH_from_pvalue
aminoglycoside,kanamycin,kanamycin_vs_control,downregulated,b0844,b0844,941.7193703104354,-2.2353965089439694,0.21236287615081906,0.015023998026498024,0.02507530357075626,3.5783194574250663,BH_from_pvalue
aminoglycoside,kanamycin,kanamycin_vs_control,not_regulated,b3184,b3184,2016.844206392518,1.7251376007450876,3.306116586940892,0.003384310690920607,0.008447630126393392,3.5766675970143793,BH_from_pvalue
aminoglycoside,kanamycin,kanamycin_vs_control,not_regulated,b3884,b3884,295.9899694474448,1.5626447411916429,2.9539486376670347,0.0016195166475905067,0.005144481554281144,3.5763599906682173,BH_from_pvalue
aminoglycoside,kanamycin,kanamycin_vs_control,not_regulated,b2675,b2675,153.6645287077398,-1.9620455751655674,0.2566642782010195,0.007744509004823482,0.01509306824250261,3.5733214774931876,BH_from_pvalue
aminoglycoside,kanamycin,kanamycin_vs_control,not_regulated,b4701,b4701,7.201178661779181,3.0495815647959077,8.279717616481001,0.05016320885980644,0.06739370174773279,3.572220952674245,BH_from_pvalue
aminoglycoside,kanamycin,kanamycin_vs_control,not_regulated,b2234,b2234,430.41805506545967,-1.5916841400604733,0.33178391711505123,0.0019233476724890414,0.005729283331692522,3.568396196008541,BH_from_pvalue
aminoglycoside,kanamycin,kanamycin_vs_control,not_regulated,b0306,b0306,97.63640364975357,1.9639436563988433,3.9012694813641766,0.00789418816688894,0.015262620710388823,3.567250083638615,BH_from_pvalue
aminoglycoside,kanamycin,kanamycin_vs_control,not_regulated,b2051,b2051,19.051045790572292,3.336431454283356,10.101036634585144,0.06577099369149121,0.0853235127841973,3.566415921282199,BH_from_pvalue
aminoglycoside,kanamycin,kanamycin_vs_control,not_regulated,b1837,b1837,301.70786405832126,-1.5097985381865424,0.3511602524724021,0.0012597618931800062,0.004348740595183168,3.5655953316106035,BH_from_pvalue
aminoglycoside,kanamycin,kanamycin_vs_control,not_regulated,b1816,b1816,2098.6117502899124,-1.2329249020361104,0.4254540107352437,0.0001622504848001163,0.0012826057656079492,3.5655039230809105,BH_from_pvalue
aminoglycoside,kanamycin,kanamycin_vs_control,not_regulated,b3554,b3554,1631.1244987215553,-1.4017736575678708,0.37846357021162785,0.0006603995966578441,0.0028684873064832223,3.5637951477567187,BH_from_pvalue
aminoglycoside,kanamycin,kanamycin_vs_control,not_regulated,b1185,b1185,589.9392582928941,1.316330180981387,2.490318349808909,0.00035347530621758684,0.001962372429555054,3.5635935054652514,BH_from_pvalue
aminoglycoside,kanamycin,kanamycin_vs_control,upregulated,b3878,b3878,30.635047640705256,2.137435753086863,4.39979331466082,0.012467762137279972,0.021644150557115136,3.5581026331986885,BH_from_pvalue
aminoglycoside,kanamycin,kanamycin_vs_control,not_regulated,b3809,b3809,1163.5161488373112,-1.2744730348040854,0.41337612310256466,0.00024824814168140794,0.0016351425035694056,3.5512482410325603,BH_from_pvalue
aminoglycoside,kanamycin,kanamycin_vs_control,downregulated,b1481,b1481,22.95095060320533,-2.183533867783265,0.22013586741127786,0.014126026594670214,0.023788419177396714,3.545260739230135,BH_from_pvalue
aminoglycoside,kanamycin,kanamycin_vs_control,not_regulated,b0307,b0307,204.17890960244645,1.4029271688665341,2.6443757117034536,0.00070239050878419,0.0029800540915310885,3.543479566486561,BH_from_pvalue
aminoglycoside,kanamycin,kanamycin_vs_control,upregulated,b0314,b0314,2186.76384543277,2.051198985743282,4.144502651179191,0.010516267838650182,0.018891900139206136,3.5357016563253936,BH_from_pvalue
aminoglycoside,kanamycin,kanamycin_vs_control,upregulated,b3899,b3899,48.1004678962783,2.7162531329535726,6.571638554006928,0.03515203085357951,0.0499350461390125,3.5354602593545956,BH_from_pvalue
aminoglycoside,kanamycin,kanamycin_vs_control,not_regulated,b1340,b1340,472.9777846067645,1.8319288509726128,3.5601273547778947,0.0055540861781701355,0.011796988680091942,3.5323780383533965,BH_from_pvalue
aminoglycoside,kanamycin,kanamycin_vs_control,not_regulated,b0281,b0281,260.3408087991124,1.6094131503706324,3.0512769878472987,0.0022873401819629925,0.0063935556173835085,3.531466960379998,BH_from_pvalue
aminoglycoside,kanamycin,kanamycin_vs_control,not_regulated,b1577,b1577,37.00590574059431,2.7321039887404006,6.644239088913797,0.03610799439345087,0.05107350905086226,3.5293436876162585,BH_from_pvalue
aminoglycoside,kanamycin,kanamycin_vs_control,not_regulated,b1290,b1290,239.75991766434893,-1.7052847788112873,0.30666070546878665,0.003492419657559933,0.008610956088852137,3.521325459967406,BH_from_pvalue
aminoglycoside,kanamycin,kanamycin_vs_control,not_regulated,b1610,b1610,207.14585790595,-1.7529741934791403,0.2966895064646475,0.00425475027718601,0.00981429063937573,3.520219498893578,BH_from_pvalue
aminoglycoside,kanamycin,kanamycin_vs_control,not_regulated,b4255,b4255,4154.708640501224,-1.4120763746635099,0.37577047612067904,0.0007884546848421718,0.003221134579854758,3.518881800350456,BH_from_pvalue
aminoglycoside,kanamycin,kanamycin_vs_control,not_regulated,b0892,b0892,740.9547706742077,-1.1660438870594412,0.4456416912366934,8.731465073131341e-05,0.0009602476747908257,3.518673548258264,BH_from_pvalue
aminoglycoside,kanamycin,kanamycin_vs_control,not_regulated,b1918,b1918,244.67912099019256,-1.214978226959424,0.43077958109865283,0.00016455857323511094,0.001290926686906997,3.510191677150905,BH_from_pvalue
aminoglycoside,kanamycin,kanamycin_vs_control,not_regulated,b0907,b0907,1640.926356579047,-1.25764071353219,0.4182273416577645,0.00024279199821556068,0.00162109296030017,3.5090591585869055,BH_from_pvalue
aminoglycoside,kanamycin,kanamycin_vs_control,not_regulated,b0383,b0383,551.5160987293772,1.529683243149469,2.8872244050053792,0.0015886948991050561,0.005084358035450658,3.5087321624945877,BH_from_pvalue
aminoglycoside,kanamycin,kanamycin_vs_control,not_regulated,b3223,b3223,186.19522803224982,-1.3744173936022275,0.38570843630780577,0.0006439166553986418,0.0028092503549787496,3.5067016714007457,BH_from_pvalue
aminoglycoside,kanamycin,kanamycin_vs_control,upregulated,b0141,b0141,4.538500293011105,2.663530557734724,6.335816524242411,0.03368220466149803,0.04827997341217914,3.505826757311186,BH_from_pvalue
aminoglycoside,kanamycin,kanamycin_vs_control,not_regulated,b3486,b3486,2113.664637517238,1.5037491408261374,2.835786935249255,0.0013935238829195866,0.004666555747664065,3.505244572989839,BH_from_pvalue
aminoglycoside,kanamycin,kanamycin_vs_control,not_regulated,b2829,b2829,1905.7093874214017,-1.4380808679725732,0.3690579138873877,0.0009896419273657915,0.0036788507349515124,3.500702759488123,BH_from_pvalue
aminoglycoside,kanamycin,kanamycin_vs_control,not_regulated,b1242,b1242,258.87662416895745,1.241314729498212,2.364138783628277,0.00021676091596121638,0.0015139605589961976,3.5003653305912987,BH_from_pvalue
aminoglycoside,kanamycin,kanamycin_vs_control,not_regulated,b1706,b1706,1598.8070712803756,-1.8507035287222227,0.2772571308966898,0.006327148938241532,0.012959706705013849,3.4930267734601554,BH_from_pvalue
aminoglycoside,kanamycin,kanamycin_vs_control,not_regulated,b2214,b2214,317.67916371932637,1.333805754538834,2.5206673759132796,0.0004995242102646319,0.0024082099654558565,3.4923111441472585,BH_from_pvalue
aminoglycoside,kanamycin,kanamycin_vs_control,not_regulated,b2548,b2548,48.26960988981235,1.4302548699521527,2.694943206784248,0.0009607529697026523,0.0036200914969480476,3.491653256305642,BH_from_pvalue
aminoglycoside,kanamycin,kanamycin_vs_control,upregulated,b0685,b0685,193.63602186222602,2.2673544085511477,4.814394649874578,0.01794142401091707,0.028945669010439375,3.4881352255350566,BH_from_pvalue
aminoglycoside,kanamycin,kanamycin_vs_control,not_regulated,b1479,b1479,1660.1259532586394,-1.4303633123636619,0.37103744292493207,0.0009790895611582345,0.0036630455002353637,3.4845905782552817,BH_from_pvalue
aminoglycoside,kanamycin,kanamycin_vs_control,upregulated,b3817,b3817,18.25460700077547,2.1758109513969726,4.518396735527362,0.01503794867474113,0.02508927787054362,3.4824111861357676,BH_from_pvalue
aminoglycoside,kanamycin,kanamycin_vs_control,not_regulated,b2595,b2595,1563.4028269484081,-1.2865508193122963,0.4099299149452777,0.0003563744143368824,0.001974103590747903,3.479644021610758,BH_from_pvalue
aminoglycoside,kanamycin,kanamycin_vs_control,not_regulated,b1372,b1372,121.64646641678269,1.473069222069065,2.7761186360115966,0.0012609456626369723,0.004349488949801458,3.4787439567155363,BH_from_pvalue
aminoglycoside,kanamycin,kanamycin_vs_control,not_regulated,b2384,b2384,37.881833164665316,1.5139671929986624,2.8559430142577127,0.0015763407661113435,0.005057332928651086,3.4761874540882265,BH_from_pvalue
aminoglycoside,kanamycin,kanamycin_vs_control,not_regulated,b3621,b3621,150.57001833290718,-1.7334710488549545,0.30072755106276894,0.0043059250401247685,0.009881658586980209,3.4759044119582407,BH_from_pvalue
aminoglycoside,kanamycin,kanamycin_vs_control,not_regulated,b1213,b1213,26.53606463341809,1.421172318135055,2.6780303637008083,0.0009516450802117539,0.0036031141168286775,3.47238156625404,BH_from_pvalue
aminoglycoside,kanamycin,kanamycin_vs_control,not_regulated,b0480,b0480,1071.2693953723294,-1.2251913990183105,0.4277407616981306,0.00020358271897729326,0.0014674920992946555,3.4714869942036324,BH_from_pvalue
aminoglycoside,kanamycin,kanamycin_vs_control,not_regulated,b1883,b1883,31.673238249257242,2.730182994487891,6.635397961039819,0.0383272421260499,0.05364086918176054,3.468708943727135,BH_from_pvalue
aminoglycoside,kanamycin,kanamycin_vs_control,upregulated,b0535,b0535,10.124692557990697,2.2798673438842068,4.856332976199953,0.01879548378204998,0.030120035466614355,3.468007718950878,BH_from_pvalue
aminoglycoside,kanamycin,kanamycin_vs_control,not_regulated,b4065,b4065,696.6067539798663,-1.2283193442575975,0.4268143702800125,0.00021467589443323703,0.0015064152467405619,3.4663851123423655,BH_from_pvalue
aminoglycoside,kanamycin,kanamycin_vs_control,not_regulated,b4388,b4388,672.4077105591632,1.1643893540170343,2.241383250472926,0.0001107297097449433,0.0010559865504379548,3.465620488274716,BH_from_pvalue
aminoglycoside,kanamycin,kanamycin_vs_control,upregulated,b1569,b1569,2.5275916599038744,2.085971189667494,4.2456080510057825,0.01260658483666223,0.02181778322251124,3.4651931823203337,BH_from_pvalue
aminoglycoside,kanamycin,kanamycin_vs_control,not_regulated,b0742,b0742,1919.1985982035576,-1.0169496941239355,0.494160056502845,9.771747158210684e-06,0.0003917968381299027,3.4646856483497332,BH_from_pvalue
aminoglycoside,kanamycin,kanamycin_vs_control,not_regulated,b1355,b1355,23.294887569050218,2.8905579177521665,7.415571684021797,0.046680264577109,0.06345356000841229,3.4615703117544308,BH_from_pvalue
aminoglycoside,kanamycin,kanamycin_vs_control,not_regulated,b3376,b3376,123.47779685665087,1.2766089938233947,2.4226886231042637,0.0003469393160179619,0.0019458017998114623,3.4607611076294296,BH_from_pvalue
aminoglycoside,kanamycin,kanamycin_vs_control,upregulated,b2634,b2634,12.202247859569669,2.40549688133821,5.29818008364579,0.023821739806664927,0.036435069107739596,3.4602601218298146,BH_from_pvalue
aminoglycoside,kanamycin,kanamycin_vs_control,not_regulated,b2449,b2449,115.86911276835644,-1.7237077578767321,0.30276959584555196,0.004294887641075856,0.009866396634095609,3.457484433387289,BH_from_pvalue
aminoglycoside,kanamycin,kanamycin_vs_control,not_regulated,b4127,b4127,77.76464502410941,-1.9192360829030584,0.264394471800538,0.008283158697300735,0.015840836658358295,3.455050797396185,BH_from_pvalue
aminoglycoside,kanamycin,kanamycin_vs_control,not_regulated,b0426,b0426,1340.3193872924073,-1.6819704875440031,0.3116566739007314,0.0036485963062096822,0.008856631718220022,3.4526336572710146,BH_from_pvalue
aminoglycoside,kanamycin,kanamycin_vs_control,not_regulated,b0944,b0944,92.80749379761785,1.8458173154291613,3.5945653075420796,0.006689469698246909,0.013517176416313835,3.4500430190741813,BH_from_pvalue
aminoglycoside,kanamycin,kanamycin_vs_control,not_regulated,b2950,b2950,72.85095544167876,1.463647930679386,2.7580486987440196,0.0012795930488360744,0.004407511928336267,3.44807131417418,BH_from_pvalue
aminoglycoside,kanamycin,kanamycin_vs_control,not_regulated,b2160,b2160,259.1858210667741,-1.4067309672246013,0.37716534614758757,0.000923736800004694,0.0035421723157895257,3.4475182271878304,BH_from_pvalue
aminoglycoside,kanamycin,kanamycin_vs_control,not_regulated,b1629,b1629,335.9799489767891,1.3022682034192519,2.4661630789900806,0.0004498426866674694,0.0022658369592724274,3.44420162591983,BH_from_pvalue
aminoglycoside,kanamycin,kanamycin_vs_control,not_regulated,b2549,b2549,243.67323403908767,1.534320884416701,2.8965205175843276,0.0019064316500592199,0.005705342356597719,3.442583831171896,BH_from_pvalue
aminoglycoside,kanamycin,kanamycin_vs_control,not_regulated,b0515,b0515,67.47515144357511,1.3536800506201168,2.5556318959309756,0.0006661599370737021,0.0028783740604779173,3.4395017033130255,BH_from_pvalue
aminoglycoside,kanamycin,kanamycin_vs_control,not_regulated,b0760,b0760,597.0146629283707,1.823903662858065,3.540378638743964,0.0063608350842346536,0.013022774787841362,3.4385991371002107,BH_from_pvalue
aminoglycoside,kanamycin,kanamycin_vs_control,not_regulated,b4054,b4054,486.87184452244884,-1.205605013744984,0.4335874746521553,0.00019589575849435556,0.0014280955499333618,3.4302389056031886,BH_from_pvalue
aminoglycoside,kanamycin,kanamycin_vs_control,upregulated,b0385,b0385,111.31108327073609,2.061639175775121,4.174603492850816,0.012546063423762455,0.0217548933230854,3.4273577028095445,BH_from_pvalue
aminoglycoside,kanamycin,kanamycin_vs_control,downregulated,b3148,b3148,46.70627604857594,-2.4857588341705656,0.1785303387074306,0.028283061936770767,0.041834006113645156,3.4265453335405955,BH_from_pvalue
aminoglycoside,kanamycin,kanamycin_vs_control,not_regulated,b1049,b1049,3875.738686370834,-1.42973534656271,0.3711989805574873,0.0011245456474104313,0.004024030486914972,3.424700460183163,BH_from_pvalue
aminoglycoside,kanamycin,kanamycin_vs_control,not_regulated,b2520,b2520,5507.520132259689,-1.2293818725981183,0.4265001421215574,0.000250757181998668,0.0016403076643174285,3.4239203326339926,BH_from_pvalue
aminoglycoside,kanamycin,kanamycin_vs_control,not_regulated,b3062,b3062,16.610447715579966,2.6502327583296483,6.27768551676584,0.03629348499184069,0.05124994602630393,3.4196127868723125,BH_from_pvalue
aminoglycoside,kanamycin,kanamycin_vs_control,not_regulated,b1461,b1461,82.62983309852766,-1.4660138358162698,0.361981071586724,0.0014033494713366651,0.004687659440137638,3.4144106512123655,BH_from_pvalue
aminoglycoside,kanamycin,kanamycin_vs_control,not_regulated,b2866,b2866,291.274727640962,1.136558484343558,2.19855935881842,9.436224269535771e-05,0.0009963412386002793,3.4114847334869074,BH_from_pvalue
aminoglycoside,kanamycin,kanamycin_vs_control,not_regulated,b0677,b0677,438.040920887268,-1.6460798616513825,0.3195071537120474,0.003413096164899299,0.008484584910400706,3.409639454929953,BH_from_pvalue
aminoglycoside,kanamycin,kanamycin_vs_control,not_regulated,b2177,b2177,614.0686455683896,-1.0975379019848468,0.46731333083728127,5.841532633194899e-05,0.0007893815891812109,3.4053451240675,BH_from_pvalue
aminoglycoside,kanamycin,kanamycin_vs_control,not_regulated,b2211,b2211,525.3717304179019,1.6528733192670426,3.144593034777425,0.003588904483260447,0.008759030041077313,3.400859554609503,BH_from_pvalue
aminoglycoside,kanamycin,kanamycin_vs_control,not_regulated,b1293,b1293,273.7704920023907,-1.7498372903411834,0.29733531085383597,0.005290303107945046,0.011401908662930912,3.399973125529292,BH_from_pvalue
aminoglycoside,kanamycin,kanamycin_vs_control,not_regulated,b3474,b3474,227.91806426826767,-1.769873965036017,0.2932343533708486,0.0057346560933971,0.012031008912360147,3.3976234250720156,BH_from_pvalue
aminoglycoside,kanamycin,kanamycin_vs_control,upregulated,b0534,b0534,13.156802146468266,2.4826822547049927,5.5893567281207766,0.029152115863289252,0.042809734623922645,3.3974450630204913,BH_from_pvalue
aminoglycoside,kanamycin,kanamycin_vs_control,not_regulated,b2556,b2556,427.38811071158625,1.1692259651738812,2.248910060286516,0.00015300068294018813,0.001244479334294695,3.396615822993628,BH_from_pvalue
aminoglycoside,kanamycin,kanamycin_vs_control,not_regulated,b1648,b1648,88.51483891360692,-1.6971924241640437,0.3083856577646665,0.0044313923411544425,0.010061788364721193,3.3898445559422616,BH_from_pvalue
aminoglycoside,kanamycin,kanamycin_vs_control,not_regulated,b0509,b0509,30.301044131217584,1.6906705665237234,3.228067098014784,0.00432852564009198,0.009903208712682465,3.3884826404609414,BH_from_pvalue
aminoglycoside,kanamycin,kanamycin_vs_control,not_regulated,b3843,b3843,2714.0785977408564,-1.0819273700433776,0.4723973019152888,5.248127091970244e-05,0.0007462206351503157,3.3833305072620226,BH_from_pvalue
aminoglycoside,kanamycin,kanamycin_vs_control,not_regulated,b1227,b1227,599.0562521603612,-3.335062857953517,0.09909369948824644,0.07602785494065609,0.09695868770146614,3.3797969603586417,BH_from_pvalue
aminoglycoside,kanamycin,kanamycin_vs_control,not_regulated,b1464,b1464,710.6039172996694,-1.6128131125764593,0.32696018897431356,0.003156505158912786,0.00803048336106343,3.379260082103501,BH_from_pvalue
aminoglycoside,kanamycin,kanamycin_vs_control,not_regulated,b2936,b2936,2441.1583311000268,-1.5496653959723314,0.34158927974846304,0.0024195334246271518,0.006616434731018183,3.377303521367874,BH_from_pvalue
aminoglycoside,kanamycin,kanamycin_vs_control,not_regulated,b2710,b2710,131.58865355563077,1.5919684611443117,3.0146039159324998,0.002902253011966175,0.007585319028369469,3.3750147654493072,BH_from_pvalue
aminoglycoside,kanamycin,kanamycin_vs_control,not_regulated,b4160,b4160,923.377121287262,-1.003620196248626,0.49874690845549235,1.5179071010604802e-05,0.00043401318459160884,3.3746699764548587,BH_from_pvalue
aminoglycoside,kanamycin,kanamycin_vs_control,not_regulated,b4467,b4467,397.9162553377599,-1.6284471590638407,0.3234361500045762,0.003406151621293536,0.008484584910400706,3.373115614355649,BH_from_pvalue
aminoglycoside,kanamycin,kanamycin_vs_control,not_regulated,b3591,b3591,852.79786194164,-1.7720198764130668,0.2927985113099345,0.006039732238657864,0.012530772882602894,3.3704210399955974,BH_from_pvalue
aminoglycoside,kanamycin,kanamycin_vs_control,not_regulated,b2114,b2114,1298.4243290885217,-1.322645346259078,0.39980118511915136,0.0006646657878749628,0.0028746795325592144,3.3613848542810554,BH_from_pvalue
aminoglycoside,kanamycin,kanamycin_vs_control,not_regulated,b1623,b1623,924.8742119195819,-1.1217309193241558,0.459542144106572,9.668446961028813e-05,0.0010081527278600134,3.361237165059586,BH_from_pvalue
aminoglycoside,kanamycin,kanamycin_vs_control,not_regulated,b2540,b2540,20.293059201069855,2.7414333756559364,6.687344201834782,0.04326051705799021,0.05952456583873966,3.359088632783494,BH_from_pvalue
aminoglycoside,kanamycin,kanamycin_vs_control,not_regulated,b0328,b0328,187.7867205397474,1.5407279637917481,2.9094127133926575,0.002431060219899413,0.006643322520721482,3.355111805450422,BH_from_pvalue
aminoglycoside,kanamycin,kanamycin_vs_control,not_regulated,b1356,b1356,544.4472590089025,-1.2575997364128995,0.4182392208107175,0.0004165972334662647,0.002161308369240206,3.3518595312941595,BH_from_pvalue
aminoglycoside,kanamycin,kanamycin_vs_control,not_regulated,b2532,b2532,2850.02048646897,-1.147703445692823,0.4513431303866002,0.00014399851842888522,0.001208405477412548,3.3487545550423388,BH_from_pvalue
aminoglycoside,kanamycin,kanamycin_vs_control,downregulated,b0412,b0412,271.0741398495588,-2.0476384399226477,0.24187969332987333,0.013717948492750306,0.02324042648602293,3.3453413955031523,BH_from_pvalue
aminoglycoside,kanamycin,kanamycin_vs_control,not_regulated,b2707,b2707,128.71638309295923,-1.695333549545432,0.3087832606698688,0.004844898580428358,0.010693009722652972,3.3413329577178956,BH_from_pvalue
aminoglycoside,kanamycin,kanamycin_vs_control,not_regulated,b0868,b0868,506.7176353785226,1.2628382256364912,2.3996736659866973,0.0004456820322749876,0.0022600651422467807,3.341317195819414,BH_from_pvalue
aminoglycoside,kanamycin,kanamycin_vs_control,not_regulated,b0963,b0963,794.3814156786519,-1.5757853385919134,0.3354604663242244,0.002921390016408677,0.007617630315249989,3.3377971579593404,BH_from_pvalue
aminoglycoside,kanamycin,kanamycin_vs_control,not_regulated,b4263,b4263,877.5864461901842,-1.4882127341436426,0.3564538641789879,0.001921435239347742,0.005729283331692522,3.336423682130727,BH_from_pvalue
aminoglycoside,kanamycin,kanamycin_vs_control,not_regulated,b1936,b1936,7.200687574709053,2.6202258517943653,6.148463182715035,0.0381148371742463,0.05340826716814948,3.333953134634765,BH_from_pvalue
aminoglycoside,kanamycin,kanamycin_vs_control,not_regulated,b4162,b4162,318.0795380485261,-1.5602189774558806,0.33909960819421164,0.0027458645006178412,0.007299585415945065,3.3337227056032916,BH_from_pvalue
aminoglycoside,kanamycin,kanamycin_vs_control,not_regulated,b1786,b1786,244.69398717271238,1.9844769947035452,3.957191805826155,0.011962974808795651,0.020929389611031832,3.3324199698864496,BH_from_pvalue
aminoglycoside,kanamycin,kanamycin_vs_control,not_regulated,b3811,b3811,318.52853572181675,-1.2611554038555903,0.417209697269641,0.00045352740283933536,0.0022786527423664356,3.332378485569061,BH_from_pvalue
aminoglycoside,kanamycin,kanamycin_vs_control,not_regulated,b1253,b1253,85.45418943248568,1.4366787416083806,2.7069697047359704,0.0014745322487508179,0.004830623492265971,3.327343383867163,BH_from_pvalue
aminoglycoside,kanamycin,kanamycin_vs_control,not_regulated,b4079,b4079,544.5706271748273,-1.5293205599722715,0.34644048543281514,0.0024736847287171503,0.006731175988971411,3.3215451714556563,BH_from_pvalue
aminoglycoside,kanamycin,kanamycin_vs_control,not_regulated,b1957,b1957,142.03148317764303,-1.6821163736010014,0.3116251606125515,0.004792387347478361,0.010603127540067715,3.321449823975134,BH_from_pvalue
aminoglycoside,kanamycin,kanamycin_vs_control,not_regulated,b0636,b0636,341.821325978673,1.6198345077525893,3.073397791404287,0.003697475535981334,0.00891277864997001,3.320639487211593,BH_from_pvalue
aminoglycoside,kanamycin,kanamycin_vs_control,not_regulated,b3935,b3935,611.0519503829852,1.1560175214756452,2.228414365480867,0.00017856548203976623,0.0013502188814240195,3.317303051106106,BH_from_pvalue
aminoglycoside,kanamycin,kanamycin_vs_control,not_regulated,b2048,b2048,63.088858550885284,1.6934368308964762,3.234262623226014,0.005068842439306583,0.011052539967928232,3.313273350953746,BH_from_pvalue
aminoglycoside,kanamycin,kanamycin_vs_control,not_regulated,b1916,b1916,319.3989388285441,1.9162548418164986,3.7744196690844145,0.010315122864929076,0.018663484572184627,3.313218548690068,BH_from_pvalue
aminoglycoside,kanamycin,kanamycin_vs_control,not_regulated,b0692,b0692,152.16914665419552,1.258887629257023,2.3931115210291334,0.0004708438623718597,0.0023350117893590136,3.313028323940826,BH_from_pvalue
aminoglycoside,kanamycin,kanamycin_vs_control,upregulated,b1080,b1080,29.21867650400992,2.0990346787296135,4.284226273461464,0.015995096680165136,0.026411874033547274,3.3126981728429605,BH_from_pvalue
aminoglycoside,kanamycin,kanamycin_vs_control,not_regulated,b1825,b1825,384.2207583696514,1.679796258042403,3.2038270238209354,0.004841578050695127,0.010690926888574709,3.310852623649999,BH_from_pvalue
aminoglycoside,kanamycin,kanamycin_vs_control,not_regulated,b4006,b4006,614.0942738261076,-1.230043431128264,0.4263046121468022,0.00037768788070076555,0.002049264279121886,3.30685125735514,BH_from_pvalue
aminoglycoside,kanamycin,kanamycin_vs_control,upregulated,b4665,b4665,7.966054589892297,2.1928753512591683,4.5721582904647295,0.019591755877248384,0.03106229042504872,3.306344046076092,BH_from_pvalue
aminoglycoside,kanamycin,kanamycin_vs_control,not_regulated,b1920,b1920,939.4157952617282,-1.4869060981742788,0.35677684748876703,0.002098526680476765,0.0060430044870579324,3.2990685684333987,BH_from_pvalue
aminoglycoside,kanamycin,kanamycin_vs_control,not_regulated,b1145,b1145,686.7474423634036,1.225364845817987,2.338145720358542,0.0003708178938360682,0.002032729925660146,3.298584526819865,BH_from_pvalue
aminoglycoside,kanamycin,kanamycin_vs_control,not_regulated,b0924,b0924,4675.462462089321,-1.134501378396072,0.45549231601007484,0.00015216334925130369,0.0012444195362406618,3.2957641464136627,BH_from_pvalue
aminoglycoside,kanamycin,kanamycin_vs_control,not_regulated,b3750,b3750,1112.9339048792772,-1.4716497195021994,0.3605697521098494,0.0019475391627600796,0.005763178390851867,3.2955210472290313,BH_from_pvalue
aminoglycoside,kanamycin,kanamycin_vs_control,not_regulated,b2085,b2085,21.559341016482637,1.876034219601289,3.6706465930875596,0.00950096648879099,0.017513422030114315,3.2954960903395767,BH_from_pvalue
aminoglycoside,kanamycin,kanamycin_vs_control,not_regulated,b0193,b0193,115.39675901960887,1.304166275907468,2.4694098059454284,0.0007010947054563064,0.0029800540915310885,3.2940316878406875,BH_from_pvalue
aminoglycoside,kanamycin,kanamycin_vs_control,not_regulated,b1805,b1805,3383.479178195179,1.7653087616283365,3.3994674633918742,0.006759618153775929,0.013622384586562442,3.2936192840537535,BH_from_pvalue
aminoglycoside,kanamycin,kanamycin_vs_control,not_regulated,b2166,b2166,32.1970489962091,2.7185241359473795,6.581991374919542,0.04500767709670778,0.061514594828620955,3.292192079904799,BH_from_pvalue
aminoglycoside,kanamycin,kanamycin_vs_control,not_regulated,b2188,b2188,1094.6047680120216,-1.093695689688694,0.46855954713806924,9.08713313113188e-05,0.0009778450914792152,3.291728662440249,BH_from_pvalue
aminoglycoside,kanamycin,kanamycin_vs_control,not_regulated,b2332,b2332,506.0887600732114,1.584526585694598,2.99909367711624,0.0033272312558824528,0.00836783982382096,3.291674362397457,BH_from_pvalue
aminoglycoside,kanamycin,kanamycin_vs_control,not_regulated,b4286,b4286,16.753955127098365,2.617973667181877,6.138872333099267,0.039760979801488364,0.05536993410126769,3.290075557492416,BH_from_pvalue
aminoglycoside,kanamycin,kanamycin_vs_control,upregulated,b4698,b4698,2.5057067577248193,2.447596988649084,5.455067274442847,0.03130743642278473,0.045426080332156685,3.2863755910855543,BH_from_pvalue
aminoglycoside,kanamycin,kanamycin_vs_control,not_regulated,b1729,b1729,1625.479686989863,-1.1144302286259844,0.4618735295663726,0.00012316176805950184,0.0011280592034686836,3.2849704422362773,BH_from_pvalue
aminoglycoside,kanamycin,kanamycin_vs_control,upregulated,b1041,b1041,11.628777474268704,2.2295255646452428,4.689797286925695,0.0216386140858166,0.03367836891280383,3.283308482017126,BH_from_pvalue
aminoglycoside,kanamycin,kanamycin_vs_control,not_regulated,b0808,b0808,422.90062901884676,-1.6153932632823729,0.3263759680372373,0.003931075164138411,0.009286752147213535,3.282699038899434,BH_from_pvalue
aminoglycoside,kanamycin,kanamycin_vs_control,not_regulated,b4400,b4400,169.79333250167903,1.9031107201450812,3.740187822038915,0.010461569704511552,0.018841643613048475,3.2826399313979584,BH_from_pvalue
aminoglycoside,kanamycin,kanamycin_vs_control,not_regulated,b1418,b1418,446.3238580052048,1.721955045709815,3.298831401451946,0.005959636301265829,0.012410390779210046,3.2824157508556544,BH_from_pvalue
aminoglycoside,kanamycin,kanamycin_vs_control,not_regulated,b3041,b3041,2209.1321728463195,-1.6759920767650502,0.31295083337473095,0.005053833530124684,0.011029666772683567,3.2806499221521648,BH_from_pvalue
aminoglycoside,kanamycin,kanamycin_vs_control,not_regulated,b0895,b0895,190.84971726498907,-1.8392285099061185,0.27947119351461736,0.008764173356643153,0.01647356947688295,3.2797348795458516,BH_from_pvalue
aminoglycoside,kanamycin,kanamycin_vs_control,not_regulated,b4398,b4398,155.99108482717773,1.5996163479648713,3.0306270992903204,0.0037403219017043145,0.00897164196477577,3.2746195212669176,BH_from_pvalue
aminoglycoside,kanamycin,kanamycin_vs_control,not_regulated,b2716,b2716,312.15407332392914,1.2809886313974772,2.430054434626703,0.0006306252290004238,0.002778209872716852,3.27450790974648,BH_from_pvalue
aminoglycoside,kanamycin,kanamycin_vs_control,not_regulated,b1275,b1275,3496.396939960227,-1.191200975333782,0.4379381460977794,0.00029585283131479173,0.0017838418703135836,3.27418699260018,BH_from_pvalue
aminoglycoside,kanamycin,kanamycin_vs_control,not_regulated,b4175,b4175,2890.4855581904617,-1.4448273380226055,0.3673361185354182,0.0017638410621021257,0.005421636912998731,3.273790299824925,BH_from_pvalue
aminoglycoside,kanamycin,kanamycin_vs_control,not_regulated,b0407,b0407,437.026867294786,-1.431810839297575,0.37066534949960855,0.0016369166793164579,0.005177813799975687,3.272909920491325,BH_from_pvalue
aminoglycoside,kanamycin,kanamycin_vs_control,upregulated,b0218,b0218,1.9048889807520435,2.200154603667181,4.595285838660639,0.020736726499508112,0.03260181607647238,3.2710979136414826,BH_from_pvalue
aminoglycoside,kanamycin,kanamycin_vs_control,not_regulated,b1757,b1757,169.82133835404076,-1.5856937623408456,0.33316441883597864,0.003527903692492942,0.008676058397393797,3.2691892047811284,BH_from_pvalue
aminoglycoside,kanamycin,kanamycin_vs_control,not_regulated,b0831,b0831,234.21735620358643,-1.3646701993060155,0.38832319820143013,0.0011284588863750568,0.004031618801362197,3.2677308200295796,BH_from_pvalue
aminoglycoside,kanamycin,kanamycin_vs_control,not_regulated,b1794,b1794,489.56449746834755,-1.2616108022320276,0.4170780224322322,0.0005574762813796805,0.0025771102915167553,3.2661425660947794,BH_from_pvalue
aminoglycoside,kanamycin,kanamycin_vs_control,not_regulated,b1219,b1219,717.8495634677453,-1.496251120274886,0.35447330275306294,0.0024006913874785574,0.006588352569175443,3.263657608750116,BH_from_pvalue
aminoglycoside,kanamycin,kanamycin_vs_control,not_regulated,b4003,b4003,274.1535869456281,1.7705185294802481,3.4117655941291702,0.007259972004115313,0.014385618535026729,3.261421652761069,BH_from_pvalue
aminoglycoside,kanamycin,kanamycin_vs_control,not_regulated,b0713,b0713,661.3150760238872,-1.0507847360548634,0.4827055313604214,5.844021102653251e-05,0.0007893815891812109,3.260283468022217,BH_from_pvalue
aminoglycoside,kanamycin,kanamycin_vs_control,not_regulated,b3359,b3359,218.0488012614541,1.3434740425734883,2.537616474931453,0.0010147901031681162,0.003745792542744494,3.2598810266695004,BH_from_pvalue
aminoglycoside,kanamycin,kanamycin_vs_control,not_regulated,b4075,b4075,6.5552419189139925,1.9834382454672563,3.954343629044889,0.013333493193054772,0.022726052437423403,3.2597331451382345,BH_from_pvalue
aminoglycoside,kanamycin,kanamycin_vs_control,not_regulated,b2881,b2881,308.0302029491946,1.6280149349654947,3.0908741955554193,0.004355144261679648,0.009950908363414614,3.2595093824616175,BH_from_pvalue
aminoglycoside,kanamycin,kanamycin_vs_control,not_regulated,b0090,b0090,1177.364128512143,-1.396867056617646,0.3797529148182601,0.001389635999194465,0.004663076339566953,3.256554547484693,BH_from_pvalue
aminoglycoside,kanamycin,kanamycin_vs_control,not_regulated,b1284,b1284,262.3152414039486,1.2699885460780207,2.4115965090289464,0.0006119312264328463,0.0027402968556790616,3.2539676850080688,BH_from_pvalue
aminoglycoside,kanamycin,kanamycin_vs_control,not_regulated,b1483,b1483,150.1648267602867,-1.2327228912985344,0.4255135883268992,0.0004609117318254081,0.0022958814725921217,3.2532180077924844,BH_from_pvalue
aminoglycoside,kanamycin,kanamycin_vs_control,not_regulated,b0809,b0809,615.8652764380236,-1.5828141518325864,0.33383007708921836,0.003678448239020556,0.008883141388178206,3.2470378572728174,BH_from_pvalue
aminoglycoside,kanamycin,kanamycin_vs_control,not_regulated,b1626,b1626,252.92750765223457,1.1281449157674004,2.185775023807793,0.00017372592351681568,0.0013312081839499778,3.2442672779088353,BH_from_pvalue
aminoglycoside,kanamycin,kanamycin_vs_control,downregulated,b1383,b1383,28.50634449961629,-2.23201725608684,0.21286088089132305,0.022892070949256726,0.03523906061935549,3.243066784305329,BH_from_pvalue
aminoglycoside,kanamycin,kanamycin_vs_control,upregulated,b0108,b0108,9.812835424966622,2.061084720668674,4.17299942169426,0.01623904033431685,0.02670683854616351,3.242864364383914,BH_from_pvalue
aminoglycoside,kanamycin,kanamycin_vs_control,not_regulated,b3183,b3183,4223.185932789074,1.1876632911066682,2.2778350711625754,0.00032684468733414003,0.001867133270073543,3.2409249031245366,BH_from_pvalue
aminoglycoside,kanamycin,kanamycin_vs_control,not_regulated,b0722,b0722,151.2717534361774,1.8318143773285174,3.559844880261772,0.009134301245340754,0.017012245386461948,3.2409162677044208,BH_from_pvalue
aminoglycoside,kanamycin,kanamycin_vs_control,not_regulated,b1726,b1726,805.0063070781348,-1.3704845112171213,0.38676133757911796,0.001257892475865455,0.004345622393581272,3.237013169146486,BH_from_pvalue
aminoglycoside,kanamycin,kanamycin_vs_control,not_regulated,b2131,b2131,418.07767052996866,-1.4299105453751384,0.37115390542373394,0.0017747111850234438,0.005448908471150478,3.2368748990564677,BH_from_pvalue
aminoglycoside,kanamycin,kanamycin_vs_control,not_regulated,b1881,b1881,61.492633306741475,1.3197492845425876,2.4962272589635703,0.000928609176922325,0.003545530128538629,3.233806509342652,BH_from_pvalue
aminoglycoside,kanamycin,kanamycin_vs_control,not_regulated,b1395,b1395,100.17335733578356,-1.4593968820839045,0.363645119212332,0.0021248706670140066,0.006086128988859172,3.233525613778197,BH_from_pvalue
aminoglycoside,kanamycin,kanamycin_vs_control,not_regulated,b3647,b3647,336.85876545254905,-1.666541852730715,0.315007513989702,0.005379352827077939,0.011538545072101367,3.2295063780319953,BH_from_pvalue
aminoglycoside,kanamycin,kanamycin_vs_control,not_regulated,b2730,b2730,334.06450264205074,-1.4698921935834521,0.3610092745484079,0.002289910649089558,0.0063935556173835085,3.2253220472102098,BH_from_pvalue
aminoglycoside,kanamycin,kanamycin_vs_control,not_regulated,b1923,b1923,970.5975734538434,1.4217364706581392,2.6790777874306086,0.0017499463661352513,0.005399091517993236,3.224042380066361,BH_from_pvalue
aminoglycoside,kanamycin,kanamycin_vs_control,not_regulated,b1946,b1946,7.382458961133698,1.9483814927020273,3.859413150316071,0.012887739820984788,0.022171225993467943,3.2230327164351467,BH_from_pvalue
aminoglycoside,kanamycin,kanamycin_vs_control,not_regulated,b3333,b3333,16.890181466698266,1.3490546818202174,2.5474515037299317,0.0011522755327409118,0.004097182091911953,3.220887930058075,BH_from_pvalue
aminoglycoside,kanamycin,kanamycin_vs_control,not_regulated,b0284,b0284,366.497694726175,-1.850008068424997,0.27739081667506693,0.00996393181066069,0.018174276271026676,3.220018361136671,BH_from_pvalue
aminoglycoside,kanamycin,kanamycin_vs_control,not_regulated,b2916,b2916,576.0511944183341,-1.2052052942577607,0.43370762296473964,0.0004039173874690244,0.002132418320229662,3.2192571191080064,BH_from_pvalue
aminoglycoside,kanamycin,kanamycin_vs_control,not_regulated,b1327,b1327,64.05388280271814,-1.387245700186985,0.3822939568218785,0.0014696831669784695,0.004821761404135052,3.2139629082512813,BH_from_pvalue
aminoglycoside,kanamycin,kanamycin_vs_control,not_regulated,b1740,b1740,552.6043539298998,-1.4168533714869564,0.37452829690777045,0.0017465941218024422,0.005399091517993236,3.2129690771027866,BH_from_pvalue
aminoglycoside,kanamycin,kanamycin_vs_control,not_regulated,b3894,b3894,13041.110743730087,-1.305017583431729,0.4047161756008883,0.0008871599942600097,0.0034549313023216656,3.212379844402259,BH_from_pvalue
aminoglycoside,kanamycin,kanamycin_vs_control,not_regulated,b1065,b1065,663.1355545108469,-1.2777422576048743,0.4124404516184493,0.0007379211872895655,0.003079006957725849,3.2091638203164132,BH_from_pvalue
aminoglycoside,kanamycin,kanamycin_vs_control,not_regulated,b1766,b1766,1199.827273730196,-1.2000458262754847,0.43526145562967006,0.0004015269460480241,0.0021247861215576615,3.2073442139641775,BH_from_pvalue
aminoglycoside,kanamycin,kanamycin_vs_control,not_regulated,b1552,b1552,749.1817452931923,-1.8737867359856537,0.27285630081521356,0.0110394347666358,0.01963091647293706,3.1986653077466682,BH_from_pvalue
aminoglycoside,kanamycin,kanamycin_vs_control,not_regulated,b1849,b1849,245.53282985221105,-1.2197771283608985,0.4293490401585696,0.0004901282274109668,0.002391102784050465,3.197525904849067,BH_from_pvalue
aminoglycoside,kanamycin,kanamycin_vs_control,not_regulated,b2519,b2519,430.5515872533174,1.116436813597911,2.168108285721784,0.00018532188770795324,0.001368764944023602,3.1971078673393665,BH_from_pvalue
aminoglycoside,kanamycin,kanamycin_vs_control,not_regulated,b1209,b1209,316.0554107950181,-1.3584880423749004,0.38999078965889306,0.0012909370251446904,0.004439323195031206,3.196092043577175,BH_from_pvalue
aminoglycoside,kanamycin,kanamycin_vs_control,not_regulated,b4123,b4123,77.23924631591164,1.7582631771346344,3.382906204630222,0.00787604319544059,0.015243735926459456,3.194603458232009,BH_from_pvalue
aminoglycoside,kanamycin,kanamycin_vs_control,not_regulated,b0427,b0427,354.7752458787479,1.2630357305816613,2.4000022037896103,0.0006919218674246245,0.0029584263875246774,3.194140611119041,BH_from_pvalue
aminoglycoside,kanamycin,kanamycin_vs_control,not_regulated,b1963,b1963,102.8089441897077,1.6515936365867416,3.1418049909013828,0.005466583225394876,0.011658933782753036,3.1930939642764065,BH_from_pvalue
aminoglycoside,kanamycin,kanamycin_vs_control,not_regulated,b4105,b4105,12.925189124291313,2.979068835033144,7.884770891108919,0.06542604615896004,0.08498017777158598,3.1896364650075726,BH_from_pvalue
aminoglycoside,kanamycin,kanamycin_vs_control,not_regulated,b0469,b0469,501.0173790537808,1.442923702125018,2.7187126991043504,0.0021620952624649367,0.006163200019453438,3.18914093015701,BH_from_pvalue
aminoglycoside,kanamycin,kanamycin_vs_control,not_regulated,b1168,b1168,131.8278511396814,1.7442228069784411,3.35014329961123,0.007585305813978978,0.014853283010007061,3.188748967368651,BH_from_pvalue
aminoglycoside,kanamycin,kanamycin_vs_control,not_regulated,b3309,b3309,2576.0642724905565,-1.142429654877823,0.45299604044961306,0.00024299779102539807,0.00162109296030017,3.1875981751824014,BH_from_pvalue
aminoglycoside,kanamycin,kanamycin_vs_control,not_regulated,b2814,b2814,21.744328614503743,-1.7605548555944561,0.29513463575246107,0.00809519013625981,0.015527575792280009,3.1846612385709703,BH_from_pvalue
aminoglycoside,kanamycin,kanamycin_vs_control,not_regulated,b1865,b1865,492.8797809980362,-1.3947969155851894,0.3802982181299509,0.001673669027033821,0.0052350614064612605,3.1816408651132124,BH_from_pvalue
aminoglycoside,kanamycin,kanamycin_vs_control,not_regulated,b0164,b0164,64.8332290959503,1.4317989494377308,2.6978290794138235,0.002071445182836032,0.005999588172824514,3.1812833875343225,BH_from_pvalue
aminoglycoside,kanamycin,kanamycin_vs_control,not_regulated,b1137,b1137,21.4425033000915,-1.7137194751148432,0.30487304880610044,0.0070040025445523,0.014014236408094414,3.1762600474850675,BH_from_pvalue
aminoglycoside,kanamycin,kanamycin_vs_control,not_regulated,b2812,b2812,380.9947422744099,1.0970033238566073,2.1390991040819474,0.00016318767190718285,0.0012869026614703222,3.1708379755947256,BH_from_pvalue
aminoglycoside,kanamycin,kanamycin_vs_control,not_regulated,b1394,b1394,30.537644460896573,-1.6221005637725674,0.32486212014958377,0.005095457506277415,0.011098967488249789,3.170748230237365,BH_from_pvalue
aminoglycoside,kanamycin,kanamycin_vs_control,not_regulated,b3752,b3752,621.0145520237724,-1.326794940369112,0.39865289737304865,0.0011570710905143555,0.004101265378355848,3.167168489869187,BH_from_pvalue
aminoglycoside,kanamycin,kanamycin_vs_control,not_regulated,b3157,b3157,1454.3082951777196,-1.719610038738102,0.3036307815747836,0.007275076648395248,0.014402858611127565,3.1667501068689887,BH_from_pvalue
aminoglycoside,kanamycin,kanamycin_vs_control,not_regulated,b3601,b3601,235.03532693331022,1.0577086359051284,2.0816227521277484,9.974505721798811e-05,0.001017354347769865,3.165222449196839,BH_from_pvalue
aminoglycoside,kanamycin,kanamycin_vs_control,not_regulated,b2770,b2770,40.808398193699496,1.7011185779030615,3.2515296464816603,0.0068790059704399945,0.013813289667428168,3.1635751199956306,BH_from_pvalue
aminoglycoside,kanamycin,kanamycin_vs_control,not_regulated,b1583,b1583,140.2379445790369,-1.470662208868692,0.3608166430632722,0.002638539046864813,0.007081234267779193,3.161763502263023,BH_from_pvalue
aminoglycoside,kanamycin,kanamycin_vs_control,not_regulated,b0293,b0293,48.44622716949638,1.8811300273756686,3.6836347728951258,0.012058752364610188,0.02103966956400955,3.1545818521559106,BH_from_pvalue
aminoglycoside,kanamycin,kanamycin_vs_control,not_regulated,b0278,b0278,10.464663321826905,1.9652964856896626,3.9049294557520313,0.014847444324969098,0.02485474358489413,3.15349648907367,BH_from_pvalue
aminoglycoside,kanamycin,kanamycin_vs_control,not_regulated,b0505,b0505,52.93749890248365,1.7477312052868,3.358300214139033,0.008212329707288404,0.015718748520588615,3.1521766023589266,BH_from_pvalue
aminoglycoside,kanamycin,kanamycin_vs_control,upregulated,b1949,b1949,1.599933017706191,2.0188802537261625,4.052691206042957,0.01689471894083717,0.027563455130897932,3.148779583742917,BH_from_pvalue
aminoglycoside,kanamycin,kanamycin_vs_control,upregulated,b2644,b2644,1.599933017706191,2.0188802537261625,4.052691206042957,0.01689471894083717,0.027563455130897932,3.148779583742917,BH_from_pvalue
aminoglycoside,kanamycin,kanamycin_vs_control,not_regulated,b2259,b2259,324.08028901014796,-1.4747645242177594,0.3597921152544532,0.0027668297994149576,0.0073423011432262415,3.1473949704216047,BH_from_pvalue
aminoglycoside,kanamycin,kanamycin_vs_control,not_regulated,b2122,b2122,124.48685729566739,1.462978381574624,2.7567689961458917,0.002667626699501289,0.007125287942017102,3.141303641340679,BH_from_pvalue
aminoglycoside,kanamycin,kanamycin_vs_control,not_regulated,b2784,b2784,1357.2842399032334,-1.1154754087568008,0.4615390401556332,0.00022209386695640367,0.0015368895593383133,3.138230928500568,BH_from_pvalue
aminoglycoside,kanamycin,kanamycin_vs_control,not_regulated,b3631,b3631,466.62074544054485,-1.3099675150172736,0.40332996123881104,0.0011266607140352583,0.004028394190564858,3.13719933385551,BH_from_pvalue
aminoglycoside,kanamycin,kanamycin_vs_control,not_regulated,b0589,b0589,120.1306250268464,1.7100166810972715,3.271646062274577,0.007442636875548523,0.014637945197296571,3.137059601941551,BH_from_pvalue
aminoglycoside,kanamycin,kanamycin_vs_control,not_regulated,b2441,b2441,260.36677577661675,-1.4128173533166182,0.3755775272286679,0.002102447070104944,0.006050420295158054,3.133931876586809,BH_from_pvalue
aminoglycoside,kanamycin,kanamycin_vs_control,not_regulated,b1225,b1225,2823.5857581434047,-3.5513400246980265,0.08529825129587894,0.10624876645480724,0.13125705891615572,3.1318462632689976,BH_from_pvalue
aminoglycoside,kanamycin,kanamycin_vs_control,not_regulated,b0854,b0854,213.31358200171212,-1.4245973323213423,0.37252332549973677,0.002273877972365595,0.006368557359713852,3.128357241078846,BH_from_pvalue
aminoglycoside,kanamycin,kanamycin_vs_control,not_regulated,b4031,b4031,165.76237748004624,1.6688563326395958,3.179624352687577,0.006605584636433686,0.013401858229444619,3.1254925172422965,BH_from_pvalue
aminoglycoside,kanamycin,kanamycin_vs_control,not_regulated,b3455,b3455,32.59704360774046,1.8226070290277683,3.537198124293703,0.010888467445078195,0.019420788648582963,3.1198168492003795,BH_from_pvalue
aminoglycoside,kanamycin,kanamycin_vs_control,downregulated,b2729,b2729,318.66945098461593,-2.0641097713767023,0.2391338436817328,0.01939793874788997,0.030820179614273784,3.119210101305716,BH_from_pvalue
aminoglycoside,kanamycin,kanamycin_vs_control,not_regulated,b0045,b0045,21.746082050634328,1.7618604029545688,3.391351691062747,0.009139778032121097,0.017012245386461948,3.11715101269548,BH_from_pvalue
aminoglycoside,kanamycin,kanamycin_vs_control,not_regulated,b1250,b1250,404.8483363711284,-1.533070925143062,0.34554106387581524,0.0039518050699743025,0.009325928229141875,3.1126060583024895,BH_from_pvalue
aminoglycoside,kanamycin,kanamycin_vs_control,upregulated,b0573,b0573,7.823221693192019,2.0566433175419,4.160172405197989,0.019277259708310464,0.03069349174087804,3.111606122450355,BH_from_pvalue
aminoglycoside,kanamycin,kanamycin_vs_control,not_regulated,b4573,b4573,68.0364284279728,1.4841434087176468,2.797510233540376,0.0031488620112764677,0.008015609126610953,3.110858781634877,BH_from_pvalue
aminoglycoside,kanamycin,kanamycin_vs_control,not_regulated,b1128,b1128,3311.299464280936,-1.1236745683192666,0.4589234497851797,0.0002814571376839715,0.001735139883909496,3.102089622311116,BH_from_pvalue
aminoglycoside,kanamycin,kanamycin_vs_control,not_regulated,b0724,b0724,2213.652724230479,-1.408071829636496,0.37681496586684204,0.0022268818676913086,0.006276011679746558,3.101019481229669,BH_from_pvalue
aminoglycoside,kanamycin,kanamycin_vs_control,not_regulated,b0149,b0149,3584.0707854648863,1.2820271526919527,2.431804334467384,0.0010649503777782842,0.0038723902985017965,3.0922762566417346,BH_from_pvalue
aminoglycoside,kanamycin,kanamycin_vs_control,not_regulated,b1097,b1097,517.0691263745862,1.3906790237769577,2.6220206065188503,0.002086308922572446,0.006014027056435034,3.0884681246337387,BH_from_pvalue
aminoglycoside,kanamycin,kanamycin_vs_control,not_regulated,b2508,b2508,2954.1332072815226,1.4204243110345374,2.6766422210541996,0.0024555627795966113,0.006699456790856149,3.0879462169974463,BH_from_pvalue
aminoglycoside,kanamycin,kanamycin_vs_control,upregulated,b1456,b1456,22.21451526998007,2.2723732513001402,4.831172115877122,0.030041074224841556,0.04392872297247637,3.0841818259261027,BH_from_pvalue
aminoglycoside,kanamycin,kanamycin_vs_control,not_regulated,b2778,b2778,8.310992119208608,2.607767811008231,6.095598209855226,0.0487458693079514,0.0658039976432069,3.0817236698053865,BH_from_pvalue
aminoglycoside,kanamycin,kanamycin_vs_control,not_regulated,b3741,b3741,2329.67793748105,1.6965740273765526,3.2413033054412232,0.007946737357172842,0.015315872180325561,3.07904139872745,BH_from_pvalue
aminoglycoside,kanamycin,kanamycin_vs_control,not_regulated,b4537,b4537,56.14238959171763,1.5349789523224109,2.8978420317829636,0.004298678737407637,0.009870064809014575,3.0786765784137726,BH_from_pvalue
aminoglycoside,kanamycin,kanamycin_vs_control,not_regulated,b1118,b1118,724.6812546408813,-1.0528410085439752,0.48201802148852463,0.00014140398253654202,0.001193311657503501,3.0777133897468243,BH_from_pvalue
aminoglycoside,kanamycin,kanamycin_vs_control,not_regulated,b0912,b0912,1889.1606917027605,-1.4251295603310439,0.3723859223928149,0.002573537329204221,0.0069357524905695545,3.076721347865216,BH_from_pvalue
aminoglycoside,kanamycin,kanamycin_vs_control,downregulated,b0600,b0600,769.255981764898,-2.251954324018774,0.20993951985330309,0.029389579600621687,0.04307407267631031,3.07568332752767,BH_from_pvalue
aminoglycoside,kanamycin,kanamycin_vs_control,not_regulated,b0495,b0495,701.317009578538,1.3287500094386946,2.5118494706633125,0.0014833466011881914,0.004852431281559625,3.0747814773604922,BH_from_pvalue
aminoglycoside,kanamycin,kanamycin_vs_control,not_regulated,b0417,b0417,317.5627362034665,-1.3477996442747493,0.3928908176527881,0.001684965589699761,0.005238862187836563,3.0740115949033813,BH_from_pvalue
aminoglycoside,kanamycin,kanamycin_vs_control,upregulated,b3545,b3545,5.106715073118345,2.231688553496315,4.69683383105968,0.02843724199519354,0.04201702113248253,3.0720860922491435,BH_from_pvalue
aminoglycoside,kanamycin,kanamycin_vs_control,not_regulated,b3292,b3292,226.50108414043606,-0.9805516135213361,0.5067859335706395,5.209556797094739e-05,0.0007462206351503157,3.066315059428368,BH_from_pvalue
aminoglycoside,kanamycin,kanamycin_vs_control,not_regulated,b3644,b3644,887.6906544061161,-1.2903648783034356,0.40884761276638665,0.001199181748561999,0.004217294374536255,3.064572821195863,BH_from_pvalue
aminoglycoside,kanamycin,kanamycin_vs_control,not_regulated,b2233,b2233,622.986563890461,1.150943931408868,2.2205913649929787,0.0004254298698956466,0.0021894548681814854,3.0611241433881213,BH_from_pvalue
aminoglycoside,kanamycin,kanamycin_vs_control,not_regulated,b2808,b2808,411.02179644766755,1.6339241924562282,3.1035603338000417,0.006639489768304299,0.01345162018170945,3.057440456921507,BH_from_pvalue
aminoglycoside,kanamycin,kanamycin_vs_control,not_regulated,b0554,b0554,5.803253534904784,2.6830895318178607,6.422297656978613,0.054716310252863866,0.07259998923816569,3.056209201807219,BH_from_pvalue
aminoglycoside,kanamycin,kanamycin_vs_control,not_regulated,b1919,b1919,622.9406632313572,-1.2931113169668453,0.40807003556779553,0.0012537418594158862,0.0043417314558747006,3.0547647634592017,BH_from_pvalue
aminoglycoside,kanamycin,kanamycin_vs_control,not_regulated,b4333,b4333,31.240716143859895,1.7880554158620208,3.453490884991972,0.010995875940331194,0.01958790098202365,3.0540202858202297,BH_from_pvalue
aminoglycoside,kanamycin,kanamycin_vs_control,not_regulated,b1187,b1187,1661.0548304267784,-1.3910160370579767,0.3812961747864025,0.0022889160915374896,0.0063935556173835085,3.052247445037778,BH_from_pvalue
aminoglycoside,kanamycin,kanamycin_vs_control,not_regulated,b0365,b0365,30.54634714134866,2.371867498339269,5.176107206096315,0.0366691479740547,0.051704648146488404,3.0513373600005944,BH_from_pvalue
aminoglycoside,kanamycin,kanamycin_vs_control,not_regulated,b3618,b3618,212.6892266850646,-1.2070754018665983,0.43314578942081344,0.0007054621467989666,0.0029823014438926237,3.048406716217478,BH_from_pvalue
aminoglycoside,kanamycin,kanamycin_vs_control,not_regulated,b4249,b4249,73.50190378891156,1.9344405568658294,3.822298785575415,0.016185029233303123,0.02662774743650236,3.0460969439900545,BH_from_pvalue
aminoglycoside,kanamycin,kanamycin_vs_control,not_regulated,b3806,b3806,4421.243351876809,-1.100381701773859,0.46639308325605905,0.0002685007069233213,0.0017058138131936429,3.0459317870389198,BH_from_pvalue
aminoglycoside,kanamycin,kanamycin_vs_control,not_regulated,b2765,b2765,83.65983781454487,1.5009751391622501,2.8303395472004764,0.003975060452899014,0.00935626473947659,3.0453247046204983,BH_from_pvalue
aminoglycoside,kanamycin,kanamycin_vs_control,not_regulated,b0798,b0798,111.03080511185753,-1.8048367938807104,0.286213416457629,0.011701226411972526,0.020557136200172237,3.044827148194189,BH_from_pvalue
aminoglycoside,kanamycin,kanamycin_vs_control,not_regulated,b0633,b0633,630.1728421407466,-0.9808309714849859,0.5066878109762658,5.91299074671342e-05,0.0007904333546421339,3.0426698323894104,BH_from_pvalue
aminoglycoside,kanamycin,kanamycin_vs_control,not_regulated,b4336,b4336,319.5904005410311,-1.6582785833563989,0.3168169474809365,0.007451932449807089,0.014649821747916209,3.0415609481449337,BH_from_pvalue
aminoglycoside,kanamycin,kanamycin_vs_control,upregulated,b4648,b4648,21.54856182646543,2.273488103052262,4.834906877646033,0.031769182019636175,0.04597740692545802,3.0406892269524186,BH_from_pvalue
aminoglycoside,kanamycin,kanamycin_vs_control,not_regulated,b2260,b2260,396.9642430738902,-1.0603310940090687,0.4795219982317863,0.00018211484700751877,0.0013575901936373831,3.0402145093176856,BH_from_pvalue
aminoglycoside,kanamycin,kanamycin_vs_control,not_regulated,b2202,b2202,100.2593486563186,-1.7026389238269424,0.3072236270911066,0.008696013701549972,0.01639340722111139,3.03977366580474,BH_from_pvalue
aminoglycoside,kanamycin,kanamycin_vs_control,not_regulated,b4197,b4197,97.31172642057756,1.37809571286817,2.5992505615430117,0.00220101850521458,0.006230447600034727,3.0393635693902086,BH_from_pvalue
aminoglycoside,kanamycin,kanamycin_vs_control,not_regulated,b0506,b0506,2527.5592286332158,-1.3773669735660725,0.38492066366817673,0.002200975588773025,0.006230447600034727,3.037756348886077,BH_from_pvalue
aminoglycoside,kanamycin,kanamycin_vs_control,not_regulated,b2608,b2608,4819.25825549294,-1.4979062999972719,0.3540668547029759,0.004014114113317924,0.009428451844231864,3.034098504951783,BH_from_pvalue
aminoglycoside,kanamycin,kanamycin_vs_control,not_regulated,b0071,b0071,104.54443159579176,-1.7145409494584367,0.3046995027052601,0.00914909328364861,0.017012245386461948,3.033431620320062,BH_from_pvalue
aminoglycoside,kanamycin,kanamycin_vs_control,not_regulated,b0366,b0366,27.198808413115696,1.9733985011586013,3.926920799505361,0.018007635525444873,0.029031664728835498,3.0333662101135004,BH_from_pvalue
aminoglycoside,kanamycin,kanamycin_vs_control,not_regulated,b2722,b2722,22.36118208120026,1.8693647301361933,3.653716585471948,0.014173384562859012,0.023850311920591033,3.033055372635135,BH_from_pvalue
aminoglycoside,kanamycin,kanamycin_vs_control,not_regulated,b3413,b3413,278.4503478947532,-1.1753079590279105,0.4427892312605399,0.0005796406452922156,0.0026282496194802276,3.0326863699675726,BH_from_pvalue
aminoglycoside,kanamycin,kanamycin_vs_control,not_regulated,b1975,b1975,81.67253656768744,-1.5127573105684693,0.3504408082879865,0.004325489603739702,0.009903208712682465,3.031904610861818,BH_from_pvalue
aminoglycoside,kanamycin,kanamycin_vs_control,not_regulated,b0866,b0866,639.2511041761214,-1.2359419903569808,0.4245651943157265,0.0009172708949247393,0.003523385555398358,3.031814930463261,BH_from_pvalue
aminoglycoside,kanamycin,kanamycin_vs_control,upregulated,b4672,b4672,25.942824364992987,2.157829502870964,4.462429889938004,0.02635066473821072,0.039468961036454156,3.0290408771769792,BH_from_pvalue
aminoglycoside,kanamycin,kanamycin_vs_control,not_regulated,b1445,b1445,102.25655335132956,1.3180730559007703,2.493328643755169,0.001570788545910247,0.005046719199645922,3.0276017606561645,BH_from_pvalue
aminoglycoside,kanamycin,kanamycin_vs_control,not_regulated,b3069,b3069,4.290579533040564,2.5029132702530488,5.668288818221151,0.04526268401361526,0.06178939033934868,3.026237619140548,BH_from_pvalue
aminoglycoside,kanamycin,kanamycin_vs_control,not_regulated,b3801,b3801,132.16446246111505,1.524321353348971,2.8765137238716196,0.004627769739498674,0.010345779467328549,3.026138820291254,BH_from_pvalue
aminoglycoside,kanamycin,kanamycin_vs_control,not_regulated,b2901,b2901,1103.6967481511028,-1.379091871582018,0.38446072437607376,0.0023032646315822194,0.006418887430518478,3.023714423885952,BH_from_pvalue
aminoglycoside,kanamycin,kanamycin_vs_control,not_regulated,b0258,b0258,357.9316609761952,1.5722401818372225,2.9736609867903074,0.005658173589341031,0.011945359108727616,3.023104663219276,BH_from_pvalue
aminoglycoside,kanamycin,kanamycin_vs_control,not_regulated,b4431,b4431,3.8405107944493415,2.353722348123435,5.111413648110379,0.036913117980206085,0.051967269540275224,3.0228152383160993,BH_from_pvalue
aminoglycoside,kanamycin,kanamycin_vs_control,not_regulated,b2771,b2771,37.28267777178481,1.8704414645343492,3.6564445013896716,0.014400279065486615,0.024204953376890433,3.022812500619508,BH_from_pvalue
aminoglycoside,kanamycin,kanamycin_vs_control,not_regulated,b2509,b2509,1717.0219701823996,-1.2561456626715977,0.41866097123469426,0.0011006421607985659,0.0039637217288006,3.017132300959037,BH_from_pvalue
aminoglycoside,kanamycin,kanamycin_vs_control,not_regulated,b2178,b2178,140.35311410287645,-1.085009391638601,0.47138919930546486,0.00025908312765272624,0.0016764783446605292,3.0115542939260114,BH_from_pvalue
aminoglycoside,kanamycin,kanamycin_vs_control,not_regulated,b1402,b1402,6.704637471078427,2.789707418932749,6.914895355430716,0.06409352833686166,0.08336977746072984,3.0100701957223515,BH_from_pvalue
aminoglycoside,kanamycin,kanamycin_vs_control,not_regulated,b1939,b1939,45.289062972375376,1.7918369132831735,3.462554822030331,0.011938751128373424,0.020903270757268846,3.0099021205086536,BH_from_pvalue
aminoglycoside,kanamycin,kanamycin_vs_control,upregulated,b3727,b3727,318.72668484178956,2.008032290942512,4.022332349940432,0.020326451601840653,0.03208013308950149,2.9995260230410996,BH_from_pvalue
aminoglycoside,kanamycin,kanamycin_vs_control,not_regulated,b1104,b1104,250.5684605514359,-1.1168186751791938,0.4611095097655931,0.00038564347903837366,0.002070834537463504,2.997378939246552,BH_from_pvalue
aminoglycoside,kanamycin,kanamycin_vs_control,not_regulated,b1427,b1427,285.80679273598565,-1.4304813547090758,0.37100708561655465,0.0031582759150113847,0.00803048336106343,2.9972279506330914,BH_from_pvalue
aminoglycoside,kanamycin,kanamycin_vs_control,not_regulated,b1360,b1360,36.36441301971043,2.450744625529899,5.46698200018157,0.043792078495358745,0.06014557834263317,2.991859958122059,BH_from_pvalue
aminoglycoside,kanamycin,kanamycin_vs_control,not_regulated,b0129,b0129,259.2282160390982,-1.5053137093695437,0.3522535840547638,0.004592175056296036,0.01030061506851957,2.9912643306629128,BH_from_pvalue
aminoglycoside,kanamycin,kanamycin_vs_control,not_regulated,b4215,b4215,24.22885900930341,1.3426954995434222,2.536247432558374,0.002031854158201055,0.005938425572092753,2.9892815022141304,BH_from_pvalue
aminoglycoside,kanamycin,kanamycin_vs_control,not_regulated,b0472,b0472,598.6560524173196,-1.1905612966185988,0.4381323672031739,0.0007413736135019577,0.0030876838088257463,2.988746004275799,BH_from_pvalue
aminoglycoside,kanamycin,kanamycin_vs_control,upregulated,b0342,b0342,20.59362667422928,2.055741810884694,4.157573622031769,0.022851293686503998,0.03520004515378753,2.98793187176503,BH_from_pvalue
aminoglycoside,kanamycin,kanamycin_vs_control,not_regulated,b2964,b2964,441.4016419862509,-1.3241530167486548,0.399383596104646,0.0018222835740913676,0.005553273385002014,2.9865621741299013,BH_from_pvalue
aminoglycoside,kanamycin,kanamycin_vs_control,not_regulated,b4168,b4168,188.55658599331,-1.5729781160076364,0.3361138469524884,0.0062013179624276025,0.012777612549243865,2.978513159791125,BH_from_pvalue
aminoglycoside,kanamycin,kanamycin_vs_control,upregulated,b1559,b1559,35.796958194294824,2.1897254543676046,4.5621865943287165,0.029817690690422064,0.043630440053844644,2.9784873509004712,BH_from_pvalue
aminoglycoside,kanamycin,kanamycin_vs_control,not_regulated,b1126,b1126,711.0486849683158,1.5754775645939887,2.9803413231667886,0.006290122258120572,0.012907376786964568,2.976332365804551,BH_from_pvalue
aminoglycoside,kanamycin,kanamycin_vs_control,not_regulated,b3666,b3666,119.93440575415822,1.2030808640863606,2.3023080250464627,0.0008552489578653041,0.0033656253827455272,2.975139845003405,BH_from_pvalue
aminoglycoside,kanamycin,kanamycin_vs_control,not_regulated,b0954,b0954,1568.8976131430215,-1.0107376739816019,0.4962924202579042,0.00012577088159364426,0.0011428634856731554,2.9735959401537126,BH_from_pvalue
aminoglycoside,kanamycin,kanamycin_vs_control,not_regulated,b0802,b0802,584.30882271562,1.7080161322312772,3.2671124971224956,0.010061656089158589,0.01829318071505066,2.9680380373368256,BH_from_pvalue
aminoglycoside,kanamycin,kanamycin_vs_control,not_regulated,b0197,b0197,926.3561519890427,-1.763051330826844,0.29462436908503065,0.011930973055338948,0.020897786917022813,2.9617494077210003,BH_from_pvalue
aminoglycoside,kanamycin,kanamycin_vs_control,not_regulated,b0926,b0926,1559.574235737009,-1.2696041944778287,0.4147735510372228,0.0013902146223564438,0.004663076339566953,2.9598631404793228,BH_from_pvalue
aminoglycoside,kanamycin,kanamycin_vs_control,not_regulated,b4280,b4280,91.15603969729699,-1.546120317386654,0.3424296859669197,0.005833452808019893,0.012187120636541326,2.959427183162027,BH_from_pvalue
aminoglycoside,kanamycin,kanamycin_vs_control,not_regulated,b0275,b0275,1.1418072408708426,1.6957243951118268,3.2393949983972203,0.009827278513761774,0.01799067918392367,2.9589584222837444,BH_from_pvalue
aminoglycoside,kanamycin,kanamycin_vs_control,not_regulated,b4174,b4174,4653.8397952552405,-1.4616531969929216,0.3630768379034434,0.004061280444741874,0.009499552491133099,2.9558966606815997,BH_from_pvalue
aminoglycoside,kanamycin,kanamycin_vs_control,not_regulated,b3713,b3713,577.5544006908075,-1.1157496916450675,0.461451301427491,0.00044057006055136177,0.00224935769847903,2.9544398858760315,BH_from_pvalue
aminoglycoside,kanamycin,kanamycin_vs_control,not_regulated,b1193,b1193,384.8170576423325,1.332015241110347,2.517540943009252,0.002112479124930581,0.006063772242461872,2.953420276410307,BH_from_pvalue
aminoglycoside,kanamycin,kanamycin_vs_control,not_regulated,b2128,b2128,175.95662728937893,-1.4616236471270811,0.3630842746668778,0.004088866180283369,0.009554140300734855,2.952199698874216,BH_from_pvalue
aminoglycoside,kanamycin,kanamycin_vs_control,not_regulated,b1400,b1400,241.5510486507692,-1.6260930184348918,0.32396435293235953,0.007919368130384484,0.015301253372194764,2.9518027410294656,BH_from_pvalue
aminoglycoside,kanamycin,kanamycin_vs_control,not_regulated,b0739,b0739,2189.0683319259138,1.2196201436041818,2.328853913378225,0.0010377454379626272,0.0038019672516343608,2.9514705371839822,BH_from_pvalue
aminoglycoside,kanamycin,kanamycin_vs_control,not_regulated,b2333,b2333,14.876810085254325,1.9038349637084417,3.7420658953069412,0.017435537938631118,0.028251098576355462,2.9489730762617588,BH_from_pvalue
aminoglycoside,kanamycin,kanamycin_vs_control,not_regulated,b0825,b0825,113.34205009735497,-1.2736074477302521,0.4136242146120727,0.0014903769064185672,0.0048697601948531,2.945207574711628,BH_from_pvalue
aminoglycoside,kanamycin,kanamycin_vs_control,not_regulated,b0261,b0261,735.7153976759283,-1.6002843622128555,0.32981196374319977,0.00735855239277789,0.014516625886904985,2.9415376005559137,BH_from_pvalue
aminoglycoside,kanamycin,kanamycin_vs_control,not_regulated,b1326,b1326,553.203071535864,-1.0738527557511688,0.4750486733505856,0.00031713015591714014,0.0018525343393705148,2.934016723544115,BH_from_pvalue
aminoglycoside,kanamycin,kanamycin_vs_control,not_regulated,b4041,b4041,2569.951622412362,-1.0619453857199588,0.4789857411250612,0.0002787029344732924,0.001726729751048029,2.9339168301048923,BH_from_pvalue
aminoglycoside,kanamycin,kanamycin_vs_control,not_regulated,b3269,b3269,30.611779208515916,2.3030672800884537,4.935058820357579,0.03802591875744772,0.05331688982886529,2.9321160050235258,BH_from_pvalue
aminoglycoside,kanamycin,kanamycin_vs_control,not_regulated,b0382,b0382,428.2993058997892,-1.3852409739749234,0.3828255504162406,0.003002718010347465,0.007744395418889277,2.924260984720013,BH_from_pvalue
aminoglycoside,kanamycin,kanamycin_vs_control,not_regulated,b0127,b0127,372.5835354285845,-1.257045499583616,0.41839992567520995,0.0014201040146229315,0.004717598122432752,2.924238620730088,BH_from_pvalue
aminoglycoside,kanamycin,kanamycin_vs_control,not_regulated,b0846,b0846,913.9540456400796,-1.4837658740286983,0.3575542671321667,0.004860343584682108,0.01071658109995104,2.922935302701414,BH_from_pvalue
aminoglycoside,kanamycin,kanamycin_vs_control,not_regulated,b1487,b1487,127.69710765279859,-1.4655408186615437,0.36209977396268633,0.004480607079414326,0.010137711591149718,2.922376424850308,BH_from_pvalue
aminoglycoside,kanamycin,kanamycin_vs_control,not_regulated,b3997,b3997,1233.901253593177,-0.9041130647865856,0.5343611157963,3.2318387822230545e-05,0.0005861617275177137,2.922077640957528,BH_from_pvalue
aminoglycoside,kanamycin,kanamycin_vs_control,not_regulated,b3600,b3600,925.9422206730997,-1.2538204408136764,0.41933627996188055,0.0014102706491721064,0.0046918619674379694,2.9197149541431124,BH_from_pvalue
aminoglycoside,kanamycin,kanamycin_vs_control,not_regulated,b1661,b1661,5408.118199657877,-1.503189197523433,0.3527726945970772,0.005328640552605797,0.01146010525890074,2.917406721045771,BH_from_pvalue
aminoglycoside,kanamycin,kanamycin_vs_control,upregulated,b1697,b1697,21.70366051981878,2.0377690567720674,4.106100835306736,0.024258010754727104,0.03701239225738213,2.9173778651897635,BH_from_pvalue
aminoglycoside,kanamycin,kanamycin_vs_control,upregulated,b1643,b1643,60.338076033218584,2.088760751280277,4.253825201780344,0.026921911408417463,0.04016409867829577,2.916248334942433,BH_from_pvalue
aminoglycoside,kanamycin,kanamycin_vs_control,not_regulated,b2371,b2371,57.737855505689225,2.3746524228695964,5.186108619861262,0.04308417811421933,0.05931822257660194,2.913251781252462,BH_from_pvalue
aminoglycoside,kanamycin,kanamycin_vs_control,not_regulated,b1944,b1944,4.787439221816155,1.202703980323563,2.301706658049733,0.0010321930456420182,0.0037869529521189216,2.912600364889899,BH_from_pvalue
aminoglycoside,kanamycin,kanamycin_vs_control,not_regulated,b4239,b4239,104.84782983446244,-1.4034297744931017,0.3780293687390615,0.003364820737493042,0.008410968685952824,2.91233288766375,BH_from_pvalue
aminoglycoside,kanamycin,kanamycin_vs_control,not_regulated,b2659,b2659,942.5902727490294,-2.5569094311901637,0.16993919826408227,0.05486286013918321,0.07268722972195761,2.911148477916418,BH_from_pvalue
aminoglycoside,kanamycin,kanamycin_vs_control,not_regulated,b1208,b1208,1705.954913985447,-1.2948987181110851,0.407564777571307,0.0018639350984698947,0.005649582259378427,2.91091116424646,BH_from_pvalue
aminoglycoside,kanamycin,kanamycin_vs_control,not_regulated,b2112,b2112,50.54620367353444,-1.7811221394749817,0.29095699995408875,0.013746844355199015,0.023280612164791104,2.908582435310381,BH_from_pvalue
aminoglycoside,kanamycin,kanamycin_vs_control,not_regulated,b4256,b4256,180.9023095751195,1.4855437945419787,2.800227020893827,0.005124195834970297,0.011129648187302997,2.9020373797872563,BH_from_pvalue
aminoglycoside,kanamycin,kanamycin_vs_control,not_regulated,b2629,b2629,13.250881591180248,1.9800721360537934,3.9451280730052845,0.022114453253782994,0.0342530339998333,2.9014015906623034,BH_from_pvalue
aminoglycoside,kanamycin,kanamycin_vs_control,not_regulated,b3773,b3773,580.4991027523414,1.2948526379183871,2.453519330382975,0.0019380858470089157,0.0057579070394082246,2.900127227512615,BH_from_pvalue
aminoglycoside,kanamycin,kanamycin_vs_control,not_regulated,b2221,b2221,6.833424312721573,2.5113214868818003,5.701420806694778,0.05242432723757859,0.07001324938082794,2.900123691491266,BH_from_pvalue
aminoglycoside,kanamycin,kanamycin_vs_control,not_regulated,b3356,b3356,720.6922375364258,-1.4750767886970362,0.3597142483897539,0.004937608179623938,0.010833834922901693,2.8988471410428662,BH_from_pvalue
aminoglycoside,kanamycin,kanamycin_vs_control,not_regulated,b2312,b2312,657.1370025175922,-1.0467957522968199,0.48404203622775094,0.00026742858087573776,0.0017058138131936429,2.8976022150479825,BH_from_pvalue
aminoglycoside,kanamycin,kanamycin_vs_control,not_regulated,b4566,b4566,60.25159893118259,1.3646933085535053,2.57521575550917,0.00289387748977268,0.00757222859162159,2.8942092036599574,BH_from_pvalue
aminoglycoside,kanamycin,kanamycin_vs_control,not_regulated,b3678,b3678,58.12704001814374,1.3904212082125023,2.621552082468146,0.0032860673600926273,0.00828980986298185,2.8940997743985424,BH_from_pvalue
aminoglycoside,kanamycin,kanamycin_vs_control,not_regulated,b0788,b0788,100.87218213106338,-1.3042504356804372,0.40493143915789853,0.0021060037244477548,0.006056780532331203,2.892512049972319,BH_from_pvalue
aminoglycoside,kanamycin,kanamycin_vs_control,not_regulated,b3985,b3985,7249.870281265801,-1.032364979900306,0.48890803478102435,0.00023242824862914176,0.0015840337308089085,2.890865142763581,BH_from_pvalue
aminoglycoside,kanamycin,kanamycin_vs_control,not_regulated,b2230,b2230,121.73071363766793,1.678858793238751,3.201745849790822,0.010578522956153288,0.018972167566498204,2.890798496425512,BH_from_pvalue
aminoglycoside,kanamycin,kanamycin_vs_control,not_regulated,b2392,b2392,1799.242004062897,1.5171184420851773,2.8621880097317907,0.005993531709620288,0.012452150406407415,2.8897399124830954,BH_from_pvalue
aminoglycoside,kanamycin,kanamycin_vs_control,not_regulated,b4084,b4084,57.1922741391131,1.2866576322252712,2.4396220020775723,0.0019035042431988884,0.005705342356597719,2.8868972624566465,BH_from_pvalue
aminoglycoside,kanamycin,kanamycin_vs_control,not_regulated,b4061,b4061,257.7168897799136,-1.3811825957783173,0.3839039752563946,0.0032231755058338275,0.008166890959884944,2.8838308679955267,BH_from_pvalue
aminoglycoside,kanamycin,kanamycin_vs_control,not_regulated,b1279,b1279,688.4168675951163,-1.2157876919041986,0.4305379477985058,0.0012226447263129177,0.004273081568729996,2.880515708484738,BH_from_pvalue
aminoglycoside,kanamycin,kanamycin_vs_control,not_regulated,b2886,b2886,56.42933398222419,2.3637164827725448,5.14694541638656,0.044118294864007,0.06050819207636826,2.8794459092688394,BH_from_pvalue
aminoglycoside,kanamycin,kanamycin_vs_control,not_regulated,b0219,b0219,539.2527962799554,-1.3211279620661553,0.4002219054534198,0.002419721484768479,0.006616434731018183,2.8792345302800153,BH_from_pvalue
aminoglycoside,kanamycin,kanamycin_vs_control,not_regulated,b0688,b0688,2373.037204571017,-1.1685271997578326,0.44487526747318,0.0008963138991406131,0.0034695524254169346,2.8742573728206686,BH_from_pvalue
aminoglycoside,kanamycin,kanamycin_vs_control,not_regulated,b3147,b3147,1185.6891668279477,-0.8742491727575121,0.5455377087209122,2.5732351218320757e-05,0.0005214606122820564,2.8699663790172667,BH_from_pvalue
aminoglycoside,kanamycin,kanamycin_vs_control,not_regulated,b3584,b3584,66.28625772320653,1.889419634441067,3.70486156066499,0.018948203286411176,0.030298264622210264,2.8692391114301565,BH_from_pvalue
aminoglycoside,kanamycin,kanamycin_vs_control,not_regulated,b3291,b3291,311.70210857647425,-1.575672390183109,0.3354867305089923,0.0077619590294891235,0.015113979097247652,2.8687025306425156,BH_from_pvalue
aminoglycoside,kanamycin,kanamycin_vs_control,not_regulated,b3396,b3396,890.0335663711932,1.4918009421503733,2.8123983284936767,0.005661962120899795,0.011945359108727616,2.8684360296273232,BH_from_pvalue
aminoglycoside,kanamycin,kanamycin_vs_control,not_regulated,b1272,b1272,1134.0095207674287,-1.3259038445350182,0.39889920560649395,0.002545253868500711,0.006871879892266626,2.867829830134677,BH_from_pvalue
aminoglycoside,kanamycin,kanamycin_vs_control,not_regulated,b4397,b4397,192.42138780476503,1.3027349288372028,2.4669610350128632,0.0022350330241620035,0.006295039788779394,2.8673215592071934,BH_from_pvalue
aminoglycoside,kanamycin,kanamycin_vs_control,not_regulated,b0145,b0145,3492.22048071151,-1.0374357784671737,0.48719263248572214,0.00028160340490305293,0.001735139883909496,2.8640131697657942,BH_from_pvalue
aminoglycoside,kanamycin,kanamycin_vs_control,not_regulated,b4671,b4671,5.0574962592158075,2.5466290303322023,5.842674955557514,0.057068819325745104,0.07518908884803793,2.862016755853287,BH_from_pvalue
aminoglycoside,kanamycin,kanamycin_vs_control,not_regulated,b2783,b2783,82.60052764621143,1.578910935955605,2.987442480290082,0.008046251434958223,0.015479914009598842,2.8581942427065767,BH_from_pvalue
aminoglycoside,kanamycin,kanamycin_vs_control,not_regulated,b2484,b2484,28.155743580878873,2.5048341561291174,5.6758409254802,0.054369193474348085,0.07229670519055832,2.8577189356377297,BH_from_pvalue
aminoglycoside,kanamycin,kanamycin_vs_control,not_regulated,b2061,b2061,3.7862881978578558,2.3911346297408356,5.245697553208787,0.04739654143502027,0.06431060131967456,2.8495568148775026,BH_from_pvalue
aminoglycoside,kanamycin,kanamycin_vs_control,not_regulated,b2250,b2250,99.91350929283219,1.6693899798504361,3.1808007007565138,0.01106390649157455,0.01965460165841324,2.848873687383435,BH_from_pvalue
aminoglycoside,kanamycin,kanamycin_vs_control,not_regulated,b0188,b0188,881.7457233412791,1.3044521765707202,2.469899220437752,0.0023695494538502394,0.006550850303268824,2.8485352504810213,BH_from_pvalue
aminoglycoside,kanamycin,kanamycin_vs_control,not_regulated,b2005,b2005,3.1528008112917845,1.9107531365383585,3.760053362057384,0.02049628809599397,0.032302839472943545,2.8484730098057263,BH_from_pvalue
aminoglycoside,kanamycin,kanamycin_vs_control,not_regulated,b4202,b4202,310.8280217425727,-1.2055872318108118,0.43359281886644097,0.001252638115652759,0.0043417314558747006,2.848003375030715,BH_from_pvalue
aminoglycoside,kanamycin,kanamycin_vs_control,not_regulated,b0106,b0106,76.78736791107275,1.661773706365702,3.1640528689536542,0.010968362578568215,0.01954663030047537,2.839851784450424,BH_from_pvalue
aminoglycoside,kanamycin,kanamycin_vs_control,upregulated,b2918,b2918,51.183880701913104,2.1749398021728084,4.515669194687484,0.034808905249736025,0.049594696171464246,2.8373498340468886,BH_from_pvalue
aminoglycoside,kanamycin,kanamycin_vs_control,not_regulated,b4301,b4301,48.15887280815284,-1.265263174170241,0.416023470083481,0.0019449750907953346,0.005759417196552826,2.8337105589590563,BH_from_pvalue
aminoglycoside,kanamycin,kanamycin_vs_control,not_regulated,b3354,b3354,12.286265350480548,-1.7367680192090473,0.30004108737071433,0.013828273959067387,0.023356956916216712,2.8336824609044116,BH_from_pvalue
aminoglycoside,kanamycin,kanamycin_vs_control,not_regulated,b2039,b2039,369.9150029931666,-1.4278572988053186,0.371682508495812,0.0046543147924446,0.010379329666046511,2.8326271358236395,BH_from_pvalue
aminoglycoside,kanamycin,kanamycin_vs_control,not_regulated,b1424,b1424,767.9387176754962,-1.13801710715574,0.45438367021218656,0.0008035898584630381,0.0032563488138439146,2.830554763706825,BH_from_pvalue
aminoglycoside,kanamycin,kanamycin_vs_control,not_regulated,b1205,b1205,19687.91846387051,-1.4082148442344096,0.37677761398835913,0.004241537496254269,0.00979385814073496,2.829168668660095,BH_from_pvalue
aminoglycoside,kanamycin,kanamycin_vs_control,not_regulated,b0323,b0323,36.55989903156763,2.354511614521781,5.114210753982599,0.04623546857208455,0.06294404892168169,2.827875165433989,BH_from_pvalue
aminoglycoside,kanamycin,kanamycin_vs_control,not_regulated,b2610,b2610,6727.681699808353,-0.9603636154475534,0.5139273672522209,0.00012515389124918518,0.0011395591150583704,2.8266028310251823,BH_from_pvalue
aminoglycoside,kanamycin,kanamycin_vs_control,not_regulated,b4597,b4597,16.829486423748214,2.356087385391127,5.119799757056566,0.04656956370951905,0.06332221812739319,2.823638509062614,BH_from_pvalue
aminoglycoside,kanamycin,kanamycin_vs_control,not_regulated,b0094,b0094,1955.1050480067088,-0.9988695243782288,0.500391946536814,0.00021351690285240172,0.0015029718764164367,2.8198577576093964,BH_from_pvalue
aminoglycoside,kanamycin,kanamycin_vs_control,not_regulated,b2542,b2542,126.30208663231934,1.3721577243180798,2.5885742924004633,0.0036228213099039584,0.008813115333665768,2.819606492723275,BH_from_pvalue
aminoglycoside,kanamycin,kanamycin_vs_control,upregulated,b3088,b3088,421.0379596834587,2.07707799106319,4.219517366201005,0.030022972484273287,0.043916530157483334,2.819367466973257,BH_from_pvalue
aminoglycoside,kanamycin,kanamycin_vs_control,not_regulated,b1264,b1264,120.63207333211282,-1.6598786837968804,0.3164657589743725,0.011331251682438996,0.02002670729572126,2.8191221041390615,BH_from_pvalue
aminoglycoside,kanamycin,kanamycin_vs_control,not_regulated,b2300,b2300,456.6486100213592,-1.0182593897294367,0.49371165572694226,0.000268163701952923,0.0017058138131936429,2.818611612341357,BH_from_pvalue
aminoglycoside,kanamycin,kanamycin_vs_control,not_regulated,b3140,b3140,17.844153018797517,2.2704632553981976,4.824780319148165,0.04150557143392322,0.05740838262908569,2.8177009539926514,BH_from_pvalue
aminoglycoside,kanamycin,kanamycin_vs_control,not_regulated,b0373,b0373,9.15175855522151,2.555428604129456,5.878420668701767,0.06033113517407913,0.07895863923558728,2.817616460169961,BH_from_pvalue
aminoglycoside,kanamycin,kanamycin_vs_control,not_regulated,b1050,b1050,67.39913023839769,-1.4967898290172412,0.3543409655550465,0.006484574857635147,0.01321595727668459,2.812320466282067,BH_from_pvalue
aminoglycoside,kanamycin,kanamycin_vs_control,not_regulated,b2037,b2037,524.0934038694985,-1.249273326790897,0.42066003715326167,0.0018449984199477455,0.005611090529361027,2.812055198373773,BH_from_pvalue
aminoglycoside,kanamycin,kanamycin_vs_control,not_regulated,b3736,b3736,1620.883803885361,-1.5362507149289808,0.34478030851930863,0.007551333231261503,0.0147999550650171,2.8109387735331963,BH_from_pvalue
aminoglycoside,kanamycin,kanamycin_vs_control,not_regulated,b0762,b0762,127.64624425198821,-1.3962808414687933,0.3799072524569461,0.004185044827860731,0.009708267991602666,2.8105154022780687,BH_from_pvalue
aminoglycoside,kanamycin,kanamycin_vs_control,not_regulated,b0401,b0401,2259.4558928884576,-1.3960956016148174,0.37995603510339826,0.004202518749174732,0.009743778007107188,2.80792885724004,BH_from_pvalue
aminoglycoside,kanamycin,kanamycin_vs_control,not_regulated,b3795,b3795,353.8103071287149,1.1746925039115164,2.2574476058439066,0.001141470714562277,0.004071637806582967,2.8077862758712575,BH_from_pvalue
aminoglycoside,kanamycin,kanamycin_vs_control,not_regulated,b3231,b3231,4365.181054385578,-1.260510982942682,0.4173960975150178,0.002044205771481891,0.005955205673656441,2.8047670656304926,BH_from_pvalue
aminoglycoside,kanamycin,kanamycin_vs_control,not_regulated,b3002,b3002,369.1105941878844,1.1362349338929105,2.1980663474118853,0.0008804956042400318,0.003434925609602483,2.799776802888046,BH_from_pvalue
aminoglycoside,kanamycin,kanamycin_vs_control,not_regulated,b2553,b2553,532.6069171840803,-0.9599179363005028,0.514086154859117,0.00014989571634070842,0.0012371209763312044,2.791045708660224,BH_from_pvalue
aminoglycoside,kanamycin,kanamycin_vs_control,not_regulated,b2724,b2724,12.717593400825224,1.8806261123703965,3.682348350858,0.02095106408308171,0.032869859171852644,2.7893487056496937,BH_from_pvalue
aminoglycoside,kanamycin,kanamycin_vs_control,not_regulated,b3597,b3597,149.23484839890546,-1.0886770786408695,0.47019233358128015,0.0006208607665661424,0.002754074682460067,2.787039762153378,BH_from_pvalue
aminoglycoside,kanamycin,kanamycin_vs_control,not_regulated,b1915,b1915,77.27597360680097,1.5864987489435292,3.0031962398217096,0.00954189353073922,0.017546785405259613,2.785578366909039,BH_from_pvalue
aminoglycoside,kanamycin,kanamycin_vs_control,not_regulated,b3518,b3518,90.18205986447045,1.7007910195822928,3.2507914830719375,0.013565005852260644,0.023024677857912592,2.7855664805010387,BH_from_pvalue
aminoglycoside,kanamycin,kanamycin_vs_control,not_regulated,b4313,b4313,17.400046138097878,1.4144822533693637,2.66564055177382,0.004873489238140702,0.01074030112354575,2.785092277679702,BH_from_pvalue
aminoglycoside,kanamycin,kanamycin_vs_control,not_regulated,b1925,b1925,6.324166212058761,1.692499856108798,3.2321627763487766,0.0133730962374365,0.0227648321476136,2.780329677829598,BH_from_pvalue
aminoglycoside,kanamycin,kanamycin_vs_control,not_regulated,b4194,b4194,6.164396049024604,-1.3091044785793216,0.40357130995020246,0.0028774923565880956,0.007540492257930813,2.7787055610849736,BH_from_pvalue
aminoglycoside,kanamycin,kanamycin_vs_control,not_regulated,b3718,b3718,32.950091179603014,1.8893627387728595,3.7047154546538725,0.021775625635459882,0.03385646875502888,2.778040262082913,BH_from_pvalue
aminoglycoside,kanamycin,kanamycin_vs_control,not_regulated,b0855,b0855,143.09346048346345,-1.139443544175525,0.45393462911007276,0.000986347392598608,0.0036726743144938237,2.774565064133327,BH_from_pvalue
aminoglycoside,kanamycin,kanamycin_vs_control,not_regulated,b0869,b0869,541.5415324267301,-1.0761362541958928,0.4742973608144989,0.0005836916661716594,0.002641292871670145,2.774476670515168,BH_from_pvalue
aminoglycoside,kanamycin,kanamycin_vs_control,not_regulated,b2592,b2592,8381.899512723556,-1.4106778736725119,0.3761349122345516,0.004933656653423066,0.01083044784143336,2.772480816062225,BH_from_pvalue
aminoglycoside,kanamycin,kanamycin_vs_control,not_regulated,b3434,b3434,231.67160360516087,1.436824722199332,2.707243626125627,0.005530602640208084,0.011762009775723859,2.7723798309864915,BH_from_pvalue
aminoglycoside,kanamycin,kanamycin_vs_control,not_regulated,b2385,b2385,39.530802320807496,1.082599232858529,2.1178482692740808,0.000622749603416778,0.002754999740784683,2.7713224328375583,BH_from_pvalue
aminoglycoside,kanamycin,kanamycin_vs_control,not_regulated,b4320,b4320,141.00054837560938,1.9416447412935716,3.8414333995358056,0.024712528693252387,0.03746442671461046,2.7695249903502663,BH_from_pvalue
aminoglycoside,kanamycin,kanamycin_vs_control,not_regulated,b3084,b3084,319.1091921451718,1.231515882776292,2.3481358591994006,0.0019024444107670708,0.005705342356597719,2.763174710672601,BH_from_pvalue
aminoglycoside,kanamycin,kanamycin_vs_control,not_regulated,b3063,b3063,44.23889112050269,1.879638044888158,3.6798272615665497,0.021847249457060743,0.03392092787637529,2.7621887751365017,BH_from_pvalue
aminoglycoside,kanamycin,kanamycin_vs_control,not_regulated,b3441,b3441,100.55079812845715,-1.3692420327260972,0.3870945678290814,0.0041592398599860966,0.00967721192972457,2.7579954191658445,BH_from_pvalue
aminoglycoside,kanamycin,kanamycin_vs_control,not_regulated,b0517,b0517,23.88943673422234,1.4216838353523307,2.6789800457026054,0.0053748183108297525,0.011534319065893237,2.755234702072255,BH_from_pvalue
aminoglycoside,kanamycin,kanamycin_vs_control,not_regulated,b0889,b0889,1224.2440154319122,-0.8640902804098012,0.5493927280280152,3.942288367920344e-05,0.0006500953673213261,2.753875536217672,BH_from_pvalue
aminoglycoside,kanamycin,kanamycin_vs_control,not_regulated,b3463,b3463,711.9140573816618,0.8465046526121807,1.7981391296594307,2.8920011022599436e-05,0.0005582927449770484,2.753796465944352,BH_from_pvalue
aminoglycoside,kanamycin,kanamycin_vs_control,not_regulated,b4432,b4432,1063.085503483723,1.6642642602753472,3.1695197554741057,0.01289607791634327,0.022171225993467943,2.7530430666441945,BH_from_pvalue
aminoglycoside,kanamycin,kanamycin_vs_control,not_regulated,b3136,b3136,14.937155266332278,2.416734379460217,5.339610025032044,0.05537472152602641,0.0732144319294729,2.7439681968260867,BH_from_pvalue
aminoglycoside,kanamycin,kanamycin_vs_control,not_regulated,b0820,b0820,1931.7913018968047,1.4592667886183097,2.7496858264246717,0.0064623893559391235,0.013176712295110688,2.743703108421956,BH_from_pvalue
aminoglycoside,kanamycin,kanamycin_vs_control,not_regulated,b2158,b2158,404.8755547527564,1.2863302192366364,2.4390684039316275,0.0027954278680821045,0.007383343834781742,2.742130465538728,BH_from_pvalue
aminoglycoside,kanamycin,kanamycin_vs_control,not_regulated,b2323,b2323,4863.548716386297,-1.4405442173585659,0.3684282985786083,0.006034152637856502,0.012524973957119772,2.74023658547641,BH_from_pvalue
aminoglycoside,kanamycin,kanamycin_vs_control,not_regulated,b2959,b2959,530.4620773354636,-1.318925925835451,0.40083324467304704,0.0033214635972011602,0.008365029820946708,2.7401114845346384,BH_from_pvalue
aminoglycoside,kanamycin,kanamycin_vs_control,not_regulated,b2492,b2492,68.88213985181328,1.578758091026236,2.987125995353926,0.010122979891019747,0.018384361024232868,2.7400159099975325,BH_from_pvalue
aminoglycoside,kanamycin,kanamycin_vs_control,not_regulated,b0627,b0627,776.0923697402214,-1.2320038951425918,0.42572570445306646,0.0020560513700146723,0.00597423712036563,2.73962867594362,BH_from_pvalue
aminoglycoside,kanamycin,kanamycin_vs_control,not_regulated,b3643,b3643,395.49312075086397,1.7053489455773407,3.2610779932608023,0.014817055851809983,0.024840520768334443,2.736811014294966,BH_from_pvalue
aminoglycoside,kanamycin,kanamycin_vs_control,downregulated,b3115,b3115,164.8676835942547,-2.0279286135358854,0.24520688385879919,0.03069208623159754,0.044720765749830166,2.736670943490175,BH_from_pvalue
aminoglycoside,kanamycin,kanamycin_vs_control,not_regulated,b2427,b2427,188.6111860393868,1.6768590360585067,3.1973109008680227,0.013823242967637308,0.023356956916216712,2.735935938094982,BH_from_pvalue
aminoglycoside,kanamycin,kanamycin_vs_control,not_regulated,b1448,b1448,261.21404602289886,-0.8867806899609807,0.5408195877153494,6.499261766945473e-05,0.0008281495588589444,2.732961627019072,BH_from_pvalue
aminoglycoside,kanamycin,kanamycin_vs_control,not_regulated,b0013,b0013,3.1305490994555396,1.8594868966966405,3.628785791904845,0.021868018256624138,0.033941458287886604,2.7320873871367732,BH_from_pvalue
aminoglycoside,kanamycin,kanamycin_vs_control,not_regulated,b2193,b2193,625.2793273798632,1.3792047017442588,2.6012493541184094,0.004705944282741925,0.010463340278681748,2.7312799653094815,BH_from_pvalue
aminoglycoside,kanamycin,kanamycin_vs_control,not_regulated,b4109,b4109,197.09940843177068,1.422747193079001,2.680955351744341,0.005751714854168119,0.012049936382882254,2.7302735546113146,BH_from_pvalue
aminoglycoside,kanamycin,kanamycin_vs_control,not_regulated,b3048,b3048,15.795847340817255,2.360748699341008,5.136368462517589,0.052546565467800926,0.0701556697756511,2.724155802591082,BH_from_pvalue
aminoglycoside,kanamycin,kanamycin_vs_control,not_regulated,b4478,b4478,85.5789344336239,-1.4905500523248039,0.35587683885768,0.0076170205304542824,0.014889768946537749,2.7234019489166874,BH_from_pvalue
aminoglycoside,kanamycin,kanamycin_vs_control,not_regulated,b1300,b1300,2922.3613387553446,2.586056314178757,6.004550767203211,0.06897686619139629,0.08877194395676695,2.7198181884182806,BH_from_pvalue
aminoglycoside,kanamycin,kanamycin_vs_control,not_regulated,b2573,b2573,6103.801277582719,1.344517342242849,2.5394522419274765,0.004053641071747286,0.009486616826596926,2.7198088587516107,BH_from_pvalue
aminoglycoside,kanamycin,kanamycin_vs_control,not_regulated,b4020,b4020,517.6602338983306,-1.2090193444409518,0.43256254521938353,0.0018710087373060341,0.005659890800477011,2.716898535590795,BH_from_pvalue
aminoglycoside,kanamycin,kanamycin_vs_control,not_regulated,b2851,b2851,2.0175562258850985,1.8179788880302807,3.525869034733397,0.020555631320884848,0.03237976633546413,2.7082909434422526,BH_from_pvalue
aminoglycoside,kanamycin,kanamycin_vs_control,not_regulated,b3833,b3833,1207.5288666836261,-0.9276565992413399,0.5257115733418034,0.0001438906930462407,0.001208405477412548,2.7067046577953375,BH_from_pvalue
aminoglycoside,kanamycin,kanamycin_vs_control,not_regulated,b0623,b0623,15762.50201798784,-1.3409467330615925,0.3947615183981592,0.004118094203126197,0.009612448222969193,2.7049121396299394,BH_from_pvalue
aminoglycoside,kanamycin,kanamycin_vs_control,not_regulated,b1294,b1294,809.0030088802014,-1.0795985580340925,0.47316046590511907,0.0007645851313289694,0.0031512753596864562,2.7006305254960523,BH_from_pvalue
aminoglycoside,kanamycin,kanamycin_vs_control,not_regulated,b2836,b2836,523.0297385293021,-1.3215931360752347,0.4000928810844428,0.003792620313600831,0.009059589044384779,2.699871386896399,BH_from_pvalue
aminoglycoside,kanamycin,kanamycin_vs_control,not_regulated,b2583,b2583,104.66177560541405,1.4010664919362696,2.6409673979743573,0.0056220095414213035,0.011894543234860312,2.6965657491350434,BH_from_pvalue
aminoglycoside,kanamycin,kanamycin_vs_control,not_regulated,b2915,b2915,29.712795420374345,1.3446395907931343,2.539667434674114,0.004308491489457977,0.009882506231301366,2.6961810863713915,BH_from_pvalue
aminoglycoside,kanamycin,kanamycin_vs_control,not_regulated,b0662,b0662,1276.213380246116,-1.2835188377501385,0.41079233345313126,0.003112645326701898,0.007941394599832749,2.6955220489556457,BH_from_pvalue
aminoglycoside,kanamycin,kanamycin_vs_control,not_regulated,b4494,b4494,10.292020409783172,1.4587737084390944,2.748746207257301,0.007138029964022844,0.01419935357125375,2.6954220252644827,BH_from_pvalue
aminoglycoside,kanamycin,kanamycin_vs_control,not_regulated,b0679,b0679,2000.0656433701668,-0.9815153641122034,0.5064475029740247,0.00030198002083989045,0.0018052050187981332,2.692761359613732,BH_from_pvalue
aminoglycoside,kanamycin,kanamycin_vs_control,not_regulated,b1641,b1641,3889.1772592442935,-1.256421934944001,0.4185808064454602,0.0026977811895208,0.0071930170660726486,2.692623914174347,BH_from_pvalue
aminoglycoside,kanamycin,kanamycin_vs_control,not_regulated,b3995,b3995,990.2345277413825,-1.3081119300136361,0.4038490553749753,0.0035733627056725266,0.008742819309950836,2.6925502253029165,BH_from_pvalue
aminoglycoside,kanamycin,kanamycin_vs_control,not_regulated,b1528,b1528,232.46542284516963,1.1604056873286055,2.2352027290847256,0.001453421278329099,0.004785863038011924,2.692187302392534,BH_from_pvalue
aminoglycoside,kanamycin,kanamycin_vs_control,not_regulated,b1349,b1349,58.15813871744937,1.3171295758728512,2.4916986133763257,0.0037770671173323785,0.009041643370814817,2.691887030557904,BH_from_pvalue
aminoglycoside,kanamycin,kanamycin_vs_control,not_regulated,b2582,b2582,564.534405629739,1.4827335358475136,2.7947777037285344,0.007924972712447072,0.015305507625842391,2.691387131420011,BH_from_pvalue
aminoglycoside,kanamycin,kanamycin_vs_control,not_regulated,b1095,b1095,9891.290200858117,1.3398490499082154,2.5312483279759954,0.004260463617688348,0.009822432266715628,2.690123408066136,BH_from_pvalue
aminoglycoside,kanamycin,kanamycin_vs_control,not_regulated,b0970,b0970,2656.845981798313,-1.503921025448177,0.352593790925274,0.008599783493775688,0.016273380797224672,2.6897961605336524,BH_from_pvalue
aminoglycoside,kanamycin,kanamycin_vs_control,not_regulated,b1587,b1587,189.31501569331394,-1.499787145598952,0.3536055575065175,0.008575097797906045,0.016233497430547725,2.684000933427962,BH_from_pvalue
aminoglycoside,kanamycin,kanamycin_vs_control,not_regulated,b0990,b0990,923.0160190688911,1.82242022599314,3.536740150467911,0.021653869648294875,0.03369045509444149,2.683501249044703,BH_from_pvalue
aminoglycoside,kanamycin,kanamycin_vs_control,not_regulated,b0610,b0610,394.65779363982455,-1.0384650195335734,0.486845185640856,0.0005781514610824222,0.002624142554943224,2.6802912750201147,BH_from_pvalue
aminoglycoside,kanamycin,kanamycin_vs_control,not_regulated,b2065,b2065,1872.8102130505183,1.2100500283725388,2.3134565902125086,0.0021810020541834837,0.006189367343670227,2.6722185067523876,BH_from_pvalue
aminoglycoside,kanamycin,kanamycin_vs_control,not_regulated,b2042,b2042,1450.6516963057982,-1.2079300382250775,0.4328892746997901,0.0021631686752740754,0.006163200019453438,2.6697594058482994,BH_from_pvalue
aminoglycoside,kanamycin,kanamycin_vs_control,not_regulated,b0810,b0810,416.6698451877817,-1.1802080325061572,0.4412878611075557,0.0017867500722430105,0.00547466064369827,2.66920899467304,BH_from_pvalue
aminoglycoside,kanamycin,kanamycin_vs_control,not_regulated,b3585,b3585,170.0436185522681,-1.3799121182159135,0.3842422007269566,0.005581955628376459,0.011837640931842202,2.6587247508669773,BH_from_pvalue
aminoglycoside,kanamycin,kanamycin_vs_control,not_regulated,b3923,b3923,572.875913832402,-1.5552859644278527,0.3402610774419793,0.01104184497032698,0.01963091647293706,2.6549655638499408,BH_from_pvalue
aminoglycoside,kanamycin,kanamycin_vs_control,not_regulated,b4690,b4690,111.48550583439004,1.3705648495430918,2.585717833365571,0.005395320981599963,0.011558388446368889,2.6549248899741817,BH_from_pvalue
aminoglycoside,kanamycin,kanamycin_vs_control,not_regulated,b1124,b1124,108.17791144386727,-1.1713502669826141,0.4440055862401334,0.0017646234861338687,0.005421636912998731,2.6541269263310547,BH_from_pvalue
aminoglycoside,kanamycin,kanamycin_vs_control,not_regulated,b2238,b2238,7.419330366678224,2.418930445778272,5.347744153639914,0.06130792307749834,0.08009382457234608,2.6521176817443473,BH_from_pvalue
aminoglycoside,kanamycin,kanamycin_vs_control,not_regulated,b2477,b2477,4326.203119139196,1.1613830762960173,2.236717534791409,0.0016537064964245484,0.0052089438521832065,2.6517282850705493,BH_from_pvalue
aminoglycoside,kanamycin,kanamycin_vs_control,not_regulated,b3536,b3536,830.7927567325934,-1.376355907460864,0.38519051739972887,0.00558640295888392,0.011841489401064973,2.6516785781623717,BH_from_pvalue
aminoglycoside,kanamycin,kanamycin_vs_control,not_regulated,b3380,b3380,24.017465375869435,1.5841483184939098,2.998307433297503,0.012184982170896917,0.02121855707432608,2.6507302769588557,BH_from_pvalue
aminoglycoside,kanamycin,kanamycin_vs_control,not_regulated,b2759,b2759,9.026279731815139,1.5768520505481374,2.9831821101467146,0.012023715763257746,0.021002980001216833,2.6455147733679505,BH_from_pvalue
aminoglycoside,kanamycin,kanamycin_vs_control,not_regulated,b2241,b2241,344.3503772139035,-2.2618400682544033,0.20850587385200223,0.05040843165394536,0.06768272405356604,2.645272105709456,BH_from_pvalue
aminoglycoside,kanamycin,kanamycin_vs_control,not_regulated,b3646,b3646,110.78351072143793,1.3619871743871634,2.5703898239755656,0.005309810206822308,0.011427524550376432,2.6450442460662438,BH_from_pvalue
aminoglycoside,kanamycin,kanamycin_vs_control,not_regulated,b0583,b0583,38.682590292271406,2.510311137103605,5.697429379206677,0.069413391469303,0.08930819074053915,2.6335892755958343,BH_from_pvalue
aminoglycoside,kanamycin,kanamycin_vs_control,not_regulated,b0163,b0163,1556.0557556064114,-1.1744958457355246,0.4430385537020634,0.0019217055027234882,0.005729283331692522,2.6331018841409373,BH_from_pvalue
aminoglycoside,kanamycin,kanamycin_vs_control,not_regulated,b2344,b2344,1588.7859962355508,-1.2511900565470029,0.4201015294888359,0.0030775529286101587,0.00787529324218522,2.6321701440102494,BH_from_pvalue
aminoglycoside,kanamycin,kanamycin_vs_control,not_regulated,b2265,b2265,604.312931550117,-1.270122840293478,0.41462446762213473,0.003409038863465615,0.008484584910400706,2.630893585277039,BH_from_pvalue
aminoglycoside,kanamycin,kanamycin_vs_control,not_regulated,b1020,b1020,1889.5854782618753,1.696018904841706,3.2400563514226657,0.01731618297318223,0.028118480510243203,2.6305391469881005,BH_from_pvalue
aminoglycoside,kanamycin,kanamycin_vs_control,not_regulated,b0451,b0451,286.24330743205843,1.296382398245611,2.456122297075868,0.003977234575610272,0.009356485941995294,2.6302136937680487,BH_from_pvalue
aminoglycoside,kanamycin,kanamycin_vs_control,not_regulated,b2681,b2681,110.14480275263178,1.3264622970113038,2.5078695335261822,0.004691434575875092,0.010436237745937766,2.6283267247796647,BH_from_pvalue
aminoglycoside,kanamycin,kanamycin_vs_control,not_regulated,b0642,b0642,4773.667748623097,-1.1505225916019999,0.45046202958338993,0.0016757135928917328,0.0052350614064612605,2.6244320250314663,BH_from_pvalue
aminoglycoside,kanamycin,kanamycin_vs_control,not_regulated,b2968,b2968,38.16565339826781,1.4800326221252078,2.7895504091177203,0.00903162434775783,0.016877543130957507,2.6236401737025847,BH_from_pvalue
aminoglycoside,kanamycin,kanamycin_vs_control,not_regulated,b3531,b3531,102.64888953174322,1.1908701542777447,2.2829039386386634,0.002224137143387876,0.006274699816184457,2.6227808188293773,BH_from_pvalue
aminoglycoside,kanamycin,kanamycin_vs_control,not_regulated,b4237,b4237,95.4993047253693,-1.559253348730718,0.33932665127713146,0.011875410535058074,0.020816678326847707,2.6220226070033346,BH_from_pvalue
aminoglycoside,kanamycin,kanamycin_vs_control,not_regulated,b3075,b3075,397.5445736452869,-1.3162916470432435,0.4015658119067477,0.004546108487372,0.010252278020162384,2.6183405250897414,BH_from_pvalue
aminoglycoside,kanamycin,kanamycin_vs_control,not_regulated,b2528,b2528,1536.0178638264013,1.217641497609442,2.3256620960658645,0.002646227193429433,0.007097632627337859,2.6165733558885207,BH_from_pvalue
aminoglycoside,kanamycin,kanamycin_vs_control,not_regulated,b2067,b2067,831.2030453450483,-1.1414106184975878,0.4533161236974725,0.0015979456949620217,0.005101177953115098,2.6164892620346913,BH_from_pvalue
aminoglycoside,kanamycin,kanamycin_vs_control,not_regulated,b4453,b4453,193.96557376076188,1.1431903433135817,2.208689080554065,0.0016605732636946588,0.005217865458712338,2.609340101855697,BH_from_pvalue
aminoglycoside,kanamycin,kanamycin_vs_control,not_regulated,b2485,b2485,9.276395482576598,2.0862492552026737,4.246426429817118,0.04052635588784241,0.05627895917984414,2.6070896078086903,BH_from_pvalue
aminoglycoside,kanamycin,kanamycin_vs_control,not_regulated,b3358,b3358,790.8514652622652,-1.204410587269308,0.43394659614843795,0.002539245271199645,0.006859774912826429,2.6059713054395597,BH_from_pvalue
aminoglycoside,kanamycin,kanamycin_vs_control,not_regulated,b2440,b2440,281.7001429186599,-1.4078499156734194,0.37687293164033836,0.007087967016126574,0.014125687035240286,2.6045088569132764,BH_from_pvalue
aminoglycoside,kanamycin,kanamycin_vs_control,not_regulated,b1105,b1105,752.9886295401581,-1.0738368863288663,0.47505389884125454,0.0010211183222233052,0.003755511212886694,2.604409821707543,BH_from_pvalue
aminoglycoside,kanamycin,kanamycin_vs_control,not_regulated,b1611,b1611,3205.4688172054443,-1.0293945083743008,0.48991572073860845,0.0006972157555464216,0.0029697693829998147,2.60156534745477,BH_from_pvalue
aminoglycoside,kanamycin,kanamycin_vs_control,not_regulated,b0397,b0397,357.9784207808334,-1.2777509636072253,0.41243796273715033,0.0038882859354288364,0.009219562539567162,2.6005933566921415,BH_from_pvalue
aminoglycoside,kanamycin,kanamycin_vs_control,not_regulated,b1152,b1152,25.871036525527504,2.1386151438572147,4.403391578375632,0.044460716334530005,0.06085949545730857,2.599853805756778,BH_from_pvalue
aminoglycoside,kanamycin,kanamycin_vs_control,not_regulated,b3753,b3753,138.81165599842424,-1.1281754454494344,0.4574939450624872,0.001582334902804203,0.005072945397586105,2.588869109781009,BH_from_pvalue
aminoglycoside,kanamycin,kanamycin_vs_control,not_regulated,b2257,b2257,129.12850083724655,1.1948829533222636,2.289262584473966,0.00252637464174756,0.006837057517996493,2.587077844607829,BH_from_pvalue
aminoglycoside,kanamycin,kanamycin_vs_control,not_regulated,b2186,b2186,635.6667801350937,0.9474098761656844,1.928407406901358,0.00032293622998995786,0.0018610055170543629,2.586668030750402,BH_from_pvalue
aminoglycoside,kanamycin,kanamycin_vs_control,not_regulated,b1508,b1508,47.352292308944406,1.8148525237429745,3.5182366414764017,0.02493157046356794,0.03769485846895079,2.583837993011592,BH_from_pvalue
aminoglycoside,kanamycin,kanamycin_vs_control,not_regulated,b0737,b0737,518.9121207014134,1.1885138164822084,2.2791783402946564,0.0024752779969139456,0.006731439195960658,2.581323736393225,BH_from_pvalue
aminoglycoside,kanamycin,kanamycin_vs_control,not_regulated,b3612,b3612,1439.258609338225,-1.0232638969019767,0.4920020060767428,0.0007196192659591085,0.0030166332323243892,2.579113617362859,BH_from_pvalue
aminoglycoside,kanamycin,kanamycin_vs_control,not_regulated,b4206,b4206,902.771212342365,-1.2180317120763107,0.4298687940131069,0.002969454105866729,0.007689069640119727,2.5750727618266116,BH_from_pvalue
aminoglycoside,kanamycin,kanamycin_vs_control,not_regulated,b3676,b3676,103.74749187925276,-1.147220678998968,0.4514941878765084,0.0019173146378539683,0.005726481567773671,2.5721974034249033,BH_from_pvalue
aminoglycoside,kanamycin,kanamycin_vs_control,not_regulated,b2671,b2671,228.77068023165603,1.3760074688329444,2.595490970701632,0.006688656817267359,0.013517176416313835,2.571914848971534,BH_from_pvalue
aminoglycoside,kanamycin,kanamycin_vs_control,not_regulated,b1415,b1415,6351.956862780851,-1.4399380837734501,0.3685831224865338,0.008685966522572504,0.016383417620420348,2.571146960143176,BH_from_pvalue
aminoglycoside,kanamycin,kanamycin_vs_control,not_regulated,b3738,b3738,1076.2098482641823,-1.3271542404043188,0.3985536261056102,0.005414233382570131,0.011580229079790989,2.569745994099107,BH_from_pvalue
aminoglycoside,kanamycin,kanamycin_vs_control,not_regulated,b4176,b4176,9.62110805496287,-1.1558230591973255,0.4488100667260045,0.002087126775254577,0.006014027056435034,2.5668918672207712,BH_from_pvalue
aminoglycoside,kanamycin,kanamycin_vs_control,not_regulated,b0010,b0010,277.57274541712627,1.2229740165165612,2.33427416209766,0.0031265543728953927,0.007970807416053003,2.566408141009324,BH_from_pvalue
aminoglycoside,kanamycin,kanamycin_vs_control,not_regulated,b2922,b2922,1164.0401604764413,-1.0828953363329372,0.4720804565074981,0.0012316069811518816,0.0042924459295616505,2.563532895838345,BH_from_pvalue
aminoglycoside,kanamycin,kanamycin_vs_control,not_regulated,b3342,b3342,4680.326551142053,-1.17036653719056,0.44430844336412567,0.0023478967718894932,0.006514162876971268,2.558586724615655,BH_from_pvalue
aminoglycoside,kanamycin,kanamycin_vs_control,not_regulated,b1659,b1659,459.5151015752912,1.2819148632117816,2.431615066874207,0.004468902919735814,0.010121894340603078,2.5570845474019612,BH_from_pvalue
aminoglycoside,kanamycin,kanamycin_vs_control,not_regulated,b3461,b3461,10339.223619107608,1.108639604643086,2.1564221067068354,0.001534064933210437,0.004956242275425303,2.5552451903529563,BH_from_pvalue
aminoglycoside,kanamycin,kanamycin_vs_control,not_regulated,b1948,b1948,8.967802959961883,2.569974804016657,5.937990577426825,0.08068358742651681,0.10220072549830261,2.5456783168020864,BH_from_pvalue
aminoglycoside,kanamycin,kanamycin_vs_control,not_regulated,b4335,b4335,332.41902247950816,-1.2372189164902476,0.4241895788706235,0.0035885713516558898,0.008759030041077313,2.5456323386932733,BH_from_pvalue
aminoglycoside,kanamycin,kanamycin_vs_control,not_regulated,b2126,b2126,249.22273822377602,-1.0482503124815663,0.48355425922458634,0.0010050753406855018,0.0037300568336661607,2.5454500393135966,BH_from_pvalue
aminoglycoside,kanamycin,kanamycin_vs_control,not_regulated,b0516,b0516,54.81917382005826,1.5347189713554261,2.8973198729936636,0.012752930426444212,0.022015125958159548,2.543457254180467,BH_from_pvalue
aminoglycoside,kanamycin,kanamycin_vs_control,not_regulated,b4362,b4362,338.06223958144125,-0.9315381982002888,0.5242990372483127,0.0003240694189536486,0.0018610055170543629,2.54333434485554,BH_from_pvalue
aminoglycoside,kanamycin,kanamycin_vs_control,not_regulated,b2538,b2538,374.15032939668663,1.3121348748447677,2.483087111343248,0.005435971060524936,0.01161567592885566,2.5389226099574325,BH_from_pvalue
aminoglycoside,kanamycin,kanamycin_vs_control,not_regulated,b1277,b1277,994.4599128232821,-0.9172559521395982,0.5295152163877441,0.00027555962017545074,0.001719576282956336,2.5358261333248726,BH_from_pvalue
aminoglycoside,kanamycin,kanamycin_vs_control,not_regulated,b0708,b0708,632.356388148163,-1.6097634897421322,0.3276520606672943,0.016143578849675044,0.02660821460822219,2.535352167220357,BH_from_pvalue
aminoglycoside,kanamycin,kanamycin_vs_control,not_regulated,b4198,b4198,100.17796032421415,1.4365646756556147,2.706755688007864,0.009280580289784622,0.017214041296268547,2.534268395058651,BH_from_pvalue
aminoglycoside,kanamycin,kanamycin_vs_control,not_regulated,b1396,b1396,19.510406762314137,-1.576654311577263,0.33525847054453367,0.014864219707284397,0.02485474358489413,2.5298848658435356,BH_from_pvalue
aminoglycoside,kanamycin,kanamycin_vs_control,not_regulated,b2180,b2180,235.4860983327909,-1.2037145360102341,0.4341560111266394,0.003104495791943141,0.007925097657298664,2.528998675948526,BH_from_pvalue
aminoglycoside,kanamycin,kanamycin_vs_control,not_regulated,b3054,b3054,561.755529476246,-0.9191331443157011,0.5288266748798984,0.0002929028981072151,0.0017733391401304644,2.528726643832287,BH_from_pvalue
aminoglycoside,kanamycin,kanamycin_vs_control,not_regulated,b0436,b0436,3767.271505947383,-1.0761790308557533,0.4742832978590463,0.0013170653044173137,0.0044940775879102265,2.5261790007350124,BH_from_pvalue
aminoglycoside,kanamycin,kanamycin_vs_control,not_regulated,b3928,b3928,2451.1336467235983,-1.1540913469935692,0.44934911100707875,0.0023422941093100536,0.006503480804738655,2.52382943694156,BH_from_pvalue
aminoglycoside,kanamycin,kanamycin_vs_control,not_regulated,b1827,b1827,1186.7366519505404,-1.10506550511262,0.46488136303593325,0.0016535008609031272,0.0052089438521832065,2.523141172427429,BH_from_pvalue
aminoglycoside,kanamycin,kanamycin_vs_control,not_regulated,b0444,b0444,265.5813827261996,-1.0194586136627928,0.49330143401755255,0.0008525382975202844,0.003357896026485323,2.522072057150988,BH_from_pvalue
aminoglycoside,kanamycin,kanamycin_vs_control,not_regulated,b1066,b1066,411.83963115770274,-0.987587075405397,0.5043205521691674,0.0006435971691917256,0.0028092503549787496,2.519739101162862,BH_from_pvalue
aminoglycoside,kanamycin,kanamycin_vs_control,not_regulated,b3871,b3871,4418.296796067305,0.9070501093601138,1.8752073236622755,0.0002594106109123451,0.0016764783446605292,2.5176101448524335,BH_from_pvalue
aminoglycoside,kanamycin,kanamycin_vs_control,not_regulated,b3389,b3389,2338.1440277483352,-0.7634910527237402,0.5890691672400249,2.389755974388089e-05,0.0005046536325257101,2.517235037063739,BH_from_pvalue
aminoglycoside,kanamycin,kanamycin_vs_control,not_regulated,b3967,b3967,10.955313624542436,-1.9235404161069574,0.26360681684638965,0.03452754637787963,0.04934559918942368,2.5135894647572217,BH_from_pvalue
aminoglycoside,kanamycin,kanamycin_vs_control,not_regulated,b3652,b3652,592.0677659250266,0.8776571915339346,1.837389120703533,0.00018667807869006812,0.001374268409080076,2.5117920741341524,BH_from_pvalue
aminoglycoside,kanamycin,kanamycin_vs_control,not_regulated,b3758,b3758,6.174941863250512,2.1655183308986867,4.486275849997817,0.051825900523375414,0.06927575053614936,2.51074257874113,BH_from_pvalue
aminoglycoside,kanamycin,kanamycin_vs_control,not_regulated,b4521,b4521,5.64525798067535,2.2756673333388315,4.842215655282014,0.0602954437857388,0.07895455783064137,2.5092026739824114,BH_from_pvalue
aminoglycoside,kanamycin,kanamycin_vs_control,not_regulated,b0222,b0222,1018.1841870705972,-1.020173945735312,0.4930569007941634,0.0008999417798956724,0.0034776100738580194,2.5083211807610604,BH_from_pvalue
aminoglycoside,kanamycin,kanamycin_vs_control,not_regulated,b3660,b3660,200.78701266265398,-1.3557529207077357,0.390730851826416,0.007086476041944397,0.014125687035240286,2.508129915311546,BH_from_pvalue
aminoglycoside,kanamycin,kanamycin_vs_control,not_regulated,b3377,b3377,63.66282842552516,1.7509499404591677,3.3658011384283255,0.02433671802051133,0.03706960977184556,2.505577822697875,BH_from_pvalue
aminoglycoside,kanamycin,kanamycin_vs_control,not_regulated,b1321,b1321,715.6386465994328,-1.072183647546435,0.47559859309463154,0.0013666953481870174,0.004614656501036453,2.5044715605738777,BH_from_pvalue
aminoglycoside,kanamycin,kanamycin_vs_control,not_regulated,b1843,b1843,198.20785666295663,0.8962698564682228,1.8612474296448094,0.0002439925377415169,0.0016217504685551048,2.5006072111131727,BH_from_pvalue
aminoglycoside,kanamycin,kanamycin_vs_control,not_regulated,b1351,b1351,9.07697692782161,2.6374548887765137,6.222329908730849,0.08989009488339629,0.11275115638190646,2.49998809006892,BH_from_pvalue
aminoglycoside,kanamycin,kanamycin_vs_control,not_regulated,b1731,b1731,48.15627829436278,1.2326549236746134,2.349990498481173,0.003998532824825551,0.009396761048101006,2.4986184228194586,BH_from_pvalue
aminoglycoside,kanamycin,kanamycin_vs_control,not_regulated,b1842,b1842,22.762463386189904,-1.6740442478578799,0.3133736437060311,0.02061875758664698,0.032450374956171486,2.4922840651761016,BH_from_pvalue
aminoglycoside,kanamycin,kanamycin_vs_control,not_regulated,b0414,b0414,1743.2329626290739,-1.210850475604838,0.43201386633945366,0.0035811388492506023,0.008749572267207609,2.491946234702413,BH_from_pvalue
aminoglycoside,kanamycin,kanamycin_vs_control,not_regulated,b3055,b3055,690.6852592372593,1.3874799636361015,2.61621292826101,0.008418775840102526,0.01599824129452243,2.4918137792850388,BH_from_pvalue
aminoglycoside,kanamycin,kanamycin_vs_control,not_regulated,b0211,b0211,2731.982038356868,-1.12507745787123,0.45847740542485216,0.0021341776317933734,0.006102689757028985,2.4914600750238205,BH_from_pvalue
aminoglycoside,kanamycin,kanamycin_vs_control,not_regulated,b0488,b0488,737.545328254263,-0.9236280019180096,0.527181627599501,0.0003657723126111185,0.002011300564944757,2.4905841731609453,BH_from_pvalue
aminoglycoside,kanamycin,kanamycin_vs_control,not_regulated,b0022,b0022,7.4146674842360305,2.0922328857572783,4.264075213248102,0.04763185835281978,0.06453255990089861,2.490219740970997,BH_from_pvalue
aminoglycoside,kanamycin,kanamycin_vs_control,not_regulated,b0821,b0821,300.5255633114551,1.108227592209854,2.155806352275855,0.0018823952599154883,0.005674942278217069,2.489121895906549,BH_from_pvalue
aminoglycoside,kanamycin,kanamycin_vs_control,not_regulated,b3691,b3691,79.7411822294012,1.7510385480157087,3.3660078658134878,0.025170154558495705,0.03799172993426633,2.4870191896745477,BH_from_pvalue
aminoglycoside,kanamycin,kanamycin_vs_control,not_regulated,b0867,b0867,1288.0044579166124,-0.8488035082157221,0.5552450347759676,0.00013451280732686556,0.0011749394294854121,2.48698114093319,BH_from_pvalue
aminoglycoside,kanamycin,kanamycin_vs_control,not_regulated,b0424,b0424,322.88984641501037,-1.1169947108280738,0.4610532492549326,0.0020372084366664764,0.005942518513700266,2.4864631291350796,BH_from_pvalue
aminoglycoside,kanamycin,kanamycin_vs_control,not_regulated,b0655,b0655,2294.544354255834,-1.182295556421174,0.44064979638210633,0.0030900017004911323,0.007899598987141593,2.4856522125996463,BH_from_pvalue
aminoglycoside,kanamycin,kanamycin_vs_control,not_regulated,b4466,b4466,410.77614985154105,0.946524855528807,1.927224789002959,0.00048288867312133764,0.002376166409190268,2.483797783398753,BH_from_pvalue
aminoglycoside,kanamycin,kanamycin_vs_control,not_regulated,b1289,b1289,136.22745060746084,-0.9927734488676121,0.5025108149372322,0.0007617203391115539,0.003150352723630397,2.4835625831904973,BH_from_pvalue
aminoglycoside,kanamycin,kanamycin_vs_control,not_regulated,b2437,b2437,195.39326992896997,-1.2994445838359647,0.4062825808332546,0.00588027119075584,0.012267838504647388,2.483540005567963,BH_from_pvalue
aminoglycoside,kanamycin,kanamycin_vs_control,not_regulated,b0851,b0851,310.7987595280948,-1.3251806196189868,0.399099224432065,0.006588356833095188,0.013378974733752668,2.4828281503120424,BH_from_pvalue
aminoglycoside,kanamycin,kanamycin_vs_control,not_regulated,b1566,b1566,15.464591130373867,1.7122002882232557,3.276601647906912,0.02310467708977008,0.03552985899137977,2.481674254631536,BH_from_pvalue
aminoglycoside,kanamycin,kanamycin_vs_control,not_regulated,b1211,b1211,509.494704792998,-0.8893864736582309,0.5398436455411288,0.00024166777624677445,0.00162109296030017,2.481559095004477,BH_from_pvalue
aminoglycoside,kanamycin,kanamycin_vs_control,not_regulated,b3394,b3394,22.311702920564542,1.3794283881561031,2.601652702870914,0.0083371812491604,0.01590357983830512,2.4809090002300707,BH_from_pvalue
aminoglycoside,kanamycin,kanamycin_vs_control,not_regulated,b1414,b1414,780.8161294493412,-1.7433884068272167,0.2986673822316818,0.025049058131549666,0.0378343396493319,2.479296784795317,BH_from_pvalue
aminoglycoside,kanamycin,kanamycin_vs_control,not_regulated,b3363,b3363,347.60614641303204,-0.9665030584915106,0.5117449769142702,0.0006122717518802706,0.0027402968556790616,2.4763764441066307,BH_from_pvalue
aminoglycoside,kanamycin,kanamycin_vs_control,not_regulated,b1500,b1500,1.0126646345266133,1.5681135528626673,2.965167395326852,0.015952829304742108,0.026351754025975026,2.4763499816499253,BH_from_pvalue
aminoglycoside,kanamycin,kanamycin_vs_control,not_regulated,b2543,b2543,164.80553919536416,-1.1347849228846334,0.45540280322928395,0.002403869558258404,0.006593051995759939,2.474867757010067,BH_from_pvalue
aminoglycoside,kanamycin,kanamycin_vs_control,not_regulated,b1113,b1113,258.2580476449118,-1.3668952530798242,0.38772475291982844,0.008070468498461457,0.015499986040170638,2.47362754606831,BH_from_pvalue
aminoglycoside,kanamycin,kanamycin_vs_control,not_regulated,b1521,b1521,498.97891606835606,1.4548114789903543,2.741207385293085,0.011316557287443376,0.02000859853731144,2.4714094882137836,BH_from_pvalue
aminoglycoside,kanamycin,kanamycin_vs_control,not_regulated,b4592,b4592,1.0395969841766648,-1.5927290453633127,0.33154370192864135,0.017292760204771208,0.028100735332753212,2.4707724013611325,BH_from_pvalue
aminoglycoside,kanamycin,kanamycin_vs_control,not_regulated,b3796,b3796,6.011131701446698,-2.125591537041138,0.22915703205797458,0.05152972908717681,0.06892082112224837,2.4691924673908927,BH_from_pvalue
aminoglycoside,kanamycin,kanamycin_vs_control,not_regulated,b2670,b2670,1293.2527566952613,-1.3487744620358537,0.3926254340675615,0.007549963803798089,0.0147999550650171,2.467906048957138,BH_from_pvalue
aminoglycoside,kanamycin,kanamycin_vs_control,not_regulated,b4232,b4232,1914.2777874956162,-0.9843224106188799,0.5054630679214018,0.0007516720703202108,0.0031161483615671044,2.46708784765887,BH_from_pvalue
aminoglycoside,kanamycin,kanamycin_vs_control,not_regulated,b3074,b3074,98.96979479762535,-1.0579946467863355,0.48029921415486554,0.0013844451335002265,0.004657617210534045,2.4670702243204397,BH_from_pvalue
aminoglycoside,kanamycin,kanamycin_vs_control,not_regulated,b3052,b3052,805.1313458051786,-0.8397273775318848,0.5587491444868721,0.00012781433160475358,0.0011538367562490335,2.4669978040944294,BH_from_pvalue
aminoglycoside,kanamycin,kanamycin_vs_control,not_regulated,b1153,b1153,7.161001048470695,2.3531022570034814,5.109217160936091,0.0696117571123197,0.08953779911101345,2.4660360702397304,BH_from_pvalue
aminoglycoside,kanamycin,kanamycin_vs_control,not_regulated,b2892,b2892,1831.6032753015472,0.9510121100696729,1.933228421698461,0.0005522312240777952,0.0025607192561827104,2.464679154004341,BH_from_pvalue
aminoglycoside,kanamycin,kanamycin_vs_control,not_regulated,b2794,b2794,429.8531091130219,-0.9243419504382828,0.5269208050294832,0.0004145778815731213,0.0021558049841802307,2.464656621586662,BH_from_pvalue
aminoglycoside,kanamycin,kanamycin_vs_control,not_regulated,b4688,b4688,13.022042738480408,-2.091744378450144,0.23459686210239394,0.04940623006061508,0.0665356954528882,2.4618687137054205,BH_from_pvalue
aminoglycoside,kanamycin,kanamycin_vs_control,not_regulated,b1263,b1263,171.26112604163635,-1.728625182285544,0.30173936279340136,0.024899127367732317,0.0376711318197309,2.4615472746962186,BH_from_pvalue
aminoglycoside,kanamycin,kanamycin_vs_control,not_regulated,b0697,b0697,189.37404652009354,0.9904564877520121,1.9868135454556235,0.0008113817211856698,0.0032731793559579755,2.4613142804780135,BH_from_pvalue
aminoglycoside,kanamycin,kanamycin_vs_control,not_regulated,b1436,b1436,48.10747189989513,1.0150039572132812,2.020908436178785,0.0010255609173360851,0.003768768795896823,2.4601671036271537,BH_from_pvalue
aminoglycoside,kanamycin,kanamycin_vs_control,not_regulated,b0523,b0523,139.00744862992602,1.0964576080422823,2.138290118520617,0.0019026946225505126,0.005705342356597719,2.460141989429266,BH_from_pvalue
aminoglycoside,kanamycin,kanamycin_vs_control,not_regulated,b2748,b2748,199.96170198828804,-1.0784751156717602,0.47352906461748673,0.0016785115024301157,0.005238862187836563,2.459746168113651,BH_from_pvalue
aminoglycoside,kanamycin,kanamycin_vs_control,not_regulated,b0752,b0752,231.60109606765846,-1.3678735362478536,0.387461928126093,0.008360968405547863,0.01593255100975109,2.4590463397874465,BH_from_pvalue
aminoglycoside,kanamycin,kanamycin_vs_control,not_regulated,b2516,b2516,2627.836721364712,-0.9496315765767953,0.5177646674602859,0.0005668503942695105,0.0025964287916743975,2.4553898001695416,BH_from_pvalue
aminoglycoside,kanamycin,kanamycin_vs_control,not_regulated,b0134,b0134,929.6238756135245,-0.9413333249223239,0.5207513845219631,0.0005207687713963868,0.0024673532377559354,2.4547795531762433,BH_from_pvalue
aminoglycoside,kanamycin,kanamycin_vs_control,not_regulated,b1352,b1352,2.189368727570673,2.1977073856527736,4.587497544221533,0.05824673857706741,0.07649454894004357,2.453453521420384,BH_from_pvalue
aminoglycoside,kanamycin,kanamycin_vs_control,not_regulated,b0794,b0794,712.7331872531828,0.8686739561524117,1.8259837876755527,0.0002123506632624738,0.0014994557038533864,2.4531928968729386,BH_from_pvalue
aminoglycoside,kanamycin,kanamycin_vs_control,not_regulated,b0925,b0925,2027.2515267159217,-1.2744973230947458,0.41336916382521866,0.0056251101636080785,0.011895507999957282,2.4529192228959764,BH_from_pvalue
aminoglycoside,kanamycin,kanamycin_vs_control,not_regulated,b0082,b0082,1251.6406586170651,-0.9511473527507235,0.5172209605899567,0.0005852915927907798,0.0026432144421414936,2.451931944842934,BH_from_pvalue
aminoglycoside,kanamycin,kanamycin_vs_control,not_regulated,b0785,b0785,172.36566562643733,-1.0988249840990862,0.4668966090801589,0.002010240205760771,0.005894433145705312,2.44989398299841,BH_from_pvalue
aminoglycoside,kanamycin,kanamycin_vs_control,not_regulated,b3470,b3470,196.5966303801265,1.3950270302229013,2.6299347942038027,0.009526735268481693,0.017533246823907795,2.4498594952561508,BH_from_pvalue
aminoglycoside,kanamycin,kanamycin_vs_control,not_regulated,b1550,b1550,43.82787018286502,-1.3950488133163566,0.38023182302012737,0.009540563823622008,0.017546785405259613,2.449430103707249,BH_from_pvalue
aminoglycoside,kanamycin,kanamycin_vs_control,not_regulated,b2581,b2581,2052.558494316186,1.2889906076823117,2.443570295020874,0.00607532955599234,0.012598816202329896,2.44865712247201,BH_from_pvalue
aminoglycoside,kanamycin,kanamycin_vs_control,not_regulated,b0379,b0379,787.569150688042,-2.1180889649379573,0.23035184128205805,0.052276176475707245,0.0698361276470838,2.4483410784016026,BH_from_pvalue
aminoglycoside,kanamycin,kanamycin_vs_control,not_regulated,b0157,b0157,184.66772675821304,1.424403443736871,2.6840349241578325,0.010717075913876392,0.019159541915984107,2.446576548158124,BH_from_pvalue
aminoglycoside,kanamycin,kanamycin_vs_control,not_regulated,b4446,b4446,258.65446477045384,1.1479195754472347,2.215941162315377,0.002818511893475158,0.007420425440288206,2.444576461253382,BH_from_pvalue
aminoglycoside,kanamycin,kanamycin_vs_control,not_regulated,b1962,b1962,408.4673496577768,1.1105315597870042,2.1592519010281643,0.0022404866925834726,0.006301795023473164,2.443764373376541,BH_from_pvalue
aminoglycoside,kanamycin,kanamycin_vs_control,not_regulated,b0489,b0489,1450.2675860486795,-1.097882270275047,0.4672017974340879,0.0020526852164312773,0.005968311637690941,2.4418532134903566,BH_from_pvalue
aminoglycoside,kanamycin,kanamycin_vs_control,not_regulated,b1624,b1624,1069.0474768518036,-0.9085341303293504,0.5327260998384715,0.0003820219581234302,0.0020596534119282166,2.440509699780446,BH_from_pvalue
aminoglycoside,kanamycin,kanamycin_vs_control,not_regulated,b1174,b1174,251.97903033002032,-1.227006268720067,0.4272030141815192,0.004561803618635236,0.010267383112123085,2.439951331030747,BH_from_pvalue
aminoglycoside,kanamycin,kanamycin_vs_control,not_regulated,b0939,b0939,11.244834401763242,2.082332904278997,4.234914680364916,0.05027551760675481,0.06752441869070862,2.4374521792779413,BH_from_pvalue
aminoglycoside,kanamycin,kanamycin_vs_control,not_regulated,b3137,b3137,11.28587384500438,1.2985968469715514,2.4598951895493455,0.006577819672406672,0.01336964884161103,2.4334146589290495,BH_from_pvalue
aminoglycoside,kanamycin,kanamycin_vs_control,not_regulated,b2157,b2157,1249.0528190939947,-1.3829315921809524,0.3834388458869301,0.009416926305674067,0.017406052340333465,2.4329911558223367,BH_from_pvalue
aminoglycoside,kanamycin,kanamycin_vs_control,not_regulated,b4302,b4302,42.11466423236829,-1.3953874688239072,0.3801425785954822,0.00990564633933952,0.018097318129305102,2.431303282097804,BH_from_pvalue
aminoglycoside,kanamycin,kanamycin_vs_control,not_regulated,b3452,b3452,56.263084478041414,-1.5188858417009525,0.3489553022488336,0.015071733177640179,0.02512700364456098,2.430003635306358,BH_from_pvalue
aminoglycoside,kanamycin,kanamycin_vs_control,not_regulated,b3842,b3842,214.5298015595871,1.3398882487320138,2.5313171043302187,0.008022654059726091,0.015441120222784748,2.426967984730866,BH_from_pvalue
aminoglycoside,kanamycin,kanamycin_vs_control,not_regulated,b0144,b0144,176.59095260245024,1.2657058431790045,2.404448195322309,0.005802051817369755,0.012127151056937341,2.425397699960207,BH_from_pvalue
aminoglycoside,kanamycin,kanamycin_vs_control,not_regulated,b3812,b3812,203.6079086977952,-1.0377047030394229,0.48710182614330505,0.0013696234835223798,0.004614656501036453,2.423933551853056,BH_from_pvalue
aminoglycoside,kanamycin,kanamycin_vs_control,not_regulated,b3388,b3388,2961.3059324785677,-0.9948808183098024,0.5017773245944687,0.000979739890455523,0.0036630455002353637,2.423686552922325,BH_from_pvalue
aminoglycoside,kanamycin,kanamycin_vs_control,not_regulated,b1071,b1071,48.977355693251546,-1.367974696901026,0.387434760549816,0.009128303622822253,0.017012245386461948,2.4202733114587067,BH_from_pvalue
aminoglycoside,kanamycin,kanamycin_vs_control,not_regulated,b3598,b3598,49.267516157853606,-1.2170201478828977,0.43017030774261017,0.004557385210444886,0.010264956773450726,2.420218445986888,BH_from_pvalue
aminoglycoside,kanamycin,kanamycin_vs_control,not_regulated,b0253,b0253,258.07231142113926,0.8019961605793906,1.743511839088538,8.792105742492975e-05,0.000964558332432522,2.4185569669117917,BH_from_pvalue
aminoglycoside,kanamycin,kanamycin_vs_control,not_regulated,b1972,b1972,165.58159038212833,1.5251669213809622,2.878200151636732,0.0156704216830492,0.025961531024071935,2.4184109739997806,BH_from_pvalue
aminoglycoside,kanamycin,kanamycin_vs_control,not_regulated,b2828,b2828,232.37334687373914,-1.2011998346178432,0.4349134302342837,0.004219524062161673,0.009763075736421403,2.4149081735213738,BH_from_pvalue
aminoglycoside,kanamycin,kanamycin_vs_control,not_regulated,b2132,b2132,926.7687441399445,1.0576820852675137,2.0815844433367614,0.0016731789207125537,0.0052350614064612605,2.412655568121484,BH_from_pvalue
aminoglycoside,kanamycin,kanamycin_vs_control,not_regulated,b2400,b2400,2070.3077956234065,-0.9263948761554737,0.5261715406551841,0.0005303903684914749,0.0024902879723117475,2.412101056200974,BH_from_pvalue
aminoglycoside,kanamycin,kanamycin_vs_control,not_regulated,b1062,b1062,308.0984034262577,0.9192815205495419,1.8911732319179462,0.0004884183965903036,0.0023853484775930352,2.410768137177915,BH_from_pvalue
aminoglycoside,kanamycin,kanamycin_vs_control,not_regulated,b0288,b0288,23.00038075918182,1.3386045235614614,2.5290657136401116,0.00827154530458924,0.01582535549980536,2.4103535840170682,BH_from_pvalue
aminoglycoside,kanamycin,kanamycin_vs_control,not_regulated,b0033,b0033,1530.4421877900102,-1.5834959587476174,0.3336723487584299,0.019054439059690464,0.030446489126283376,2.4013126835801164,BH_from_pvalue
aminoglycoside,kanamycin,kanamycin_vs_control,not_regulated,b2124,b2124,551.1791801431937,-1.0216709036599632,0.49254556428628454,0.0013139236708321431,0.0044909032457469454,2.398542351738199,BH_from_pvalue
aminoglycoside,kanamycin,kanamycin_vs_control,not_regulated,b0870,b0870,1000.0540977773111,-1.0707774285568696,0.47606239299911324,0.0019443607846478504,0.005759417196552826,2.3981361091825844,BH_from_pvalue
aminoglycoside,kanamycin,kanamycin_vs_control,not_regulated,b2506,b2506,54.540179446230525,2.04297027298045,4.120930901000946,0.04991388938350777,0.0671389576695628,2.396456032775661,BH_from_pvalue
aminoglycoside,kanamycin,kanamycin_vs_control,not_regulated,b0099,b0099,110.61233741991452,-1.154035076855501,0.4493666375313318,0.003355185199277051,0.008407589429720431,2.3950018901815646,BH_from_pvalue
aminoglycoside,kanamycin,kanamycin_vs_control,not_regulated,b2389,b2389,202.74150784198514,-1.1535496715364228,0.44951785566744273,0.0033579490527616326,0.008409830088709257,2.3938610190666623,BH_from_pvalue
aminoglycoside,kanamycin,kanamycin_vs_control,not_regulated,b4097,b4097,10.614609485478999,1.6082828852660649,3.0488874313481524,0.020660697431163944,0.03250500771086933,2.3932049077168043,BH_from_pvalue
aminoglycoside,kanamycin,kanamycin_vs_control,not_regulated,b2368,b2368,14.162062798693775,2.7452990124036196,6.705286668398663,0.10919645059645267,0.13445541603691324,2.392313130059724,BH_from_pvalue
aminoglycoside,kanamycin,kanamycin_vs_control,not_regulated,b0154,b0154,1985.877208343443,-0.8630043658375612,0.5498064108481935,0.00027440820017990994,0.001719576282956336,2.38584336134271,BH_from_pvalue
aminoglycoside,kanamycin,kanamycin_vs_control,not_regulated,b1811,b1811,201.23048733108416,-1.1887821456292382,0.4386730112459652,0.004327439668236706,0.009903208712682465,2.382585787861151,BH_from_pvalue
aminoglycoside,kanamycin,kanamycin_vs_control,not_regulated,b1085,b1085,2.9068104991734813,1.7913918002863145,3.461486688864453,0.03246087456232635,0.04681276491867391,2.3818985032969286,BH_from_pvalue
aminoglycoside,kanamycin,kanamycin_vs_control,not_regulated,b2691,b2691,1.838671289042346,1.6773017298914639,3.1982921525973733,0.025273395266365132,0.038056352617054194,2.381051976123582,BH_from_pvalue
aminoglycoside,kanamycin,kanamycin_vs_control,not_regulated,b1060,b1060,5592.065728701374,1.315176437517783,2.4883276034081834,0.008052721944415267,0.015485738908071771,2.3805588723929008,BH_from_pvalue
aminoglycoside,kanamycin,kanamycin_vs_control,not_regulated,b2197,b2197,71.08216500402402,-1.4076509276857134,0.37692491654097837,0.011644909244571448,0.020484474689903158,2.3769244027548604,BH_from_pvalue
aminoglycoside,kanamycin,kanamycin_vs_control,not_regulated,b2470,b2470,458.5147556346896,1.4686945018518145,2.7677132924194443,0.01432978701944695,0.024095469911578456,2.3764425811295644,BH_from_pvalue
aminoglycoside,kanamycin,kanamycin_vs_control,not_regulated,b2142,b2142,200.44081361815472,-1.1882864180331651,0.43882377053798005,0.004415164970323496,0.01003801166512186,2.3746149012436595,BH_from_pvalue
aminoglycoside,kanamycin,kanamycin_vs_control,not_regulated,b3743,b3743,80.49035441814972,1.2966182981586165,2.4565239387202293,0.007524669162107367,0.014766999079912276,2.373729170056975,BH_from_pvalue
aminoglycoside,kanamycin,kanamycin_vs_control,not_regulated,b4438,b4438,7.251089112209546,1.9739224260410584,3.92834714747701,0.04606599148611195,0.062732312959289,2.37365888964794,BH_from_pvalue
aminoglycoside,kanamycin,kanamycin_vs_control,not_regulated,b1537,b1537,210.74537849150772,1.4375408767088764,2.7085878367645737,0.013133971458810777,0.022496802597764994,2.368893713412533,BH_from_pvalue
aminoglycoside,kanamycin,kanamycin_vs_control,not_regulated,b1072,b1072,62.78363001552702,1.1778555988862358,2.2624024677246064,0.004231609330797692,0.009780975729664965,2.3670395994278066,BH_from_pvalue
aminoglycoside,kanamycin,kanamycin_vs_control,not_regulated,b4378,b4378,511.2925646990439,-0.8362119227881326,0.5601123240915789,0.00020871113316865234,0.001479486715574593,2.3663868634735548,BH_from_pvalue
aminoglycoside,kanamycin,kanamycin_vs_control,not_regulated,b0988,b0988,19.551022301229786,1.943120200416089,3.845364082791191,0.04426518602376557,0.06068418370463199,2.3646305503718033,BH_from_pvalue
aminoglycoside,kanamycin,kanamycin_vs_control,not_regulated,b3224,b3224,437.8367350993879,-1.0284720613561191,0.4902290688759968,0.0015669600711274699,0.0050380174409802424,2.363161737114575,BH_from_pvalue
aminoglycoside,kanamycin,kanamycin_vs_control,not_regulated,b4236,b4236,219.58240571113467,-1.0113579797670846,0.49607907864544004,0.0013628422176775595,0.004612538972997488,2.362592872969056,BH_from_pvalue
aminoglycoside,kanamycin,kanamycin_vs_control,not_regulated,b1639,b1639,196.43913923142895,-1.4458021977637587,0.36708798554664784,0.013701194367431679,0.023229540996874368,2.3623820504267576,BH_from_pvalue
aminoglycoside,kanamycin,kanamycin_vs_control,not_regulated,b3982,b3982,2877.754490008307,0.9510713175898662,1.933307762103973,0.0008228150349711677,0.0032927242235767907,2.3609818958910083,BH_from_pvalue
aminoglycoside,kanamycin,kanamycin_vs_control,not_regulated,b0908,b0908,306.25985782110723,-1.0343314386161468,0.4882420849379711,0.0016591649040334883,0.005217865458712338,2.360868876453482,BH_from_pvalue
aminoglycoside,kanamycin,kanamycin_vs_control,not_regulated,b3977,b3977,72.25265498897329,1.6962174808602688,3.2405023512725086,0.027257690243041543,0.040584273655478606,2.3605278645326577,BH_from_pvalue
aminoglycoside,kanamycin,kanamycin_vs_control,not_regulated,b2463,b2463,3610.8133465559818,-1.2068870078813365,0.4332023553528921,0.005087712366459797,0.011087466193961322,2.359666484902705,BH_from_pvalue
aminoglycoside,kanamycin,kanamycin_vs_control,not_regulated,b1634,b1634,1129.6353043497686,1.0674813448509965,2.0957713766499935,0.002163559989043348,0.006163200019453438,2.3593405833099297,BH_from_pvalue
aminoglycoside,kanamycin,kanamycin_vs_control,not_regulated,b2545,b2545,171.46917304514557,1.113151684098673,2.1631769501496216,0.0029167382525334133,0.007614328879799938,2.358065317462447,BH_from_pvalue
aminoglycoside,kanamycin,kanamycin_vs_control,not_regulated,b0853,b0853,216.38860214714063,-1.0934613305018432,0.4686356686682571,0.002594139546140623,0.006978731865155814,2.357747003711221,BH_from_pvalue
aminoglycoside,kanamycin,kanamycin_vs_control,not_regulated,b1845,b1845,711.3715381734328,-1.1402967187593767,0.4536662626263056,0.003482937288480923,0.008601692238615054,2.355187201929527,BH_from_pvalue
aminoglycoside,kanamycin,kanamycin_vs_control,not_regulated,b0684,b0684,624.5651940055658,-1.19055336466303,0.4381347760670882,0.00476695303991981,0.010562440775152367,2.3528140776885245,BH_from_pvalue
aminoglycoside,kanamycin,kanamycin_vs_control,not_regulated,b2769,b2769,71.21628862343728,1.7564332494789499,3.3786180154580965,0.03159740282059733,0.04580248723398221,2.352058975644301,BH_from_pvalue
aminoglycoside,kanamycin,kanamycin_vs_control,not_regulated,b3900,b3900,4.328351918316885,1.9735459738718615,3.9273222310263964,0.04741361330484451,0.06431436448889946,2.351858983053708,BH_from_pvalue
aminoglycoside,kanamycin,kanamycin_vs_control,not_regulated,b0890,b0890,5842.92159519805,-1.0120852489070309,0.49582906594438425,0.0014352468735404893,0.004752700406012443,2.3511343143059715,BH_from_pvalue
aminoglycoside,kanamycin,kanamycin_vs_control,not_regulated,b2486,b2486,104.21971900054443,1.087048657017033,2.1243900199676755,0.0025539016216796074,0.006886960128486136,2.3501692279754933,BH_from_pvalue
aminoglycoside,kanamycin,kanamycin_vs_control,not_regulated,b0680,b0680,1260.2923495629136,-0.9283641837355727,0.5254537959598197,0.0006956427892117369,0.0029658779771321257,2.3467623575534824,BH_from_pvalue
aminoglycoside,kanamycin,kanamycin_vs_control,not_regulated,b1255,b1255,516.5738319819644,-1.0059081791120423,0.49795656817849304,0.0013894528665483383,0.004663076339566953,2.3451013749091714,BH_from_pvalue
aminoglycoside,kanamycin,kanamycin_vs_control,not_regulated,b0539,b0539,5.79476344231265,1.7160970074817359,3.2854637116805434,0.029546285810866275,0.04326943597773997,2.3404453028136314,BH_from_pvalue
aminoglycoside,kanamycin,kanamycin_vs_control,not_regulated,b3237,b3237,699.0953536964416,-1.5578645337996608,0.3396534624257991,0.019945053159198946,0.031555697893097735,2.3382334796148467,BH_from_pvalue
aminoglycoside,kanamycin,kanamycin_vs_control,not_regulated,b3279,b3279,297.47583640397585,-1.0028788111477196,0.4990032748680393,0.0013924988848315464,0.004666555747664065,2.337714060611714,BH_from_pvalue
aminoglycoside,kanamycin,kanamycin_vs_control,not_regulated,b2010,b2010,155.04855064082548,1.185515457776667,2.274446433972721,0.004903961606683186,0.010786317509467468,2.3320592286045168,BH_from_pvalue
aminoglycoside,kanamycin,kanamycin_vs_control,not_regulated,b0776,b0776,71.96883973986152,1.2131248662219418,2.318392553553707,0.005708367382427771,0.012015084925671554,2.3295311144455226,BH_from_pvalue
aminoglycoside,kanamycin,kanamycin_vs_control,not_regulated,b3194,b3194,964.4442575357988,1.142941396374363,2.2083079889625985,0.0038558156630068893,0.009171580567004225,2.3288068878855706,BH_from_pvalue
aminoglycoside,kanamycin,kanamycin_vs_control,not_regulated,b2172,b2172,825.5890720591475,1.2040002870539226,2.303775743082351,0.005453332653915583,0.011647241347251801,2.328267973089531,BH_from_pvalue
aminoglycoside,kanamycin,kanamycin_vs_control,not_regulated,b3592,b3592,255.09092468706385,-1.200844716789713,0.4350204968826394,0.005478358945116602,0.011678511154092169,2.320767534402842,BH_from_pvalue
aminoglycoside,kanamycin,kanamycin_vs_control,not_regulated,b2231,b2231,5536.6044777230245,-1.0076354000510026,0.49736076217658864,0.0015481810489661179,0.004991912801612615,2.319307661823351,BH_from_pvalue
aminoglycoside,kanamycin,kanamycin_vs_control,not_regulated,b2695,b2695,25.856932953890805,1.5213944396013273,2.870683820372894,0.01869376466204975,0.029998056885444085,2.3169420526531628,BH_from_pvalue
aminoglycoside,kanamycin,kanamycin_vs_control,not_regulated,b3335,b3335,56.65022201319622,1.7737639996708552,3.419449302166366,0.03486254227613115,0.04965538795378021,2.3130478906697123,BH_from_pvalue
aminoglycoside,kanamycin,kanamycin_vs_control,not_regulated,b2478,b2478,2664.9654130281774,-0.8932971944780626,0.5383822701860995,0.0005641616677071445,0.0025922856068830193,2.310349855435552,BH_from_pvalue
aminoglycoside,kanamycin,kanamycin_vs_control,not_regulated,b2320,b2320,1044.7226176607435,-0.7114495844331916,0.6107062079146953,2.994405382578618e-05,0.0005659662137508406,2.3102258450272726,BH_from_pvalue
aminoglycoside,kanamycin,kanamycin_vs_control,not_regulated,b1522,b1522,474.246681685597,1.1356437022296486,2.1971657411617316,0.003909571319942468,0.009250526984272079,2.3097102347952116,BH_from_pvalue
aminoglycoside,kanamycin,kanamycin_vs_control,not_regulated,b3297,b3297,3148.369593383582,-1.11775421334195,0.46081059302140914,0.0034986892375801454,0.00861834840670071,2.3076884702705827,BH_from_pvalue
aminoglycoside,kanamycin,kanamycin_vs_control,not_regulated,b2526,b2526,2370.9190193837317,1.1139470834458844,2.1643699007578556,0.0034207326718623033,0.008492701748303615,2.3069333102304377,BH_from_pvalue
aminoglycoside,kanamycin,kanamycin_vs_control,not_regulated,b0492,b0492,1340.454335347185,-0.7648893208174883,0.588498514696583,8.996028190357421e-05,0.0009720647360663674,2.304079781468496,BH_from_pvalue
aminoglycoside,kanamycin,kanamycin_vs_control,not_regulated,b4208,b4208,3357.914607737827,1.1957967639415266,2.290713074749048,0.005600329391463076,0.01186541761789963,2.302766122968322,BH_from_pvalue
aminoglycoside,kanamycin,kanamycin_vs_control,not_regulated,b2611,b2611,193.01648729228296,-1.0983761214754963,0.46704189622418435,0.003164101559612367,0.008036210511087763,2.301041622625895,BH_from_pvalue
aminoglycoside,kanamycin,kanamycin_vs_control,not_regulated,b2004,b2004,5.532168726150393,2.1794850305660134,4.5299182999874175,0.0682324102893404,0.08801456164454471,2.30032760175232,BH_from_pvalue
aminoglycoside,kanamycin,kanamycin_vs_control,not_regulated,b1929,b1929,331.3069875022978,-0.9190602881804955,0.5288533813143763,0.0007633866193180873,0.003150352723630397,2.299158731556423,BH_from_pvalue
aminoglycoside,kanamycin,kanamycin_vs_control,not_regulated,b3071,b3071,282.63327759079294,1.3035589752641368,2.4683705297833685,0.009311066982459813,0.017263470439861598,2.298007480342619,BH_from_pvalue
aminoglycoside,kanamycin,kanamycin_vs_control,not_regulated,b2433,b2433,97.9732353823736,1.3197062479594894,2.4961527959020837,0.009938641619925328,0.018142861203905895,2.2979968641072333,BH_from_pvalue
aminoglycoside,kanamycin,kanamycin_vs_control,not_regulated,b2645,b2645,1.9564068068595883,2.08546882803077,4.244129942843635,0.060487303253055125,0.0791136638651474,2.2976621577350915,BH_from_pvalue
aminoglycoside,kanamycin,kanamycin_vs_control,not_regulated,b3765,b3765,145.52668359213254,-1.3328354490445067,0.39698724246682615,0.01051696708505384,0.018891900139206136,2.297440929695183,BH_from_pvalue
aminoglycoside,kanamycin,kanamycin_vs_control,not_regulated,b1075,b1075,18.450225206758105,1.8824438423970595,3.686990866088025,0.043932592412867615,0.06030173960118356,2.29596058062592,BH_from_pvalue
aminoglycoside,kanamycin,kanamycin_vs_control,not_regulated,b4354,b4354,500.5002146110965,-1.123397516360189,0.45901158889038957,0.0037879685038226087,0.009058097995850129,2.295059543559847,BH_from_pvalue
aminoglycoside,kanamycin,kanamycin_vs_control,not_regulated,b4191,b4191,256.12525712907444,0.9921224152185832,1.9891091096019953,0.0014935242868533837,0.0048697601948531,2.2942755694075077,BH_from_pvalue
aminoglycoside,kanamycin,kanamycin_vs_control,not_regulated,b4413,b4413,39.983503052513186,1.3417212995058998,2.5345353740592613,0.01104757106259414,0.01963333648342491,2.290326161332756,BH_from_pvalue
aminoglycoside,kanamycin,kanamycin_vs_control,not_regulated,b0420,b0420,980.4405062650638,-1.11553878404645,0.46151876592783175,0.00364640926131695,0.008856631718220022,2.28990150559297,BH_from_pvalue
aminoglycoside,kanamycin,kanamycin_vs_control,not_regulated,b1781,b1781,835.0800940556204,-1.1936376622199134,0.43719910046273697,0.005884431732121157,0.012270827042689367,2.2811921680720313,BH_from_pvalue
aminoglycoside,kanamycin,kanamycin_vs_control,not_regulated,b2603,b2603,172.8882052845331,1.5101011585976378,2.8483001007199884,0.01943625893313516,0.03087015984507131,2.280949089962191,BH_from_pvalue
aminoglycoside,kanamycin,kanamycin_vs_control,not_regulated,b1692,b1692,16.406221175756652,1.9586997096783594,3.8871147826942885,0.05122340566595648,0.06857228532305722,2.2796353531993225,BH_from_pvalue
aminoglycoside,kanamycin,kanamycin_vs_control,not_regulated,b3939,b3939,549.6491357048354,-1.5004167312927876,0.3534512792808742,0.018928536181182596,0.030288351384901928,2.2787194474097157,BH_from_pvalue
aminoglycoside,kanamycin,kanamycin_vs_control,not_regulated,b2334,b2334,11.343961414886309,1.824022541180185,3.5406703785786813,0.040639939809068173,0.056419274463329824,2.277424389869685,BH_from_pvalue
aminoglycoside,kanamycin,kanamycin_vs_control,not_regulated,b0898,b0898,650.322935625495,1.2323793084358403,2.3495415946521163,0.007129149660639218,0.014195181573065605,2.2772632556185703,BH_from_pvalue
aminoglycoside,kanamycin,kanamycin_vs_control,not_regulated,b0204,b0204,2.2888257244617045,1.8305420223854019,3.5567067329820223,0.04121300292676824,0.05712668325565594,2.2756584329871723,BH_from_pvalue
aminoglycoside,kanamycin,kanamycin_vs_control,not_regulated,b1749,b1749,483.20498211545873,1.203315131543878,2.3026819083865493,0.006261603664379966,0.01286059053990004,2.275154955322354,BH_from_pvalue
aminoglycoside,kanamycin,kanamycin_vs_control,not_regulated,b0067,b0067,216.04882664618552,0.832149736703264,1.7803362372552844,0.00031815191431767547,0.0018536882261669745,2.2734025478590643,BH_from_pvalue
aminoglycoside,kanamycin,kanamycin_vs_control,not_regulated,b3327,b3327,15.784004568837704,1.2330663585544168,2.3506607759217126,0.0072471518089483634,0.01437287867577149,2.2718708071086833,BH_from_pvalue
aminoglycoside,kanamycin,kanamycin_vs_control,not_regulated,b4144,b4144,877.6655498037429,-1.0121955524109492,0.49579115800746587,0.001955002893150091,0.005773748503509603,2.265842395269284,BH_from_pvalue
aminoglycoside,kanamycin,kanamycin_vs_control,not_regulated,b0482,b0482,234.113851165147,-1.1798870886807844,0.4413860415024636,0.0057391745443224045,0.01203310385438493,2.26493760821824,BH_from_pvalue
aminoglycoside,kanamycin,kanamycin_vs_control,not_regulated,b2267,b2267,141.64847043868264,-1.166492819346992,0.4455030397448495,0.005344001231662878,0.011484623764940098,2.262859855457132,BH_from_pvalue
aminoglycoside,kanamycin,kanamycin_vs_control,not_regulated,b0446,b0446,417.54355785585454,-1.059545974596734,0.4797830267088715,0.00276654225860439,0.0073423011432262415,2.261248908970779,BH_from_pvalue
aminoglycoside,kanamycin,kanamycin_vs_control,not_regulated,b0172,b0172,3082.555929077864,-1.1854917198701802,0.4396746562422288,0.005988667751765399,0.012447794615268374,2.2582521703432614,BH_from_pvalue
aminoglycoside,kanamycin,kanamycin_vs_control,not_regulated,b3306,b3306,4150.012638208747,-0.8818845781316789,0.5426580992087401,0.0006186173624757236,0.002751430766203623,2.25801379339019,BH_from_pvalue
aminoglycoside,kanamycin,kanamycin_vs_control,not_regulated,b3280,b3280,149.44867468679135,-1.2336399655912036,0.42524318913596104,0.00755710723923786,0.014804820715196818,2.2570637919991183,BH_from_pvalue
aminoglycoside,kanamycin,kanamycin_vs_control,not_regulated,b1399,b1399,538.7557459036329,-0.8257599976844414,0.5641849169917011,0.00031622404340599704,0.0018519914125793581,2.2562744389711114,BH_from_pvalue
aminoglycoside,kanamycin,kanamycin_vs_control,not_regulated,b1268,b1268,94.13809110500499,1.5005390118013109,2.829484063593062,0.019835138976276322,0.031414948984257354,2.255105523056674,BH_from_pvalue
aminoglycoside,kanamycin,kanamycin_vs_control,not_regulated,b2327,b2327,211.4947282987862,-0.9211038256321853,0.5281048054832981,0.0009411363863494934,0.003575364413682451,2.2536460195987815,BH_from_pvalue
aminoglycoside,kanamycin,kanamycin_vs_control,not_regulated,b1625,b1625,97.29922944657552,1.1883364663906892,2.27889817876922,0.006146672870809652,0.01269491007522417,2.253526065781575,BH_from_pvalue
aminoglycoside,kanamycin,kanamycin_vs_control,not_regulated,b2684,b2684,599.3400160244277,1.2112897496930586,2.3154454194509184,0.0068620229902965745,0.013791501077012507,2.2534694748604736,BH_from_pvalue
aminoglycoside,kanamycin,kanamycin_vs_control,not_regulated,b0084,b0084,969.2098978732273,-0.8434684564808688,0.5573021188060651,0.00040558825111095735,0.0021333225423560793,2.2528565723317215,BH_from_pvalue
aminoglycoside,kanamycin,kanamycin_vs_control,not_regulated,b1426,b1426,1957.7293159466926,-1.5701124439904284,0.33678214431402387,0.024332820059105663,0.03706960977184556,2.246802622908064,BH_from_pvalue
aminoglycoside,kanamycin,kanamycin_vs_control,not_regulated,b2643,b2643,2.075564937831715,1.7365733075000225,3.3324270818939628,0.035919270746209486,0.05084363188951176,2.2467150461454106,BH_from_pvalue
aminoglycoside,kanamycin,kanamycin_vs_control,not_regulated,b4713,b4713,4.739258278302845,1.6582656780886615,3.1563685678470015,0.030360314791470517,0.04432349754366582,2.2442403495195022,BH_from_pvalue
aminoglycoside,kanamycin,kanamycin_vs_control,not_regulated,b1655,b1655,142.7963515665142,1.433149766988766,2.700356281209585,0.016692957193923573,0.027323479424406195,2.240678063819345,BH_from_pvalue
aminoglycoside,kanamycin,kanamycin_vs_control,not_regulated,b2996,b2996,214.44595358049128,-0.9798472923149673,0.5070334059836773,0.0016407465802928665,0.005186281179309426,2.239092103362239,BH_from_pvalue
aminoglycoside,kanamycin,kanamycin_vs_control,not_regulated,b3595,b3595,11.678648535340303,1.7447301088105482,3.3513215338382936,0.03711792914022858,0.05222284806779735,2.236987296577019,BH_from_pvalue
aminoglycoside,kanamycin,kanamycin_vs_control,not_regulated,b2912,b2912,907.1791653896113,1.0489719978162668,2.0690550030462824,0.00281547412006545,0.007420425440288206,2.2338605501840316,BH_from_pvalue
aminoglycoside,kanamycin,kanamycin_vs_control,not_regulated,b3241,b3241,61.899302543815374,1.683649171404607,3.212394715217715,0.032720131237326915,0.04715640830038336,2.23329206876694,BH_from_pvalue
aminoglycoside,kanamycin,kanamycin_vs_control,not_regulated,b2081,b2081,986.8630757780902,0.855823613265251,1.8097916435510948,0.0005327560976007228,0.0024961842989667197,2.2274721041710963,BH_from_pvalue
aminoglycoside,kanamycin,kanamycin_vs_control,not_regulated,b2569,b2569,3792.0858488008357,0.942552131597445,1.9219251241814292,0.0012557788562360648,0.004344994842576784,2.2263182528607244,BH_from_pvalue
aminoglycoside,kanamycin,kanamycin_vs_control,not_regulated,b4102,b4102,4.56000666028022,2.3497614293602043,5.097399510318412,0.09020296364401793,0.11304034728154273,2.224675444072621,BH_from_pvalue
aminoglycoside,kanamycin,kanamycin_vs_control,not_regulated,b1392,b1392,74.04670728333254,-1.1718883465051402,0.443840017107625,0.006126571718849233,0.012675859977637465,2.223098639133544,BH_from_pvalue
aminoglycoside,kanamycin,kanamycin_vs_control,not_regulated,b3370,b3370,21.124577905456402,1.7076338228180474,3.266246837822244,0.03525101329086836,0.050034413942040355,2.2211725621142167,BH_from_pvalue
aminoglycoside,kanamycin,kanamycin_vs_control,not_regulated,b3259,b3259,319.9975221837478,-0.8873346427854916,0.5406119686271803,0.0007677061534555936,0.003159325048712955,2.2186965890402357,BH_from_pvalue
aminoglycoside,kanamycin,kanamycin_vs_control,not_regulated,b1217,b1217,190.7625754629323,-0.9488440507896243,0.5180473774761503,0.0013531885072272716,0.004590137315795463,2.2185627953049125,BH_from_pvalue
aminoglycoside,kanamycin,kanamycin_vs_control,not_regulated,b2187,b2187,154.80353849740237,-1.4862862200355194,0.3569301755871311,0.020394748564508344,0.03217663242481884,2.218221856083393,BH_from_pvalue
aminoglycoside,kanamycin,kanamycin_vs_control,not_regulated,b3685,b3685,1006.9467838940786,1.4684848742780616,2.7673111652502236,0.019471217543852972,0.030906018773243945,2.2173489212276642,BH_from_pvalue
aminoglycoside,kanamycin,kanamycin_vs_control,not_regulated,b1010,b1010,5.2772776692638645,1.5582338626974246,2.9449310627101704,0.025311684496513717,0.038090316783311706,2.211422771807945,BH_from_pvalue
aminoglycoside,kanamycin,kanamycin_vs_control,not_regulated,b4644,b4644,2.4302632313760903,1.8597058351088325,3.6293365256800434,0.047791577568972544,0.06472945375044821,2.2110006557419553,BH_from_pvalue
aminoglycoside,kanamycin,kanamycin_vs_control,not_regulated,b1132,b1132,376.02950757563684,-0.9560196877069629,0.5154771249018566,0.0014987391955794992,0.004872800022086763,2.2105291917680305,BH_from_pvalue
aminoglycoside,kanamycin,kanamycin_vs_control,not_regulated,b4305,b4305,224.60089932224648,1.1038765048003985,2.149314355776453,0.00436264813087008,0.009950908363414614,2.2101122951627565,BH_from_pvalue
aminoglycoside,kanamycin,kanamycin_vs_control,not_regulated,b4212,b4212,276.85934535036404,0.8553539081329093,1.8092025169276924,0.0005735022962716082,0.002613589998611645,2.2091760327429837,BH_from_pvalue
aminoglycoside,kanamycin,kanamycin_vs_control,not_regulated,b3365,b3365,1221.838618237787,-3.0903998061529157,0.11740780256351188,0.162612610348712,0.19324478767463846,2.2062123515012857,BH_from_pvalue
aminoglycoside,kanamycin,kanamycin_vs_control,not_regulated,b4356,b4356,217.2614812009857,1.2960588873645076,2.455571596349977,0.011220730482919987,0.01987041169770634,2.2056241165435484,BH_from_pvalue
aminoglycoside,kanamycin,kanamycin_vs_control,not_regulated,b0077,b0077,221.49515151680964,1.0551458052552949,2.077928200761681,0.0032094675157063306,0.008137646496982568,2.20472840517436,BH_from_pvalue
aminoglycoside,kanamycin,kanamycin_vs_control,not_regulated,b1931,b1931,61.20167192929574,-1.2569947943623436,0.4184146310932151,0.009644947428063076,0.01770548125360055,2.2021194563386755,BH_from_pvalue
aminoglycoside,kanamycin,kanamycin_vs_control,not_regulated,b0792,b0792,126.48381986273453,-0.9651104416446499,0.51223919691928,0.0016845674946458868,0.005238862187836563,2.20118821115611,BH_from_pvalue
aminoglycoside,kanamycin,kanamycin_vs_control,not_regulated,b3896,b3896,36.49566850528631,1.5296302582686883,2.887118369823028,0.023864654487784562,0.036486477187646145,2.1994065015419926,BH_from_pvalue
aminoglycoside,kanamycin,kanamycin_vs_control,not_regulated,b3250,b3250,1195.03957886196,1.2504886808429205,2.379220001363341,0.009480900106109628,0.017486567938183154,2.1974780321925667,BH_from_pvalue
aminoglycoside,kanamycin,kanamycin_vs_control,not_regulated,b4377,b4377,702.2996773418416,-0.9333413619295712,0.5236441473231292,0.0012856906483470825,0.004424664526599217,2.197197241646137,BH_from_pvalue
aminoglycoside,kanamycin,kanamycin_vs_control,not_regulated,b1810,b1810,405.86714067811675,-1.1889451244317284,0.4386234579017843,0.007150385595751218,0.014212299783335828,2.1963807028566387,BH_from_pvalue
aminoglycoside,kanamycin,kanamycin_vs_control,not_regulated,b3158,b3158,64.75207709393776,-1.247053417374537,0.4213078150764126,0.0093677091828764,0.017339899549209073,2.1960029836644446,BH_from_pvalue
aminoglycoside,kanamycin,kanamycin_vs_control,not_regulated,b0624,b0624,126.53844880573233,-1.2586674021485722,0.4179298175877627,0.009843486333085226,0.018013019335320322,2.195636389193694,BH_from_pvalue
aminoglycoside,kanamycin,kanamycin_vs_control,not_regulated,b1069,b1069,425.6208496697789,1.1724496725914264,2.253940876749662,0.006642073904752488,0.01345162018170945,2.193917612111881,BH_from_pvalue
aminoglycoside,kanamycin,kanamycin_vs_control,not_regulated,b1086,b1086,524.187458479492,1.4813317424703012,2.7920634792626084,0.021224715807552547,0.033188128782083215,2.19091517543075,BH_from_pvalue
aminoglycoside,kanamycin,kanamycin_vs_control,not_regulated,b1102,b1102,137.78076684128231,1.5308015848826635,2.8894633780803756,0.024364386863684185,0.03707409070123527,2.1904691340638385,BH_from_pvalue
aminoglycoside,kanamycin,kanamycin_vs_control,not_regulated,b1477,b1477,1245.2978157409864,1.068101081289127,2.096671847545517,0.0036866944038076084,0.008896325873565786,2.1904502872057185,BH_from_pvalue
aminoglycoside,kanamycin,kanamycin_vs_control,not_regulated,b4712,b4712,28.93197813012249,-1.3564324272909216,0.39054686168131797,0.014453928234234383,0.024286054986024003,2.1901541590096687,BH_from_pvalue
aminoglycoside,kanamycin,kanamycin_vs_control,not_regulated,b2874,b2874,172.9044336409252,0.647197257961678,1.566122711953632,1.311797313125258e-05,0.00041761151317182293,2.1870267958032037,BH_from_pvalue
aminoglycoside,kanamycin,kanamycin_vs_control,not_regulated,b2788,b2788,73.92338435791535,0.9888314045858078,1.9845768153233319,0.002167954160252253,0.0061697754762972705,2.185051052554655,BH_from_pvalue
aminoglycoside,kanamycin,kanamycin_vs_control,not_regulated,b2834,b2834,1089.9041508883952,-0.9934213968261911,0.5022851762949996,0.002302198091177751,0.006418887430518478,2.178116388384238,BH_from_pvalue
aminoglycoside,kanamycin,kanamycin_vs_control,not_regulated,b1357,b1357,14.542726722650185,1.1230253810226842,2.1780323479884833,0.005399254279584428,0.011558388446368889,2.1754155136430273,BH_from_pvalue
aminoglycoside,kanamycin,kanamycin_vs_control,not_regulated,b1696,b1696,56.87804189957612,1.3834801554913678,2.60896963920422,0.01633352364812151,0.026825958573131622,2.174062627659005,BH_from_pvalue
aminoglycoside,kanamycin,kanamycin_vs_control,not_regulated,b3347,b3347,1748.7700002446943,-0.9501578409718601,0.5175758323910731,0.001626409740071942,0.005158923713119046,2.1734299013359646,BH_from_pvalue
aminoglycoside,kanamycin,kanamycin_vs_control,not_regulated,b2539,b2539,38.240254523380656,1.6224270869832855,3.078925772560368,0.03163570568395716,0.04583652944613424,2.172086357512303,BH_from_pvalue
aminoglycoside,kanamycin,kanamycin_vs_control,not_regulated,b0368,b0368,64.88777294701106,1.1033821341379682,2.148577972896992,0.004882627038863242,0.010755169647799639,2.171878342760148,BH_from_pvalue
aminoglycoside,kanamycin,kanamycin_vs_control,not_regulated,b0521,b0521,62.895694712204154,1.3341279626638407,2.5212303987197786,0.014019799479827564,0.023636078733232528,2.1698585007065536,BH_from_pvalue
aminoglycoside,kanamycin,kanamycin_vs_control,not_regulated,b3689,b3689,253.00186079586032,-0.874455930009371,0.5454595315648231,0.0008306878810352112,0.0033065788397313098,2.1691938465890246,BH_from_pvalue
aminoglycoside,kanamycin,kanamycin_vs_control,not_regulated,b0952,b0952,255.30867845384458,-0.9075666148206123,0.5330834821098536,0.0011456393316909268,0.004083269186961797,2.1681693718743777,BH_from_pvalue
aminoglycoside,kanamycin,kanamycin_vs_control,not_regulated,b0783,b0783,170.2988596087022,-1.22877611925085,0.42667925699150316,0.009371580530346157,0.01733992975133567,2.1638165834788614,BH_from_pvalue
aminoglycoside,kanamycin,kanamycin_vs_control,not_regulated,b0994,b0994,191.64451052400742,1.0127683694219654,2.017779278981194,0.0027598814565235837,0.007332514348164843,2.162004317846083,BH_from_pvalue
aminoglycoside,kanamycin,kanamycin_vs_control,not_regulated,b3310,b3310,8970.843096084738,-0.9147904587883016,0.5304209049601423,0.0012524506914086816,0.0043417314558747006,2.1610433864347884,BH_from_pvalue
aminoglycoside,kanamycin,kanamycin_vs_control,not_regulated,b4304,b4304,132.23799534652161,-1.0877362161797066,0.47049907241900785,0.004602798581153016,0.010310452200212284,2.161029782872078,BH_from_pvalue
aminoglycoside,kanamycin,kanamycin_vs_control,not_regulated,b2022,b2022,369.23302483370867,-1.228010612103569,0.42690571697248697,0.009418926499860305,0.017406052340333465,2.1604387197432833,BH_from_pvalue
aminoglycoside,kanamycin,kanamycin_vs_control,not_regulated,b1906,b1906,71.88781589155691,-1.2646615266851668,0.4161970006397629,0.011097077062576167,0.01968243400136735,2.1574129043258923,BH_from_pvalue
aminoglycoside,kanamycin,kanamycin_vs_control,not_regulated,b2627,b2627,421.5395115695639,-0.9329631093088793,0.5237814568259177,0.001500142589365035,0.004872800022086763,2.1572172775191745,BH_from_pvalue
aminoglycoside,kanamycin,kanamycin_vs_control,not_regulated,b2479,b2479,469.7354818776475,-1.2472356134719025,0.42125461201497266,0.010543540648776687,0.018932074186905207,2.1487397628840506,BH_from_pvalue
aminoglycoside,kanamycin,kanamycin_vs_control,not_regulated,b4048,b4048,9.65432031078708,1.332302040469953,2.518041465213957,0.014591983970702988,0.0244905760821724,2.1463399181896667,BH_from_pvalue
aminoglycoside,kanamycin,kanamycin_vs_control,not_regulated,b0915,b0915,834.9341438646857,1.2431999330692278,2.367230078722907,0.01044771054518071,0.018827645044961074,2.1447734948235206,BH_from_pvalue
aminoglycoside,kanamycin,kanamycin_vs_control,not_regulated,b1135,b1135,156.6219062921271,-1.239961615565929,0.42338392061036084,0.01036198751754616,0.018733207336785622,2.141894641762962,BH_from_pvalue
aminoglycoside,kanamycin,kanamycin_vs_control,not_regulated,b2469,b2469,626.6462227588574,0.9889903446060213,1.9847954658669633,0.002533409617852472,0.006848122873257463,2.1405988444565383,BH_from_pvalue
aminoglycoside,kanamycin,kanamycin_vs_control,not_regulated,b2179,b2179,114.39913982820453,-1.1826154674612992,0.440552095133911,0.008062620602551522,0.01549814849157126,2.1402030794132227,BH_from_pvalue
aminoglycoside,kanamycin,kanamycin_vs_control,not_regulated,b1223,b1223,1927.226781040494,-3.405276084044833,0.09438647242480473,0.2023858000962408,0.23534936112535965,2.139490614252813,BH_from_pvalue
aminoglycoside,kanamycin,kanamycin_vs_control,not_regulated,b3587,b3587,10.533012844579055,-1.4546229450563648,0.3648504289277209,0.02182353219837191,0.03390235566513296,2.1379613467788854,BH_from_pvalue
aminoglycoside,kanamycin,kanamycin_vs_control,not_regulated,b4516,b4516,2.138755154919353,2.157376622603809,4.461029296454089,0.08058528586359312,0.10210496220125122,2.137859162307513,BH_from_pvalue
aminoglycoside,kanamycin,kanamycin_vs_control,not_regulated,b3251,b3251,3261.1773315060213,0.9944080567911371,1.9922629249533639,0.0026534725534273825,0.007100130603995458,2.136718065926382,BH_from_pvalue
aminoglycoside,kanamycin,kanamycin_vs_control,not_regulated,b3032,b3032,2505.2326488037575,-1.1701371287680757,0.4443791001561825,0.007659142203391105,0.014965604531213376,2.135389957342415,BH_from_pvalue
aminoglycoside,kanamycin,kanamycin_vs_control,not_regulated,b2387,b2387,10.31517102787823,1.536277065207567,2.9004506350225756,0.02745629989561476,0.04082592956379345,2.133987039402621,BH_from_pvalue
aminoglycoside,kanamycin,kanamycin_vs_control,not_regulated,b4029,b4029,169.15868039707382,1.2691693181260417,2.4102274834289257,0.011892914683627177,0.020839240454598767,2.133623530665596,BH_from_pvalue
aminoglycoside,kanamycin,kanamycin_vs_control,not_regulated,b3672,b3672,79.97939181027965,-1.232678368101527,0.4255267203590501,0.010406311258247748,0.018783141267896618,2.1278885675651096,BH_from_pvalue
aminoglycoside,kanamycin,kanamycin_vs_control,not_regulated,b2003,b2003,1.6938119622200138,1.574207990552712,2.9777197714876102,0.030568486771044612,0.04458399918811889,2.126473177154104,BH_from_pvalue
aminoglycoside,kanamycin,kanamycin_vs_control,not_regulated,b4130,b4130,87.63116219572457,1.296633340233634,2.45654955148589,0.013506362386731186,0.022942453933352293,2.1256490033497775,BH_from_pvalue
aminoglycoside,kanamycin,kanamycin_vs_control,not_regulated,b2398,b2398,250.91949238034488,-0.9774000359221793,0.5078942211447917,0.0024674353682569675,0.006718235040205714,2.123640851686455,BH_from_pvalue
aminoglycoside,kanamycin,kanamycin_vs_control,not_regulated,b2900,b2900,154.0461572791295,-0.8884603183296482,0.5401903158857697,0.0011539156105877526,0.004099772840777023,2.1209681932609055,BH_from_pvalue
aminoglycoside,kanamycin,kanamycin_vs_control,not_regulated,b3328,b3328,3.8777205860306174,2.1811560041888813,4.5351680298414365,0.08479417452683446,0.10683590952988835,2.1185191983125256,BH_from_pvalue
aminoglycoside,kanamycin,kanamycin_vs_control,not_regulated,b0231,b0231,654.5995919871001,0.7271782165071432,1.6553981113012142,0.0001528835180017901,0.001244479334294695,2.112461671133972,BH_from_pvalue
aminoglycoside,kanamycin,kanamycin_vs_control,not_regulated,b2045,b2045,47.57642976568301,1.0713010432547394,2.1013275205815867,0.004840858178909763,0.010690926888574709,2.1115179015295795,BH_from_pvalue
aminoglycoside,kanamycin,kanamycin_vs_control,not_regulated,b2940,b2940,5.579528861825776,1.9953712713161331,3.987187004588659,0.06790772037346528,0.08774746516513841,2.1086393606080978,BH_from_pvalue
aminoglycoside,kanamycin,kanamycin_vs_control,not_regulated,b1332,b1332,2522.6642252944835,1.1334237520493815,2.1937874473703176,0.006906264388368615,0.013855654424122225,2.106324049622153,BH_from_pvalue
aminoglycoside,kanamycin,kanamycin_vs_control,not_regulated,b1343,b1343,576.4572444205467,-1.051433749405314,0.4824884294303499,0.004373927868428821,0.009966528648527272,2.104398471027509,BH_from_pvalue
aminoglycoside,kanamycin,kanamycin_vs_control,not_regulated,b0709,b0709,100.56128351081658,1.4701587318511429,2.770523745040307,0.024356952745839364,0.03707409070123527,2.1036934871877624,BH_from_pvalue
aminoglycoside,kanamycin,kanamycin_vs_control,not_regulated,b2737,b2737,128.37711255088496,1.4215532838420746,2.6787376319858995,0.021227711539807338,0.033188128782083215,2.1025018049361477,BH_from_pvalue
aminoglycoside,kanamycin,kanamycin_vs_control,not_regulated,b2607,b2607,8625.654737237122,-1.4495387661754098,0.3661384608138129,0.02304982890993262,0.03545763694831632,2.1022518831223795,BH_from_pvalue
aminoglycoside,kanamycin,kanamycin_vs_control,not_regulated,b3187,b3187,1815.6539195323228,-0.759733423520581,0.590605450779965,0.0002732978241552293,0.001719291766503806,2.1003973258451936,BH_from_pvalue
aminoglycoside,kanamycin,kanamycin_vs_control,not_regulated,b1053,b1053,379.8536060736724,0.8571201800695434,1.811418855427217,0.0009321441128170068,0.0035532069656363527,2.0994125939673,BH_from_pvalue
aminoglycoside,kanamycin,kanamycin_vs_control,not_regulated,b1891,b1891,90.48667249594797,1.0853589809875723,2.121903403188776,0.005500776824207852,0.011709651753566927,2.0963231384547134,BH_from_pvalue
aminoglycoside,kanamycin,kanamycin_vs_control,not_regulated,b2623,b2623,20.11256144655842,0.9670431702876425,1.954830027035256,0.0025187393180119365,0.006820764269968507,2.0947769640884735,BH_from_pvalue
aminoglycoside,kanamycin,kanamycin_vs_control,not_regulated,b1090,b1090,1995.4345217137645,0.7390122968262212,1.669032788268561,0.0002035779696339961,0.0014674920992946555,2.09393534679102,BH_from_pvalue
aminoglycoside,kanamycin,kanamycin_vs_control,not_regulated,b4254,b4254,26.406129324078975,1.9561993895622654,3.8803838978602965,0.0657454167709381,0.08532108616147709,2.0910668657160287,BH_from_pvalue
aminoglycoside,kanamycin,kanamycin_vs_control,not_regulated,b0125,b0125,676.3702041926689,-0.8688402490814617,0.547586866825761,0.0010901160478955865,0.003938427295931204,2.089280308974927,BH_from_pvalue
aminoglycoside,kanamycin,kanamycin_vs_control,not_regulated,b1608,b1608,179.99898918250597,0.9044819402396573,1.8718722004685788,0.0015132555396410465,0.0049039073611710565,2.0888628199200534,BH_from_pvalue
aminoglycoside,kanamycin,kanamycin_vs_control,not_regulated,b3637,b3637,1854.6259580154392,-1.0433079720125722,0.48521364530456784,0.004398617875910708,0.010011320876954844,2.086103281947226,BH_from_pvalue
aminoglycoside,kanamycin,kanamycin_vs_control,not_regulated,b3547,b3547,140.97707510118659,-0.9842811247836263,0.5054775330460183,0.0029514683390460296,0.007660533519347398,2.0824839142917453,BH_from_pvalue
aminoglycoside,kanamycin,kanamycin_vs_control,not_regulated,b1667,b1667,1108.8107377242936,-1.0637437987025269,0.47838902631728925,0.005135497718480416,0.011132302423161928,2.0779330968139234,BH_from_pvalue
aminoglycoside,kanamycin,kanamycin_vs_control,not_regulated,b0032,b0032,309.4696564273972,1.3371647626422645,2.52654305046082,0.017155089575134525,0.02792746757472135,2.0779118452463448,BH_from_pvalue
aminoglycoside,kanamycin,kanamycin_vs_control,not_regulated,b1285,b1285,542.1461995630001,-1.2375919970766773,0.4240798977311422,0.012099539568286384,0.0211026479170811,2.073787176640746,BH_from_pvalue
aminoglycoside,kanamycin,kanamycin_vs_control,not_regulated,b0884,b0884,1109.7903905465878,-1.0034795494278175,0.4987955331367119,0.0034937738688650844,0.008610956088852137,2.072133716234755,BH_from_pvalue
aminoglycoside,kanamycin,kanamycin_vs_control,not_regulated,b2075,b2075,587.0647492068498,0.9325888805957039,1.9086980362402794,0.0020804032315521067,0.006006196235893053,2.0716533893584357,BH_from_pvalue
aminoglycoside,kanamycin,kanamycin_vs_control,not_regulated,b1820,b1820,50.64189971482413,-1.430791327748814,0.37092738073284115,0.023239043967400015,0.035712066882598315,2.0706197672763724,BH_from_pvalue
aminoglycoside,kanamycin,kanamycin_vs_control,not_regulated,b3976,b3976,4.804463880556433,1.9575530102601693,3.88402640907354,0.06798826637058801,0.0878010973686204,2.0681548651520374,BH_from_pvalue
aminoglycoside,kanamycin,kanamycin_vs_control,not_regulated,b1710,b1710,306.48518781511797,-0.8746908094323675,0.5453707347034974,0.0012538704226725736,0.0043417314558747006,2.066314499391325,BH_from_pvalue
aminoglycoside,kanamycin,kanamycin_vs_control,not_regulated,b0439,b0439,4933.062652318188,-0.9055129955712236,0.533842845666369,0.001670890852088765,0.0052350614064612605,2.065545971896381,BH_from_pvalue
aminoglycoside,kanamycin,kanamycin_vs_control,not_regulated,b1866,b1866,3338.3237609868916,-0.8416558701821462,0.5580027471425104,0.0009159445939457023,0.003521298105613478,2.064831995510438,BH_from_pvalue
aminoglycoside,kanamycin,kanamycin_vs_control,not_regulated,b0833,b0833,56.82646069846146,1.4462373976475993,2.724964429402638,0.024644337162404044,0.03738624909156607,2.0641974343778378,BH_from_pvalue
aminoglycoside,kanamycin,kanamycin_vs_control,not_regulated,b2103,b2103,418.30811862269724,1.3118127325946274,2.4825327197726965,0.016277368310444375,0.026750311531011622,2.06305004645505,BH_from_pvalue
aminoglycoside,kanamycin,kanamycin_vs_control,not_regulated,b2491,b2491,61.40725607169569,1.1224083732744585,2.177101052414752,0.007369983010360495,0.014526811385013806,2.062795446490361,BH_from_pvalue
aminoglycoside,kanamycin,kanamycin_vs_control,not_regulated,b1994,b1994,0.9524444903760217,1.49526099203605,2.8191514652716845,0.028577857617320252,0.04210389897238994,2.0569971801025613,BH_from_pvalue
aminoglycoside,kanamycin,kanamycin_vs_control,not_regulated,b2356,b2356,0.9524444903760217,1.49526099203605,2.8191514652716845,0.028577857617320252,0.04210389897238994,2.0569971801025613,BH_from_pvalue
aminoglycoside,kanamycin,kanamycin_vs_control,not_regulated,b1074,b1074,3.7365781191483354,1.8058832356185475,3.496431486850553,0.05491546498838424,0.07271408934876429,2.055783941070148,BH_from_pvalue
aminoglycoside,kanamycin,kanamycin_vs_control,not_regulated,b0336,b0336,121.47181836709802,1.0198428292346549,2.0276980451075337,0.004145616705457099,0.009657299674390558,2.055130455917311,BH_from_pvalue
aminoglycoside,kanamycin,kanamycin_vs_control,not_regulated,b0148,b0148,1723.354946345036,0.8257056167672943,1.7724017013126234,0.0008063829018907536,0.003261141139141226,2.053224692173327,BH_from_pvalue
aminoglycoside,kanamycin,kanamycin_vs_control,not_regulated,b4402,b4402,42.99711782528036,-1.4575858411774298,0.3641018960791778,0.026369183493642506,0.03948355105006791,2.0458438663606784,BH_from_pvalue
aminoglycoside,kanamycin,kanamycin_vs_control,not_regulated,b3014,b3014,19.049938299436494,1.2296846483937207,2.3451572260622164,0.012571025260863056,0.02178165674756026,2.043624095236043,BH_from_pvalue
aminoglycoside,kanamycin,kanamycin_vs_control,not_regulated,b1226,b1226,556.9391660590069,-2.7136793058585313,0.15244076878380494,0.1473662607249243,0.1770873153190854,2.040178147978169,BH_from_pvalue
aminoglycoside,kanamycin,kanamycin_vs_control,not_regulated,b0601,b0601,29.336495772472187,1.3429892032553594,2.5367638141173567,0.018902766362959816,0.03026865186920372,2.0400098953619445,BH_from_pvalue
aminoglycoside,kanamycin,kanamycin_vs_control,not_regulated,b2845,b2845,139.19275168483782,-0.7275641457542648,0.6039227199680127,0.00023460554493521678,0.001588331813056724,2.036494799587082,BH_from_pvalue
aminoglycoside,kanamycin,kanamycin_vs_control,not_regulated,b0982,b0982,13.2955161311585,1.3143302757567983,2.486868590750311,0.01753029639803006,0.028353568212275877,2.0337845203179716,BH_from_pvalue
aminoglycoside,kanamycin,kanamycin_vs_control,not_regulated,b3728,b3728,500.21284686208054,1.5979093021426056,3.027043278935955,0.03834046118705205,0.05364086918176054,2.0301504693265073,BH_from_pvalue
aminoglycoside,kanamycin,kanamycin_vs_control,not_regulated,b3355,b3355,326.71090904322466,-0.7427877061090564,0.5975835309203994,0.0003243726823856426,0.0018610055170543629,2.027997872264859,BH_from_pvalue
aminoglycoside,kanamycin,kanamycin_vs_control,not_regulated,b3201,b3201,778.2490911351332,-0.8003495551523354,0.5742100334740997,0.000689688525150095,0.0029516831456946977,2.024828561801365,BH_from_pvalue
aminoglycoside,kanamycin,kanamycin_vs_control,not_regulated,b1892,b1892,55.526750007015465,0.9614574824727438,1.9472761369171798,0.0030618334593261083,0.007847712326804786,2.024115023306541,BH_from_pvalue
aminoglycoside,kanamycin,kanamycin_vs_control,not_regulated,b0934,b0934,17.355497166470446,1.8577461773441342,3.624410031107499,0.06246741665863748,0.08151390778373989,2.02265512179188,BH_from_pvalue
aminoglycoside,kanamycin,kanamycin_vs_control,not_regulated,b4253,b4253,62.951829678686614,1.183604707896098,2.2714360807947114,0.011034695462538931,0.01963091647293706,2.020483571862505,BH_from_pvalue
aminoglycoside,kanamycin,kanamycin_vs_control,not_regulated,b1917,b1917,346.2008130329541,-1.0051682266680482,0.49821203359372673,0.004237595222872058,0.00978978084873062,2.0196111708007023,BH_from_pvalue
aminoglycoside,kanamycin,kanamycin_vs_control,not_regulated,b3446,b3446,47.91693306081233,1.1959856286396482,2.291012973993625,0.01172342017917866,0.020582335661961597,2.0170361534412335,BH_from_pvalue
aminoglycoside,kanamycin,kanamycin_vs_control,not_regulated,b4437,b4437,72.15025134916196,1.3355845003341056,2.5237771056274845,0.019491131839352475,0.030924554149350063,2.0163273164436237,BH_from_pvalue
aminoglycoside,kanamycin,kanamycin_vs_control,not_regulated,b0210,b0210,240.90564591128376,1.013138186055711,2.018296577487221,0.004568185293897541,0.010273848725975568,2.014389052778775,BH_from_pvalue
aminoglycoside,kanamycin,kanamycin_vs_control,not_regulated,b2638,b2638,8.700939578166,1.8222828187198818,3.5364033151254826,0.059825858564048706,0.0784538518428837,2.014325422069456,BH_from_pvalue
aminoglycoside,kanamycin,kanamycin_vs_control,not_regulated,b1434,b1434,64.92809038510826,1.074744730869952,2.106349343425226,0.006597964237406433,0.013392438240006377,2.013147718896586,BH_from_pvalue
aminoglycoside,kanamycin,kanamycin_vs_control,not_regulated,b4357,b4357,220.31295697904162,-1.0915905720487613,0.46924374783634887,0.007268979101664023,0.01439712373372293,2.010408841650396,BH_from_pvalue
aminoglycoside,kanamycin,kanamycin_vs_control,not_regulated,b4032,b4032,203.27182809315931,-1.518675532526899,0.349006174989565,0.03303131726593083,0.04748317835160015,2.0099066523338767,BH_from_pvalue
aminoglycoside,kanamycin,kanamycin_vs_control,not_regulated,b3553,b3553,630.2064503881244,-1.0378537295531949,0.4870515124346958,0.005420854501001385,0.01158888001212178,2.009241784430196,BH_from_pvalue
aminoglycoside,kanamycin,kanamycin_vs_control,not_regulated,b2436,b2436,483.4714435644867,0.8638290376829492,1.8198619780118184,0.001424813969851768,0.004728714971467127,2.0086243981380063,BH_from_pvalue
aminoglycoside,kanamycin,kanamycin_vs_control,not_regulated,b0782,b0782,268.60477126842846,-1.1526726812421497,0.4497911931576026,0.009919062147360236,0.01811447078312072,2.007926244001115,BH_from_pvalue
aminoglycoside,kanamycin,kanamycin_vs_control,not_regulated,b3090,b3090,52.216505012496334,0.8111225024787396,1.7545760761389708,0.0008520973486401628,0.003357896026485323,2.0066625275527596,BH_from_pvalue
aminoglycoside,kanamycin,kanamycin_vs_control,not_regulated,b4170,b4170,1661.6574784312306,-0.7868641918566759,0.5796025342871673,0.0006479568314866792,0.0028241374302588017,2.0058066638041625,BH_from_pvalue
aminoglycoside,kanamycin,kanamycin_vs_control,not_regulated,b3879,b3879,9.435454070674036,1.5314875875078027,2.8908376468933015,0.03453427419305619,0.04934559918942368,2.0012738142290303,BH_from_pvalue
aminoglycoside,kanamycin,kanamycin_vs_control,not_regulated,b2993,b2993,180.9794873001573,0.9768817109326866,1.968206660775641,0.0037311299809917784,0.008960289724773635,2.0003391367919687,BH_from_pvalue
aminoglycoside,kanamycin,kanamycin_vs_control,not_regulated,b0628,b0628,1365.0976716780444,-0.9815505869561605,0.5064351384041708,0.0038532186488687207,0.009170252636302384,2.000025830535264,BH_from_pvalue
aminoglycoside,kanamycin,kanamycin_vs_control,not_regulated,b0795,b0795,334.63943337863833,0.9760147422237315,1.9670242480476923,0.0037197655320725205,0.008942546960589095,1.9994040400577002,BH_from_pvalue
aminoglycoside,kanamycin,kanamycin_vs_control,not_regulated,b1555,b1555,4.679953481824121,1.925012044231472,3.7974001859807225,0.07137015679432372,0.09151167766843446,1.999170212467467,BH_from_pvalue
aminoglycoside,kanamycin,kanamycin_vs_control,not_regulated,b1143,b1143,75.8752788154035,-1.415238034520934,0.3749478784584208,0.02626365137405904,0.03936484634472428,1.988255799450754,BH_from_pvalue
aminoglycoside,kanamycin,kanamycin_vs_control,not_regulated,b4033,b4033,186.21985421146096,-1.6949260345638022,0.30887049433665825,0.04995890626219414,0.06715934260829326,1.9879678367531528,BH_from_pvalue
aminoglycoside,kanamycin,kanamycin_vs_control,not_regulated,b4565,b4565,7.330629167309419,-1.5345198684337125,0.34519420050052074,0.035762693709622866,0.05068071717261615,1.9874445300035857,BH_from_pvalue
aminoglycoside,kanamycin,kanamycin_vs_control,not_regulated,b4134,b4134,2.672390643676932,-1.2794716612553636,0.4119463425655491,0.017210121691895716,0.028006920177332462,1.9866799775052746,BH_from_pvalue
aminoglycoside,kanamycin,kanamycin_vs_control,not_regulated,b2721,b2721,53.45426999593781,1.3899319514616302,2.6206631942705725,0.024587802006830792,0.037363491022542196,1.9842009053200418,BH_from_pvalue
aminoglycoside,kanamycin,kanamycin_vs_control,not_regulated,b0311,b0311,697.4447958048977,1.4249448821347102,2.6850424221112204,0.027235847012881984,0.04056517876289509,1.9833046976942366,BH_from_pvalue
aminoglycoside,kanamycin,kanamycin_vs_control,not_regulated,b2844,b2844,931.479621575371,1.0262361791903665,2.0367037947846844,0.005489708988316184,0.011697162969893983,1.9826056443879594,BH_from_pvalue
aminoglycoside,kanamycin,kanamycin_vs_control,not_regulated,b4201,b4201,528.2608662307181,-1.1037877241361418,0.46529328633239647,0.008418816617193106,0.01599824129452243,1.982323011858264,BH_from_pvalue
aminoglycoside,kanamycin,kanamycin_vs_control,not_regulated,b1008,b1008,7.780353371125494,1.7078524224131286,3.266741782569359,0.05184192757746385,0.0692765865250839,1.9801071878841792,BH_from_pvalue
aminoglycoside,kanamycin,kanamycin_vs_control,not_regulated,b1978,b1978,614.1482035563666,0.7734172286558323,1.709313745321462,0.0006220812825069957,0.002754999740784683,1.9798540869620727,BH_from_pvalue
aminoglycoside,kanamycin,kanamycin_vs_control,not_regulated,b3412,b3412,434.37197752267343,0.8977687336057105,1.8631821634960322,0.0022226997850137422,0.006274699816184457,1.9772521847051239,BH_from_pvalue
aminoglycoside,kanamycin,kanamycin_vs_control,not_regulated,b4117,b4117,139.85450325979158,1.0191291131866898,2.0266951701542473,0.005371389918176387,0.011532463891149113,1.9751516079673497,BH_from_pvalue
aminoglycoside,kanamycin,kanamycin_vs_control,not_regulated,b1524,b1524,220.64672504270416,1.2740040239013712,2.4183180967234805,0.017390660383674872,0.028198698776412966,1.9744144030531663,BH_from_pvalue
aminoglycoside,kanamycin,kanamycin_vs_control,not_regulated,b3810,b3810,432.1670337956459,-0.863349332542958,0.5496749608695459,0.0016339095701459283,0.005171938948991123,1.9739158199596085,BH_from_pvalue
aminoglycoside,kanamycin,kanamycin_vs_control,not_regulated,b2736,b2736,68.98707811757497,1.3695342345228472,2.5838713391751376,0.023716778503681674,0.03629740378004769,1.972299718912689,BH_from_pvalue
aminoglycoside,kanamycin,kanamycin_vs_control,not_regulated,b1960,b1960,135.2056076098857,1.485699456363232,2.800529172035902,0.032733919650355145,0.04716116931047323,1.9706546915512877,BH_from_pvalue
aminoglycoside,kanamycin,kanamycin_vs_control,not_regulated,b4203,b4203,3726.1248957773028,-1.050778985125886,0.48270745554445343,0.006620560257237363,0.013420135212732607,1.9673137134275316,BH_from_pvalue
aminoglycoside,kanamycin,kanamycin_vs_control,not_regulated,b0405,b0405,390.422971301416,1.0639006999943916,2.0905763020970283,0.007140715379763446,0.01419935357125375,1.965802758076588,BH_from_pvalue
aminoglycoside,kanamycin,kanamycin_vs_control,not_regulated,b1107,b1107,634.7780205424833,-0.9935244134062593,0.5022493115749708,0.004727424806208435,0.010505907499172698,1.9657540490949041,BH_from_pvalue
aminoglycoside,kanamycin,kanamycin_vs_control,not_regulated,b0167,b0167,736.6197554475003,-0.7857019972264094,0.5800696339359824,0.0007650495092880414,0.0031512753596864562,1.965444268021937,BH_from_pvalue
aminoglycoside,kanamycin,kanamycin_vs_control,not_regulated,b0409,b0409,1859.5710704930343,-0.7235315173739778,0.6056131692451566,0.0003408574956411427,0.0019258075293576552,1.9646681629449698,BH_from_pvalue
aminoglycoside,kanamycin,kanamycin_vs_control,not_regulated,b4159,b4159,816.2092016586747,-0.8430347174495108,0.557469694083224,0.0014101669434715,0.0046918619674379694,1.9631368186993283,BH_from_pvalue
aminoglycoside,kanamycin,kanamycin_vs_control,not_regulated,b2468,b2468,242.38537533281325,1.10426295518885,2.149890163275404,0.008973260606953548,0.016790187260373037,1.960005414876476,BH_from_pvalue
aminoglycoside,kanamycin,kanamycin_vs_control,not_regulated,b3350,b3350,504.16613903169656,1.3581834469905445,2.563621806886366,0.023577137687540568,0.03612326922679084,1.9587897585457164,BH_from_pvalue
aminoglycoside,kanamycin,kanamycin_vs_control,not_regulated,b4477,b4477,50.459480599553416,-1.044675628185419,0.48475388702367544,0.006572679974646272,0.013365241648263531,1.9577463476474968,BH_from_pvalue
aminoglycoside,kanamycin,kanamycin_vs_control,not_regulated,b2189,b2189,6.597833587357134,1.1823364063423942,2.269440094195405,0.012897124207114483,0.022171225993467943,1.9558330510464774,BH_from_pvalue
aminoglycoside,kanamycin,kanamycin_vs_control,not_regulated,b4095,b4095,17.141611185840766,1.2032724674508564,2.302613813342385,0.014080893975098353,0.02372420500319726,1.9550871305890314,BH_from_pvalue
aminoglycoside,kanamycin,kanamycin_vs_control,not_regulated,b0759,b0759,857.5558216286305,-1.184170238439032,0.4400775744344368,0.01304659865125958,0.022398320890597553,1.953625749387352,BH_from_pvalue
aminoglycoside,kanamycin,kanamycin_vs_control,not_regulated,b0386,b0386,595.8365074208641,-0.7986608302412801,0.5748825598954741,0.0009633357072385451,0.003626011724819227,1.9491882981431263,BH_from_pvalue
aminoglycoside,kanamycin,kanamycin_vs_control,not_regulated,b0602,b0602,16.855604804453165,1.452007637892328,2.735885092044442,0.031449744373318704,0.04560314319509591,1.9471498256273359,BH_from_pvalue
aminoglycoside,kanamycin,kanamycin_vs_control,not_regulated,b0416,b0416,703.8486426807514,-0.8702510547859941,0.5470516455590217,0.0019873355104394063,0.005836377996174915,1.944016052427056,BH_from_pvalue
aminoglycoside,kanamycin,kanamycin_vs_control,not_regulated,b3764,b3764,316.7678472066131,-0.8809012614257847,0.5430280919298347,0.0021946693984439647,0.0062242263267345225,1.9431929747174836,BH_from_pvalue
aminoglycoside,kanamycin,kanamycin_vs_control,not_regulated,b0738,b0738,255.66212127300378,0.7676337375008897,1.702475146762769,0.0006872269331357779,0.0029439492811854564,1.942934475541498,BH_from_pvalue
aminoglycoside,kanamycin,kanamycin_vs_control,not_regulated,b1469,b1469,113.91423288491109,-0.9124775386963657,0.5312719546105574,0.0028257897009881018,0.007428639436028335,1.9427474603002222,BH_from_pvalue
aminoglycoside,kanamycin,kanamycin_vs_control,not_regulated,b3207,b3207,5735.332787496958,-1.0873203626200176,0.47063471225303277,0.008683025962231397,0.016383417620420348,1.9415143446487826,BH_from_pvalue
aminoglycoside,kanamycin,kanamycin_vs_control,not_regulated,b2156,b2156,1005.3161613539231,-1.1299165916514564,0.4569421421236066,0.010740624657011904,0.01918638987579013,1.940074397541429,BH_from_pvalue
aminoglycoside,kanamycin,kanamycin_vs_control,not_regulated,b2632,b2632,70.275964753255,1.4223033764385056,2.6801307356160193,0.029580657156425175,0.0432976882165963,1.9393608485838165,BH_from_pvalue
aminoglycoside,kanamycin,kanamycin_vs_control,not_regulated,b1491,b1491,400.01845781326483,-0.8179962277550512,0.567229225612178,0.00122371044904376,0.0042734857141295286,1.9380111769206994,BH_from_pvalue
aminoglycoside,kanamycin,kanamycin_vs_control,not_regulated,b4361,b4361,324.1247397754472,-0.9095104889802164,0.5323656939600018,0.002901151847338569,0.007585319028369469,1.9281860191079436,BH_from_pvalue
aminoglycoside,kanamycin,kanamycin_vs_control,not_regulated,b0122,b0122,175.7925521205212,-1.1356505518117608,0.4551296397485258,0.011405752287750657,0.020126745308082564,1.926320502925466,BH_from_pvalue
aminoglycoside,kanamycin,kanamycin_vs_control,not_regulated,b3501,b3501,415.54984467649115,0.7508086274764878,1.6827357360058108,0.0006118384626139887,0.0027402968556790616,1.9237236579641264,BH_from_pvalue
aminoglycoside,kanamycin,kanamycin_vs_control,not_regulated,b0875,b0875,244.4573287748451,1.0810455846540163,2.11556877154159,0.008894348024379233,0.016662547860748767,1.9223785972314562,BH_from_pvalue
aminoglycoside,kanamycin,kanamycin_vs_control,not_regulated,b0918,b0918,1160.2137721575193,-1.0215810747693883,0.4925762334144204,0.006540304653399879,0.013317469593025195,1.9160552813694247,BH_from_pvalue
aminoglycoside,kanamycin,kanamycin_vs_control,not_regulated,b4386,b4386,253.48589411740102,-0.8141075677000673,0.5687602054532954,0.0012966468164776306,0.004452150672149911,1.914317077146384,BH_from_pvalue
aminoglycoside,kanamycin,kanamycin_vs_control,not_regulated,b4554,b4554,2135.910685232837,-1.0533856013341882,0.4818361022382712,0.007863411356489365,0.015238959190645914,1.9140487176057601,BH_from_pvalue
aminoglycoside,kanamycin,kanamycin_vs_control,not_regulated,b0832,b0832,102.17146228722947,-1.3014976180473878,0.40570482960922194,0.021827750557186536,0.03390235566513296,1.9129023158659746,BH_from_pvalue
aminoglycoside,kanamycin,kanamycin_vs_control,not_regulated,b0287,b0287,199.94091633266035,1.1629733600701835,2.239184429507934,0.013315524850248199,0.022712639657344103,1.9116169797824034,BH_from_pvalue
aminoglycoside,kanamycin,kanamycin_vs_control,not_regulated,b0595,b0595,134.13466892049465,-1.5974637867220842,0.3304574012550214,0.04697689909127821,0.06381820963834775,1.9090576985993695,BH_from_pvalue
aminoglycoside,kanamycin,kanamycin_vs_control,not_regulated,b4284,b4284,4.503450739804507,1.9225474086543304,3.790918415780518,0.08091081343823726,0.10240203681631717,1.9027286460275599,BH_from_pvalue
aminoglycoside,kanamycin,kanamycin_vs_control,not_regulated,b4551,b4551,36.65047650863382,-0.9525117849900493,0.5167320288865644,0.0044653863694464925,0.010121894340603078,1.9000116439198558,BH_from_pvalue
aminoglycoside,kanamycin,kanamycin_vs_control,not_regulated,b4553,b4553,73.3360506630991,1.4723317179328017,2.7746998498552022,0.036256220166948655,0.051243978188719536,1.8998337775632135,BH_from_pvalue
aminoglycoside,kanamycin,kanamycin_vs_control,not_regulated,b1026,b1026,4.638058037591794,1.4709147045157476,2.7719758807987627,0.03615136271596377,0.051118776955801644,1.8995679991075194,BH_from_pvalue
aminoglycoside,kanamycin,kanamycin_vs_control,not_regulated,b2070,b2070,280.2278512414132,1.063443200410343,2.089913455045233,0.008722209735529486,0.0164152717114693,1.8979822982916517,BH_from_pvalue
aminoglycoside,kanamycin,kanamycin_vs_control,not_regulated,b0251,b0251,4.767917693360029,2.202991909700086,4.60433214520954,0.1119367363326556,0.1375644179352524,1.8978640591058002,BH_from_pvalue
aminoglycoside,kanamycin,kanamycin_vs_control,not_regulated,b4291,b4291,855.7449692581614,-1.8173493863801902,0.2837418017083351,0.07030806609837423,0.09030430648500493,1.8978425863339987,BH_from_pvalue
aminoglycoside,kanamycin,kanamycin_vs_control,not_regulated,b1322,b1322,381.08824042293753,-0.9533787549839925,0.5164215983584164,0.004588792813824922,0.01030061506851957,1.8944940484132238,BH_from_pvalue
aminoglycoside,kanamycin,kanamycin_vs_control,not_regulated,b3865,b3865,1145.888278195446,-0.9194695076639796,0.5287033936794115,0.003567117182802371,0.008742819309950836,1.8925886793143172,BH_from_pvalue
aminoglycoside,kanamycin,kanamycin_vs_control,not_regulated,b3891,b3891,1077.152514224192,-0.9311569779039743,0.524437597261658,0.003938729407021202,0.00929995006445216,1.8916634495619926,BH_from_pvalue
aminoglycoside,kanamycin,kanamycin_vs_control,not_regulated,b1460,b1460,0.42539625134703546,0.8866095484526504,1.8488261214904615,0.0027769114959233167,0.0073603700109976895,1.8912271406209928,BH_from_pvalue
aminoglycoside,kanamycin,kanamycin_vs_control,not_regulated,b1662,b1662,469.9069002104884,-0.7759780552064335,0.5839925803336632,0.0009842638293408254,0.0036709939505597286,1.8896744326685573,BH_from_pvalue
aminoglycoside,kanamycin,kanamycin_vs_control,not_regulated,b2859,b2859,3.425128756053407,1.4907533036435539,2.8103567970687564,0.03873744790453017,0.0541161132184376,1.888297560586892,BH_from_pvalue
aminoglycoside,kanamycin,kanamycin_vs_control,not_regulated,b0381,b0381,669.9634907604997,-0.9116426626384353,0.5315794864074134,0.003436405863523233,0.008520922587721887,1.8866566883148277,BH_from_pvalue
aminoglycoside,kanamycin,kanamycin_vs_control,not_regulated,b1032,b1032,4.867964948052122,1.8495074613892215,3.603771306571936,0.07525161231185142,0.09610498358282443,1.881419031693982,BH_from_pvalue
aminoglycoside,kanamycin,kanamycin_vs_control,not_regulated,b1741,b1741,861.050598907034,0.9596791639227096,1.9448773320274204,0.00502415454830054,0.010975545001581268,1.8805622470128378,BH_from_pvalue
aminoglycoside,kanamycin,kanamycin_vs_control,not_regulated,b4475,b4475,399.34548365920415,1.1335127005445154,2.1939227081857484,0.012727116770592477,0.02198409033568547,1.879241071420631,BH_from_pvalue
aminoglycoside,kanamycin,kanamycin_vs_control,not_regulated,b1254,b1254,506.7191765662612,-1.0059772745441453,0.49793271996430793,0.006755122181987088,0.013622384586562442,1.8768989441270383,BH_from_pvalue
aminoglycoside,kanamycin,kanamycin_vs_control,not_regulated,b0750,b0750,320.24170229789496,0.8567995498151797,1.8110163232651657,0.0023233309554143143,0.006458551243876091,1.8762752521342096,BH_from_pvalue
aminoglycoside,kanamycin,kanamycin_vs_control,not_regulated,b0072,b0072,184.27813008163182,-1.0088753349866053,0.4969334854261181,0.00693916180091832,0.013909246782767648,1.8731751898081364,BH_from_pvalue
aminoglycoside,kanamycin,kanamycin_vs_control,not_regulated,b1082,b1082,83.31718799480755,1.0486680589401418,2.0686191520895,0.008666475224390905,0.016372030894292434,1.8728136065953664,BH_from_pvalue
aminoglycoside,kanamycin,kanamycin_vs_control,not_regulated,b3299,b3299,1573.1747414530964,-0.8561311102820497,0.5524320358010385,0.002356055709679813,0.006525577944667363,1.8709726777912552,BH_from_pvalue
aminoglycoside,kanamycin,kanamycin_vs_control,not_regulated,b3369,b3369,13.134741595310118,1.6429873953979,3.1231186841083565,0.05481472934164332,0.07267979584128646,1.8706829416126625,BH_from_pvalue
aminoglycoside,kanamycin,kanamycin_vs_control,not_regulated,b0170,b0170,4000.010663595325,-0.7290431764803902,0.6033039041187056,0.0006142179247191364,0.0027462745779191604,1.8672662415974193,BH_from_pvalue
aminoglycoside,kanamycin,kanamycin_vs_control,not_regulated,b4086,b4086,13.961570621039735,2.3970951857306835,5.267415208822802,0.1378514699057351,0.16668169667634314,1.8652087387801712,BH_from_pvalue
aminoglycoside,kanamycin,kanamycin_vs_control,not_regulated,b1249,b1249,1209.9094813748668,0.7157305122634909,1.6423145972457067,0.0005373306550598436,0.002514998216919019,1.860514496839397,BH_from_pvalue
aminoglycoside,kanamycin,kanamycin_vs_control,not_regulated,b2839,b2839,127.96695417848404,0.8407087133434281,1.7909297068639227,0.002180275471471158,0.006189367343670227,1.856582232063423,BH_from_pvalue
aminoglycoside,kanamycin,kanamycin_vs_control,not_regulated,b0418,b0418,1172.8488278301736,-0.7173742240140104,0.6082033955640372,0.0005632336242970894,0.0025922856068830193,1.855357259587433,BH_from_pvalue
aminoglycoside,kanamycin,kanamycin_vs_control,not_regulated,b4373,b4373,134.31039746561058,1.4957233762838724,2.820055149076116,0.04160015771780021,0.05752152149236561,1.854950713658154,BH_from_pvalue
aminoglycoside,kanamycin,kanamycin_vs_control,not_regulated,b3864,b3864,26.50419231450267,0.8786991930852617,1.8387166735353362,0.0030094099625160376,0.00775276403860088,1.8545328123564129,BH_from_pvalue
aminoglycoside,kanamycin,kanamycin_vs_control,not_regulated,b0827,b0827,971.1399966046985,-1.074497689373949,0.47483635793849593,0.010420832893065248,0.018801807602489968,1.854368537536508,BH_from_pvalue
aminoglycoside,kanamycin,kanamycin_vs_control,not_regulated,b3464,b3464,1367.6741047174492,0.7096499339358395,1.6354072418067198,0.0005186397284525374,0.0024608032685437906,1.8514221091281096,BH_from_pvalue
aminoglycoside,kanamycin,kanamycin_vs_control,not_regulated,b2873,b2873,23.724687065173715,1.0578027196777744,2.0817585072958917,0.009692891803430536,0.017780843120648673,1.8512051635024867,BH_from_pvalue
aminoglycoside,kanamycin,kanamycin_vs_control,not_regulated,b2856,b2856,5.8698700250605045,2.078008384253466,4.222239408116303,0.10407000491965875,0.1287068688833173,1.850255080490449,BH_from_pvalue
aminoglycoside,kanamycin,kanamycin_vs_control,not_regulated,b0664,b0664,2.1147279474740865,2.038982109226219,4.109554794859874,0.1007227250678715,0.12487619000972602,1.8422618496262229,BH_from_pvalue
aminoglycoside,kanamycin,kanamycin_vs_control,not_regulated,b2965,b2965,460.1690321615492,0.7532769623631879,1.6856172254619055,0.0009462398994808417,0.0035886906137140183,1.8418103685553495,BH_from_pvalue
aminoglycoside,kanamycin,kanamycin_vs_control,not_regulated,b0455,b0455,2.5333680105289442,1.7727720763522066,3.417099071767066,0.07141194326562593,0.09153916238494883,1.8408342313909618,BH_from_pvalue
aminoglycoside,kanamycin,kanamycin_vs_control,not_regulated,b3821,b3821,262.7448505817639,0.9307600970101237,1.9062800725636972,0.004744675199398554,0.010539036566367753,1.840298015562391,BH_from_pvalue
aminoglycoside,kanamycin,kanamycin_vs_control,not_regulated,b1637,b1637,2104.284121710679,-0.7744884325498784,0.5845958802838032,0.0011949241716640304,0.004208902838014729,1.8400537044633392,BH_from_pvalue
aminoglycoside,kanamycin,kanamycin_vs_control,not_regulated,b0542,b0542,9.806191788834633,1.8443533836763106,3.5909196795917575,0.07976530192416435,0.10112297859495244,1.8354085402466538,BH_from_pvalue
aminoglycoside,kanamycin,kanamycin_vs_control,not_regulated,b3650,b3650,1132.2616938825997,-0.7252013416050538,0.6049126174971801,0.0007025331850838071,0.0029800540915310885,1.831696037109548,BH_from_pvalue
aminoglycoside,kanamycin,kanamycin_vs_control,not_regulated,b2029,b2029,3056.0437892782356,-1.0071653547808204,0.4975228339628486,0.007955217016428226,0.015317879340708116,1.8278050513170054,BH_from_pvalue
aminoglycoside,kanamycin,kanamycin_vs_control,not_regulated,b3844,b3844,1575.3084037456701,-0.8528026064225731,0.5537080469458204,0.002715492660860234,0.007231667251953424,1.8256470424510673,BH_from_pvalue
aminoglycoside,kanamycin,kanamycin_vs_control,not_regulated,b1582,b1582,57.6989384406812,1.118593971576077,2.1713525267093625,0.013807887170146404,0.023340051293242587,1.8254314818807327,BH_from_pvalue
aminoglycoside,kanamycin,kanamycin_vs_control,not_regulated,b2819,b2819,967.5589467515665,-0.8017455394932576,0.5736546835906948,0.0017109947498946375,0.005300312937345785,1.8245311122526229,BH_from_pvalue
aminoglycoside,kanamycin,kanamycin_vs_control,not_regulated,b3523,b3523,156.4099752524082,0.8823868422745234,1.84342259894754,0.003484278181137534,0.008601692238615054,1.8224959906374163,BH_from_pvalue
aminoglycoside,kanamycin,kanamycin_vs_control,not_regulated,b1660,b1660,113.8163893114958,1.2597994865167177,2.3946245683612237,0.023287945212156914,0.0357627782739098,1.8223865683135432,BH_from_pvalue
aminoglycoside,kanamycin,kanamycin_vs_control,not_regulated,b3105,b3105,461.66291443458255,1.1655535043935874,2.2431926142852325,0.016768128201619024,0.027434512414636698,1.820248117728243,BH_from_pvalue
aminoglycoside,kanamycin,kanamycin_vs_control,not_regulated,b1553,b1553,1.0074257277005791,1.5182425961233494,2.8644191077837022,0.04653393430841687,0.06329290490452345,1.819833853203697,BH_from_pvalue
aminoglycoside,kanamycin,kanamycin_vs_control,not_regulated,b3822,b3822,586.6550858984854,1.0287254111010409,2.0402209652208234,0.009163982744869457,0.01703289024232348,1.8195186214344583,BH_from_pvalue
aminoglycoside,kanamycin,kanamycin_vs_control,not_regulated,b4483,b4483,276.91967291592346,0.793878357749854,1.7337289398071605,0.0016052040535894404,0.005111208929680673,1.8191534943650296,BH_from_pvalue
aminoglycoside,kanamycin,kanamycin_vs_control,not_regulated,b2924,b2924,1076.861782267449,-1.1046395072511892,0.46501865310906604,0.013189849708244054,0.022566734114751522,1.8188235106512096,BH_from_pvalue
aminoglycoside,kanamycin,kanamycin_vs_control,not_regulated,b0052,b0052,556.9905377616088,-0.9576377307929871,0.5148993197315912,0.006089706210245528,0.012622810384186353,1.8184046033338925,BH_from_pvalue
aminoglycoside,kanamycin,kanamycin_vs_control,not_regulated,b0763,b0763,289.8934150020372,1.2864373225777266,2.4392494831374045,0.025687530264085972,0.03861714944112925,1.818018679263129,BH_from_pvalue
aminoglycoside,kanamycin,kanamycin_vs_control,not_regulated,b2001,b2001,67.29689924606753,1.1452671176602989,2.2118708007076746,0.015616010574489355,0.02589045910949249,1.8173788626472902,BH_from_pvalue
aminoglycoside,kanamycin,kanamycin_vs_control,not_regulated,b0614,b0614,8.57996894191324,2.3451503549314774,5.081133448619765,0.1391510458639627,0.16811748705240512,1.816054206491034,BH_from_pvalue
aminoglycoside,kanamycin,kanamycin_vs_control,not_regulated,b0462,b0462,3286.4015217356778,-0.8425598443036719,0.557653219328026,0.002604427172051877,0.007002219617387533,1.8155178496617552,BH_from_pvalue
aminoglycoside,kanamycin,kanamycin_vs_control,not_regulated,b0062,b0062,193.66023120578475,-1.199307012566015,0.43548441299519497,0.019275104556787465,0.03069349174087804,1.8144959853603926,BH_from_pvalue
aminoglycoside,kanamycin,kanamycin_vs_control,not_regulated,b0267,b0267,56.108658772311905,1.3169248146345538,2.4913449924971385,0.02836357769854147,0.04192552497142278,1.8140922337418914,BH_from_pvalue
aminoglycoside,kanamycin,kanamycin_vs_control,not_regulated,b2742,b2742,4206.092687246981,-0.9129733952322798,0.5310893869872491,0.004612159693257896,0.010317566298109171,1.8135511057938292,BH_from_pvalue
aminoglycoside,kanamycin,kanamycin_vs_control,not_regulated,b4078,b4078,531.9899031495755,-0.6816963123303577,0.6234318158806123,0.0004245375904251346,0.0021894548681814854,1.813083142615568,BH_from_pvalue
aminoglycoside,kanamycin,kanamycin_vs_control,not_regulated,b0761,b0761,289.0651411226509,-0.9038545122515105,0.5344568898844928,0.004361021412514254,0.009950908363414614,1.8096408084404396,BH_from_pvalue
aminoglycoside,kanamycin,kanamycin_vs_control,not_regulated,b0402,b0402,949.3307563943393,0.9192682613567982,1.8911558510339377,0.0048923263444547935,0.010765990165047779,1.8090703174049896,BH_from_pvalue
aminoglycoside,kanamycin,kanamycin_vs_control,not_regulated,b2511,b2511,2868.0228320702645,0.8829271655176196,1.844113133393896,0.003717047017647872,0.008942546960589095,1.8087105301202069,BH_from_pvalue
aminoglycoside,kanamycin,kanamycin_vs_control,not_regulated,b1087,b1087,479.8330308896307,-1.0479516968736782,0.48365435785247585,0.010430282153577795,0.018803975492809585,1.808502979890764,BH_from_pvalue
aminoglycoside,kanamycin,kanamycin_vs_control,not_regulated,b1701,b1701,42.35783023031632,1.3077712724362653,2.4755880662093825,0.027981195778644975,0.04148299888343609,1.8075097193929333,BH_from_pvalue
aminoglycoside,kanamycin,kanamycin_vs_control,not_regulated,b0929,b0929,2818.747427457036,-1.2515852238002356,0.4199864756285357,0.02360589823918223,0.03615230857332028,1.8046156330700234,BH_from_pvalue
aminoglycoside,kanamycin,kanamycin_vs_control,not_regulated,b0876,b0876,665.0227517328705,-0.9832453256135363,0.505840576649841,0.0075489100802538164,0.0147999550650171,1.7990829119256955,BH_from_pvalue
aminoglycoside,kanamycin,kanamycin_vs_control,not_regulated,b0421,b0421,860.9566444576849,-1.0398036296413409,0.48639367397540856,0.010388033925760787,0.018763402606602916,1.7954168683551945,BH_from_pvalue
aminoglycoside,kanamycin,kanamycin_vs_control,not_regulated,b1037,b1037,210.21149173118155,1.1735527042201443,2.255664816088523,0.018386383571513305,0.029568091993087894,1.7945694506570462,BH_from_pvalue
aminoglycoside,kanamycin,kanamycin_vs_control,not_regulated,b3393,b3393,16.592191972399842,2.052232247687892,4.147472017976139,0.10838289286032864,0.13352677405800006,1.7945368166041138,BH_from_pvalue
aminoglycoside,kanamycin,kanamycin_vs_control,not_regulated,b1718,b1718,26616.555918002367,1.118701348520979,2.1715141422072994,0.014897736108903485,0.02489227972431199,1.7943246136163287,BH_from_pvalue
aminoglycoside,kanamycin,kanamycin_vs_control,not_regulated,b0404,b0404,203.2328188483366,-0.8801091774395369,0.5433263129264673,0.0038453506836844957,0.009156372353209562,1.7939059018728487,BH_from_pvalue
aminoglycoside,kanamycin,kanamycin_vs_control,not_regulated,b3208,b3208,125.22925811044941,-1.065394622454261,0.4778419361256811,0.011982213121008306,0.020954896818932877,1.7884933724616092,BH_from_pvalue
aminoglycoside,kanamycin,kanamycin_vs_control,not_regulated,b3192,b3192,1079.5180650432462,-0.7633961023906188,0.5891079378413622,0.00134776576145483,0.004575283316999114,1.786027785965068,BH_from_pvalue
aminoglycoside,kanamycin,kanamycin_vs_control,not_regulated,b2703,b2703,66.99862124099492,0.9831811398963897,1.9768194901711116,0.007933499746436513,0.015308829626542874,1.7845308034728902,BH_from_pvalue
aminoglycoside,kanamycin,kanamycin_vs_control,not_regulated,b4126,b4126,13.459075363692277,-1.5072304771824543,0.35178588992468485,0.048511904512797105,0.06550781942316462,1.7841190506301763,BH_from_pvalue
aminoglycoside,kanamycin,kanamycin_vs_control,not_regulated,b1539,b1539,1122.241995700241,-0.8086461788924861,0.5709173539350441,0.0021987349483939145,0.006230447600034727,1.783453582869924,BH_from_pvalue
aminoglycoside,kanamycin,kanamycin_vs_control,not_regulated,b3984,b3984,9681.674700448688,-0.7905783267598494,0.5781123001843697,0.0018179336732558032,0.005551075407304335,1.783246556780896,BH_from_pvalue
aminoglycoside,kanamycin,kanamycin_vs_control,not_regulated,b4325,b4325,9.605576142541617,1.713801720032194,3.280240786694109,0.0710407741170532,0.09116730441612134,1.7826295155146563,BH_from_pvalue
aminoglycoside,kanamycin,kanamycin_vs_control,not_regulated,b0390,b0390,413.53807092642757,-1.0318969079084237,0.4890666831984882,0.010550269545296084,0.018936597132778045,1.7776468015173665,BH_from_pvalue
aminoglycoside,kanamycin,kanamycin_vs_control,not_regulated,b1350,b1350,72.92023316220146,1.2640048828061747,2.401614983230578,0.026392367013984327,0.03950511375337821,1.7738370600019473,BH_from_pvalue
aminoglycoside,kanamycin,kanamycin_vs_control,not_regulated,b4379,b4379,129.08174559168896,-1.4342406376740344,0.37004159740350384,0.041982924239158184,0.057997295217362875,1.7735708713499625,BH_from_pvalue
aminoglycoside,kanamycin,kanamycin_vs_control,not_regulated,b4167,b4167,1688.9428089517203,-1.1929044731893352,0.4374213449719837,0.02082140081665208,0.0327120715589595,1.7718114140294106,BH_from_pvalue
aminoglycoside,kanamycin,kanamycin_vs_control,not_regulated,b0950,b0950,693.4473789594243,0.7987045875798575,1.7395384735930377,0.002126586221075194,0.006086128988859172,1.7696568859965114,BH_from_pvalue
aminoglycoside,kanamycin,kanamycin_vs_control,not_regulated,b0777,b0777,31.961023405308552,1.338820466134564,2.529444292492118,0.033586338406641165,0.04817326216615815,1.7634862093108739,BH_from_pvalue
aminoglycoside,kanamycin,kanamycin_vs_control,not_regulated,b0422,b0422,326.1167675311146,-1.064781603657445,0.47804502016160383,0.012870204537449307,0.022171225993467943,1.7613726866636108,BH_from_pvalue
aminoglycoside,kanamycin,kanamycin_vs_control,not_regulated,b3642,b3642,54.58013086900129,1.4182473842080112,2.6726063991086564,0.041407548287563885,0.05731131858750174,1.7611223036885935,BH_from_pvalue
aminoglycoside,kanamycin,kanamycin_vs_control,not_regulated,b4265,b4265,79.4253239316389,0.965620153492341,1.9529028113548337,0.007685999913273762,0.015005046705688101,1.7610619685044566,BH_from_pvalue
aminoglycoside,kanamycin,kanamycin_vs_control,not_regulated,b1748,b1748,2345.635033228458,-1.3562341078311793,0.390600551729586,0.035541405291564666,0.05040515769987463,1.7597476908256666,BH_from_pvalue
aminoglycoside,kanamycin,kanamycin_vs_control,not_regulated,b3382,b3382,41.862427386985765,-1.146807318292094,0.4516235684389304,0.018290621925073365,0.029435140400350626,1.755915548433267,BH_from_pvalue
aminoglycoside,kanamycin,kanamycin_vs_control,not_regulated,b2000,b2000,679.542849565729,-0.8606473599330187,0.5507053923264768,0.0038903525286004634,0.00921960256777918,1.7516650716082989,BH_from_pvalue
aminoglycoside,kanamycin,kanamycin_vs_control,not_regulated,b3026,b3026,210.61530538755844,0.7926111039856627,1.7322067124497245,0.0021713549530855,0.0061697754762972705,1.751457042119146,BH_from_pvalue
aminoglycoside,kanamycin,kanamycin_vs_control,not_regulated,b0598,b0598,8444.018539510818,-0.9645275061509118,0.5124462141581893,0.00814230417203888,0.015604637480115416,1.742656518625772,BH_from_pvalue
aminoglycoside,kanamycin,kanamycin_vs_control,not_regulated,b0765,b0765,439.2312045529839,1.0525695374668729,2.0742208874338917,0.012821054764952253,0.022103911204582303,1.7425613649691147,BH_from_pvalue
aminoglycoside,kanamycin,kanamycin_vs_control,not_regulated,b0640,b0640,358.43477040833005,-0.7459932172512644,0.5962572394282475,0.0013683611016695064,0.004614656501036453,1.7425361795642265,BH_from_pvalue
aminoglycoside,kanamycin,kanamycin_vs_control,not_regulated,b1956,b1956,682.2955105783803,-0.8458751387631231,0.5563732107602463,0.0035994591032599034,0.008775266691849888,1.7397449587374605,BH_from_pvalue
aminoglycoside,kanamycin,kanamycin_vs_control,not_regulated,b2849,b2849,0.856031409520105,1.386081875052743,2.613678833672375,0.040061788228085586,0.055702603848509724,1.7383192426955765,BH_from_pvalue
aminoglycoside,kanamycin,kanamycin_vs_control,not_regulated,b2708,b2708,232.90618680744876,-1.0538255756477808,0.48168918055363763,0.013093593054394944,0.022436183450921316,1.7378121379062272,BH_from_pvalue
aminoglycoside,kanamycin,kanamycin_vs_control,not_regulated,b2331,b2331,823.2634162080141,-0.6459013222846366,0.6390933929316678,0.0003793501212401798,0.002053329537109902,1.735886508742753,BH_from_pvalue
aminoglycoside,kanamycin,kanamycin_vs_control,not_regulated,b3890,b3890,66.78777904110109,1.3926074194811413,2.6255277053264976,0.04104863317937217,0.05691638472281628,1.7334657627450112,BH_from_pvalue
aminoglycoside,kanamycin,kanamycin_vs_control,not_regulated,b3698,b3698,84.43483989442501,-1.1109532349606024,0.46298801880261536,0.016887832948423782,0.027563455130897932,1.73271637001784,BH_from_pvalue
aminoglycoside,kanamycin,kanamycin_vs_control,not_regulated,b3700,b3700,272.61221999378535,0.9289965050572686,1.9039512046492137,0.0068434300584730035,0.013766434885067786,1.7290283358118226,BH_from_pvalue
aminoglycoside,kanamycin,kanamycin_vs_control,not_regulated,b4146,b4146,409.8420221487372,-1.0791191792516504,0.47331771381280824,0.015050470593900302,0.02510085900310106,1.726926741579018,BH_from_pvalue
aminoglycoside,kanamycin,kanamycin_vs_control,not_regulated,b2701,b2701,221.85273027714865,-0.8523431164104478,0.5538844278374649,0.004033977081010369,0.009456531312446078,1.7253710106949671,BH_from_pvalue
aminoglycoside,kanamycin,kanamycin_vs_control,not_regulated,b0498,b0498,4.49790017379646,1.877195757186972,3.6736030812339746,0.09689010651534961,0.12052314687667107,1.725010628684771,BH_from_pvalue
aminoglycoside,kanamycin,kanamycin_vs_control,not_regulated,b2340,b2340,2722.6107447879976,0.9739472480183018,1.964207368192488,0.009240881852620848,0.017148612652610067,1.719767815086913,BH_from_pvalue
aminoglycoside,kanamycin,kanamycin_vs_control,not_regulated,b2953,b2953,17.889018926641835,-1.2495680809829275,0.42057410170570775,0.028688664894908487,0.042239481079312066,1.717258204015184,BH_from_pvalue
aminoglycoside,kanamycin,kanamycin_vs_control,not_regulated,b2820,b2820,1609.0833906822334,-0.9008943238988802,0.5355546390498046,0.005976878248264788,0.012429032991537225,1.716710583500012,BH_from_pvalue
aminoglycoside,kanamycin,kanamycin_vs_control,not_regulated,b1638,b1638,430.3792399483635,-0.9923018744634984,0.5026750977309393,0.01039120406692927,0.018763402606602916,1.7133961385831753,BH_from_pvalue
aminoglycoside,kanamycin,kanamycin_vs_control,not_regulated,b4297,b4297,254.2162106444969,1.0874140286310086,2.124928103266183,0.016110923670222592,0.026573866765185635,1.7132700040823057,BH_from_pvalue
aminoglycoside,kanamycin,kanamycin_vs_control,not_regulated,b2733,b2733,737.2832170540964,-0.9732978417306821,0.5093404350598246,0.00943043642435902,0.017413014382909226,1.7121535792886804,BH_from_pvalue
aminoglycoside,kanamycin,kanamycin_vs_control,not_regulated,b1233,b1233,177.19652156204452,-0.9095056958352803,0.532367462670711,0.006423020121084392,0.013114273492799635,1.7119223379598787,BH_from_pvalue
aminoglycoside,kanamycin,kanamycin_vs_control,not_regulated,b1236,b1236,1102.1084767625034,-0.8836947173971428,0.5419776568915381,0.005401452315310673,0.011558388446368889,1.7118074355536799,BH_from_pvalue
aminoglycoside,kanamycin,kanamycin_vs_control,not_regulated,b3606,b3606,59.86501657988728,1.2965623676112985,2.4564287057976317,0.03341168293680488,0.047938038229584805,1.7105803290896187,BH_from_pvalue
aminoglycoside,kanamycin,kanamycin_vs_control,not_regulated,b1841,b1841,595.8938491716818,0.7714422365566769,1.7069753637668215,0.0021365840441648497,0.006105689346031445,1.7081777723757021,BH_from_pvalue
aminoglycoside,kanamycin,kanamycin_vs_control,not_regulated,b3234,b3234,677.5772739247685,-0.6927575415727691,0.6186702039351812,0.0008823104568882287,0.0034390229073511724,1.7066531853332902,BH_from_pvalue
aminoglycoside,kanamycin,kanamycin_vs_control,not_regulated,b0584,b0584,315.51686756144596,1.1794959724414005,2.2649763282566506,0.02337512416496808,0.03588440562936056,1.7044828391809865,BH_from_pvalue
aminoglycoside,kanamycin,kanamycin_vs_control,not_regulated,b2335,b2335,10.506083311628196,1.8208572327112753,3.5329105762346162,0.09288387638343297,0.11592443839419575,1.7040037187161199,BH_from_pvalue
aminoglycoside,kanamycin,kanamycin_vs_control,not_regulated,b1658,b1658,1058.6959031527028,0.9186520911347777,1.890348317161071,0.007040880054561319,0.014063001103648673,1.7012720079553,BH_from_pvalue
aminoglycoside,kanamycin,kanamycin_vs_control,not_regulated,b0060,b0060,855.6714622243877,-0.6324876446991787,0.6450631708613165,0.0003760228563398136,0.002049264279121886,1.7003810680217946,BH_from_pvalue
aminoglycoside,kanamycin,kanamycin_vs_control,not_regulated,b2292,b2292,1498.091715309936,-1.1959981825452601,0.436484345433638,0.025140839267781323,0.037960219881329436,1.699120269620299,BH_from_pvalue
aminoglycoside,kanamycin,kanamycin_vs_control,not_regulated,b3947,b3947,66.3275112597996,-1.2157918203305202,0.4305367157698354,0.026796176433107194,0.040042924118311014,1.699037720760668,BH_from_pvalue
aminoglycoside,kanamycin,kanamycin_vs_control,not_regulated,b1713,b1713,4259.114045531707,-0.7562680570200815,0.5920257955572374,0.0018855716095258408,0.0056778720748616625,1.6984376901138853,BH_from_pvalue
aminoglycoside,kanamycin,kanamycin_vs_control,not_regulated,b3006,b3006,792.1860279237503,-0.9345718325492527,0.5231977230787845,0.007868377728118665,0.015240762914381216,1.6981107513438,BH_from_pvalue
aminoglycoside,kanamycin,kanamycin_vs_control,not_regulated,b3909,b3909,90.68001377850472,1.0831143671063428,2.118604611357135,0.016520378218891546,0.02706069236291849,1.6979562557549333,BH_from_pvalue
aminoglycoside,kanamycin,kanamycin_vs_control,not_regulated,b4210,b4210,199.143552340542,0.833608235580785,1.7821369860648468,0.003888071095014601,0.009219562539567162,1.69663424351104,BH_from_pvalue
aminoglycoside,kanamycin,kanamycin_vs_control,not_regulated,b1707,b1707,198.43656087095928,1.2337664289265877,2.3518017151043917,0.028717122704234568,0.04225525444388693,1.6953422355324586,BH_from_pvalue
aminoglycoside,kanamycin,kanamycin_vs_control,not_regulated,b4593,b4593,0.990412922690369,1.4879106472463057,2.804824780178272,0.05464701257650319,0.07255084491414149,1.6952621931834844,BH_from_pvalue
aminoglycoside,kanamycin,kanamycin_vs_control,not_regulated,b3829,b3829,1343.3997436510208,-1.8621110162926264,0.27507348444911545,0.09904482978646775,0.12304949373835758,1.6943723702174662,BH_from_pvalue
aminoglycoside,kanamycin,kanamycin_vs_control,not_regulated,b0805,b0805,88.14150164777625,1.2525328665090383,2.3825935588790093,0.03067262935710939,0.044706897876953346,1.6904502510372619,BH_from_pvalue
aminoglycoside,kanamycin,kanamycin_vs_control,not_regulated,b3416,b3416,887.9347866085063,-0.6638556092185066,0.6311891848731104,0.0006599158920017678,0.0028684873064832223,1.6877513614065367,BH_from_pvalue
aminoglycoside,kanamycin,kanamycin_vs_control,not_regulated,b2801,b2801,91.40203065573088,1.1445166505571178,2.210720519765438,0.021543871956503764,0.03354251853940946,1.6874803070692266,BH_from_pvalue
aminoglycoside,kanamycin,kanamycin_vs_control,not_regulated,b1387,b1387,70.22566346963536,1.0166673076048482,2.023239779457241,0.012687368507196319,0.021923850766565132,1.6867356122046102,BH_from_pvalue
aminoglycoside,kanamycin,kanamycin_vs_control,not_regulated,b0800,b0800,968.2305467464802,-0.9161556893451834,0.5299192020479815,0.007416837038109064,0.014593583988370329,1.681913463332119,BH_from_pvalue
aminoglycoside,kanamycin,kanamycin_vs_control,not_regulated,b0956,b0956,498.76103845606326,0.8751786342941532,1.8342351870884654,0.005722028258249898,0.01202185369956273,1.6803679742589825,BH_from_pvalue
aminoglycoside,kanamycin,kanamycin_vs_control,not_regulated,b3602,b3602,443.16337477892904,-0.8121043973924493,0.5695504728766625,0.0034475302250124118,0.008539091933978981,1.6799096635110715,BH_from_pvalue
aminoglycoside,kanamycin,kanamycin_vs_control,not_regulated,b3056,b3056,2005.6681951013677,-0.5815058850274681,0.6682658773256741,0.00016623923387120313,0.001300424476439429,1.6781764776033874,BH_from_pvalue
aminoglycoside,kanamycin,kanamycin_vs_control,not_regulated,b2530,b2530,4464.5479077312075,1.0969097947191635,2.1389604319416624,0.018449165936125,0.02965845188730888,1.6759152993927993,BH_from_pvalue
aminoglycoside,kanamycin,kanamycin_vs_control,not_regulated,b3826,b3826,261.8719691667236,-0.9472314724133559,0.5186267508229429,0.009124392617599392,0.017012245386461948,1.6758782583108318,BH_from_pvalue
aminoglycoside,kanamycin,kanamycin_vs_control,not_regulated,b1620,b1620,1221.5685795513334,0.9946878113122306,1.9926492842225056,0.011956445591056325,0.020926105941078348,1.6703907603596173,BH_from_pvalue
aminoglycoside,kanamycin,kanamycin_vs_control,not_regulated,b0935,b0935,41.05986918156141,1.193925239258519,2.287743392022227,0.02676999525989946,0.04001709494151804,1.6688143070110077,BH_from_pvalue
aminoglycoside,kanamycin,kanamycin_vs_control,not_regulated,b3262,b3262,22.69873808616462,2.180299487667514,4.5324763359072024,0.1423200137024804,0.17176158348101875,1.668090373404358,BH_from_pvalue
aminoglycoside,kanamycin,kanamycin_vs_control,not_regulated,b3307,b3307,4434.136676406873,-0.6803902759894491,0.6239964489073615,0.0009365383013004087,0.0035636983674342494,1.6656627963776878,BH_from_pvalue
aminoglycoside,kanamycin,kanamycin_vs_control,not_regulated,b4496,b4496,236.43184583898707,-1.1349803519065018,0.4553411180538337,0.022053663074247665,0.03420599189929862,1.6637652139124732,BH_from_pvalue
aminoglycoside,kanamycin,kanamycin_vs_control,not_regulated,b2946,b2946,269.1575076126514,-0.7867839882123508,0.5796347569859147,0.0029911180534259877,0.007727770823842673,1.6616451125960685,BH_from_pvalue
aminoglycoside,kanamycin,kanamycin_vs_control,not_regulated,b3453,b3453,297.09567277831314,-1.1655496676331492,0.4457943794371202,0.024800296618780818,0.03755950646170913,1.6612347737302955,BH_from_pvalue
aminoglycoside,kanamycin,kanamycin_vs_control,not_regulated,b1196,b1196,37.414666367678215,1.0106309789167156,2.014792099447344,0.01334058231099977,0.022729522437453395,1.6608807427534618,BH_from_pvalue
aminoglycoside,kanamycin,kanamycin_vs_control,not_regulated,b0603,b0603,7.471892142553396,1.1957037281073521,2.290565357092764,0.027558615258116374,0.040929887437892484,1.6595882884861584,BH_from_pvalue
aminoglycoside,kanamycin,kanamycin_vs_control,not_regulated,b0914,b0914,2395.5839295637356,0.8864682028682402,1.848644994779501,0.006662257216025848,0.01348642347330525,1.657787029629198,BH_from_pvalue
aminoglycoside,kanamycin,kanamycin_vs_control,not_regulated,b2445,b2445,3.260750151984786,1.6723917735180982,3.1874258344990753,0.08076924930123967,0.10228042887302255,1.656014809507334,BH_from_pvalue
aminoglycoside,kanamycin,kanamycin_vs_control,not_regulated,b0702,b0702,4.217647244347755,1.3688558729618883,2.582656677085804,0.04531116823457059,0.06183544742691095,1.6546216367520754,BH_from_pvalue
aminoglycoside,kanamycin,kanamycin_vs_control,not_regulated,b3687,b3687,1233.4844904469567,1.2479803797039342,2.375087031330438,0.032822375243285885,0.04724321403017597,1.6543983744143584,BH_from_pvalue
aminoglycoside,kanamycin,kanamycin_vs_control,not_regulated,b3422,b3422,139.87263480524868,1.1153220201713108,2.1664336010430048,0.02137132526992015,0.033331560701838014,1.6474916212583812,BH_from_pvalue
aminoglycoside,kanamycin,kanamycin_vs_control,not_regulated,b1765,b1765,889.9188438502985,-1.054928779409698,0.4813209820251052,0.01677450737047851,0.027434512414636698,1.6474851800620782,BH_from_pvalue
aminoglycoside,kanamycin,kanamycin_vs_control,not_regulated,b1386,b1386,63.10846247551934,1.0003996829902446,2.0005541550333836,0.013333217553143699,0.022726052437423403,1.6441328649790412,BH_from_pvalue
aminoglycoside,kanamycin,kanamycin_vs_control,not_regulated,b1130,b1130,438.4281580350139,-0.9017261359378246,0.535245944292211,0.007773755789835503,0.015130399629026434,1.641276466627319,BH_from_pvalue
aminoglycoside,kanamycin,kanamycin_vs_control,not_regulated,b1983,b1983,132.09922802894314,-1.217798872625564,0.42993817700007586,0.030929052219611754,0.044993168461776735,1.6401965793010538,BH_from_pvalue
aminoglycoside,kanamycin,kanamycin_vs_control,not_regulated,b3961,b3961,1931.3483344475044,-0.683001143064061,0.6228682142788107,0.0011041646652326016,0.003970050091299954,1.640025086005136,BH_from_pvalue
aminoglycoside,kanamycin,kanamycin_vs_control,not_regulated,b0962,b0962,1811.0780838576336,-0.7880390328417377,0.5791307342113461,0.0033079999322406972,0.008337756755066697,1.6382943612807448,BH_from_pvalue
aminoglycoside,kanamycin,kanamycin_vs_control,not_regulated,b3078,b3078,55.19829599899469,1.1593619494030776,2.233586225188503,0.02574184480582483,0.0386858730159038,1.6375380007213975,BH_from_pvalue
aminoglycoside,kanamycin,kanamycin_vs_control,not_regulated,b3670,b3670,70.98702714338627,-1.4788286094532532,0.35878000378056735,0.06033366897570331,0.07895863923558728,1.6305569347671964,BH_from_pvalue
aminoglycoside,kanamycin,kanamycin_vs_control,not_regulated,b2797,b2797,691.4347768691665,-1.0492196781477166,0.48322946192368266,0.01723458493236815,0.0280264508408503,1.6288420943694213,BH_from_pvalue
aminoglycoside,kanamycin,kanamycin_vs_control,not_regulated,b1234,b1234,730.4835894757324,-1.0359435892495679,0.48769679980046937,0.01640528602392584,0.026911369998402053,1.6264979351385955,BH_from_pvalue
aminoglycoside,kanamycin,kanamycin_vs_control,not_regulated,b2225,b2225,51.33224458820394,1.4878838706658142,2.8047727228013484,0.06194589191391444,0.0808802966121298,1.6250031784177354,BH_from_pvalue
aminoglycoside,kanamycin,kanamycin_vs_control,not_regulated,b2015,b2015,1284.4919315883699,0.9362065106090665,1.913490197866706,0.01013539931513584,0.018397508522792982,1.624543909703087,BH_from_pvalue
aminoglycoside,kanamycin,kanamycin_vs_control,not_regulated,b1689,b1689,15.521702378497546,1.2661466712601848,2.4051830077455323,0.037162349604323686,0.052268995784943074,1.6228908948433423,BH_from_pvalue
aminoglycoside,kanamycin,kanamycin_vs_control,not_regulated,b3106,b3106,52.3567541813274,-0.8618776068397667,0.5502359827836497,0.0064193280349610134,0.013112687330270044,1.6223193680629755,BH_from_pvalue
aminoglycoside,kanamycin,kanamycin_vs_control,not_regulated,b2939,b2939,68.05150783995425,0.961018390547669,1.946683563227231,0.011697800684324449,0.020557136200172237,1.6212739541738475,BH_from_pvalue
aminoglycoside,kanamycin,kanamycin_vs_control,not_regulated,b0225,b0225,190.77809045690503,1.13478079529599,2.19585196201392,0.024536964991355062,0.037298840328190294,1.620812710243021,BH_from_pvalue
aminoglycoside,kanamycin,kanamycin_vs_control,not_regulated,b0220,b0220,1453.6455192294222,-0.9038488971198646,0.534458970054973,0.008497177365256247,0.016106322709196208,1.620604329603858,BH_from_pvalue
aminoglycoside,kanamycin,kanamycin_vs_control,not_regulated,b3596,b3596,2.4873425399704714,1.7316554371616137,3.3210868173062127,0.09296559981840322,0.11599424909380794,1.6200736947088148,BH_from_pvalue
aminoglycoside,kanamycin,kanamycin_vs_control,not_regulated,b4100,b4100,2.746713862949962,1.5719740497558177,2.973112490000037,0.0729996548943273,0.09338806817823783,1.6186752110621956,BH_from_pvalue
aminoglycoside,kanamycin,kanamycin_vs_control,not_regulated,b2212,b2212,110.78205977690055,-1.017280049417196,0.4940469142957391,0.015485584287249244,0.025712129244757142,1.6173348507407044,BH_from_pvalue
aminoglycoside,kanamycin,kanamycin_vs_control,not_regulated,b1945,b1945,20.99256239883861,1.013995987233828,2.0194969780808156,0.015553284509473957,0.02580548643438357,1.6105176079221963,BH_from_pvalue
aminoglycoside,kanamycin,kanamycin_vs_control,not_regulated,b1778,b1778,856.6662894438083,-0.9334745090288123,0.523595822153882,0.010490990689772111,0.01888294362648858,1.6092449935777087,BH_from_pvalue
aminoglycoside,kanamycin,kanamycin_vs_control,not_regulated,b3077,b3077,17.709674723638713,-0.884660121861816,0.541615104439013,0.007811876946296729,0.015171771374975255,1.6091646576598686,BH_from_pvalue
aminoglycoside,kanamycin,kanamycin_vs_control,not_regulated,b4101,b4101,0.5545388576912649,1.0608202831617486,2.086117302782335,0.019228402463526764,0.03065911176212102,1.605488307013194,BH_from_pvalue
aminoglycoside,kanamycin,kanamycin_vs_control,not_regulated,b0156,b0156,2843.5155651392347,1.2117343753642444,2.3161591289343257,0.033175629406801944,0.04766016642344144,1.6017243534772263,BH_from_pvalue
aminoglycoside,kanamycin,kanamycin_vs_control,not_regulated,b0037,b0037,69.32324761516101,1.191466416860159,2.283847652653453,0.031161823584639464,0.04528784571363758,1.6013527129813472,BH_from_pvalue
aminoglycoside,kanamycin,kanamycin_vs_control,not_regulated,b2776,b2776,47.54921744696284,0.8701011512461116,1.8277910473336747,0.007307903772514236,0.014442421427402914,1.6012993429759395,BH_from_pvalue
aminoglycoside,kanamycin,kanamycin_vs_control,not_regulated,b3401,b3401,740.8546372639867,-0.8684069031582347,0.5477513715697095,0.007250518778093346,0.01437321880293692,1.59999279307315,BH_from_pvalue
aminoglycoside,kanamycin,kanamycin_vs_control,not_regulated,b2390,b2390,2450.6482578896653,-1.3742427903797498,0.38575511977830185,0.05119556856872973,0.06855542346595604,1.5995611401711742,BH_from_pvalue
aminoglycoside,kanamycin,kanamycin_vs_control,not_regulated,b1988,b1988,88.1006276297274,1.087852922291975,2.1255746427786577,0.02177238289147089,0.03385646875502888,1.5995336180465343,BH_from_pvalue
aminoglycoside,kanamycin,kanamycin_vs_control,not_regulated,b2147,b2147,417.12300872383247,-1.2333358049298653,0.42533285180299735,0.035893002017241674,0.05083335109368799,1.5957530843499255,BH_from_pvalue
aminoglycoside,kanamycin,kanamycin_vs_control,not_regulated,b3379,b3379,17.003890410389115,1.0544159825727641,2.0768772956354526,0.01963865737189343,0.031125680358976972,1.5888795650133118,BH_from_pvalue
aminoglycoside,kanamycin,kanamycin_vs_control,not_regulated,b3860,b3860,586.1968305640856,-1.0119783702317875,0.49586579963737776,0.01649878875803584,0.027035173709888963,1.5868537686128277,BH_from_pvalue
aminoglycoside,kanamycin,kanamycin_vs_control,not_regulated,b3404,b3404,616.9791630268654,-0.6431773182687675,0.640301227904025,0.0008767851902094217,0.003426394253311884,1.5855367132585871,BH_from_pvalue
aminoglycoside,kanamycin,kanamycin_vs_control,not_regulated,b3346,b3346,387.0443793112201,-0.7933402629793385,0.5770066043597305,0.004416457333320623,0.01003801166512186,1.5853733423508016,BH_from_pvalue
aminoglycoside,kanamycin,kanamycin_vs_control,not_regulated,b2450,b2450,172.55183084205524,-0.7547853074579081,0.5926345709516765,0.003137304765400436,0.00799071168446838,1.5830976776667303,BH_from_pvalue
aminoglycoside,kanamycin,kanamycin_vs_control,not_regulated,b0068,b0068,328.90197588250635,0.7588729464309596,1.6921681627640093,0.003278661126444213,0.008285066149857344,1.579748863045601,BH_from_pvalue
aminoglycoside,kanamycin,kanamycin_vs_control,not_regulated,b2848,b2848,2.8217718279012924,-1.6034075155811602,0.3290987574257731,0.08194611191639217,0.10359573114107139,1.5788082621968318,BH_from_pvalue
aminoglycoside,kanamycin,kanamycin_vs_control,not_regulated,b1186,b1186,773.8343639043902,0.5906738375541849,1.5059499651159682,0.0004011035866089024,0.0021247861215576615,1.5786849749723872,BH_from_pvalue
aminoglycoside,kanamycin,kanamycin_vs_control,not_regulated,b3575,b3575,46.32955800096511,1.2229361524300897,2.334212898978029,0.03630174202971836,0.05124994602630393,1.5779625737529992,BH_from_pvalue
aminoglycoside,kanamycin,kanamycin_vs_control,not_regulated,b3957,b3957,390.79574696171017,-0.5674944434594345,0.674787688280359,0.0002555237336303735,0.001663307892719855,1.5770825802905022,BH_from_pvalue
aminoglycoside,kanamycin,kanamycin_vs_control,not_regulated,b0561,b0561,3.217994559815304,1.1189781506538372,2.1719308189100768,0.026096488936807473,0.03916650224816817,1.57449760749559,BH_from_pvalue
aminoglycoside,kanamycin,kanamycin_vs_control,not_regulated,b3715,b3715,89.92336988757741,1.1437425098961143,2.209534579900959,0.02844415948163835,0.04201702113248253,1.5744470491911688,BH_from_pvalue
aminoglycoside,kanamycin,kanamycin_vs_control,not_regulated,b2597,b2597,25252.683664532407,-1.1269150358972926,0.4578938089848788,0.02691225288382122,0.04016301044174779,1.5733691824136393,BH_from_pvalue
aminoglycoside,kanamycin,kanamycin_vs_control,not_regulated,b2382,b2382,216.86004734885228,-0.7001728504942104,0.6154984588717581,0.0019132784698942399,0.005718223626301854,1.5703048636068955,BH_from_pvalue
aminoglycoside,kanamycin,kanamycin_vs_control,not_regulated,b4327,b4327,187.80792334498267,1.0568046365532506,2.080318806303566,0.020913548088329008,0.03283227125408348,1.5679800594161906,BH_from_pvalue
aminoglycoside,kanamycin,kanamycin_vs_control,not_regulated,b4624,b4624,376.15419881425055,0.9278711944357827,1.9024666905458498,0.011810818376743804,0.020711524779178803,1.5623383152233392,BH_from_pvalue
aminoglycoside,kanamycin,kanamycin_vs_control,not_regulated,b3472,b3472,3217.1482172304763,-0.7369413946515131,0.6000100643796371,0.002931018949620297,0.007629469464925981,1.5604775748491617,BH_from_pvalue
aminoglycoside,kanamycin,kanamycin_vs_control,not_regulated,b4674,b4674,1.0401552531888918,1.4972336406142681,2.8230088285508876,0.07071327148473694,0.0907988281867961,1.5599973099123772,BH_from_pvalue
aminoglycoside,kanamycin,kanamycin_vs_control,not_regulated,b0838,b0838,587.7012370664955,-0.7907935871199125,0.57802604815271,0.004818457220454966,0.010650329522165325,1.5599486536558487,BH_from_pvalue
aminoglycoside,kanamycin,kanamycin_vs_control,not_regulated,b4677,b4677,8.833720946029393,1.36977123763684,2.584295847362722,0.054973987112171656,0.07277015716025548,1.5588636191328307,BH_from_pvalue
aminoglycoside,kanamycin,kanamycin_vs_control,not_regulated,b2306,b2306,163.63182988881712,1.0960851826223141,2.1377381995120386,0.02527153825242603,0.038056352617054194,1.5559727528877694,BH_from_pvalue
aminoglycoside,kanamycin,kanamycin_vs_control,not_regulated,b3308,b3308,9987.034997158196,-0.6913428808414146,0.6192771497271722,0.001873527728809756,0.005663392287759599,1.5533944652310296,BH_from_pvalue
aminoglycoside,kanamycin,kanamycin_vs_control,not_regulated,b2781,b2781,961.8857802384978,0.7715010673090497,1.7070449728592836,0.0041765321691235105,0.009698524365884125,1.5532587311725623,BH_from_pvalue
aminoglycoside,kanamycin,kanamycin_vs_control,not_regulated,b2253,b2253,127.82272176738566,0.6509004584877349,1.5701478982429697,0.0011622087776644629,0.004116075353297871,1.5527339028090217,BH_from_pvalue
aminoglycoside,kanamycin,kanamycin_vs_control,not_regulated,b0899,b0899,173.4333475312121,0.8824316566988184,1.8434798620580817,0.009504282609050476,0.017513422030114315,1.5501050270079166,BH_from_pvalue
aminoglycoside,kanamycin,kanamycin_vs_control,not_regulated,b0458,b0458,814.1453110001622,1.150977914040416,2.2206436715614424,0.031203541049005825,0.04532593002054792,1.5465152448792863,BH_from_pvalue
aminoglycoside,kanamycin,kanamycin_vs_control,not_regulated,b2882,b2882,31.32360712365161,1.1881010324911196,2.2785263149353,0.03513801641625728,0.0499350461390125,1.5464258222145282,BH_from_pvalue
aminoglycoside,kanamycin,kanamycin_vs_control,not_regulated,b3152,b3152,333.89726868216707,-0.7509403507663146,0.5942161203009234,0.0036573512057338406,0.008858786065369315,1.541399527845454,BH_from_pvalue
aminoglycoside,kanamycin,kanamycin_vs_control,not_regulated,b3296,b3296,9365.209025423452,-0.6779055443833499,0.6250720744495001,0.001761859747730685,0.005421636912998731,1.5360455446787946,BH_from_pvalue
aminoglycoside,kanamycin,kanamycin_vs_control,not_regulated,b4115,b4115,81.24987226364244,0.7999074389778738,1.7409894238930486,0.005722274070867898,0.01202185369956273,1.5358451293935116,BH_from_pvalue
aminoglycoside,kanamycin,kanamycin_vs_control,not_regulated,b0981,b0981,524.0872870961772,0.80624523666941,1.74865446077237,0.005996660337532901,0.012452898521801934,1.5356791275861552,BH_from_pvalue
aminoglycoside,kanamycin,kanamycin_vs_control,not_regulated,b0817,b0817,414.1424383663247,0.7734927970814898,1.7094032815907743,0.004639917949099683,0.01036318486766746,1.535001680324273,BH_from_pvalue
aminoglycoside,kanamycin,kanamycin_vs_control,not_regulated,b0689,b0689,12.167020645733766,1.0808565862663424,2.115291642358743,0.025249843442285716,0.038048172798459345,1.5344555568172988,BH_from_pvalue
aminoglycoside,kanamycin,kanamycin_vs_control,not_regulated,b2268,b2268,149.90134229012145,-0.8432968397727301,0.5573684169780152,0.007835105307320496,0.015197198651283996,1.5333130603254055,BH_from_pvalue
aminoglycoside,kanamycin,kanamycin_vs_control,not_regulated,b0334,b0334,4146.277147332998,-3.4196072006539735,0.09345351895635365,0.3180588121583108,0.3563209307815895,1.5325266007571379,BH_from_pvalue
aminoglycoside,kanamycin,kanamycin_vs_control,not_regulated,b2324,b2324,764.8417352596957,0.7190498655673014,1.646097585583082,0.0028210154519548313,0.007420425440288206,1.5312678809823395,BH_from_pvalue
aminoglycoside,kanamycin,kanamycin_vs_control,not_regulated,b0048,b0048,545.8270622298438,-0.7229781325638829,0.60584551315904,0.0029250659320282854,0.007622796386015775,1.5311850343430313,BH_from_pvalue
aminoglycoside,kanamycin,kanamycin_vs_control,not_regulated,b0001,b0001,30.50501425051982,-1.0340488909960062,0.4883377150918406,0.02182383254550029,0.03390235566513296,1.5198141670612586,BH_from_pvalue
aminoglycoside,kanamycin,kanamycin_vs_control,not_regulated,b1096,b1096,375.02291076408983,0.7485732040062487,1.6801303938659646,0.003960602546602811,0.009336892166991325,1.5194521355016841,BH_from_pvalue
aminoglycoside,kanamycin,kanamycin_vs_control,not_regulated,b1791,b1791,81.54443296199244,0.90047230761403,1.8666769933229246,0.011704496622641418,0.020557136200172237,1.5191304486456985,BH_from_pvalue
aminoglycoside,kanamycin,kanamycin_vs_control,not_regulated,b2125,b2125,136.60814560117868,-0.87659423672571,0.5446516714093212,0.010203589454284347,0.018498889707928654,1.5190101248156878,BH_from_pvalue
aminoglycoside,kanamycin,kanamycin_vs_control,not_regulated,b2293,b2293,857.5406465710712,-0.6127425432209908,0.653952365213394,0.0008502020224324679,0.003354569032369509,1.5161476407795533,BH_from_pvalue
aminoglycoside,kanamycin,kanamycin_vs_control,not_regulated,b4090,b4090,37.43480658622619,0.8368666738347166,1.7861666291041325,0.008091486671505969,0.015527093450697034,1.5138163553447668,BH_from_pvalue
aminoglycoside,kanamycin,kanamycin_vs_control,not_regulated,b3191,b3191,303.36181583680155,-0.6858151477380003,0.6216544818287442,0.0022070803427647117,0.0062436775985884735,1.511920320079987,BH_from_pvalue
aminoglycoside,kanamycin,kanamycin_vs_control,not_regulated,b0454,b0454,609.9145313311868,-0.7839394133473956,0.580778755526045,0.005603377027009953,0.01186628524834782,1.5096205385709234,BH_from_pvalue
aminoglycoside,kanamycin,kanamycin_vs_control,not_regulated,b1081,b1081,25.530502349364507,1.3143064091298347,2.4868274506116532,0.053346750530566464,0.0710763281654289,1.509185213146458,BH_from_pvalue
aminoglycoside,kanamycin,kanamycin_vs_control,not_regulated,b4035,b4035,76.96110701750392,-1.8298323469926192,0.28129730832941147,0.12261530379337489,0.1497891462418795,1.5087327346829595,BH_from_pvalue
aminoglycoside,kanamycin,kanamycin_vs_control,not_regulated,b3502,b3502,1046.853479631454,0.785791903847004,1.7240383946262337,0.0057312055341675544,0.012029380537884117,1.5085293008263887,BH_from_pvalue
aminoglycoside,kanamycin,kanamycin_vs_control,not_regulated,b4535,b4535,31.4573330854946,-1.2258600968128261,0.4275425472328696,0.04325085016437886,0.05952456583873966,1.5020509902421348,BH_from_pvalue
aminoglycoside,kanamycin,kanamycin_vs_control,not_regulated,b0121,b0121,500.8523405080933,-0.7937180621218864,0.5768555231861079,0.0062788478157651895,0.0128901220791017,1.499923127686506,BH_from_pvalue
aminoglycoside,kanamycin,kanamycin_vs_control,not_regulated,b2290,b2290,787.073559363677,-0.8254984274648436,0.564287216748288,0.007946927725760285,0.015315872180325561,1.4981626452687202,BH_from_pvalue
aminoglycoside,kanamycin,kanamycin_vs_control,not_regulated,b3724,b3724,209.92391763562253,-1.01239426666233,0.4957228733171562,0.021169332684797502,0.03313140515526067,1.4981006864406161,BH_from_pvalue
aminoglycoside,kanamycin,kanamycin_vs_control,not_regulated,b4271,b4271,345.53917218146916,0.8608185359772635,1.8160683936770972,0.010094241080415357,0.01834500863826597,1.494795961346878,BH_from_pvalue
aminoglycoside,kanamycin,kanamycin_vs_control,not_regulated,b2510,b2510,293.939879214721,0.9308461593144868,1.9063937928889387,0.01479935153689752,0.024820090683432158,1.494191123642365,BH_from_pvalue
aminoglycoside,kanamycin,kanamycin_vs_control,not_regulated,b1067,b1067,364.3242824289387,-0.7978211983325281,0.5752172323068836,0.006673837260064839,0.01349771582543689,1.491717983605526,BH_from_pvalue
aminoglycoside,kanamycin,kanamycin_vs_control,not_regulated,b4024,b4024,388.66969578762615,0.7773886563161092,1.7140255990369038,0.005759861758371462,0.012061386494019943,1.4915000261252809,BH_from_pvalue
aminoglycoside,kanamycin,kanamycin_vs_control,not_regulated,b3951,b3951,136.36534103667634,-0.7153151338026786,0.6090720751913329,0.0032721580771536167,0.008273281074219768,1.489516598005,BH_from_pvalue
aminoglycoside,kanamycin,kanamycin_vs_control,not_regulated,b2893,b2893,460.634677075993,-0.6003798910882203,0.6595802515576749,0.0008301388211117009,0.0033065788397313098,1.4893150365512413,BH_from_pvalue
aminoglycoside,kanamycin,kanamycin_vs_control,not_regulated,b2063,b2063,605.4750439179793,-0.4996909645744161,0.7072582646566552,0.00010632126591927704,0.001049620767519335,1.4885631860082893,BH_from_pvalue
aminoglycoside,kanamycin,kanamycin_vs_control,not_regulated,b4346,b4346,83.66757935239984,-0.9348051729026547,0.5231131083363342,0.015439443418434428,0.02564498393505098,1.4872727572551507,BH_from_pvalue
aminoglycoside,kanamycin,kanamycin_vs_control,not_regulated,b1818,b1818,2031.8653374334915,-0.9068148770116569,0.5333613256049317,0.013505284602469634,0.022942453933352293,1.4865961561618182,BH_from_pvalue
aminoglycoside,kanamycin,kanamycin_vs_control,not_regulated,b4487,b4487,403.83999822092915,1.003208860298436,2.0044533757283056,0.02106789612483702,0.033028469704011944,1.4858642278930394,BH_from_pvalue
aminoglycoside,kanamycin,kanamycin_vs_control,not_regulated,b2895,b2895,716.4064714369939,-0.7344740378801351,0.6010371044187225,0.004053527232284566,0.009486616826596926,1.4857591880645615,BH_from_pvalue
aminoglycoside,kanamycin,kanamycin_vs_control,not_regulated,b0399,b0399,286.6429998136369,1.1557986346036069,2.2280762942768826,0.0368536246039244,0.05193220660039221,1.4846964201676685,BH_from_pvalue
aminoglycoside,kanamycin,kanamycin_vs_control,not_regulated,b1588,b1588,217.74632639939637,-0.9616530297734007,0.5134682478615279,0.017688288298497234,0.028588545011369225,1.4846075897283795,BH_from_pvalue
aminoglycoside,kanamycin,kanamycin_vs_control,not_regulated,b2929,b2929,178.5326536608626,-0.8435726430863557,0.557261873766177,0.009445254292627317,0.017433218632842706,1.4835257657714016,BH_from_pvalue
aminoglycoside,kanamycin,kanamycin_vs_control,not_regulated,b3960,b3960,502.4027804698185,-0.6497985839296376,0.637369291200555,0.0016611790433250487,0.005217865458712338,1.4831698965038873,BH_from_pvalue
aminoglycoside,kanamycin,kanamycin_vs_control,not_regulated,b0209,b0209,1450.7833841393604,-0.5268246356399331,0.6940807221908152,0.00022185851108905158,0.0015368895593383133,1.4821459554217187,BH_from_pvalue
aminoglycoside,kanamycin,kanamycin_vs_control,not_regulated,b3496,b3496,1525.2552662114113,-0.7428178820954869,0.5975710317550033,0.004493227645581943,0.010150948242002801,1.4808025354162786,BH_from_pvalue
aminoglycoside,kanamycin,kanamycin_vs_control,not_regulated,b3060,b3060,66.31753038869321,0.8511232358296299,1.8039048407592828,0.010050841436978718,0.018286704247373966,1.47913690683757,BH_from_pvalue
aminoglycoside,kanamycin,kanamycin_vs_control,not_regulated,b0233,b0233,38.561031967017385,1.2385761578544239,2.3596553535117453,0.04731183579831472,0.06421503844925154,1.4768326967576457,BH_from_pvalue
aminoglycoside,kanamycin,kanamycin_vs_control,not_regulated,b0207,b0207,75.72305558728496,-1.1937597457371076,0.4371621054332176,0.041963081077995804,0.05798769237751924,1.476279909526981,BH_from_pvalue
aminoglycoside,kanamycin,kanamycin_vs_control,not_regulated,b4523,b4523,54.89227395526217,-0.9013599138284505,0.5353818314856863,0.013688945334182266,0.023217524929544434,1.472988021042869,BH_from_pvalue
aminoglycoside,kanamycin,kanamycin_vs_control,not_regulated,b3862,b3862,40.36824586659207,1.502155871048851,2.8326569046189323,0.08285180282773501,0.1045937157224676,1.4728554319425287,BH_from_pvalue
aminoglycoside,kanamycin,kanamycin_vs_control,not_regulated,b1068,b1068,543.9475118675933,-0.7444196956758784,0.5969079212716139,0.004777307670766665,0.010580172281195696,1.470606513630969,BH_from_pvalue
aminoglycoside,kanamycin,kanamycin_vs_control,not_regulated,b3529,b3529,524.9647045244702,-0.7057225443000252,0.6131353354269311,0.003352656172946715,0.008405935042315677,1.4646664276457961,BH_from_pvalue
aminoglycoside,kanamycin,kanamycin_vs_control,not_regulated,b1133,b1133,1074.8320811189558,-0.8580544386443343,0.5516960519333373,0.011086855045217892,0.01968243400136735,1.4637732543327704,BH_from_pvalue
aminoglycoside,kanamycin,kanamycin_vs_control,not_regulated,b0076,b0076,59.15952359703349,1.06783504522053,2.0962852523927347,0.029464005917888093,0.04316908749793506,1.4574102414721144,BH_from_pvalue
aminoglycoside,kanamycin,kanamycin_vs_control,not_regulated,b0639,b0639,130.55213115173123,-0.6663275122166761,0.6301086359650595,0.00234999751520382,0.006514162876971268,1.4566861515848148,BH_from_pvalue
aminoglycoside,kanamycin,kanamycin_vs_control,not_regulated,b4461,b4461,284.57098157804785,-0.7386779684119418,0.5992882660435206,0.004852293176273291,0.01070407783564358,1.4555285506270914,BH_from_pvalue
aminoglycoside,kanamycin,kanamycin_vs_control,not_regulated,b2213,b2213,698.9733796793602,-0.5998389204014458,0.6598276222614768,0.0010154813070609732,0.003745792542744494,1.4554829149723814,BH_from_pvalue
aminoglycoside,kanamycin,kanamycin_vs_control,not_regulated,b1207,b1207,2050.2810503362884,-0.5901561740342949,0.664270994763614,0.0008752600631683338,0.0034234084905488396,1.455054406694756,BH_from_pvalue
aminoglycoside,kanamycin,kanamycin_vs_control,not_regulated,b3174,b3174,5.524524725815045,1.2978836393588289,2.458679421599242,0.057640405176178564,0.07585328919907876,1.453662878946711,BH_from_pvalue
aminoglycoside,kanamycin,kanamycin_vs_control,not_regulated,b0324,b0324,235.8476428324711,-0.6465921720122969,0.6387874295865643,0.0018858917029442694,0.0056778720748616625,1.4521260086079832,BH_from_pvalue
aminoglycoside,kanamycin,kanamycin_vs_control,not_regulated,b3374,b3374,81.94273520707624,1.0784166525746723,2.1117172144394427,0.03100869381611723,0.04509444060294061,1.4514161649468584,BH_from_pvalue
aminoglycoside,kanamycin,kanamycin_vs_control,not_regulated,b1252,b1252,663.3127181800256,1.1537200807671244,2.2248685186689983,0.0397798607305638,0.055379081883650864,1.4498272411836466,BH_from_pvalue
aminoglycoside,kanamycin,kanamycin_vs_control,not_regulated,b2431,b2431,2228.8259516648936,-0.7417379591542446,0.5980185083442273,0.00525091735460043,0.01133875480604548,1.4430027165511232,BH_from_pvalue
aminoglycoside,kanamycin,kanamycin_vs_control,not_regulated,b0597,b0597,80.43700424222197,-1.125003365969313,0.45850095186695106,0.03741656064164222,0.052560802550314395,1.4392595698924844,BH_from_pvalue
aminoglycoside,kanamycin,kanamycin_vs_control,not_regulated,b4225,b4225,207.08867283399005,0.7823068826051252,1.7198787772702246,0.007390280688805972,0.014554064158603006,1.4371100372296752,BH_from_pvalue
aminoglycoside,kanamycin,kanamycin_vs_control,not_regulated,b2218,b2218,2315.9418218985725,0.7520779751405424,1.6842169337328003,0.005921481765642257,0.012336648903130557,1.4355685409795553,BH_from_pvalue
aminoglycoside,kanamycin,kanamycin_vs_control,not_regulated,b1926,b1926,4.488185766297305,1.3597579098323542,2.566421102963455,0.06828655913816414,0.08803466408812334,1.4350154634751728,BH_from_pvalue
aminoglycoside,kanamycin,kanamycin_vs_control,not_regulated,b3334,b3334,6.514010447103478,1.1275058167771084,2.1848069625025293,0.03817807129807942,0.05346356310671272,1.434122117295627,BH_from_pvalue
aminoglycoside,kanamycin,kanamycin_vs_control,not_regulated,b3178,b3178,22489.193064881878,0.7218102692181851,1.6492501878280743,0.004612855897175977,0.010317566298109171,1.43382032680255,BH_from_pvalue
aminoglycoside,kanamycin,kanamycin_vs_control,not_regulated,b0380,b0380,450.9929120260356,-0.8402110772624081,0.5585618412099104,0.01108888569624774,0.01968243400136735,1.433333885940803,BH_from_pvalue
aminoglycoside,kanamycin,kanamycin_vs_control,not_regulated,b1120,b1120,523.8583050539555,-0.8085628022425873,0.5709503495096514,0.009051065306627979,0.016899830531013967,1.432868413314965,BH_from_pvalue
aminoglycoside,kanamycin,kanamycin_vs_control,not_regulated,b4331,b4331,227.4925449324587,-0.8311225511737126,0.5620917124183714,0.010570087991841223,0.01896460143091417,1.4312398088684615,BH_from_pvalue
aminoglycoside,kanamycin,kanamycin_vs_control,not_regulated,b3135,b3135,85.01067120749872,-1.0013676399075342,0.49952623672056407,0.024621182675208256,0.03738144091782288,1.4292960547351559,BH_from_pvalue
aminoglycoside,kanamycin,kanamycin_vs_control,not_regulated,b0910,b0910,1605.1134375866466,0.7191434601032203,1.6462043792801782,0.004589951509640541,0.01030061506851957,1.4290364642578162,BH_from_pvalue
aminoglycoside,kanamycin,kanamycin_vs_control,not_regulated,b0238,b0238,407.61023686665766,1.1085189056881113,2.156241703364488,0.036913167225695716,0.051967269540275224,1.423637687234885,BH_from_pvalue
aminoglycoside,kanamycin,kanamycin_vs_control,not_regulated,b1738,b1738,133.76072400355682,-0.729851138026266,0.6029661266447062,0.005195687160954103,0.011241077849914169,1.4226200318927547,BH_from_pvalue
aminoglycoside,kanamycin,kanamycin_vs_control,not_regulated,b4052,b4052,909.2512528288331,-0.7966389454378167,0.5756888017916482,0.008713429394836393,0.016405611309323605,1.4220065578859047,BH_from_pvalue
aminoglycoside,kanamycin,kanamycin_vs_control,not_regulated,b3613,b3613,331.064440051438,0.8729923590447877,1.8314576728492744,0.013949315126517417,0.023534891012406352,1.4214828151677448,BH_from_pvalue
aminoglycoside,kanamycin,kanamycin_vs_control,not_regulated,b1651,b1651,372.0403709163673,0.603392910727365,1.5192854032023404,0.0012999199697928728,0.004453191183646871,1.4187750438790767,BH_from_pvalue
aminoglycoside,kanamycin,kanamycin_vs_control,not_regulated,b2717,b2717,255.39373681756513,-0.794222901335675,0.5766537006708766,0.008674919965574741,0.016381104116353983,1.4182095477940744,BH_from_pvalue
aminoglycoside,kanamycin,kanamycin_vs_control,not_regulated,b4200,b4200,3401.2012128204187,-0.9358327458727587,0.5227406488159093,0.019248625468431084,0.030680480991142102,1.4160439359924384,BH_from_pvalue
aminoglycoside,kanamycin,kanamycin_vs_control,not_regulated,b4077,b4077,822.2832271612373,1.0525397875672677,2.0741781152435297,0.03108008278174573,0.04518364975833623,1.415685687710404,BH_from_pvalue
aminoglycoside,kanamycin,kanamycin_vs_control,not_regulated,b2222,b2222,4.850756096003887,1.8337789719829887,3.56469581271851,0.14007758714206067,0.16919145729457274,1.414983407302131,BH_from_pvalue
aminoglycoside,kanamycin,kanamycin_vs_control,not_regulated,b4594,b4594,2.928202063072572,1.7469768160846537,3.356544608772168,0.1272515135403556,0.15503177353860226,1.4143162411168468,BH_from_pvalue
aminoglycoside,kanamycin,kanamycin_vs_control,not_regulated,b1038,b1038,19.25926497225551,1.2851564428537352,2.4370847854345965,0.06088069431046032,0.07955879227439004,1.412787665883146,BH_from_pvalue
aminoglycoside,kanamycin,kanamycin_vs_control,not_regulated,b3348,b3348,218.2260594650179,0.7368876463771175,1.6665766202821968,0.005784324262943852,0.01210134443475416,1.4127362198279207,BH_from_pvalue
aminoglycoside,kanamycin,kanamycin_vs_control,not_regulated,b1819,b1819,3081.449846429629,-0.9679020292438505,0.5112489821004744,0.022480588755696376,0.0347364095579259,1.4123772305810356,BH_from_pvalue
aminoglycoside,kanamycin,kanamycin_vs_control,not_regulated,b2537,b2537,331.9996781660397,0.9101707934441396,1.8792679623865132,0.017282176542531804,0.02809368633476981,1.412031023861935,BH_from_pvalue
aminoglycoside,kanamycin,kanamycin_vs_control,not_regulated,b1737,b1737,218.60689792603264,0.9480301166971632,1.9292366421487848,0.02058160829192496,0.03240324609628228,1.412006939961657,BH_from_pvalue
aminoglycoside,kanamycin,kanamycin_vs_control,not_regulated,b0695,b0695,1328.3149439076615,0.7433338250215407,1.6740397964101483,0.006157208259054866,0.012704184747352654,1.409400477046395,BH_from_pvalue
aminoglycoside,kanamycin,kanamycin_vs_control,not_regulated,b3200,b3200,568.4181072319244,-0.6972756402515383,0.6167357405712968,0.0041458972145949685,0.009657299674390558,1.4051110262995856,BH_from_pvalue
aminoglycoside,kanamycin,kanamycin_vs_control,not_regulated,b3774,b3774,310.9878248161612,-0.7996042899392428,0.574506734649219,0.009573147728618961,0.01759706517504213,1.4029535090079703,BH_from_pvalue
aminoglycoside,kanamycin,kanamycin_vs_control,not_regulated,b1954,b1954,20.73783025084118,0.7869460445586727,1.7254181588578803,0.008811190841008681,0.016541208849272557,1.4018914601295278,BH_from_pvalue
aminoglycoside,kanamycin,kanamycin_vs_control,not_regulated,b3989,b3989,23.246259912316273,1.2976047229712449,2.4582041307874407,0.06394970913202311,0.08325493246768159,1.4008811180771694,BH_from_pvalue
aminoglycoside,kanamycin,kanamycin_vs_control,not_regulated,b1270,b1270,221.8970072856458,-0.6080723750820898,0.6560727135434468,0.0015569283343889058,0.005012930313587186,1.3985107222855864,BH_from_pvalue
aminoglycoside,kanamycin,kanamycin_vs_control,not_regulated,b2743,b2743,458.1698797946842,-0.6867499450130286,0.62125180997464,0.003917801058742509,0.009265125742494116,1.396264745730359,BH_from_pvalue
aminoglycoside,kanamycin,kanamycin_vs_control,not_regulated,b4334,b4334,114.22112653040956,-1.0291602630683094,0.4899952730845938,0.0301683945493518,0.04408623738888382,1.3952294453007263,BH_from_pvalue
aminoglycoside,kanamycin,kanamycin_vs_control,not_regulated,b1593,b1593,581.7947583973998,-0.8967607070443133,0.5370913132006933,0.01709830535445699,0.02785518923735876,1.3945470934166952,BH_from_pvalue
aminoglycoside,kanamycin,kanamycin_vs_control,not_regulated,b1875,b1875,182.74660161289887,-0.8304022776323006,0.5623724099032166,0.012189584588719118,0.02121855707432608,1.3894989715787744,BH_from_pvalue
aminoglycoside,kanamycin,kanamycin_vs_control,not_regulated,b4637,b4637,11.762124649246813,-1.3993304782090052,0.37910503479141394,0.08049042714675414,0.1020135083984503,1.3872155173066671,BH_from_pvalue
aminoglycoside,kanamycin,kanamycin_vs_control,not_regulated,b1887,b1887,37.00883418201799,0.7796953300972289,1.7167682856033537,0.008884748475896051,0.01665149943524185,1.3867245197202622,BH_from_pvalue
aminoglycoside,kanamycin,kanamycin_vs_control,not_regulated,b1238,b1238,68.14971685506731,1.0374955136859993,2.052661184659905,0.03233535205280697,0.04666166619619049,1.3809477769074963,BH_from_pvalue
aminoglycoside,kanamycin,kanamycin_vs_control,not_regulated,b2913,b2913,602.2552606938206,-0.6637105864542043,0.6312526365373112,0.003346144087625056,0.008398820574079032,1.3777182871833198,BH_from_pvalue
aminoglycoside,kanamycin,kanamycin_vs_control,not_regulated,b1473,b1473,60.81951173003358,1.2253798676681438,2.3381700660840896,0.057555636629456265,0.07577139376325712,1.3730316767717121,BH_from_pvalue
aminoglycoside,kanamycin,kanamycin_vs_control,not_regulated,b1826,b1826,38.96450801799532,1.0465454017395128,2.0655778020114677,0.03409353709277129,0.04880736150327348,1.3725596465833299,BH_from_pvalue
aminoglycoside,kanamycin,kanamycin_vs_control,not_regulated,b2868,b2868,29.947832904344025,-0.8295230174177428,0.5627152560224173,0.012895040653185566,0.022171225993467943,1.3722055122098549,BH_from_pvalue
aminoglycoside,kanamycin,kanamycin_vs_control,not_regulated,b2747,b2747,206.6376517604731,0.941565132019262,1.920610715731364,0.02270030189738667,0.03501576060852032,1.3706706690921704,BH_from_pvalue
aminoglycoside,kanamycin,kanamycin_vs_control,not_regulated,b0565,b0565,216.63981388775747,0.6857441031324338,1.6085314046202146,0.00448352973878517,0.010139224115161235,1.3673705030757461,BH_from_pvalue
aminoglycoside,kanamycin,kanamycin_vs_control,not_regulated,b3459,b3459,315.05164388486713,0.8585303390601995,1.8131902882733124,0.01540690180102002,0.025602043308477564,1.366544523402174,BH_from_pvalue
aminoglycoside,kanamycin,kanamycin_vs_control,not_regulated,b1752,b1752,53.29819669451495,-1.107372244760768,0.46413865345813593,0.04297192470314062,0.05919991341951807,1.359497570828509,BH_from_pvalue
aminoglycoside,kanamycin,kanamycin_vs_control,not_regulated,b2578,b2578,138.56882541222743,1.1899740067705133,2.281486325522305,0.05421685492072494,0.07212878244111824,1.3588210831145022,BH_from_pvalue
aminoglycoside,kanamycin,kanamycin_vs_control,not_regulated,b2346,b2346,1327.655524176866,-0.6184915529076971,0.6513516093187812,0.0022858294411248806,0.0063935556173835085,1.3571297611583786,BH_from_pvalue
aminoglycoside,kanamycin,kanamycin_vs_control,not_regulated,b4433,b4433,12.953669880030048,-1.51497516601184,0.3499024894315573,0.1032491515614863,0.12772681070505099,1.353960472208895,BH_from_pvalue
aminoglycoside,kanamycin,kanamycin_vs_control,not_regulated,b3156,b3156,1419.6185106988287,-1.0047017279603363,0.4983731576312413,0.03088609716555285,0.0449452167747191,1.3536512363473165,BH_from_pvalue
aminoglycoside,kanamycin,kanamycin_vs_control,not_regulated,b2676,b2676,39.05471768221377,-1.2772030597599802,0.4125946273516279,0.06737871606844884,0.08718914409547839,1.35324464629547,BH_from_pvalue
aminoglycoside,kanamycin,kanamycin_vs_control,not_regulated,b0290,b0290,112.01644617290951,0.7264892120809705,1.6546077125837688,0.006857711378834293,0.013788996773355678,1.3516094446941078,BH_from_pvalue
aminoglycoside,kanamycin,kanamycin_vs_control,not_regulated,b2842,b2842,89.8121757706236,1.1437955937541782,2.2096158810592623,0.04886735839702266,0.06594820824176655,1.3505904050077888,BH_from_pvalue
aminoglycoside,kanamycin,kanamycin_vs_control,not_regulated,b3165,b3165,3494.853316151473,-0.6329648402641954,0.644849840689204,0.002789890999123163,0.0073730491856968195,1.3497043930525299,BH_from_pvalue
aminoglycoside,kanamycin,kanamycin_vs_control,not_regulated,b3351,b3351,231.55106426192947,0.8043575392546911,1.7463679263363783,0.012034546838377066,0.02101373900583076,1.349307090416295,BH_from_pvalue
aminoglycoside,kanamycin,kanamycin_vs_control,not_regulated,b1379,b1379,669.8738219566386,-1.0303125633953094,0.48960406338893864,0.03475269296247573,0.04956170353367655,1.3444072372405163,BH_from_pvalue
aminoglycoside,kanamycin,kanamycin_vs_control,not_regulated,b1323,b1323,1857.4497300235982,-0.6355215850879361,0.6437080495412798,0.002978204348716292,0.007703256561544497,1.343064058926646,BH_from_pvalue
aminoglycoside,kanamycin,kanamycin_vs_control,not_regulated,b3574,b3574,256.0579711350995,0.5775095132468584,1.4922709554960134,0.001436049517336625,0.004752700406012443,1.3415889964794399,BH_from_pvalue
aminoglycoside,kanamycin,kanamycin_vs_control,not_regulated,b1391,b1391,23.613937164564586,-0.8592926343248255,0.5512227609094329,0.0168142614748287,0.027482030564600107,1.3413138529871398,BH_from_pvalue
aminoglycoside,kanamycin,kanamycin_vs_control,not_regulated,b2544,b2544,129.2236714025593,0.8829799480760006,1.8441806035015607,0.01894139409690591,0.030298147456572826,1.3408791553290145,BH_from_pvalue
aminoglycoside,kanamycin,kanamycin_vs_control,not_regulated,b3145,b3145,84.1933132922927,0.8473678478936888,1.7992153166578362,0.01584088571618557,0.026195699982133343,1.3403410341235296,BH_from_pvalue
aminoglycoside,kanamycin,kanamycin_vs_control,not_regulated,b1698,b1698,62.308846281231716,0.8706148598532266,1.8284419951467823,0.017975260445106677,0.02898986069633913,1.3387913713556678,BH_from_pvalue
aminoglycoside,kanamycin,kanamycin_vs_control,not_regulated,b0522,b0522,419.4610180239986,0.5402597571141001,1.454234328511875,0.0008433209698794547,0.0033332668914919043,1.3382936042749096,BH_from_pvalue
aminoglycoside,kanamycin,kanamycin_vs_control,not_regulated,b1809,b1809,303.3916634328794,-0.5690006227176925,0.674083574910393,0.0013178497862280098,0.0044940775879102265,1.335648979679147,BH_from_pvalue
aminoglycoside,kanamycin,kanamycin_vs_control,not_regulated,b0304,b0304,79.35059050693961,-1.0284609523014714,0.4902328437572637,0.035545833753668814,0.05040515769987463,1.3344538199316278,BH_from_pvalue
aminoglycoside,kanamycin,kanamycin_vs_control,not_regulated,b2927,b2927,1182.45184133677,-0.6351223205927887,0.6438862197914187,0.003102698080725064,0.007925006227769073,1.3343922418818126,BH_from_pvalue
aminoglycoside,kanamycin,kanamycin_vs_control,not_regulated,b0715,b0715,121.01625151156081,0.999212270071177,1.9989082725172889,0.03219192252909741,0.046469598053876814,1.3317811730686209,BH_from_pvalue
aminoglycoside,kanamycin,kanamycin_vs_control,not_regulated,b3617,b3617,2988.77932510549,-0.8220692171133841,0.5656300931710043,0.014290691720769563,0.024038717786096297,1.3310029809627115,BH_from_pvalue
aminoglycoside,kanamycin,kanamycin_vs_control,not_regulated,b0014,b0014,25938.3981683045,-0.8561963920952991,0.5524070388695711,0.017217294405030396,0.028008459397405684,1.3294253668148701,BH_from_pvalue
aminoglycoside,kanamycin,kanamycin_vs_control,not_regulated,b0132,b0132,159.40728431052116,0.8086539524064706,1.751576443265014,0.013304957647633129,0.02270322439266078,1.3293563068790502,BH_from_pvalue
aminoglycoside,kanamycin,kanamycin_vs_control,not_regulated,b0116,b0116,8557.667682931842,-0.5535961399434672,0.6813197154938252,0.001114642611846953,0.004004522738089133,1.3272186427741304,BH_from_pvalue
aminoglycoside,kanamycin,kanamycin_vs_control,not_regulated,b0896,b0896,414.4187984243986,-0.9780721151389606,0.5076576738182673,0.030128197704921228,0.04404180476981985,1.3263977227919894,BH_from_pvalue
aminoglycoside,kanamycin,kanamycin_vs_control,not_regulated,b1535,b1535,234.08215348010333,0.7978518106956356,1.7385105364242284,0.01257602547207959,0.02178165674756026,1.3259571768218499,BH_from_pvalue
aminoglycoside,kanamycin,kanamycin_vs_control,not_regulated,b4260,b4260,3198.2600431871815,-0.6047308919539418,0.6575940306530922,0.00230177767646262,0.006418887430518478,1.3258968153245356,BH_from_pvalue
aminoglycoside,kanamycin,kanamycin_vs_control,not_regulated,b1782,b1782,1035.137457103375,1.0008397274460101,2.0011644482767093,0.03290462652296184,0.04734645236733281,1.3258249542796883,BH_from_pvalue
aminoglycoside,kanamycin,kanamycin_vs_control,not_regulated,b0921,b0921,464.41768847519205,0.5247952213968929,1.4387293498106424,0.0007177881621382793,0.0030145762402408777,1.3228900067405567,BH_from_pvalue
aminoglycoside,kanamycin,kanamycin_vs_control,not_regulated,b0061,b0061,32.803499225959975,-0.7102875936469975,0.6111982875463352,0.0068860691436588226,0.01382130254715635,1.3207449949422048,BH_from_pvalue
aminoglycoside,kanamycin,kanamycin_vs_control,not_regulated,b0005,b0005,192.9525915387968,1.2449900784291152,2.3701692419151623,0.0674611526421057,0.08724561948941674,1.31876367027828,BH_from_pvalue
aminoglycoside,kanamycin,kanamycin_vs_control,not_regulated,b0579,b0579,117.08387827180418,-0.773929482738346,0.5848224167693522,0.011218471499441773,0.01987041169770634,1.3170678803822657,BH_from_pvalue
aminoglycoside,kanamycin,kanamycin_vs_control,not_regulated,b1861,b1861,730.7296519675009,0.8418915677724765,1.79239867830056,0.01677908929583494,0.027434512414636698,1.3147843799469607,BH_from_pvalue
aminoglycoside,kanamycin,kanamycin_vs_control,not_regulated,b4163,b4163,175.97390039843617,-1.2809226337065684,0.41153224096947855,0.07360843460565239,0.09411334248329291,1.3146734107118048,BH_from_pvalue
aminoglycoside,kanamycin,kanamycin_vs_control,not_regulated,b3504,b3504,5.4747249936315106,1.770263007396464,3.411161374781826,0.15173013722672235,0.18165615045137,1.3113221339469538,BH_from_pvalue
aminoglycoside,kanamycin,kanamycin_vs_control,not_regulated,b3125,b3125,120.12675187096015,-0.7201114986563582,0.6070505244973158,0.007895980078495951,0.015262620710388823,1.3079895624507363,BH_from_pvalue
aminoglycoside,kanamycin,kanamycin_vs_control,not_regulated,b3154,b3154,224.0222998474164,0.6810902382759343,1.6033509427090502,0.005706929855495193,0.012015084925671554,1.3078793007929579,BH_from_pvalue
aminoglycoside,kanamycin,kanamycin_vs_control,not_regulated,b2554,b2554,322.42831464128903,0.7824860917982663,1.7200924310384864,0.012251476378599444,0.02130979920763353,1.307863406239927,BH_from_pvalue
aminoglycoside,kanamycin,kanamycin_vs_control,not_regulated,b3383,b3383,215.7034773258348,-1.013168001705714,0.4954570823405901,0.03626269065689068,0.051243978188719536,1.3073485876465991,BH_from_pvalue
aminoglycoside,kanamycin,kanamycin_vs_control,not_regulated,b4444,b4444,2.261569980519109,-1.3756422132196855,0.3853811164212377,0.09013809838680607,0.11299921029650327,1.3026294409485981,BH_from_pvalue
aminoglycoside,kanamycin,kanamycin_vs_control,not_regulated,b1348,b1348,0.5872683831795779,1.079252008427601,2.112940304623628,0.045703677877692715,0.062276626202321064,1.3012270822679763,BH_from_pvalue
aminoglycoside,kanamycin,kanamycin_vs_control,not_regulated,b3466,b3466,34.42732432166727,-0.8591197187678201,0.5512888321859652,0.019294548385994897,0.030710148138784518,1.2996059388649397,BH_from_pvalue
aminoglycoside,kanamycin,kanamycin_vs_control,not_regulated,b1958,b1958,436.58949660380625,-0.8378296386313906,0.5594846136388768,0.01736645139928792,0.028169599132346578,1.2988197037348075,BH_from_pvalue
aminoglycoside,kanamycin,kanamycin_vs_control,not_regulated,b2991,b2991,21.827923753089305,0.8664825720328677,1.8232123118551464,0.02014123819013592,0.03183249802502859,1.297236428502585,BH_from_pvalue
aminoglycoside,kanamycin,kanamycin_vs_control,not_regulated,b1760,b1760,103.17864910643057,0.6288450040182205,1.5463265363518712,0.0035726624652623216,0.008742819309950836,1.2943821689878041,BH_from_pvalue
aminoglycoside,kanamycin,kanamycin_vs_control,not_regulated,b0053,b0053,3873.1430419409585,-0.7303734893592164,0.6027478524150912,0.009143065685052462,0.017012245386461948,1.2922047956717257,BH_from_pvalue
aminoglycoside,kanamycin,kanamycin_vs_control,not_regulated,b1551,b1551,27.57195041630929,-1.057272147085861,0.4805398075828685,0.043897036637207225,0.06027132808124484,1.2897549146384848,BH_from_pvalue
aminoglycoside,kanamycin,kanamycin_vs_control,not_regulated,b0917,b0917,24.086577549457232,-1.1472270838044998,0.45149218348474773,0.05771334363970974,0.07592706045376262,1.284439359293214,BH_from_pvalue
aminoglycoside,kanamycin,kanamycin_vs_control,not_regulated,b4611,b4611,16.15991639156939,0.9976689538169512,1.9967710930896285,0.03728077134247499,0.05241091768244318,1.2775931489964927,BH_from_pvalue
aminoglycoside,kanamycin,kanamycin_vs_control,not_regulated,b3031,b3031,521.9301558475263,-0.8396047015982049,0.5587966583310395,0.018796562817871607,0.030120035466614355,1.2771600917136121,BH_from_pvalue
aminoglycoside,kanamycin,kanamycin_vs_control,not_regulated,b3823,b3823,536.8902623166881,-0.6317704915254208,0.6453839067659953,0.004111284565935097,0.009601535813902422,1.2746976037870064,BH_from_pvalue
aminoglycoside,kanamycin,kanamycin_vs_control,not_regulated,b3121,b3121,2.5302964303878146,1.5993695037306943,3.0301086052158706,0.1314058578036635,0.1596174853904614,1.2745688017454835,BH_from_pvalue
aminoglycoside,kanamycin,kanamycin_vs_control,not_regulated,b3164,b3164,11058.523303075495,-0.5579604773310596,0.6792617504132691,0.0016841013387404716,0.005238862187836563,1.2725756265772268,BH_from_pvalue
aminoglycoside,kanamycin,kanamycin_vs_control,not_regulated,b3242,b3242,10.262944063013633,1.7077470606962177,3.2665032172834296,0.1507825871109769,0.18076228060372443,1.2686719504549762,BH_from_pvalue
aminoglycoside,kanamycin,kanamycin_vs_control,not_regulated,b4603,b4603,0.9419666767239532,1.3724385177998981,2.589078158780265,0.09558975870763008,0.11916927235779382,1.2679077158573626,BH_from_pvalue
aminoglycoside,kanamycin,kanamycin_vs_control,not_regulated,b0240,b0240,2003.6500156234124,0.6021356842669423,1.5179620093235229,0.003050319369982126,0.007840192300674058,1.2679010243104432,BH_from_pvalue
aminoglycoside,kanamycin,kanamycin_vs_control,not_regulated,b1633,b1633,71.9744432876057,-0.909635287822872,0.5323196442079242,0.027232090421741274,0.04056517876289509,1.266072787899594,BH_from_pvalue
aminoglycoside,kanamycin,kanamycin_vs_control,not_regulated,b2997,b2997,641.3029961992949,-0.8890069415278798,0.5399856817688243,0.024896875881894338,0.0376711318197309,1.2659381782293695,BH_from_pvalue
aminoglycoside,kanamycin,kanamycin_vs_control,not_regulated,b1847,b1847,2452.3741257612983,0.8088197109360227,1.7517777023026389,0.016912660608612632,0.027577585725951353,1.2613088485286534,BH_from_pvalue
aminoglycoside,kanamycin,kanamycin_vs_control,not_regulated,b1380,b1380,348.7278654269116,-1.0339104546243076,0.4883845766551962,0.04438187127561234,0.060788567904294856,1.2574192397445239,BH_from_pvalue
aminoglycoside,kanamycin,kanamycin_vs_control,not_regulated,b4058,b4058,4917.323582546179,-0.6214660781144801,0.6500100466295825,0.004048497454672813,0.009484448724540788,1.2572183606590221,BH_from_pvalue
aminoglycoside,kanamycin,kanamycin_vs_control,not_regulated,b1767,b1767,169.04112336656763,-0.7407568753202565,0.5984253204632871,0.011449997648153057,0.020181069522489204,1.2556242538117077,BH_from_pvalue
aminoglycoside,kanamycin,kanamycin_vs_control,not_regulated,b0136,b0136,6.681319784009918,1.0008707173470874,2.001207434876515,0.040053415869560086,0.055702603848509724,1.2552164909802053,BH_from_pvalue
aminoglycoside,kanamycin,kanamycin_vs_control,not_regulated,b0215,b0215,530.6224427433738,-0.6210423536281127,0.6502009848500339,0.004085841757364852,0.009552035459785396,1.2544459802144037,BH_from_pvalue
aminoglycoside,kanamycin,kanamycin_vs_control,not_regulated,b3986,b3986,5988.741122634147,-0.5841780337496836,0.6670292659526199,0.0026660908400857122,0.007125287942017102,1.2543456606884351,BH_from_pvalue
aminoglycoside,kanamycin,kanamycin_vs_control,not_regulated,b4099,b4099,8.575691433273809,0.998593068565707,1.9980505296127096,0.039960515123215704,0.055596163632608796,1.2531895396312902,BH_from_pvalue
aminoglycoside,kanamycin,kanamycin_vs_control,not_regulated,b3654,b3654,258.2120036054567,0.7679987456368371,1.7029059348915647,0.013835340719061185,0.02336012107895541,1.2530090847710518,BH_from_pvalue
aminoglycoside,kanamycin,kanamycin_vs_control,not_regulated,b3196,b3196,517.8162216284016,0.6229865960797376,1.5400600398779605,0.00422765286254767,0.009776854794724637,1.2520789809223052,BH_from_pvalue
aminoglycoside,kanamycin,kanamycin_vs_control,not_regulated,b4451,b4451,3.7394095467323685,1.5732255117843972,2.9756926275350644,0.13180565383692622,0.16001668851781217,1.2520274868487717,BH_from_pvalue
aminoglycoside,kanamycin,kanamycin_vs_control,not_regulated,b1420,b1420,5.055386205738597,1.6599110814170408,3.1599704808892075,0.14651675035558445,0.1762118564436949,1.251514648298276,BH_from_pvalue
aminoglycoside,kanamycin,kanamycin_vs_control,not_regulated,b1337,b1337,50.073327305428734,0.7579370034004818,1.691070730991442,0.01300748661789623,0.022339700193698832,1.2512953734325032,BH_from_pvalue
aminoglycoside,kanamycin,kanamycin_vs_control,not_regulated,b0335,b0335,6482.580462523373,-3.0117400695878933,0.1239869280588551,0.34578936825690426,0.38422939190206407,1.2511051850676518,BH_from_pvalue
aminoglycoside,kanamycin,kanamycin_vs_control,not_regulated,b0964,b0964,111.35047651789726,-0.7012692149977013,0.6150308934475961,0.008817083602974582,0.01654536589327479,1.2491874195800405,BH_from_pvalue
aminoglycoside,kanamycin,kanamycin_vs_control,not_regulated,b2896,b2896,491.3024200672419,-0.6977312936781388,0.616540984664746,0.00864351868172617,0.016335523962354753,1.2467529753682662,BH_from_pvalue
aminoglycoside,kanamycin,kanamycin_vs_control,not_regulated,b0131,b0131,1090.586571003708,-0.6023320900421556,0.6586883367408021,0.00347128296231179,0.00858791228437881,1.244485800172373,BH_from_pvalue
aminoglycoside,kanamycin,kanamycin_vs_control,not_regulated,b2524,b2524,296.42282168057335,0.7432814612780358,1.6739790369306844,0.01217366971582967,0.021214976353870478,1.243775569160211,BH_from_pvalue
aminoglycoside,kanamycin,kanamycin_vs_control,not_regulated,b0822,b0822,123.6793330742746,0.921612542093345,1.894231347963952,0.03072039457340414,0.044733031657873686,1.243597852915186,BH_from_pvalue
aminoglycoside,kanamycin,kanamycin_vs_control,not_regulated,b2248,b2248,32.601052210072105,-0.8075797001488834,0.5713395473352216,0.01787697272216576,0.028883126186889936,1.2431524972991133,BH_from_pvalue
aminoglycoside,kanamycin,kanamycin_vs_control,not_regulated,b0265,b0265,2.0000798201739203,1.2320338715893864,2.3489790911032267,0.07717946196657433,0.09823237688897887,1.241576401907135,BH_from_pvalue
aminoglycoside,kanamycin,kanamycin_vs_control,not_regulated,b0580,b0580,96.04927421037416,-0.9618385909879672,0.5134022091896154,0.0363056854810932,0.05124994602630393,1.2410666702054949,BH_from_pvalue
aminoglycoside,kanamycin,kanamycin_vs_control,not_regulated,b3172,b3172,592.9845848942123,-0.6894617551396287,0.6200851499903729,0.008293598786502415,0.015847326823146924,1.241061485519802,BH_from_pvalue
aminoglycoside,kanamycin,kanamycin_vs_control,not_regulated,b0093,b0093,1161.8943909392733,-0.8010475447367895,0.5739322923900247,0.01742013864510698,0.028236318423672507,1.2409763911862286,BH_from_pvalue
aminoglycoside,kanamycin,kanamycin_vs_control,not_regulated,b0181,b0181,1711.5839269381056,-0.5485099807388067,0.6837259177835513,0.0017864976320568584,0.00547466064369827,1.240533646552961,BH_from_pvalue
aminoglycoside,kanamycin,kanamycin_vs_control,not_regulated,b4224,b4224,57.92224856173501,1.0868816006934106,2.1241440412749695,0.054754876531532555,0.07262973595954982,1.237833732943586,BH_from_pvalue
aminoglycoside,kanamycin,kanamycin_vs_control,not_regulated,b1117,b1117,315.18382090971824,-0.5063987984137306,0.7039774888790457,0.0009560256422983628,0.003607553136793654,1.2370245349287898,BH_from_pvalue
aminoglycoside,kanamycin,kanamycin_vs_control,not_regulated,b0196,b0196,136.46970155102596,-0.6235241638713704,0.6490834317679649,0.004659919037397242,0.010386677814773435,1.2367747318353601,BH_from_pvalue
aminoglycoside,kanamycin,kanamycin_vs_control,not_regulated,b4218,b4218,503.5187942563304,-0.6541864015004784,0.6354337389747875,0.006306094158032789,0.012934250580406514,1.2352731833840909,BH_from_pvalue
aminoglycoside,kanamycin,kanamycin_vs_control,not_regulated,b3674,b3674,222.22776697608072,-1.1679045611058223,0.44506730827925045,0.06805550169851415,0.08783748827544238,1.2336810527622715,BH_from_pvalue
aminoglycoside,kanamycin,kanamycin_vs_control,not_regulated,b2043,b2043,38.20668305520632,1.1965936914188893,2.291978786790878,0.07292659183222977,0.09332114084249488,1.2325153869315224,BH_from_pvalue
aminoglycoside,kanamycin,kanamycin_vs_control,not_regulated,b3229,b3229,2040.7864954128502,-0.677217830481684,0.6253701091804221,0.007799502578733708,0.01515848513318691,1.2320923305726152,BH_from_pvalue
aminoglycoside,kanamycin,kanamycin_vs_control,not_regulated,b4586,b4586,2.838381375259809,1.4054953066168552,2.649087150306487,0.1079695202499291,0.13309040890221463,1.2310076189842405,BH_from_pvalue
aminoglycoside,kanamycin,kanamycin_vs_control,not_regulated,b4428,b4428,2.8665613792400784,1.4206787450126153,2.677114315825167,0.11051061504095466,0.13599910983699426,1.2309668946859702,BH_from_pvalue
aminoglycoside,kanamycin,kanamycin_vs_control,not_regulated,b2359,b2359,6.749916600701174,-0.769341182323473,0.5866853277752223,0.015090262281935215,0.025148573450961317,1.230550946727538,BH_from_pvalue
aminoglycoside,kanamycin,kanamycin_vs_control,not_regulated,b0308,b0308,66.02801315844306,1.0895462267473226,2.128070913973092,0.05634424130946078,0.07429973538843582,1.2301115631199733,BH_from_pvalue
aminoglycoside,kanamycin,kanamycin_vs_control,not_regulated,b0801,b0801,806.6207177179227,-0.6883566573283453,0.6205603143464293,0.008687072259827152,0.016383417620420348,1.2291265485152285,BH_from_pvalue
aminoglycoside,kanamycin,kanamycin_vs_control,not_regulated,b1804,b1804,629.6088950508737,0.8286112545828175,1.775974976912313,0.021096489280379608,0.03305190135254179,1.2270104891119091,BH_from_pvalue
aminoglycoside,kanamycin,kanamycin_vs_control,not_regulated,b0448,b0448,812.4268980040505,0.7401977833735138,1.6704048239482598,0.012827327288291487,0.022106252161967477,1.2253862388564953,BH_from_pvalue
aminoglycoside,kanamycin,kanamycin_vs_control,not_regulated,b2796,b2796,1204.1068443079635,-0.665812156998669,0.6303337616989519,0.0073111372963788,0.014442466209535283,1.225333155674244,BH_from_pvalue
aminoglycoside,kanamycin,kanamycin_vs_control,not_regulated,b1900,b1900,174.04847600610103,-0.5717730225125353,0.6727894450945296,0.002783147578216688,0.0073611285763846,1.2196236455448173,BH_from_pvalue
aminoglycoside,kanamycin,kanamycin_vs_control,not_regulated,b1214,b1214,492.0007806261936,-0.6774493201979723,0.6252697725664539,0.008287006972696857,0.015841460842834873,1.2195474988843662,BH_from_pvalue
aminoglycoside,kanamycin,kanamycin_vs_control,not_regulated,b3583,b3583,43.44790154294571,0.7125638226951647,1.6387136997533467,0.011039163935266029,0.01963091647293706,1.2163887893098109,BH_from_pvalue
aminoglycoside,kanamycin,kanamycin_vs_control,not_regulated,b0226,b0226,643.1053188484503,0.6972424145208151,1.6214026594556057,0.009870308226928191,0.01804008387026534,1.2158244421483952,BH_from_pvalue
aminoglycoside,kanamycin,kanamycin_vs_control,not_regulated,b1463,b1463,141.5317657307861,0.45407511944157264,1.3699043074218906,0.0003980040699808991,0.002113603667974125,1.2146402492430213,BH_from_pvalue
aminoglycoside,kanamycin,kanamycin_vs_control,not_regulated,b2434,b2434,183.87420547425404,0.5503423685839302,1.4644331820144543,0.002214388655087045,0.006260414940654636,1.2126226582949933,BH_from_pvalue
aminoglycoside,kanamycin,kanamycin_vs_control,not_regulated,b2832,b2832,254.0959662678156,1.0638008328667565,2.090431591941037,0.05482493270108603,0.07267979584128646,1.21122905561624,BH_from_pvalue
aminoglycoside,kanamycin,kanamycin_vs_control,not_regulated,b0774,b0774,122.22022669078844,0.7929366825555917,1.7325976703511787,0.01849249414163055,0.029717484333352702,1.210804765382522,BH_from_pvalue
aminoglycoside,kanamycin,kanamycin_vs_control,not_regulated,b0333,b0333,1697.8739786280819,-2.8864668880209132,0.1352343086702822,0.34276849771430407,0.38129885828950577,1.2086632550300038,BH_from_pvalue
aminoglycoside,kanamycin,kanamycin_vs_control,not_regulated,b1122,b1122,5.358877523583478,1.2365030208097831,2.3562669895991744,0.0838109623341247,0.10568592895399297,1.206805718665174,BH_from_pvalue
aminoglycoside,kanamycin,kanamycin_vs_control,not_regulated,b0344,b0344,131.52353259764848,1.023591274889391,2.032973310115903,0.04931819983636246,0.06643703589816063,1.2053705954694562,BH_from_pvalue
aminoglycoside,kanamycin,kanamycin_vs_control,not_regulated,b3330,b3330,1.2918778104131938,1.203533813812678,2.3030309730578353,0.07848550982876981,0.09969721073420125,1.2051188581401595,BH_from_pvalue
aminoglycoside,kanamycin,kanamycin_vs_control,not_regulated,b3304,b3304,2457.9721042455253,-0.6533338963828452,0.6358093350516134,0.007300755635746076,0.014434636856960814,1.2025225395250039,BH_from_pvalue
aminoglycoside,kanamycin,kanamycin_vs_control,not_regulated,b4401,b4401,8454.96059903019,-0.893670690640235,0.5382429076186942,0.03164868101294541,0.04583652944613424,1.1964358403665198,BH_from_pvalue
aminoglycoside,kanamycin,kanamycin_vs_control,not_regulated,b0150,b0150,1159.2421742247177,-0.5957779728983397,0.6616875441506598,0.004277180108559473,0.009830738951609868,1.1959729460580608,BH_from_pvalue
aminoglycoside,kanamycin,kanamycin_vs_control,not_regulated,b4125,b4125,554.8586266727424,-0.7139909961199216,0.6096313517441352,0.012342770850781478,0.02145200281561634,1.1913169351973596,BH_from_pvalue
aminoglycoside,kanamycin,kanamycin_vs_control,not_regulated,b0784,b0784,15.548264421494572,-0.9077002928158002,0.533034089668801,0.034369504295048474,0.049171129236363874,1.187535050735571,BH_from_pvalue
aminoglycoside,kanamycin,kanamycin_vs_control,not_regulated,b3934,b3934,628.3189502333103,-0.8842518828943078,0.5417683867829546,0.031885260235680474,0.04610471214814151,1.1815857213466272,BH_from_pvalue
aminoglycoside,kanamycin,kanamycin_vs_control,not_regulated,b2151,b2151,445.31100686917836,0.8528769136713521,1.8060989228937276,0.027869396980832746,0.04134450779016678,1.1800252943852756,BH_from_pvalue
aminoglycoside,kanamycin,kanamycin_vs_control,not_regulated,b4408,b4408,50187.565441712475,-0.7618896533464365,0.5897234002678833,0.01749555909118102,0.028327942689752417,1.1792413503396457,BH_from_pvalue
aminoglycoside,kanamycin,kanamycin_vs_control,not_regulated,b1699,b1699,43.056427817456274,0.7959492840759346,1.7362194197666796,0.02128161098878015,0.033237738273448995,1.176706378064597,BH_from_pvalue
aminoglycoside,kanamycin,kanamycin_vs_control,not_regulated,b3270,b3270,35.267391014550796,0.9867266279460276,1.9816835875357832,0.04753470461611821,0.0644591803929152,1.174910414763553,BH_from_pvalue
aminoglycoside,kanamycin,kanamycin_vs_control,not_regulated,b2273,b2273,9.566120797377232,1.028656037854275,2.040122861778612,0.054375223134650694,0.07229670519055832,1.1735746378422964,BH_from_pvalue
aminoglycoside,kanamycin,kanamycin_vs_control,not_regulated,b4620,b4620,19.044491363365047,0.8837616339267709,1.845180094351536,0.03297159519332768,0.04742764156686533,1.1700725391648408,BH_from_pvalue
aminoglycoside,kanamycin,kanamycin_vs_control,not_regulated,b0198,b0198,381.61419040453467,-0.9200103972809757,0.5285052114112997,0.03843822759903057,0.05376092902376849,1.1679837758925438,BH_from_pvalue
aminoglycoside,kanamycin,kanamycin_vs_control,not_regulated,b0813,b0813,159.7637240483707,0.8832700283861019,1.844551447132126,0.03339668827115927,0.047931813606788255,1.1653653990394608,BH_from_pvalue
aminoglycoside,kanamycin,kanamycin_vs_control,not_regulated,b2825,b2825,81.85892938884943,-0.8670812969119446,0.5482548988622636,0.03120818258640216,0.04532593002054792,1.1650566252107408,BH_from_pvalue
aminoglycoside,kanamycin,kanamycin_vs_control,not_regulated,b2435,b2435,751.9790732080404,0.6393523239138812,1.557629728060202,0.007786606222096444,0.015148855876725693,1.1633783818902923,BH_from_pvalue
aminoglycoside,kanamycin,kanamycin_vs_control,not_regulated,b4536,b4536,125.0838257561448,0.4782779267379835,1.3930798234782218,0.0010147946279517675,0.003745792542744494,1.160520478580585,BH_from_pvalue
aminoglycoside,kanamycin,kanamycin_vs_control,not_regulated,b0449,b0449,706.6280892242952,0.8107365489124021,1.7541067501194434,0.024319586845329713,0.03706862135896071,1.1601587850308446,BH_from_pvalue
aminoglycoside,kanamycin,kanamycin_vs_control,not_regulated,b0936,b0936,18.185063546833174,1.0142187291424127,2.019808798198955,0.054622905374065826,0.07255084491414149,1.1555577415322524,BH_from_pvalue
aminoglycoside,kanamycin,kanamycin_vs_control,not_regulated,b2840,b2840,245.08053793682586,0.5791374559753395,1.4939557902888074,0.004491867112497437,0.010150948242002801,1.1545066884275355,BH_from_pvalue
aminoglycoside,kanamycin,kanamycin_vs_control,not_regulated,b2683,b2683,35.2284790178367,-0.882559984698112,0.5424041099362712,0.03453533709388745,0.04934559918942368,1.1532866483997584,BH_from_pvalue
aminoglycoside,kanamycin,kanamycin_vs_control,not_regulated,b2531,b2531,1645.28421624432,0.9158721316448428,1.8867092723375125,0.039531982976847825,0.055102218602374194,1.152928153158993,BH_from_pvalue
aminoglycoside,kanamycin,kanamycin_vs_control,not_regulated,b0285,b0285,81.53696012391917,-0.9752595997989548,0.5086483111971701,0.048939062917249324,0.06598882839346217,1.1513228079873532,BH_from_pvalue
aminoglycoside,kanamycin,kanamycin_vs_control,not_regulated,b1189,b1189,5295.245397176165,-0.6994912682600152,0.6157893116958846,0.013357378708064688,0.022749522691736072,1.1492835372515384,BH_from_pvalue
aminoglycoside,kanamycin,kanamycin_vs_control,not_regulated,b1838,b1838,147.41848383577374,-0.8482530672308686,0.5554569215066871,0.030242829942733026,0.04418065900695458,1.1491859505563715,BH_from_pvalue
aminoglycoside,kanamycin,kanamycin_vs_control,not_regulated,b3405,b3405,939.4226560178773,-0.693089048190048,0.6185280604474378,0.013083661779956533,0.022436183450921316,1.142939200212678,BH_from_pvalue
aminoglycoside,kanamycin,kanamycin_vs_control,not_regulated,b2712,b2712,367.3879569827209,0.784720644128047,1.7227587012004333,0.0229216765724285,0.035272562854185216,1.1398561604155357,BH_from_pvalue
aminoglycoside,kanamycin,kanamycin_vs_control,not_regulated,b0018,b0018,1.7832772669513979,-1.7476915718144024,0.2977778663136521,0.19121800119891796,0.22357644122504108,1.1370026284899377,BH_from_pvalue
aminoglycoside,kanamycin,kanamycin_vs_control,not_regulated,b3737,b3737,903.2697720031757,-0.7552885281480481,0.5924278925034352,0.019867124499306586,0.03145453220622352,1.1346826214859502,BH_from_pvalue
aminoglycoside,kanamycin,kanamycin_vs_control,not_regulated,b0463,b0463,989.5028324406699,0.5899414634813205,1.5051856741320102,0.005667867053183736,0.011951350582559857,1.1342114368025213,BH_from_pvalue
aminoglycoside,kanamycin,kanamycin_vs_control,not_regulated,b0276,b0276,229.40872334476708,0.7945481766690445,1.7345340677349652,0.02463285702099311,0.03738144091782288,1.1340935426223098,BH_from_pvalue
aminoglycoside,kanamycin,kanamycin_vs_control,not_regulated,b4076,b4076,13.127009206199775,1.657752780338567,3.155246635244725,0.1758186281817328,0.20745860166879174,1.1323587940605055,BH_from_pvalue
aminoglycoside,kanamycin,kanamycin_vs_control,not_regulated,b4066,b4066,13.661107839733269,1.8093829410194786,3.5049234643740648,0.20529360517538203,0.2384303402901148,1.1265914466477314,BH_from_pvalue
aminoglycoside,kanamycin,kanamycin_vs_control,not_regulated,b4364,b4364,79.19842228997435,0.8038157429251953,1.7457122104281146,0.026540237439744308,0.03968683111834106,1.1264300665162361,BH_from_pvalue
aminoglycoside,kanamycin,kanamycin_vs_control,not_regulated,b3579,b3579,11.86083772509357,0.9580286289540245,1.94265354087065,0.04971848596689743,0.0668961261977579,1.1252994987682392,BH_from_pvalue
aminoglycoside,kanamycin,kanamycin_vs_control,not_regulated,b3739,b3739,511.6622173632814,0.5931999893750426,1.508589185950592,0.006156847414793637,0.012704184747352654,1.1247387376524591,BH_from_pvalue
aminoglycoside,kanamycin,kanamycin_vs_control,not_regulated,b4694,b4694,33.14457647550814,0.8301691772391901,1.7778938343436754,0.030358765561602767,0.04432349754366582,1.123522719613319,BH_from_pvalue
aminoglycoside,kanamycin,kanamycin_vs_control,not_regulated,b2255,b2255,290.8246434673945,0.8230114812617142,1.769094949425893,0.02955173573224037,0.04326943597773997,1.122438502650421,BH_from_pvalue
aminoglycoside,kanamycin,kanamycin_vs_control,not_regulated,b4615,b4615,2.5085821623506064,1.547130827231086,2.922353751497115,0.15902976099419205,0.1891869518518582,1.1187439468917157,BH_from_pvalue
aminoglycoside,kanamycin,kanamycin_vs_control,not_regulated,b3937,b3937,307.4808581953934,0.8518839141311823,1.8048562220611437,0.03397637050189733,0.04867060971895993,1.1182963078001653,BH_from_pvalue
aminoglycoside,kanamycin,kanamycin_vs_control,not_regulated,b2058,b2058,8.550066262371507,1.511815100755479,2.8516859324222508,0.15246984342062772,0.18235145650027496,1.1173685770660422,BH_from_pvalue
aminoglycoside,kanamycin,kanamycin_vs_control,not_regulated,b0369,b0369,1125.5438633269835,-0.5517699707695947,0.6821826787805514,0.0040344783433935135,0.009456531312446078,1.116930369716773,BH_from_pvalue
aminoglycoside,kanamycin,kanamycin_vs_control,not_regulated,b0496,b0496,826.5251999684151,0.8105590090613806,1.7538909008367132,0.02890142186182348,0.04247052551539817,1.1120159272299213,BH_from_pvalue
aminoglycoside,kanamycin,kanamycin_vs_control,not_regulated,b4049,b4049,502.3814824298861,0.8683324290780394,1.8255515763804822,0.03735286021627515,0.05248771173158564,1.1114154589192964,BH_from_pvalue
aminoglycoside,kanamycin,kanamycin_vs_control,not_regulated,b2419,b2419,43.23198867135648,0.7131052484957392,1.6393288043721264,0.017359262744273466,0.02816809661751156,1.1054860619722802,BH_from_pvalue
aminoglycoside,kanamycin,kanamycin_vs_control,not_regulated,b4660,b4660,17.87830108890999,-1.1758896326885018,0.44261074106634857,0.09203857490256281,0.11506100886929616,1.104244820246051,BH_from_pvalue
aminoglycoside,kanamycin,kanamycin_vs_control,not_regulated,b0331,b0331,1267.528298504137,-2.464237675308393,0.1812134978195716,0.31889914698899285,0.3570844817417202,1.1020786081283245,BH_from_pvalue
aminoglycoside,kanamycin,kanamycin_vs_control,not_regulated,b2130,b2130,215.43099560187974,-0.8255474182137696,0.564268055121471,0.03202756649412488,0.04627690141039953,1.1018050795531962,BH_from_pvalue
aminoglycoside,kanamycin,kanamycin_vs_control,not_regulated,b3399,b3399,271.856414732464,-0.5710127491860941,0.6731440859958178,0.005541701881347281,0.011780044925472624,1.1013996847294139,BH_from_pvalue
aminoglycoside,kanamycin,kanamycin_vs_control,not_regulated,b4141,b4141,159.93328332274106,0.8849934338553505,1.8467562162895061,0.041409912274206456,0.05731131858750174,1.0989490919110485,BH_from_pvalue
aminoglycoside,kanamycin,kanamycin_vs_control,not_regulated,b4222,b4222,394.78840185013684,0.5760638487757355,1.490776362030469,0.005976839699423993,0.012429032991537225,1.0977257595376495,BH_from_pvalue
aminoglycoside,kanamycin,kanamycin_vs_control,not_regulated,b3248,b3248,184.91185283874265,-0.6361825865176192,0.6434131885555687,0.010594379047601145,0.018991772859521968,1.0951466479559187,BH_from_pvalue
aminoglycoside,kanamycin,kanamycin_vs_control,not_regulated,b1177,b1177,93.57441771547713,0.6296172224146304,1.5471544462007762,0.01000727446050382,0.0182311545254541,1.0950213502130406,BH_from_pvalue
aminoglycoside,kanamycin,kanamycin_vs_control,not_regulated,b1974,b1974,42.87608577724003,-0.7213295090881777,0.6065382320045629,0.019007630304620327,0.0303824879567101,1.094528565280578,BH_from_pvalue
aminoglycoside,kanamycin,kanamycin_vs_control,not_regulated,b3964,b3964,908.8228239396318,0.6297699825452767,1.547318275715484,0.01004723010431952,0.018286704247373966,1.094454932948903,BH_from_pvalue
aminoglycoside,kanamycin,kanamycin_vs_control,not_regulated,b2195,b2195,87.63840618962782,-0.8943047170043892,0.5380064160472654,0.04358317090943703,0.059931856542539824,1.0931464567036977,BH_from_pvalue
aminoglycoside,kanamycin,kanamycin_vs_control,not_regulated,b3635,b3635,180.76279137655044,0.6829607397716853,1.605431088054112,0.015128248546851231,0.025193210649291687,1.091860591251574,BH_from_pvalue
aminoglycoside,kanamycin,kanamycin_vs_control,not_regulated,b2206,b2206,682.8106526932261,-1.861315495520726,0.2752252053655244,0.22455859208733703,0.25912379353741455,1.0916479634348144,BH_from_pvalue
aminoglycoside,kanamycin,kanamycin_vs_control,not_regulated,b3479,b3479,45.93490460381401,-1.0633446869748182,0.4785213876810333,0.0736661467394493,0.09416036602274594,1.0911318635507135,BH_from_pvalue
aminoglycoside,kanamycin,kanamycin_vs_control,not_regulated,b3996,b3996,501.28877962473683,-0.8542633382091047,0.5531477000988209,0.03763686847056489,0.052820790758377804,1.0910609508970317,BH_from_pvalue
aminoglycoside,kanamycin,kanamycin_vs_control,not_regulated,b2264,b2264,603.4573522199545,-0.756376910921654,0.5919811278452861,0.023663351844281512,0.03622796344301506,1.0899059079347118,BH_from_pvalue
aminoglycoside,kanamycin,kanamycin_vs_control,not_regulated,b3792,b3792,270.15011945427267,0.5057492867646758,1.419860592064323,0.002623796043664645,0.007047071799564305,1.088368066940572,BH_from_pvalue
aminoglycoside,kanamycin,kanamycin_vs_control,not_regulated,b4524,b4524,11.0952010827744,1.2676152986391394,2.407632670378328,0.11295766490537812,0.13866909845643852,1.087639668914498,BH_from_pvalue
aminoglycoside,kanamycin,kanamycin_vs_control,not_regulated,b0107,b0107,170.38401215323117,0.8511749060093337,1.803969448839157,0.03788981182888779,0.05314261727668764,1.08487098606653,BH_from_pvalue
aminoglycoside,kanamycin,kanamycin_vs_control,not_regulated,b4279,b4279,34.46401813174534,-0.6947451520103867,0.6178184448018109,0.01683571530964849,0.027507100422375193,1.0841881506366735,BH_from_pvalue
aminoglycoside,kanamycin,kanamycin_vs_control,not_regulated,b0176,b0176,2702.917984907215,0.5150245089081498,1.429018416100696,0.0031985396962840094,0.008114513002755485,1.0767810745332262,BH_from_pvalue
aminoglycoside,kanamycin,kanamycin_vs_control,not_regulated,b1736,b1736,38.941681026519454,0.7785656195330892,1.7154244866281947,0.02800061706709594,0.04149811386088881,1.0759556076659993,BH_from_pvalue
aminoglycoside,kanamycin,kanamycin_vs_control,not_regulated,b1269,b1269,719.4420484172175,0.5664623986631749,1.480887861801483,0.006097936281742763,0.012633154615204648,1.0754221731283868,BH_from_pvalue
aminoglycoside,kanamycin,kanamycin_vs_control,not_regulated,b1347,b1347,1.4023612874482891,1.2219394728545008,2.332600875073166,0.10770305588807674,0.13283475332727424,1.0712600225242253,BH_from_pvalue
aminoglycoside,kanamycin,kanamycin_vs_control,not_regulated,b0967,b0967,569.209260372213,0.7080500075341227,1.6335946058444895,0.019823732987740053,0.03140794328244268,1.064171194769867,BH_from_pvalue
aminoglycoside,kanamycin,kanamycin_vs_control,not_regulated,b4211,b4211,125.7027602874487,-0.5889104788388337,0.6648448073224291,0.00816190072995387,0.015635532147926963,1.0635059741017894,BH_from_pvalue
aminoglycoside,kanamycin,kanamycin_vs_control,not_regulated,b0058,b0058,340.3791962218011,-0.811946980485871,0.5696126216763645,0.034651199593891395,0.049479712943912214,1.0600559159788174,BH_from_pvalue
aminoglycoside,kanamycin,kanamycin_vs_control,not_regulated,b1590,b1590,175.97924701299405,0.48744159320890645,1.4019565070006563,0.0024612821914418723,0.006709604422488208,1.0593583176615424,BH_from_pvalue
aminoglycoside,kanamycin,kanamycin_vs_control,not_regulated,b2289,b2289,717.3830984065793,0.5979784777851833,1.5135942129080568,0.00914762178249991,0.017012245386461948,1.057966462310153,BH_from_pvalue
aminoglycoside,kanamycin,kanamycin_vs_control,not_regulated,b1397,b1397,746.0772806933496,0.5845738142057613,1.4995959289908345,0.008069866976905007,0.015499986040170638,1.0578849302984188,BH_from_pvalue
aminoglycoside,kanamycin,kanamycin_vs_control,not_regulated,b3271,b3271,29.472084860459475,0.8954626690609562,1.8602063535798599,0.04919406762412033,0.06628966931494705,1.0553512425073475,BH_from_pvalue
aminoglycoside,kanamycin,kanamycin_vs_control,not_regulated,b3025,b3025,123.14272796880927,0.684407228869877,1.6070415483821339,0.017890526770483334,0.02889464610902479,1.0534277118457096,BH_from_pvalue
aminoglycoside,kanamycin,kanamycin_vs_control,not_regulated,b4190,b4190,168.32485131125085,-0.8521668326076544,0.5539521114546682,0.042846094490747846,0.059062743799995036,1.0470457819537824,BH_from_pvalue
aminoglycoside,kanamycin,kanamycin_vs_control,not_regulated,b0081,b0081,923.5935946938827,-0.5551725572198833,0.680575651394839,0.006364825714502805,0.013025016407567615,1.0466233637456441,BH_from_pvalue
aminoglycoside,kanamycin,kanamycin_vs_control,not_regulated,b0445,b0445,332.3135561599189,-0.7084500720821048,0.6119772502032774,0.02136322714731493,0.03333048758537029,1.0464929275482968,BH_from_pvalue
aminoglycoside,kanamycin,kanamycin_vs_control,not_regulated,b0661,b0661,1860.4915884825489,0.6016937353913292,1.5174970747113399,0.010054028368998625,0.018286704247373966,1.0456622180720532,BH_from_pvalue
aminoglycoside,kanamycin,kanamycin_vs_control,not_regulated,b4179,b4179,5642.3489147556165,-0.5812838795375583,0.6683687196483882,0.008366537457766134,0.01593255100975109,1.0449825648906164,BH_from_pvalue
aminoglycoside,kanamycin,kanamycin_vs_control,not_regulated,b4339,b4339,78.33413254682075,0.7049512419812105,1.6300895725793527,0.0211990686073819,0.03316640368556653,1.0428355125514577,BH_from_pvalue
aminoglycoside,kanamycin,kanamycin_vs_control,not_regulated,b3182,b3182,273.2636353764279,-0.6544612988075942,0.6353126722366649,0.01552025531311161,0.02576018760087676,1.0399723672685666,BH_from_pvalue
aminoglycoside,kanamycin,kanamycin_vs_control,not_regulated,b3857,b3857,127.18886135479562,-0.5675853293468496,0.6747451798191816,0.007495738215593714,0.014729502181625394,1.0397095781120609,BH_from_pvalue
aminoglycoside,kanamycin,kanamycin_vs_control,not_regulated,b3066,b3066,1801.0462880062423,0.5064764321867514,1.420576408872333,0.003646891462531228,0.008856631718220022,1.0396600828210252,BH_from_pvalue
aminoglycoside,kanamycin,kanamycin_vs_control,not_regulated,b2402,b2402,16.823071957039986,1.317767388728281,2.4928004323426878,0.13424972299540333,0.16276421941599034,1.0389819171263013,BH_from_pvalue
aminoglycoside,kanamycin,kanamycin_vs_control,not_regulated,b3113,b3113,28.459782772730005,0.9283229919408029,1.903062564434614,0.05783390260188478,0.07606341926996425,1.0386301876720199,BH_from_pvalue
aminoglycoside,kanamycin,kanamycin_vs_control,not_regulated,b1393,b1393,43.16717346447759,-0.8416923340169173,0.5579886439105265,0.042433580150810876,0.05852997348002064,1.03748821262521,BH_from_pvalue
aminoglycoside,kanamycin,kanamycin_vs_control,not_regulated,b3994,b3994,1365.0973804545201,-0.6740231075813323,0.6267564714098453,0.017897104383358804,0.028894894298760913,1.0374421384938184,BH_from_pvalue
aminoglycoside,kanamycin,kanamycin_vs_control,not_regulated,b1616,b1616,77.67326155410245,0.7961896083491862,1.7365086634485443,0.03503928450595727,0.04985976011002715,1.0368377704529128,BH_from_pvalue
aminoglycoside,kanamycin,kanamycin_vs_control,not_regulated,b0378,b0378,489.4245862164442,0.5286706829890466,1.4425993541064668,0.005185236870689968,0.011223866912590702,1.030832491821692,BH_from_pvalue
aminoglycoside,kanamycin,kanamycin_vs_control,not_regulated,b3754,b3754,240.38216056628133,-0.49410832387629977,0.7100003673262051,0.003282965722391757,0.00828980986298185,1.0284644539457355,BH_from_pvalue
aminoglycoside,kanamycin,kanamycin_vs_control,not_regulated,b4114,b4114,42.09071004033411,-0.5917885906210847,0.6635197939157079,0.010052143565414702,0.018286704247373966,1.0284484180246878,BH_from_pvalue
aminoglycoside,kanamycin,kanamycin_vs_control,not_regulated,b0007,b0007,202.6498756472832,-0.5335930667254019,0.6908320558964631,0.0056109980920826825,0.011876832667382544,1.0273263910712442,BH_from_pvalue
aminoglycoside,kanamycin,kanamycin_vs_control,not_regulated,b3880,b3880,45.65919088428567,-0.7927168421944684,0.5772559956948637,0.03587804145114337,0.050828167069997765,1.025692795508769,BH_from_pvalue
aminoglycoside,kanamycin,kanamycin_vs_control,not_regulated,b4093,b4093,36.76206755221025,-0.722313444637904,0.6061247065903028,0.02528065398393907,0.038056352617054194,1.0253765462025748,BH_from_pvalue
aminoglycoside,kanamycin,kanamycin_vs_control,not_regulated,b2263,b2263,30.426858980271476,-0.8712160232369719,0.5466858641148407,0.04947847999099369,0.06659862253144012,1.025015928978739,BH_from_pvalue
aminoglycoside,kanamycin,kanamycin_vs_control,not_regulated,b0555,b0555,7.298667944191725,1.3967024339415328,2.6329907151463376,0.1548803964685356,0.18483736357534442,1.0240765193422263,BH_from_pvalue
aminoglycoside,kanamycin,kanamycin_vs_control,not_regulated,b2990,b2990,58.41631376743532,0.8771897943532325,1.8367939489089309,0.050800809325637866,0.06808761631308675,1.0236207269109525,BH_from_pvalue
aminoglycoside,kanamycin,kanamycin_vs_control,not_regulated,b0613,b0613,3.3270968865272645,1.3765050537603307,2.5963863088640027,0.1508802208636723,0.1808311306807349,1.0223671967702217,BH_from_pvalue
aminoglycoside,kanamycin,kanamycin_vs_control,not_regulated,b2444,b2444,7.532142152760302,1.5426266145407006,2.9132441503583086,0.1854753501199557,0.21776771726430716,1.0212288479295923,BH_from_pvalue
aminoglycoside,kanamycin,kanamycin_vs_control,not_regulated,b4122,b4122,56.679599242434826,0.4452600723333653,1.3615595405438687,0.001655529274310115,0.005211036162244154,1.0165625461714731,BH_from_pvalue
aminoglycoside,kanamycin,kanamycin_vs_control,not_regulated,b4414,b4414,27.940774256508018,-1.0850651815276837,0.47137097075271395,0.092735289393292,0.11583541563205425,1.0157931432299017,BH_from_pvalue
aminoglycoside,kanamycin,kanamycin_vs_control,not_regulated,b3901,b3901,4.799411418248193,1.1050037798049115,2.150994416429109,0.09687749637734473,0.12052314687667107,1.0154206121564675,BH_from_pvalue
aminoglycoside,kanamycin,kanamycin_vs_control,not_regulated,b2194,b2194,314.2160553487263,-0.6548102865707621,0.6351590087612278,0.017517854170096187,0.028343635991759944,1.0133480170220708,BH_from_pvalue
aminoglycoside,kanamycin,kanamycin_vs_control,not_regulated,b3973,b3973,433.0915556841478,0.7294769838769195,1.658037898905218,0.02744463507030855,0.040822079545716886,1.0133200347675055,BH_from_pvalue
aminoglycoside,kanamycin,kanamycin_vs_control,not_regulated,b2294,b2294,416.4185896345889,-0.6387907049396393,0.64225107056442,0.015696069259059198,0.025994447543169465,1.0125595441393171,BH_from_pvalue
aminoglycoside,kanamycin,kanamycin_vs_control,not_regulated,b3166,b3166,1375.6360359703485,0.5526567605520434,1.4667843319886502,0.007521455869294309,0.014766999079912276,1.011753015837123,BH_from_pvalue
aminoglycoside,kanamycin,kanamycin_vs_control,not_regulated,b0826,b0826,437.21171845618824,-0.7481210763024784,0.59537845622417,0.030507957858747152,0.04451015064827918,1.0111162595646357,BH_from_pvalue
aminoglycoside,kanamycin,kanamycin_vs_control,not_regulated,b1761,b1761,1044.50493912995,0.6524212512094945,1.5718039159297372,0.01746444158569212,0.02828774153851032,1.0102101906312657,BH_from_pvalue
aminoglycoside,kanamycin,kanamycin_vs_control,not_regulated,b0849,b0849,87.12885272148515,-0.826708157498107,0.5638142484132157,0.044123359273118695,0.06050819207636826,1.0070841573499194,BH_from_pvalue
aminoglycoside,kanamycin,kanamycin_vs_control,not_regulated,b1166,b1166,84.5326026079599,-1.176646952592037,0.4423784605419113,0.11455711323385717,0.14047925172461545,1.0029595246409693,BH_from_pvalue
aminoglycoside,kanamycin,kanamycin_vs_control,not_regulated,b2598,b2598,7.069832851487892,-1.1624978578696532,0.44673839016968164,0.11183787128890708,0.13748202925867833,1.0017872559974546,BH_from_pvalue
aminoglycoside,kanamycin,kanamycin_vs_control,not_regulated,b4371,b4371,555.0140068827942,0.6603033604441961,1.5804149080641987,0.019075234262485287,0.03046889336387032,1.0011145285503469,BH_from_pvalue
aminoglycoside,kanamycin,kanamycin_vs_control,not_regulated,b2998,b2998,7.750432374535041,1.0121845900084008,2.0169629597456273,0.08134790876385756,0.10289732666474445,0.9996293595632394,BH_from_pvalue
aminoglycoside,kanamycin,kanamycin_vs_control,not_regulated,b0126,b0126,467.86596781629646,-0.538554219765695,0.6884604962455123,0.006954804887287858,0.013928188950588062,0.9996133686732149,BH_from_pvalue
aminoglycoside,kanamycin,kanamycin_vs_control,not_regulated,b3243,b3243,544.0592403740501,0.5163340913027223,1.4303161726862605,0.005495734021096811,0.011704456262733644,0.9973761056096758,BH_from_pvalue
aminoglycoside,kanamycin,kanamycin_vs_control,not_regulated,b1106,b1106,218.33835299197597,-0.674748763166864,0.626441300871968,0.021413546467024216,0.03338583431843151,0.996224556630977,BH_from_pvalue
aminoglycoside,kanamycin,kanamycin_vs_control,not_regulated,b4294,b4294,21.27457012716047,0.8364832579790935,1.7856919940692522,0.04759737481941715,0.06452471125308569,0.9956442150544732,BH_from_pvalue
aminoglycoside,kanamycin,kanamycin_vs_control,not_regulated,b2209,b2209,1069.4840737623495,-0.6432780394947457,0.6402565270686755,0.017591970402094526,0.028443092332358443,0.9945227659619926,BH_from_pvalue
aminoglycoside,kanamycin,kanamycin_vs_control,not_regulated,b2960,b2960,593.7473575109622,0.6326865273166007,1.5504494902298138,0.0163353269301484,0.026825958573131622,0.9942319220139779,BH_from_pvalue
aminoglycoside,kanamycin,kanamycin_vs_control,not_regulated,b1212,b1212,255.05713740777034,0.7994869089219243,1.7404820181945238,0.04122891063687026,0.0571311275553427,0.9938639261239248,BH_from_pvalue
aminoglycoside,kanamycin,kanamycin_vs_control,not_regulated,b3126,b3126,32.44448264124106,-0.8408828224366438,0.5583018251485331,0.049101776164277765,0.06618513310965579,0.9916022839608959,BH_from_pvalue
aminoglycoside,kanamycin,kanamycin_vs_control,not_regulated,b3895,b3895,401.09914248072937,-0.4854680514671905,0.714265304216462,0.003807496701624747,0.00908065756304778,0.9912688164295438,BH_from_pvalue
aminoglycoside,kanamycin,kanamycin_vs_control,not_regulated,b4088,b4088,79.10793720863104,0.668642604581283,1.5895766710621886,0.021117728117275032,0.03306214447319982,0.9900383637711277,BH_from_pvalue
aminoglycoside,kanamycin,kanamycin_vs_control,not_regulated,b2272,b2272,22.879100686843653,-1.042114980951443,0.4856150433300016,0.0895446007407753,0.11241183760312791,0.9891629852371626,BH_from_pvalue
aminoglycoside,kanamycin,kanamycin_vs_control,not_regulated,b0740,b0740,4109.191625719529,0.48117039448181487,1.395875619098851,0.0036621158878533434,0.008865552886740765,0.9875031978269172,BH_from_pvalue
aminoglycoside,kanamycin,kanamycin_vs_control,not_regulated,b4464,b4464,153.85734535945156,0.7132700898784874,1.6395161237001388,0.02819360585646916,0.04171540761263101,0.9841012454774636,BH_from_pvalue
aminoglycoside,kanamycin,kanamycin_vs_control,not_regulated,b4667,b4667,22.27817542028946,1.2333238326621854,2.351080329797837,0.1311315042799024,0.15932725722609425,0.983834655953849,BH_from_pvalue
aminoglycoside,kanamycin,kanamycin_vs_control,not_regulated,b2152,b2152,277.4361081269167,0.8274486787255944,1.77454440850467,0.048204208445785664,0.06517058298441357,0.9813114316514742,BH_from_pvalue
aminoglycoside,kanamycin,kanamycin_vs_control,not_regulated,b3569,b3569,112.44862331676234,0.5973366071573798,1.5129209482542494,0.01337648985463378,0.0227648321476136,0.9812660784220137,BH_from_pvalue
aminoglycoside,kanamycin,kanamycin_vs_control,not_regulated,b3170,b3170,746.3456492856473,-0.5227296938155774,0.6960535976720253,0.0065271671877171235,0.013296738229325917,0.9807741394877132,BH_from_pvalue
aminoglycoside,kanamycin,kanamycin_vs_control,not_regulated,b4017,b4017,19.943760658378494,0.9924783732963491,1.9895999457038713,0.08121661530017864,0.1027601506667239,0.9807425821625436,BH_from_pvalue
aminoglycoside,kanamycin,kanamycin_vs_control,not_regulated,b1419,b1419,345.2557906612621,0.751987508271764,1.6841113250969286,0.035123652253787115,0.0499350461390125,0.9787828383045437,BH_from_pvalue
aminoglycoside,kanamycin,kanamycin_vs_control,not_regulated,b0059,b0059,990.7168753439108,-0.6770267457602337,0.6254529448344366,0.02338419718963112,0.03588608630466079,0.9783536817560682,BH_from_pvalue
aminoglycoside,kanamycin,kanamycin_vs_control,not_regulated,b1981,b1981,340.8444775459714,0.6209666571705004,1.5379052875795383,0.016180797209874937,0.02662774743650236,0.9778148157684512,BH_from_pvalue
aminoglycoside,kanamycin,kanamycin_vs_control,not_regulated,b2406,b2406,167.77933522041755,0.4376002265437835,1.354349632702708,0.0020077012327719226,0.005890828535556497,0.9757713204317944,BH_from_pvalue
aminoglycoside,kanamycin,kanamycin_vs_control,not_regulated,b3705,b3705,2649.042440161642,0.6407126117190742,1.5590990780450509,0.018702237027830082,0.030000949411975647,0.9757188123116478,BH_from_pvalue
aminoglycoside,kanamycin,kanamycin_vs_control,not_regulated,b1756,b1756,54.80349770429114,0.6292123884582779,1.5467203608484046,0.01734123439355162,0.02814899758289252,0.9756171308461965,BH_from_pvalue
aminoglycoside,kanamycin,kanamycin_vs_control,not_regulated,b0400,b0400,246.1057510363362,0.6681837121718486,1.589071138950883,0.022448481376645384,0.03469871794919276,0.9753387917902054,BH_from_pvalue
aminoglycoside,kanamycin,kanamycin_vs_control,not_regulated,b0223,b0223,351.366453136448,-0.592158906889459,0.66334950107165,0.01323208404517707,0.022613189223102757,0.9744793076704366,BH_from_pvalue
aminoglycoside,kanamycin,kanamycin_vs_control,not_regulated,b1271,b1271,278.4414300508478,-0.40881560956715557,0.7532414987414432,0.0011712094133344254,0.004137096227343362,0.9743320318539019,BH_from_pvalue
aminoglycoside,kanamycin,kanamycin_vs_control,not_regulated,b0992,b0992,92.5769564537059,1.6853607973157345,3.216208189896085,0.23010744774816513,0.26498292369975596,0.972085960848882,BH_from_pvalue
aminoglycoside,kanamycin,kanamycin_vs_control,not_regulated,b0969,b0969,256.1049675194962,0.592563491182216,1.5079237629211109,0.013538261705375249,0.02298795815431403,0.9709150445193879,BH_from_pvalue
aminoglycoside,kanamycin,kanamycin_vs_control,not_regulated,b3181,b3181,468.9926016150889,-0.5089274923236733,0.7027446681027063,0.006110597000110584,0.01264862646410373,0.9659223096218318,BH_from_pvalue
aminoglycoside,kanamycin,kanamycin_vs_control,not_regulated,b1525,b1525,282.57199692365515,0.6601366446805459,1.5802322881426547,0.022372307230589885,0.03459286281306061,0.9644685467163144,BH_from_pvalue
aminoglycoside,kanamycin,kanamycin_vs_control,not_regulated,b0543,b0543,50.397082167267364,0.7400930812794764,1.670283600452131,0.03498621406088433,0.04981342007614213,0.9640849459511072,BH_from_pvalue
aminoglycoside,kanamycin,kanamycin_vs_control,not_regulated,b2341,b2341,1971.202384942376,-0.6441659385722822,0.6398626057862464,0.020263974117432318,0.032015228514299464,0.9627983647113084,BH_from_pvalue
aminoglycoside,kanamycin,kanamycin_vs_control,not_regulated,b1591,b1591,169.42821255163463,-0.6890701896769151,0.6202534716902379,0.027139586204225043,0.040462001573286124,0.959842138040201,BH_from_pvalue
aminoglycoside,kanamycin,kanamycin_vs_control,not_regulated,b0698,b0698,68.52793295798365,0.9518594699125451,1.9343642274343809,0.07749712803263076,0.0985530341789011,0.9578847407731587,BH_from_pvalue
aminoglycoside,kanamycin,kanamycin_vs_control,not_regulated,b4473,b4473,273.547271751427,0.71759694625342,1.6444406567014727,0.03218697483856106,0.046469598053876814,0.9564355157525875,BH_from_pvalue
aminoglycoside,kanamycin,kanamycin_vs_control,not_regulated,b1727,b1727,211.2189868894202,-0.6321395646039125,0.6452188245043108,0.019396363169164807,0.030820179614273784,0.9552670806031807,BH_from_pvalue
aminoglycoside,kanamycin,kanamycin_vs_control,not_regulated,b0296,b0296,6.128471356136647,0.9002905881945558,1.866441884663363,0.06753249788488823,0.08728769410523772,0.9534500278218393,BH_from_pvalue
aminoglycoside,kanamycin,kanamycin_vs_control,not_regulated,b0799,b0799,2266.6916474288564,-0.4243670782074602,0.745165569926888,0.0018817803161491683,0.005674942278217069,0.9531448176288098,BH_from_pvalue
aminoglycoside,kanamycin,kanamycin_vs_control,not_regulated,b2447,b2447,35.13156448605373,0.9560394203468299,1.9399768280845127,0.07963256954636419,0.10104014042864488,0.9517430354611094,BH_from_pvalue
aminoglycoside,kanamycin,kanamycin_vs_control,not_regulated,b2967,b2967,6.5545019708038135,1.585673284392071,3.00147839724922,0.21760790790710127,0.2516196323306277,0.9502233997391815,BH_from_pvalue
aminoglycoside,kanamycin,kanamycin_vs_control,not_regulated,b0175,b0175,1286.4615849161528,0.5708908697636446,1.4854405527623398,0.012605926087561836,0.02181778322251124,0.9483578486379965,BH_from_pvalue
aminoglycoside,kanamycin,kanamycin_vs_control,not_regulated,b0118,b0118,17542.056448335275,-0.5426354268407643,0.6865156781828392,0.009822632977601279,0.017989496389759996,0.9468885067363411,BH_from_pvalue
aminoglycoside,kanamycin,kanamycin_vs_control,not_regulated,b4108,b4108,126.53512765860678,-0.3738636980762884,0.7717129934408984,0.0007261728206606386,0.003034657432812548,0.9413477890542118,BH_from_pvalue
aminoglycoside,kanamycin,kanamycin_vs_control,not_regulated,b0637,b0637,432.80946242306794,0.6130070762939575,1.5294437796533618,0.01824346605092323,0.029369760306747567,0.9391878950619239,BH_from_pvalue
aminoglycoside,kanamycin,kanamycin_vs_control,not_regulated,b0621,b0621,392.7772929910466,-1.120279908539997,0.460004567572687,0.11898298964237648,0.14550992044899658,0.9377945978318863,BH_from_pvalue
aminoglycoside,kanamycin,kanamycin_vs_control,not_regulated,b2466,b2466,2275.11671610979,0.8489807307195569,1.801227901529452,0.06004861749137484,0.07870008201521096,0.9372957942155241,BH_from_pvalue
aminoglycoside,kanamycin,kanamycin_vs_control,not_regulated,b2342,b2342,1387.456993533936,0.6192446310110249,1.5360707119047745,0.01922636951889732,0.03065911176212102,0.9371898615152244,BH_from_pvalue
aminoglycoside,kanamycin,kanamycin_vs_control,not_regulated,b1943,b1943,11.122078232689738,0.768454185272637,1.7034436045087664,0.04445376272843031,0.06085949545730857,0.9341879691955356,BH_from_pvalue
aminoglycoside,kanamycin,kanamycin_vs_control,not_regulated,b3791,b3791,351.28518235374196,-0.46722051734085035,0.7233568686835284,0.004421618134614887,0.010044665843180688,0.9335367323558136,BH_from_pvalue
aminoglycoside,kanamycin,kanamycin_vs_control,not_regulated,b1828,b1828,111.60902537164544,0.8136148377959538,1.7576098228878099,0.05373111630876117,0.07156723753532951,0.9318214764969933,BH_from_pvalue
aminoglycoside,kanamycin,kanamycin_vs_control,not_regulated,b4469,b4469,1106.6233344575999,0.6475413630165185,1.566496300966408,0.023906783055605372,0.03652605644840794,0.9307741511820583,BH_from_pvalue
aminoglycoside,kanamycin,kanamycin_vs_control,not_regulated,b1457,b1457,3.618318835317704,-1.1749270940927037,0.4429061410367099,0.13407922456528745,0.1626451866490461,0.9267340669429327,BH_from_pvalue
aminoglycoside,kanamycin,kanamycin_vs_control,not_regulated,b0571,b0571,229.88778899046397,0.6932402282457,1.616910952748905,0.031941947598258816,0.046168020660979484,0.9259323727881871,BH_from_pvalue
aminoglycoside,kanamycin,kanamycin_vs_control,not_regulated,b0002,b0002,4019.6230848195064,0.7359032978706814,1.6654399055675682,0.039701360526030974,0.055304032098509544,0.9252094200937311,BH_from_pvalue
aminoglycoside,kanamycin,kanamycin_vs_control,not_regulated,b2517,b2517,1196.097363891922,0.7004443895846126,1.625005261755115,0.033363247425698475,0.04791407210900843,0.9242622309676436,BH_from_pvalue
aminoglycoside,kanamycin,kanamycin_vs_control,not_regulated,b1905,b1905,217.06503293160756,0.517210668706694,1.4311854927965855,0.008872405847162163,0.01663529866633406,0.9201019516906069,BH_from_pvalue
aminoglycoside,kanamycin,kanamycin_vs_control,not_regulated,b3212,b3212,1054.3031313744293,-0.5450334877013034,0.6853754934338613,0.01175989349367029,0.0206302655750893,0.918651317158207,BH_from_pvalue
aminoglycoside,kanamycin,kanamycin_vs_control,not_regulated,b1768,b1768,153.86323361729745,-0.6623208312288007,0.6318610182869439,0.027635414310908567,0.04102445332358638,0.9186106439143866,BH_from_pvalue
aminoglycoside,kanamycin,kanamycin_vs_control,not_regulated,b2831,b2831,329.855714811617,0.5210341246256913,1.4349834764263465,0.009412103066387843,0.017406052340333465,0.9166551868966698,BH_from_pvalue
aminoglycoside,kanamycin,kanamycin_vs_control,not_regulated,b0607,b0607,2647.065490543977,-0.7846538944754347,0.5804912015286995,0.05066816265064726,0.06797059218688081,0.9162238327227952,BH_from_pvalue
aminoglycoside,kanamycin,kanamycin_vs_control,not_regulated,b3949,b3949,32.487558174723794,0.8290936084343006,1.7765688595893758,0.06009235865496299,0.07873446817070305,0.9151826275881704,BH_from_pvalue
aminoglycoside,kanamycin,kanamycin_vs_control,not_regulated,b1109,b1109,1479.044683634014,-0.4830640511149369,0.7154564952918248,0.006232428979823587,0.012823984739938017,0.913946077834043,BH_from_pvalue
aminoglycoside,kanamycin,kanamycin_vs_control,not_regulated,b2803,b2803,91.3956715881127,0.44880172423539744,1.3649061200945567,0.0039020268417582116,0.009237535123278124,0.9130619289703773,BH_from_pvalue
aminoglycoside,kanamycin,kanamycin_vs_control,not_regulated,b1654,b1654,1134.5991147853929,-0.7784314539185804,0.5830003061268517,0.050042802238811655,0.06725202404247829,0.9125510213763771,BH_from_pvalue
aminoglycoside,kanamycin,kanamycin_vs_control,not_regulated,b3005,b3005,579.3350142330384,-0.5912648279710009,0.6637607249283669,0.01793243389461647,0.028941545625398232,0.9096480950105598,BH_from_pvalue
aminoglycoside,kanamycin,kanamycin_vs_control,not_regulated,b4147,b4147,960.6709319161304,-0.5359580926195449,0.6897004950305373,0.011381498198798775,0.020099716881899054,0.9094190832244103,BH_from_pvalue
aminoglycoside,kanamycin,kanamycin_vs_control,not_regulated,b2377,b2377,411.36742317762423,-0.6209560301699248,0.6502398906999644,0.022162290443382072,0.034315312362937195,0.9093975846622141,BH_from_pvalue
aminoglycoside,kanamycin,kanamycin_vs_control,not_regulated,b1829,b1829,4852.5586849856,0.7285913024191704,1.6570203292080297,0.040822875787759304,0.05665575294456691,0.9083755664615386,BH_from_pvalue
aminoglycoside,kanamycin,kanamycin_vs_control,not_regulated,b0938,b0938,26.88308957066783,1.1292470836958932,2.187445516549768,0.12916855122265214,0.15723955166427314,0.9072802478371796,BH_from_pvalue
aminoglycoside,kanamycin,kanamycin_vs_control,not_regulated,b0047,b0047,381.0885376332266,-0.6535203089434631,0.6357271865823011,0.027562612060777307,0.040929887437892484,0.9070596883788027,BH_from_pvalue
aminoglycoside,kanamycin,kanamycin_vs_control,not_regulated,b0971,b0971,28.706959309167086,1.1578684320933172,2.231275152172987,0.1362699415758212,0.16499117017713158,0.9060775491892346,BH_from_pvalue
aminoglycoside,kanamycin,kanamycin_vs_control,not_regulated,b0780,b0780,388.29875842977725,0.56856352278764,1.4830461807957818,0.015358162247726759,0.025538267574963018,0.9056128500156287,BH_from_pvalue
aminoglycoside,kanamycin,kanamycin_vs_control,not_regulated,b4047,b4047,1.8505025889115343,1.300429268869471,2.463021581137252,0.17126031095915067,0.20266479313187574,0.9014857758344014,BH_from_pvalue
aminoglycoside,kanamycin,kanamycin_vs_control,not_regulated,b0530,b0530,21.630802321320896,1.1204421674869498,2.1741359676792382,0.12942142417278404,0.15750475268646716,0.899386027965342,BH_from_pvalue
aminoglycoside,kanamycin,kanamycin_vs_control,not_regulated,b1162,b1162,869.6340006456008,0.41323211108280944,1.3316658439149882,0.002489774825881342,0.006758604204474519,0.8967727673927575,BH_from_pvalue
aminoglycoside,kanamycin,kanamycin_vs_control,not_regulated,b0840,b0840,381.9982383071875,0.5787752467371163,1.4935807583863243,0.01751220842661858,0.028343635991759944,0.8956804140234537,BH_from_pvalue
aminoglycoside,kanamycin,kanamycin_vs_control,not_regulated,b2872,b2872,59.540555033669,0.5203471210583821,1.4343003077378067,0.010648307364927227,0.01905932611517814,0.8949410895043703,BH_from_pvalue
aminoglycoside,kanamycin,kanamycin_vs_control,not_regulated,b2867,b2867,29.981105319347858,-0.8794022896206348,0.5435925957164909,0.075316472753485,0.09616051502843473,0.8943549595923311,BH_from_pvalue
aminoglycoside,kanamycin,kanamycin_vs_control,not_regulated,b2664,b2664,481.7696606159763,-1.1275176490302083,0.45770258686622917,0.13283076505936897,0.16117420589075848,0.8937882701196747,BH_from_pvalue
aminoglycoside,kanamycin,kanamycin_vs_control,not_regulated,b3338,b3338,486.35152972644295,0.5567093409802322,1.470910372453695,0.014864145311729629,0.02485474358489413,0.8932906383331825,BH_from_pvalue
aminoglycoside,kanamycin,kanamycin_vs_control,not_regulated,b0674,b0674,895.3424158995541,0.5149728389014978,1.428967236837755,0.010215580867905659,0.018505711938719152,0.8922904523457194,BH_from_pvalue
aminoglycoside,kanamycin,kanamycin_vs_control,not_regulated,b0845,b0845,2161.8603387616113,-0.9501228042127465,0.5175884021992795,0.09286020132610544,0.11592443839419575,0.8891486726857664,BH_from_pvalue
aminoglycoside,kanamycin,kanamycin_vs_control,not_regulated,b2837,b2837,849.7875609099245,-0.5989285051923474,0.6602441390355148,0.021460950125073746,0.03343656171201306,0.883885743633158,BH_from_pvalue
aminoglycoside,kanamycin,kanamycin_vs_control,not_regulated,b4547,b4547,255.73432071233447,-0.7433010260062547,0.5973709447934723,0.0482721946608046,0.06524288809624372,0.8811587053591817,BH_from_pvalue
aminoglycoside,kanamycin,kanamycin_vs_control,not_regulated,b1602,b1602,1666.921888564717,-0.5601418126485296,0.6782354919074894,0.01627379695842823,0.026750311531011622,0.8809188719492825,BH_from_pvalue
aminoglycoside,kanamycin,kanamycin_vs_control,not_regulated,b0885,b0885,241.13173533559552,-0.6850587370414765,0.621980503183578,0.03693581872476376,0.05198288880600356,0.879711045329187,BH_from_pvalue
aminoglycoside,kanamycin,kanamycin_vs_control,not_regulated,b4654,b4654,1.0593353848840066,1.3547131071087755,2.5574625375448385,0.19219562445793695,0.22431134374981848,0.8794103376455711,BH_from_pvalue
aminoglycoside,kanamycin,kanamycin_vs_control,not_regulated,b3426,b3426,2491.072936143308,-1.19455451546437,0.4369213424769995,0.15380751993130742,0.18375908956632636,0.8788948818058846,BH_from_pvalue
aminoglycoside,kanamycin,kanamycin_vs_control,not_regulated,b3712,b3712,418.3711987389706,0.5341722506849607,1.4481110593893292,0.013301993801082572,0.02270322439266078,0.878132417821776,BH_from_pvalue
aminoglycoside,kanamycin,kanamycin_vs_control,not_regulated,b2224,b2224,51.8114485248313,1.0123332924022712,2.017170864167309,0.11023683275378042,0.13569930862794316,0.878120538678047,BH_from_pvalue
aminoglycoside,kanamycin,kanamycin_vs_control,not_regulated,b1540,b1540,658.4748197187552,0.5296463228142105,1.4435752591688555,0.01276126395717933,0.02201770820076434,0.8777446570771738,BH_from_pvalue
aminoglycoside,kanamycin,kanamycin_vs_control,not_regulated,b1451,b1451,231.1769687313936,0.9106290146678804,1.8798649404087642,0.08677077313309693,0.10911236722188146,0.8761398713900861,BH_from_pvalue
aminoglycoside,kanamycin,kanamycin_vs_control,not_regulated,b2646,b2646,2.491428460777547,1.2003707160165848,2.29798712665627,0.15624905997774233,0.18627306434664326,0.8760904961075003,BH_from_pvalue
aminoglycoside,kanamycin,kanamycin_vs_control,not_regulated,b4407,b4407,1.051891884746821,-1.3494605507036364,0.39243876133959965,0.19230391047870862,0.22437950436659698,0.8758225894345334,BH_from_pvalue
aminoglycoside,kanamycin,kanamycin_vs_control,not_regulated,b1191,b1191,540.5845628017611,-0.502933565420248,0.7056704163319923,0.009958998598956612,0.01817264734203117,0.8753970112030901,BH_from_pvalue
aminoglycoside,kanamycin,kanamycin_vs_control,not_regulated,b4213,b4213,464.4323645164377,-0.5557788955307359,0.6802896780083658,0.016154947242228896,0.026617198789577134,0.875261530799697,BH_from_pvalue
aminoglycoside,kanamycin,kanamycin_vs_control,not_regulated,b2196,b2196,251.76151257254512,-0.5267068606006733,0.6941373860863298,0.012664887713681024,0.021893414656470885,0.8741682646360782,BH_from_pvalue
aminoglycoside,kanamycin,kanamycin_vs_control,not_regulated,b0608,b0608,412.9488668650882,-0.6695389880582425,0.6287075581168845,0.03470720141098802,0.04951252519715322,0.873939146856829,BH_from_pvalue
aminoglycoside,kanamycin,kanamycin_vs_control,not_regulated,b3414,b3414,1172.9752695424631,-0.5771957588324312,0.6702653415279666,0.01919247713634762,0.030624069566686243,0.8738380717259788,BH_from_pvalue
aminoglycoside,kanamycin,kanamycin_vs_control,not_regulated,b4457,b4457,9383.183486917247,0.6973024059868038,1.6214700835072324,0.04038946791693782,0.0561235176677128,0.8722242822115376,BH_from_pvalue
aminoglycoside,kanamycin,kanamycin_vs_control,not_regulated,b1606,b1606,130.5446944510851,-0.651104572192847,0.6367925787676395,0.031651458528166504,0.04583652944613424,0.871691165612632,BH_from_pvalue
aminoglycoside,kanamycin,kanamycin_vs_control,not_regulated,b0883,b0883,20.763741292455144,0.7337724770810521,1.662981912396427,0.04806013724912699,0.06501488642002203,0.8709785320058523,BH_from_pvalue
aminoglycoside,kanamycin,kanamycin_vs_control,not_regulated,b4460,b4460,175.17054667341708,-0.7061892893747928,0.612937004107915,0.04241854028648187,0.05852717613760597,0.8704788813708133,BH_from_pvalue
aminoglycoside,kanamycin,kanamycin_vs_control,not_regulated,b1870,b1870,128.33284617336162,-0.7191825762833233,0.6074415180057159,0.04526368189598797,0.06178939033934868,0.8695536490399326,BH_from_pvalue
aminoglycoside,kanamycin,kanamycin_vs_control,not_regulated,b4098,b4098,5.5699732347383994,0.8221688474204658,1.7680619771209674,0.06793792804475188,0.08776128671605225,0.8687833693276553,BH_from_pvalue
aminoglycoside,kanamycin,kanamycin_vs_control,not_regulated,b4315,b4315,132.67592120423032,-0.5583989909543243,0.6790553171347988,0.01711408537751979,0.02787080232732948,0.868226966426581,BH_from_pvalue
aminoglycoside,kanamycin,kanamycin_vs_control,not_regulated,b2947,b2947,874.1773870580365,-0.5919139913377531,0.663462122516519,0.022081420964261866,0.034213651910868025,0.867627864377084,BH_from_pvalue
aminoglycoside,kanamycin,kanamycin_vs_control,not_regulated,b1753,b1753,66.16262943795616,0.6630431327517909,1.583419071061592,0.034346526469488436,0.04915388993310817,0.867553553875594,BH_from_pvalue
aminoglycoside,kanamycin,kanamycin_vs_control,not_regulated,b0478,b0478,1847.9681324846936,-0.47105625661618866,0.7214362111158118,0.007283506650055753,0.01441320409676673,0.8673273692289826,BH_from_pvalue
aminoglycoside,kanamycin,kanamycin_vs_control,not_regulated,b2567,b2567,421.3663280630794,-0.6708464008929269,0.6281380628538372,0.03631248954776137,0.05124994602630393,0.865597530371851,BH_from_pvalue
aminoglycoside,kanamycin,kanamycin_vs_control,not_regulated,b3883,b3883,121.07354719693798,0.6772138172160913,1.599048633025783,0.03759340732670763,0.052792739979872286,0.8650904003516544,BH_from_pvalue
aminoglycoside,kanamycin,kanamycin_vs_control,not_regulated,b0652,b0652,304.5591944386055,-0.4456986795251705,0.7342286525872376,0.0053517878501559,0.011495865210124755,0.8644140197856697,BH_from_pvalue
aminoglycoside,kanamycin,kanamycin_vs_control,not_regulated,b3360,b3360,112.08191710364882,-0.565759966783907,0.6755994380351664,0.018542005926079342,0.029775773886292354,0.8634271857164413,BH_from_pvalue
aminoglycoside,kanamycin,kanamycin_vs_control,not_regulated,b3064,b3064,821.9603104362491,0.6610019097089914,1.5811803262297686,0.03469999153729954,0.04951252519715322,0.8627958271961891,BH_from_pvalue
aminoglycoside,kanamycin,kanamycin_vs_control,not_regulated,b2714,b2714,189.82487526114087,0.5883312909464431,1.5035066937596895,0.022065387745001466,0.034212379895558975,0.8623858397525148,BH_from_pvalue
aminoglycoside,kanamycin,kanamycin_vs_control,not_regulated,b0159,b0159,1240.169892462168,-0.46102096232685064,0.726471969087448,0.006672182209674995,0.01349771582543689,0.8619892047985583,BH_from_pvalue
aminoglycoside,kanamycin,kanamycin_vs_control,not_regulated,b3671,b3671,1037.3345438060778,-0.6430271519966357,0.6403678786167315,0.03167952446354278,0.04586240780077741,0.8607195884865585,BH_from_pvalue
aminoglycoside,kanamycin,kanamycin_vs_control,not_regulated,b0641,b0641,791.2312169749945,-0.5245701135309631,0.6951662209351535,0.01347608074898703,0.022908318673070166,0.860298544943896,BH_from_pvalue
aminoglycoside,kanamycin,kanamycin_vs_control,not_regulated,b1334,b1334,5282.780359920701,-0.5127960018376534,0.7008628200632712,0.0120585495892816,0.02103966956400955,0.8599389397403512,BH_from_pvalue
aminoglycoside,kanamycin,kanamycin_vs_control,not_regulated,b2766,b2766,310.27353178740015,0.8738961093676298,1.8326053159432394,0.0833644023796668,0.10521130244212717,0.8546158665573221,BH_from_pvalue
aminoglycoside,kanamycin,kanamycin_vs_control,not_regulated,b0254,b0254,43.00449224481688,0.7955273833931917,1.7357117552633623,0.06572706150284645,0.08532108616147709,0.8503739245903319,BH_from_pvalue
aminoglycoside,kanamycin,kanamycin_vs_control,not_regulated,b4337,b4337,263.32303386897576,0.6221514290467018,1.5391687668639622,0.02929445646857285,0.04299069011277021,0.8502480596014789,BH_from_pvalue
aminoglycoside,kanamycin,kanamycin_vs_control,not_regulated,b0078,b0078,64.68222735880661,0.7369722515526309,1.6666743575987955,0.052900907664783406,0.07054499931105715,0.8486484325918451,BH_from_pvalue
aminoglycoside,kanamycin,kanamycin_vs_control,not_regulated,b4300,b4300,47.11767008818728,-0.645533917791413,0.6392561686247202,0.03396686719415484,0.04867060971895993,0.8474138140783664,BH_from_pvalue
aminoglycoside,kanamycin,kanamycin_vs_control,not_regulated,b3261,b3261,285.74009663620075,-0.6039135537067422,0.657966686700133,0.026438018312286947,0.03956028155976936,0.8471340764299466,BH_from_pvalue
aminoglycoside,kanamycin,kanamycin_vs_control,not_regulated,b0476,b0476,195.91083843052095,0.7585069820979227,1.6917389697346217,0.0582042474857348,0.07646107044124857,0.8469182724238838,BH_from_pvalue
aminoglycoside,kanamycin,kanamycin_vs_control,not_regulated,b2399,b2399,143.76365449169768,0.45515232949753237,1.3709275491385162,0.006872284487023282,0.013805956061916357,0.8465530712013951,BH_from_pvalue
aminoglycoside,kanamycin,kanamycin_vs_control,not_regulated,b4522,b4522,10.365134936930493,0.8162074253240434,1.7607711660537906,0.0717569195269233,0.09192897295132468,0.8460378411942711,BH_from_pvalue
aminoglycoside,kanamycin,kanamycin_vs_control,not_regulated,b1670,b1670,46.89408428221467,0.8354813547426012,1.7844523214775558,0.07649893320251734,0.09742365795520341,0.8449520104952214,BH_from_pvalue
aminoglycoside,kanamycin,kanamycin_vs_control,not_regulated,b1058,b1058,2.018049564165064,1.1372942859664408,2.1996809514614455,0.15103413378123393,0.18091918342156862,0.8444585001775873,BH_from_pvalue
aminoglycoside,kanamycin,kanamycin_vs_control,not_regulated,b2144,b2144,59.08878803071365,0.7369612202837388,1.666661613767159,0.05458569855347209,0.07255084491414149,0.8396623123179885,BH_from_pvalue
aminoglycoside,kanamycin,kanamycin_vs_control,not_regulated,b2329,b2329,828.0200950428133,-0.385686659992194,0.7654146078269931,0.0024362743272213962,0.006653528794075192,0.8396197874031672,BH_from_pvalue
aminoglycoside,kanamycin,kanamycin_vs_control,not_regulated,b1429,b1429,358.3718893584173,0.6246978730030577,1.5418878917823706,0.031244344056077296,0.04534916410591664,0.8392383093261209,BH_from_pvalue
aminoglycoside,kanamycin,kanamycin_vs_control,not_regulated,b0457,b0457,622.4549912240933,-0.4933568951906473,0.7103702678197705,0.011277105200871758,0.019954531547411947,0.8386862293858636,BH_from_pvalue
aminoglycoside,kanamycin,kanamycin_vs_control,not_regulated,b0011,b0011,28.49043899894978,0.5322190299729757,1.4461518326633176,0.016177298227130665,0.02662774743650236,0.8380669827149806,BH_from_pvalue
aminoglycoside,kanamycin,kanamycin_vs_control,not_regulated,b0617,b0617,0.924953871713743,1.270723710816687,2.4128257171872476,0.18684271682084633,0.21912768671644908,0.8377916319448765,BH_from_pvalue
aminoglycoside,kanamycin,kanamycin_vs_control,not_regulated,b4120,b4120,211.8712490667862,-0.42374128917042686,0.7454888659676046,0.00474798143678569,0.010541174976634765,0.837783554482402,BH_from_pvalue
aminoglycoside,kanamycin,kanamycin_vs_control,not_regulated,b1221,b1221,878.0085446552084,-1.484594788513549,0.3573488898524948,0.23791608033139952,0.27299656360475383,0.8370781116492393,BH_from_pvalue
aminoglycoside,kanamycin,kanamycin_vs_control,not_regulated,b1146,b1146,1.6562952768765662,0.9849822876242526,1.9792890123892841,0.1156305367255952,0.14167969332381564,0.8359469736427881,BH_from_pvalue
aminoglycoside,kanamycin,kanamycin_vs_control,not_regulated,b3051,b3051,139.77092034901855,0.6047975318048984,1.5207653136669057,0.028013974926130357,0.041504235578963884,0.8357742938833236,BH_from_pvalue
aminoglycoside,kanamycin,kanamycin_vs_control,not_regulated,b3785,b3785,441.26681153615345,-0.5686907987677756,0.674228352328202,0.02237105138115166,0.03459286281306061,0.8308649317353376,BH_from_pvalue
aminoglycoside,kanamycin,kanamycin_vs_control,not_regulated,b1265,b1265,9.767934159012409,-0.7434376025562499,0.59731439576634,0.05801490648629756,0.07627917257391595,0.8308614237222197,BH_from_pvalue
aminoglycoside,kanamycin,kanamycin_vs_control,not_regulated,b2185,b2185,2736.2137015288777,0.7772645492765164,1.7138781572786368,0.0658616708286058,0.08539803845115852,0.8305476700508647,BH_from_pvalue
aminoglycoside,kanamycin,kanamycin_vs_control,not_regulated,b1435,b1435,530.7432825851503,0.6536772937692739,1.5731729594363366,0.03832916295703461,0.05364086918176054,0.8304997429793664,BH_from_pvalue
aminoglycoside,kanamycin,kanamycin_vs_control,not_regulated,b2149,b2149,537.5829613803335,0.6799061104548212,1.602035492480599,0.04376291246437043,0.060123879127898044,0.8301334100165144,BH_from_pvalue
aminoglycoside,kanamycin,kanamycin_vs_control,not_regulated,b1140,b1140,53.89954875192916,0.8645273384944305,1.8207430503534794,0.08718506407590516,0.10960268815355546,0.8301008173108433,BH_from_pvalue
aminoglycoside,kanamycin,kanamycin_vs_control,not_regulated,b3859,b3859,351.4047021648203,-0.6828277832925824,0.6229430650103589,0.04488318826750822,0.06141909973448493,0.8273800717344464,BH_from_pvalue
aminoglycoside,kanamycin,kanamycin_vs_control,not_regulated,b0475,b0475,722.8782050305309,0.5552564481633855,1.4694298105023558,0.02055949592131738,0.03237976633546413,0.8271801283006769,BH_from_pvalue
aminoglycoside,kanamycin,kanamycin_vs_control,not_regulated,b1815,b1815,254.65247394361094,-0.5921479737814268,0.6633545281210496,0.02713461948833846,0.040462001573286124,0.8248340817893007,BH_from_pvalue
aminoglycoside,kanamycin,kanamycin_vs_control,not_regulated,b0316,b0316,123.3501012985106,0.7232117211999274,1.6508530684624814,0.05463094094730599,0.07255084491414149,0.8239967170652529,BH_from_pvalue
aminoglycoside,kanamycin,kanamycin_vs_control,not_regulated,b0096,b0096,27314.0223081365,-0.4576143776496977,0.7281893884477896,0.00845849226056447,0.016046519691277513,0.8212435238939155,BH_from_pvalue
aminoglycoside,kanamycin,kanamycin_vs_control,not_regulated,b1077,b1077,31.138189203288675,0.6380790700158627,1.556255644723404,0.03690366759908535,0.051967269540275224,0.8194658718486044,BH_from_pvalue
aminoglycoside,kanamycin,kanamycin_vs_control,not_regulated,b4118,b4118,429.0684137508318,-0.6624900512375405,0.6317869088920351,0.04232967261409058,0.05842248156433858,0.8171284788625273,BH_from_pvalue
aminoglycoside,kanamycin,kanamycin_vs_control,not_regulated,b2317,b2317,397.47610460400625,-0.5860623732674632,0.666158611318956,0.02721385753695114,0.0405592880057012,0.815745888905384,BH_from_pvalue
aminoglycoside,kanamycin,kanamycin_vs_control,not_regulated,b3813,b3813,2583.8047503950097,0.430593492117211,1.347787912307918,0.006246186557023763,0.012838197340151345,0.8144658476921869,BH_from_pvalue
aminoglycoside,kanamycin,kanamycin_vs_control,not_regulated,b0410,b0410,243.22989932497373,-0.6323676380640793,0.6451168309059576,0.03664482140074652,0.05168654959565941,0.8136184053327298,BH_from_pvalue
aminoglycoside,kanamycin,kanamycin_vs_control,not_regulated,b1180,b1180,508.17367447662815,0.36522026860485113,1.2880782764370873,0.0020247729770429945,0.005925457938021723,0.8134470987732274,BH_from_pvalue
aminoglycoside,kanamycin,kanamycin_vs_control,not_regulated,b3362,b3362,7.639763339786453,-0.8073587411788576,0.571427058737357,0.0773273800932039,0.0983928021666849,0.8130398588683955,BH_from_pvalue
aminoglycoside,kanamycin,kanamycin_vs_control,not_regulated,b0927,b0927,1870.1737135598269,-0.45520912190765017,0.7294044356350055,0.00870447460421239,0.016402482936634828,0.8125894359512119,BH_from_pvalue
aminoglycoside,kanamycin,kanamycin_vs_control,not_regulated,b2453,b2453,67.56013951185082,0.6656868225343553,1.5863232929930495,0.04401056909513385,0.06039034160766079,0.8114938806298516,BH_from_pvalue
aminoglycoside,kanamycin,kanamycin_vs_control,not_regulated,b4328,b4328,287.6901827593694,0.5609488836212728,1.475239186700831,0.023895718626824543,0.03652155704500741,0.8063363739582823,BH_from_pvalue
aminoglycoside,kanamycin,kanamycin_vs_control,not_regulated,b2823,b2823,56.94827632514801,-0.7411127904204875,0.5982777062193004,0.06322642545048276,0.08243259758732506,0.8032929054728485,BH_from_pvalue
aminoglycoside,kanamycin,kanamycin_vs_control,not_regulated,b4567,b4567,10.823032549461667,1.3169441608664516,2.4913784011245763,0.21177407179608743,0.2454998897931772,0.8032683769165638,BH_from_pvalue
aminoglycoside,kanamycin,kanamycin_vs_control,not_regulated,b0259,b0259,1.556224811238595,-1.0892017723553138,0.4700213604386314,0.15381346647781652,0.18375908956632636,0.8013814778514701,BH_from_pvalue
aminoglycoside,kanamycin,kanamycin_vs_control,not_regulated,b3488,b3488,32.980744295776915,-0.5641209907949793,0.6763673899819844,0.02523018700046214,0.038031293943726105,0.8009722084860216,BH_from_pvalue
aminoglycoside,kanamycin,kanamycin_vs_control,not_regulated,b1099,b1099,507.2903683580116,0.3014597996456061,1.2323907846847555,0.00042955106166087174,0.002203102252395212,0.8009682407224741,BH_from_pvalue
aminoglycoside,kanamycin,kanamycin_vs_control,not_regulated,b2319,b2319,688.9067312201793,0.39948034145267997,1.3190327098010164,0.00431441755967869,0.009891055139365314,0.8008611615265566,BH_from_pvalue
aminoglycoside,kanamycin,kanamycin_vs_control,not_regulated,b0064,b0064,1183.3774920491749,0.6424052530381825,1.5609293638303496,0.041000498001563974,0.05686717237466382,0.7998834269364634,BH_from_pvalue
aminoglycoside,kanamycin,kanamycin_vs_control,not_regulated,b4353,b4353,1.6190923241881146,-1.1588653184456617,0.44786464311235946,0.17257879748230492,0.20411765213657837,0.7997554797149327,BH_from_pvalue
aminoglycoside,kanamycin,kanamycin_vs_control,not_regulated,b3549,b3549,186.10970270907595,-0.6123249685376972,0.6541416730485395,0.034805181544526595,0.049594696171464246,0.7988175792854239,BH_from_pvalue
aminoglycoside,kanamycin,kanamycin_vs_control,not_regulated,b1039,b1039,29.23636131939877,1.0515377140466082,2.072737923633344,0.14457047280107238,0.1741042435579126,0.7983175936937029,BH_from_pvalue
aminoglycoside,kanamycin,kanamycin_vs_control,not_regulated,b3185,b3185,1579.8052848747884,0.6519136586786214,1.5712509954803415,0.04367163781751955,0.060035154921516794,0.7963740514690107,BH_from_pvalue
aminoglycoside,kanamycin,kanamycin_vs_control,not_regulated,b2495,b2495,352.1664838908965,-0.45558538635316204,0.7292142269201995,0.009769379569456895,0.017906548208401433,0.7959022593029544,BH_from_pvalue
aminoglycoside,kanamycin,kanamycin_vs_control,not_regulated,b0467,b0467,252.07990340669394,0.4515566656085346,1.3675150074589402,0.009324529652058084,0.017281307941885975,0.7958340297772368,BH_from_pvalue
aminoglycoside,kanamycin,kanamycin_vs_control,not_regulated,b3745,b3745,386.8136650427855,-0.5608749321165796,0.6778909275229004,0.025640332760603398,0.038559082834234065,0.793006093833412,BH_from_pvalue
aminoglycoside,kanamycin,kanamycin_vs_control,not_regulated,b2692,b2692,1.818273240596011,-1.423030152115028,0.3729282124464042,0.2423246168443578,0.2772770609427426,0.7927502578606167,BH_from_pvalue
aminoglycoside,kanamycin,kanamycin_vs_control,not_regulated,b4266,b4266,41.56101129410715,0.9254754739904492,1.8993101009559232,0.1136801818289803,0.1394799394071886,0.7917333936268696,BH_from_pvalue
aminoglycoside,kanamycin,kanamycin_vs_control,not_regulated,b0634,b0634,311.36139161219984,-0.4121102552654321,0.751523303077726,0.0057410050848177106,0.01203310385438493,0.7910960504930369,BH_from_pvalue
aminoglycoside,kanamycin,kanamycin_vs_control,not_regulated,b4693,b4693,29.334708541752633,0.7694823407286968,1.704658018515504,0.07339821524752392,0.09387124600038743,0.79061803342976,BH_from_pvalue
aminoglycoside,kanamycin,kanamycin_vs_control,not_regulated,b4351,b4351,484.32330897544904,0.7225953690317866,1.650147937080522,0.06179675305913407,0.08070899978512922,0.7898531259411159,BH_from_pvalue
aminoglycoside,kanamycin,kanamycin_vs_control,not_regulated,b0714,b0714,267.4770182078107,0.6060652547548369,1.5221022257154517,0.03499564416198513,0.04981342007614213,0.789493109924799,BH_from_pvalue
aminoglycoside,kanamycin,kanamycin_vs_control,not_regulated,b3402,b3402,378.56753548146145,0.41053371658360405,1.3291774445664715,0.005661160368181462,0.011945359108727616,0.7893745544414069,BH_from_pvalue
aminoglycoside,kanamycin,kanamycin_vs_control,not_regulated,b0474,b0474,1133.1266290904869,-0.5512320966503026,0.6824370615890157,0.024278908770772916,0.03703171639570586,0.789048042395905,BH_from_pvalue
aminoglycoside,kanamycin,kanamycin_vs_control,not_regulated,b0354,b0354,250.35447459097415,-0.5679127424930801,0.674592066812334,0.027492589119936205,0.04086637999387741,0.78862284731065,BH_from_pvalue
aminoglycoside,kanamycin,kanamycin_vs_control,not_regulated,b1909,b1909,1.6692795627647135,1.184064046961505,2.272159397512316,0.18395786284782412,0.21626828726856062,0.7874110680951647,BH_from_pvalue
aminoglycoside,kanamycin,kanamycin_vs_control,not_regulated,b0507,b0507,75.73346127196483,-0.7282323631505596,0.603643064037013,0.06399764947499915,0.08329323707712565,0.7860469193131083,BH_from_pvalue
aminoglycoside,kanamycin,kanamycin_vs_control,not_regulated,b3898,b3898,73.30037577523716,0.697299296332849,1.6214665885167592,0.056832388516653023,0.07492147817933918,0.784736209102578,BH_from_pvalue
aminoglycoside,kanamycin,kanamycin_vs_control,not_regulated,b1869,b1869,404.29711876622554,-0.5249652661557782,0.6949758417261301,0.020303421980816888,0.032066289350321055,0.7842725380962517,BH_from_pvalue
aminoglycoside,kanamycin,kanamycin_vs_control,not_regulated,b3149,b3149,414.41045119080763,-0.49656019634905313,0.7087947404496526,0.016008162598298445,0.026423748758585837,0.783574755004494,BH_from_pvalue
aminoglycoside,kanamycin,kanamycin_vs_control,not_regulated,b0432,b0432,2268.351875591865,-0.752503025236857,0.5935728355998265,0.0712035834141732,0.09135017632542813,0.7820693281472018,BH_from_pvalue
aminoglycoside,kanamycin,kanamycin_vs_control,not_regulated,b3407,b3407,550.6967638092492,-0.47394237658516936,0.7199944163454362,0.013091186428624786,0.022436183450921316,0.7815551583966398,BH_from_pvalue
aminoglycoside,kanamycin,kanamycin_vs_control,not_regulated,b3907,b3907,137.29343424709847,0.6763656514653666,1.5981088227059768,0.05270168354536437,0.07032102420262502,0.77979197826208,BH_from_pvalue
aminoglycoside,kanamycin,kanamycin_vs_control,not_regulated,b3465,b3465,210.10478042649333,-0.5453764325004595,0.6852125913513257,0.02449969235628154,0.03725477221722595,0.7792437113169446,BH_from_pvalue
aminoglycoside,kanamycin,kanamycin_vs_control,not_regulated,b4705,b4705,1020.2397667559048,0.721860652113751,1.6493077852056026,0.06403811005443802,0.08332178739510043,0.77906191686339,BH_from_pvalue
aminoglycoside,kanamycin,kanamycin_vs_control,not_regulated,b1091,b1091,1780.2094704995725,0.412651534449477,1.3311300560269868,0.0063244371459252775,0.012959706705013849,0.7788404979897691,BH_from_pvalue
aminoglycoside,kanamycin,kanamycin_vs_control,not_regulated,b2850,b2850,0.7905723585434793,1.1688949386231242,2.248394106797591,0.18355747179701898,0.21589942268168896,0.778190074224793,BH_from_pvalue
aminoglycoside,kanamycin,kanamycin_vs_control,not_regulated,b4074,b4074,56.586658291136665,0.781167486471201,1.7185210061871172,0.07966633764728899,0.10105448018542185,0.7776088213950284,BH_from_pvalue
aminoglycoside,kanamycin,kanamycin_vs_control,not_regulated,b2951,b2951,215.8922501309266,-0.5529481575642556,0.6816257970412314,0.026228361161733105,0.039325056168491836,0.7770749927990087,BH_from_pvalue
aminoglycoside,kanamycin,kanamycin_vs_control,not_regulated,b0465,b0465,1986.8762869488364,0.5638471660718665,1.4782058271657308,0.028474698540205533,0.04203452380500312,0.7760757819805665,BH_from_pvalue
aminoglycoside,kanamycin,kanamycin_vs_control,not_regulated,b4121,b4121,66.20208497604543,0.5771821042999044,1.4919323340879354,0.031222312019327975,0.04533181390023797,0.7755000876894806,BH_from_pvalue
aminoglycoside,kanamycin,kanamycin_vs_control,not_regulated,b1338,b1338,55.4613408980366,0.544104485352868,1.4581149771147528,0.024948752363313485,0.03770816133406722,0.7745679076969767,BH_from_pvalue
aminoglycoside,kanamycin,kanamycin_vs_control,not_regulated,b2078,b2078,138.89754398838537,-0.5230210878308386,0.6959130237010763,0.021250623652480934,0.03321240625047229,0.7733911039503325,BH_from_pvalue
aminoglycoside,kanamycin,kanamycin_vs_control,not_regulated,b1952,b1952,92.63202484140847,-0.5532889488990271,0.6814648033974563,0.027285617998604714,0.04060619881746065,0.7698504835181762,BH_from_pvalue
aminoglycoside,kanamycin,kanamycin_vs_control,not_regulated,b3958,b3958,83.46149572896167,0.7422003604918856,1.672725090604041,0.07164799566819109,0.09181557963405228,0.7697238364197853,BH_from_pvalue
aminoglycoside,kanamycin,kanamycin_vs_control,not_regulated,b3881,b3881,18.613769893614954,-0.6551404756296564,0.6350136567972449,0.04994182538662985,0.06715645159613186,0.7684222953138311,BH_from_pvalue
aminoglycoside,kanamycin,kanamycin_vs_control,not_regulated,b2146,b2146,432.63931073372834,-0.7240491023767515,0.6053959368685771,0.06849187588674543,0.08824608546024548,0.7633682634484328,BH_from_pvalue
aminoglycoside,kanamycin,kanamycin_vs_control,not_regulated,b0024,b0024,55.9502126917068,-0.7202493704436463,0.606992514218386,0.06820554431783113,0.08800589166425829,0.7602147493669039,BH_from_pvalue
aminoglycoside,kanamycin,kanamycin_vs_control,not_regulated,b0766,b0766,113.79917827679519,0.5092386546108401,1.4232988878070578,0.020435226687036873,0.0322291899152496,0.7596570738534764,BH_from_pvalue
aminoglycoside,kanamycin,kanamycin_vs_control,not_regulated,b4420,b4420,2.9183190949045517,1.150020388354699,2.219170305518616,0.18925193674959823,0.2215656458874786,0.7526855574338625,BH_from_pvalue
aminoglycoside,kanamycin,kanamycin_vs_control,not_regulated,b0123,b0123,701.1446555397278,0.5154909788583328,1.4294805386614655,0.022767072817705878,0.03510671701544088,0.7498382200892799,BH_from_pvalue
aminoglycoside,kanamycin,kanamycin_vs_control,not_regulated,b4240,b4240,227.6801483587532,0.5263840981442689,1.4403147318921181,0.025187866269733225,0.03800571032581686,0.74754498026957,BH_from_pvalue
aminoglycoside,kanamycin,kanamycin_vs_control,not_regulated,b4303,b4303,76.26974498190083,-0.7069721028909184,0.6126045116502645,0.06840811655040223,0.08816610551395679,0.7456423051149829,BH_from_pvalue
aminoglycoside,kanamycin,kanamycin_vs_control,not_regulated,b4165,b4165,7.100985863723936,0.7430028126759547,1.6736557483201844,0.07844108227762278,0.09966892318778171,0.7440729104284621,BH_from_pvalue
aminoglycoside,kanamycin,kanamycin_vs_control,not_regulated,b2865,b2865,450.9933537823778,0.5326971082214804,1.4466311358296242,0.026868767787155242,0.040137845155571596,0.74388271764814,BH_from_pvalue
aminoglycoside,kanamycin,kanamycin_vs_control,not_regulated,b1129,b1129,798.2482596148735,0.381878980692111,1.3030378405022458,0.005254049974855601,0.011340075233637472,0.7429012834863771,BH_from_pvalue
aminoglycoside,kanamycin,kanamycin_vs_control,not_regulated,b4140,b4140,820.5405634225054,-0.6641789649959904,0.6310477303086318,0.0594475140886372,0.07798043697016334,0.7359198145758906,BH_from_pvalue
aminoglycoside,kanamycin,kanamycin_vs_control,not_regulated,b4022,b4022,316.68806298818623,0.46102900193336005,1.3765232730207897,0.01523946102262998,0.025350257278028716,0.7358104144198919,BH_from_pvalue
aminoglycoside,kanamycin,kanamycin_vs_control,not_regulated,b1328,b1328,133.83834915650291,0.6178922584465472,1.5346314842849291,0.04815555709705714,0.06512438238802255,0.7329786351790037,BH_from_pvalue
aminoglycoside,kanamycin,kanamycin_vs_control,not_regulated,b2412,b2412,2847.3612961697004,0.3148381030194951,1.243872060089507,0.001425553023857142,0.004728714971467127,0.7320794597096554,BH_from_pvalue
aminoglycoside,kanamycin,kanamycin_vs_control,not_regulated,b3477,b3477,76.12151365175639,-1.0690435325560488,0.4766348902226144,0.1751203138565036,0.20674308969200872,0.7318340595349693,BH_from_pvalue
aminoglycoside,kanamycin,kanamycin_vs_control,not_regulated,b0706,b0706,0.9137174173286029,0.8880839248714538,1.8507165133584105,0.12302648312516783,0.15020985914685256,0.7311608817550089,BH_from_pvalue
aminoglycoside,kanamycin,kanamycin_vs_control,not_regulated,b1220,b1220,290.28543031720733,0.5259939271860121,1.4399252573469403,0.02751851701781513,0.04089140718405433,0.7302731072118129,BH_from_pvalue
aminoglycoside,kanamycin,kanamycin_vs_control,not_regulated,b3175,b3175,1697.4086245756332,0.717852114938319,1.644731533746263,0.07543459303714754,0.0962839953124545,0.7296578368367325,BH_from_pvalue
aminoglycoside,kanamycin,kanamycin_vs_control,not_regulated,b0696,b0696,70.98170917681932,0.5599894651206974,1.4742584518894624,0.03515695895521464,0.0499350461390125,0.7288792327829419,BH_from_pvalue
aminoglycoside,kanamycin,kanamycin_vs_control,not_regulated,b4021,b4021,140.82287943643937,-0.6521238781798315,0.6363428251992337,0.05812675575516694,0.07640390046368815,0.728347031971576,BH_from_pvalue
aminoglycoside,kanamycin,kanamycin_vs_control,not_regulated,b4589,b4589,2.1997287964884547,-0.9279408847644448,0.5256079911837888,0.13562121197704044,0.1643384190389892,0.7277477490916149,BH_from_pvalue
aminoglycoside,kanamycin,kanamycin_vs_control,not_regulated,b0563,b0563,8.824658657221981,0.5189438014992556,1.4329058321123924,0.026487335961712096,0.039620896959022614,0.7275984921368194,BH_from_pvalue
aminoglycoside,kanamycin,kanamycin_vs_control,not_regulated,b1163,b1163,214.89443107484965,-0.6139247539193375,0.6534167060572829,0.04843998861485633,0.06545000564422462,0.7269423532046821,BH_from_pvalue
aminoglycoside,kanamycin,kanamycin_vs_control,not_regulated,b4680,b4680,74.86577900738196,0.7732378846042032,1.709101270619275,0.09180868895583502,0.11480552764062994,0.7268723768155441,BH_from_pvalue
aminoglycoside,kanamycin,kanamycin_vs_control,not_regulated,b0723,b0723,3932.2522631024945,-0.5995216079644621,0.6599727634947863,0.044993988489990276,0.061514577576892486,0.7260338291210467,BH_from_pvalue
aminoglycoside,kanamycin,kanamycin_vs_control,not_regulated,b2754,b2754,24.218138499253,0.8973899093256925,1.86269299152104,0.1275126800166265,0.1553078891727013,0.7258147763160469,BH_from_pvalue
aminoglycoside,kanamycin,kanamycin_vs_control,not_regulated,b2614,b2614,1841.2364606825042,-0.5307343641782865,0.6922022978478505,0.0292329752616837,0.04291446564198867,0.7257242009825694,BH_from_pvalue
aminoglycoside,kanamycin,kanamycin_vs_control,not_regulated,b4089,b4089,475.13476574339865,-0.6328296994878517,0.6449102481816538,0.05397753107679713,0.07185289576307591,0.723676025519105,BH_from_pvalue
aminoglycoside,kanamycin,kanamycin_vs_control,not_regulated,b3661,b3661,102.30068555033797,-0.7380007957806534,0.5995696261769866,0.08532288694409991,0.10741179554283835,0.7150844124115814,BH_from_pvalue
aminoglycoside,kanamycin,kanamycin_vs_control,not_regulated,b2700,b2700,104.86588608980355,-0.5376553541535003,0.6888895725706102,0.03276503637996172,0.0471757790131459,0.7130820375364914,BH_from_pvalue
aminoglycoside,kanamycin,kanamycin_vs_control,not_regulated,b0266,b0266,52.72869399981774,-0.5932821055256268,0.6628332566307584,0.04648569707184866,0.06324642027500764,0.7113239162533022,BH_from_pvalue
aminoglycoside,kanamycin,kanamycin_vs_control,not_regulated,b3260,b3260,1760.5105396113192,0.624313060121267,1.5414766758412966,0.055677643971874205,0.07352849165751327,0.7076865375177173,BH_from_pvalue
aminoglycoside,kanamycin,kanamycin_vs_control,not_regulated,b2430,b2430,122.82907610095083,-0.594493064395385,0.6622771259061597,0.04761202396548376,0.06452512316864897,0.7076079480507714,BH_from_pvalue
aminoglycoside,kanamycin,kanamycin_vs_control,not_regulated,b1672,b1672,58.375668299708316,0.6075405836874657,1.523659554172547,0.05162090521305183,0.06902224484194623,0.7053612520391587,BH_from_pvalue
aminoglycoside,kanamycin,kanamycin_vs_control,not_regulated,b4474,b4474,26.78153720964187,0.6514244481604035,1.5707182826198716,0.06387868156161768,0.08318654014596304,0.7035038383189223,BH_from_pvalue
aminoglycoside,kanamycin,kanamycin_vs_control,not_regulated,b3979,b3979,6.221473662040722,1.3773877903756435,2.597975436514968,0.27213189646576214,0.3087914405406151,0.7029288488003146,BH_from_pvalue
aminoglycoside,kanamycin,kanamycin_vs_control,not_regulated,b1430,b1430,192.90205768789488,-0.5368741250168299,0.6892627119599547,0.035169903550109294,0.0499350461390125,0.6987924322093054,BH_from_pvalue
aminoglycoside,kanamycin,kanamycin_vs_control,not_regulated,b1855,b1855,734.0953819827929,0.40575903085642473,1.324785723470421,0.0107222880490369,0.019161244197285647,0.6969220925944529,BH_from_pvalue
aminoglycoside,kanamycin,kanamycin_vs_control,not_regulated,b1636,b1636,255.18088657094827,-0.5385950966887734,0.6884409898721847,0.035922868418156596,0.05084363188951176,0.6968146419645425,BH_from_pvalue
aminoglycoside,kanamycin,kanamycin_vs_control,not_regulated,b4043,b4043,3280.2656251453104,-0.33560378741028885,0.7924524151337511,0.003365883422568938,0.008410968685952824,0.696429536456512,BH_from_pvalue
aminoglycoside,kanamycin,kanamycin_vs_control,not_regulated,b2121,b2121,16.382463168293054,0.7215438191293799,1.6489456173756265,0.08613069728395202,0.10836807730999054,0.696360952705676,BH_from_pvalue
aminoglycoside,kanamycin,kanamycin_vs_control,not_regulated,b4264,b4264,65.86562541392068,0.6482292721653904,1.5672434194224563,0.06491455344153861,0.08438891947400019,0.6960132167130019,BH_from_pvalue
aminoglycoside,kanamycin,kanamycin_vs_control,not_regulated,b0470,b0470,1775.5568270640226,-0.5514170427795495,0.6823495822536305,0.03961294075400887,0.055197957717327106,0.6937250937129978,BH_from_pvalue
aminoglycoside,kanamycin,kanamycin_vs_control,not_regulated,b0686,b0686,302.96882285110917,-0.4791518178152643,0.7173992699060731,0.023238596552831076,0.035712066882598315,0.693421330038192,BH_from_pvalue
aminoglycoside,kanamycin,kanamycin_vs_control,not_regulated,b0588,b0588,63.88762437701731,0.6297576826406566,1.5473050838866222,0.060621445152380146,0.07926606403936218,0.6933082346379026,BH_from_pvalue
aminoglycoside,kanamycin,kanamycin_vs_control,not_regulated,b2518,b2518,599.9386247081638,0.5860150449828812,1.501094751430439,0.04894146988007776,0.06598882839346217,0.6918080962767356,BH_from_pvalue
aminoglycoside,kanamycin,kanamycin_vs_control,not_regulated,b3067,b3067,8713.259868105559,0.46822141192593314,1.3834029250224258,0.021438988026718182,0.03341391827587609,0.6911287940338876,BH_from_pvalue
aminoglycoside,kanamycin,kanamycin_vs_control,not_regulated,b1261,b1261,563.044258560953,-0.5702448336995136,0.6735024814641526,0.04509113775401682,0.06159123523157232,0.6902705855312289,BH_from_pvalue
aminoglycoside,kanamycin,kanamycin_vs_control,not_regulated,b3980,b3980,180.206369696632,0.47818385405689856,1.3929889889791232,0.024127714771757045,0.036838581481114456,0.6855708054228299,BH_from_pvalue
aminoglycoside,kanamycin,kanamycin_vs_control,not_regulated,b2894,b2894,845.0646739680355,0.3863292530389373,1.3070635189591078,0.009004335103045378,0.016833540853490488,0.6852803028698766,BH_from_pvalue
aminoglycoside,kanamycin,kanamycin_vs_control,not_regulated,b0348,b0348,26.556906154328583,1.043262824727237,2.0608833169735457,0.18846115694947335,0.220697288195452,0.6845921986844216,BH_from_pvalue
aminoglycoside,kanamycin,kanamycin_vs_control,not_regulated,b1182,b1182,61.953377754706544,-0.587973972783197,0.6652765224808813,0.0513126478009737,0.0686508892946995,0.684021774704323,BH_from_pvalue
aminoglycoside,kanamycin,kanamycin_vs_control,not_regulated,b2328,b2328,234.33390405979503,-0.46772131221355995,0.7231058173286279,0.022693891737248128,0.03501576060852032,0.6808789558567819,BH_from_pvalue
aminoglycoside,kanamycin,kanamycin_vs_control,not_regulated,b1834,b1834,948.0837364285544,-0.5817430643262078,0.6681560233372975,0.05054619554848159,0.06782720393110686,0.6798226678355928,BH_from_pvalue
aminoglycoside,kanamycin,kanamycin_vs_control,not_regulated,b4636,b4636,0.6614297521992498,1.041284096373965,2.058058650031834,0.19089394015920652,0.22325557536040327,0.6780817947249815,BH_from_pvalue
aminoglycoside,kanamycin,kanamycin_vs_control,not_regulated,b4682,b4682,0.6614297521992498,1.041284096373965,2.058058650031834,0.19089394015920652,0.22325557536040327,0.6780817947249815,BH_from_pvalue
aminoglycoside,kanamycin,kanamycin_vs_control,not_regulated,b3550,b3550,84.39553414837428,0.4795742406008907,1.3943321187994393,0.025780218322558456,0.03871767012182569,0.6772023657431033,BH_from_pvalue
aminoglycoside,kanamycin,kanamycin_vs_control,not_regulated,b4454,b4454,42.93302190937819,0.676556756751733,1.5983205287590079,0.07861617767458123,0.09983499920391485,0.6770419705334555,BH_from_pvalue
aminoglycoside,kanamycin,kanamycin_vs_control,not_regulated,b1006,b1006,126.92286699023369,0.39847618838790133,1.3181149483471941,0.011390507982134894,0.0201077334786667,0.676069396955002,BH_from_pvalue
aminoglycoside,kanamycin,kanamycin_vs_control,not_regulated,b2565,b2565,157.14281805620087,0.5419328241820711,1.455921755730914,0.04084653435789003,0.056671101647683325,0.6755942389782801,BH_from_pvalue
aminoglycoside,kanamycin,kanamycin_vs_control,not_regulated,b0483,b0483,399.9498402829576,-0.6708052026808016,0.6281560004871702,0.07734971741135716,0.09839339053062345,0.6755236960154379,BH_from_pvalue
aminoglycoside,kanamycin,kanamycin_vs_control,not_regulated,b3839,b3839,434.10552823154853,-0.3520575073530807,0.7834659565436793,0.0058442746342964435,0.012204060958711885,0.6736605024426787,BH_from_pvalue
aminoglycoside,kanamycin,kanamycin_vs_control,not_regulated,b1070,b1070,46.471454172158445,-0.3260269806670273,0.7977303208574765,0.0034774453184632805,0.008594257715630679,0.6735038069316683,BH_from_pvalue
aminoglycoside,kanamycin,kanamycin_vs_control,not_regulated,b2451,b2451,81.11070615679203,0.5185661472564531,1.4325307894801047,0.03560135541973064,0.05046797878283909,0.6725720416674497,BH_from_pvalue
aminoglycoside,kanamycin,kanamycin_vs_control,not_regulated,b2919,b2919,22.439809160778186,0.7363335601894736,1.6659366722992455,0.09905785167331987,0.12304949373835758,0.6700047573602038,BH_from_pvalue
aminoglycoside,kanamycin,kanamycin_vs_control,not_regulated,b1078,b1078,42.252741072000504,0.5123007343321646,1.4263230079077336,0.035083497109393326,0.04990688488236912,0.6669333509615324,BH_from_pvalue
aminoglycoside,kanamycin,kanamycin_vs_control,not_regulated,b0269,b0269,663.7936593753412,0.3380876197991949,1.2640798680110028,0.004817117192633451,0.010650329522165325,0.6669241328122858,BH_from_pvalue
aminoglycoside,kanamycin,kanamycin_vs_control,not_regulated,b0151,b0151,277.045360233259,-0.5604401341644367,0.6780952603848233,0.047853081823145696,0.06477565739033224,0.666132513900736,BH_from_pvalue
aminoglycoside,kanamycin,kanamycin_vs_control,not_regulated,b4094,b4094,13.377051054745854,0.5845673498517283,1.4995892096932708,0.054850101480509714,0.07268722972195761,0.6655544111190417,BH_from_pvalue
aminoglycoside,kanamycin,kanamycin_vs_control,not_regulated,b0484,b0484,5130.829026839401,-0.3941669608902849,0.7609286242181564,0.011663219336347714,0.020508663242725576,0.6653785229972197,BH_from_pvalue
aminoglycoside,kanamycin,kanamycin_vs_control,not_regulated,b2802,b2802,342.60882070112893,0.5875837510514419,1.5027278457917985,0.05592296808276786,0.07380912864914607,0.6650801259636192,BH_from_pvalue
aminoglycoside,kanamycin,kanamycin_vs_control,not_regulated,b1908,b1908,1582.6929642878088,-0.4809323830943484,0.7165144063317694,0.027929945982922585,0.04142067162254724,0.6650250578179083,BH_from_pvalue
aminoglycoside,kanamycin,kanamycin_vs_control,not_regulated,b1471,b1471,2.8890390534301997,1.203107196743837,2.302350048093744,0.24505848584375495,0.2801202209212731,0.6649038572665453,BH_from_pvalue
aminoglycoside,kanamycin,kanamycin_vs_control,not_regulated,b3497,b3497,259.60987533927,-0.5255108440543896,0.694713075331096,0.03919845908322747,0.05468817275321252,0.6632506978600355,BH_from_pvalue
aminoglycoside,kanamycin,kanamycin_vs_control,not_regulated,b2934,b2934,3.939815090306992,0.9601378516040788,1.9454957808877884,0.173109165288614,0.20469112131130013,0.6614399212116254,BH_from_pvalue
aminoglycoside,kanamycin,kanamycin_vs_control,not_regulated,b3726,b3726,305.524361172376,0.7154633806561028,1.642010531929209,0.09587848621824849,0.11946300027969022,0.6602056985059956,BH_from_pvalue
aminoglycoside,kanamycin,kanamycin_vs_control,not_regulated,b4459,b4459,4.490721976112381,0.8743131971242668,1.8331352046016687,0.1462774894086913,0.17601823096851085,0.6596189014138971,BH_from_pvalue
aminoglycoside,kanamycin,kanamycin_vs_control,not_regulated,b0872,b0872,402.15057363174566,-1.6968393368958914,0.3084611417526369,0.3697735876503591,0.4092622040480599,0.6583708819719006,BH_from_pvalue
aminoglycoside,kanamycin,kanamycin_vs_control,not_regulated,b4267,b4267,41.24424058517917,0.5763147324428415,1.4910356295485447,0.05415357033445349,0.07206590513738811,0.6583071183651238,BH_from_pvalue
aminoglycoside,kanamycin,kanamycin_vs_control,not_regulated,b2251,b2251,24.583643449468184,-0.4877474524057046,0.713137684399783,0.030702235332190613,0.044721066879596295,0.6582092581266827,BH_from_pvalue
aminoglycoside,kanamycin,kanamycin_vs_control,not_regulated,b0028,b0028,507.65133665552116,-0.35776525865204434,0.7803724444815046,0.007389802723228311,0.014554064158603006,0.6572204023934731,BH_from_pvalue
aminoglycoside,kanamycin,kanamycin_vs_control,not_regulated,b3640,b3640,163.43361462610082,-0.6235825497249543,0.6490571638996381,0.06865272717671463,0.08840537269993198,0.6569575237664654,BH_from_pvalue
aminoglycoside,kanamycin,kanamycin_vs_control,not_regulated,b2027,b2027,2869.8863895533536,0.4494021914245252,1.3654743288300415,0.0223230056056963,0.034552264010468674,0.6568118594698997,BH_from_pvalue
aminoglycoside,kanamycin,kanamycin_vs_control,not_regulated,b4293,b4293,111.51023391841663,-0.5179451244834361,0.6983658293365811,0.03863789645611729,0.05400660604711484,0.656522955604474,BH_from_pvalue
aminoglycoside,kanamycin,kanamycin_vs_control,not_regulated,b4026,b4026,67.90432726878333,-0.44137330245704387,0.7364332635347246,0.020833997957948047,0.032720433943732655,0.655519218563738,BH_from_pvalue
aminoglycoside,kanamycin,kanamycin_vs_control,not_regulated,b0823,b0823,129.32562256870827,-0.4132376568459639,0.7509362506718557,0.015666719657354267,0.025961531024071935,0.6552584311764037,BH_from_pvalue
aminoglycoside,kanamycin,kanamycin_vs_control,not_regulated,b4634,b4634,1.9540433046593415,1.1717694289704141,2.252878373967484,0.2411833764721871,0.2761116893285563,0.6549197528252282,BH_from_pvalue
aminoglycoside,kanamycin,kanamycin_vs_control,not_regulated,b2313,b2313,471.4534789666638,-0.38276878812111725,0.7669642366380721,0.010927653412876397,0.019481801447133584,0.6546765917201298,BH_from_pvalue
aminoglycoside,kanamycin,kanamycin_vs_control,not_regulated,b3725,b3725,203.52597908240537,-0.7398319355250855,0.5988091055652895,0.10614751157998052,0.13116799645240448,0.6526591033877986,BH_from_pvalue
aminoglycoside,kanamycin,kanamycin_vs_control,not_regulated,b3825,b3825,628.9457211594369,-0.44097462848975866,0.7366367974295922,0.02126220254327929,0.033218960416696856,0.65203124295401,BH_from_pvalue
aminoglycoside,kanamycin,kanamycin_vs_control,not_regulated,b1529,b1529,465.1236009963065,-0.36956882831054827,0.774013788179021,0.009516859190338772,0.017522240130226685,0.649114523306559,BH_from_pvalue
aminoglycoside,kanamycin,kanamycin_vs_control,not_regulated,b0391,b0391,1046.1420557541473,-0.5282490453811146,0.6933957767158037,0.04368531639862127,0.06003561049831912,0.6453043158840785,BH_from_pvalue
aminoglycoside,kanamycin,kanamycin_vs_control,not_regulated,b3655,b3655,784.0708635999754,0.44020376262063365,1.3567959443637987,0.023442239763414554,0.03596289033282356,0.6357182438454033,BH_from_pvalue
aminoglycoside,kanamycin,kanamycin_vs_control,not_regulated,b2041,b2041,665.8112198339908,-0.3967407314719882,0.7595723363357951,0.015163854849216066,0.025243160293032516,0.6339346673094318,BH_from_pvalue
aminoglycoside,kanamycin,kanamycin_vs_control,not_regulated,b3169,b3169,4252.660895532388,0.299022674043421,1.2303106807145963,0.00297101001212274,0.007689069640119727,0.6321716712820111,BH_from_pvalue
aminoglycoside,kanamycin,kanamycin_vs_control,not_regulated,b0819,b0819,1871.8713903284558,0.46207379870897825,1.377520509393158,0.029379011921707103,0.04307261917335024,0.6310998022304458,BH_from_pvalue
aminoglycoside,kanamycin,kanamycin_vs_control,not_regulated,b1785,b1785,28.73844424030898,1.0964511050806536,2.138280480179277,0.2311415356633484,0.2660375198090433,0.6305220033284652,BH_from_pvalue
aminoglycoside,kanamycin,kanamycin_vs_control,not_regulated,b1033,b1033,386.09894452936106,-0.4332429285930335,0.7405951831909088,0.02327716401571793,0.035758430239992915,0.626738558863103,BH_from_pvalue
aminoglycoside,kanamycin,kanamycin_vs_control,not_regulated,b3910,b3910,263.501150822472,-0.4550342354655559,0.7294928608912192,0.02872233692197455,0.04225525444388693,0.6252713154702649,BH_from_pvalue
aminoglycoside,kanamycin,kanamycin_vs_control,not_regulated,b2738,b2738,51.29907017355057,0.5577298812498332,1.471951239918035,0.05745389962310592,0.07567427247576293,0.6252440569547099,BH_from_pvalue
aminoglycoside,kanamycin,kanamycin_vs_control,not_regulated,b3352,b3352,725.6822759177625,0.5087298394614095,1.4227970018750526,0.04329031340082502,0.059547348525049226,0.6232640401462922,BH_from_pvalue
aminoglycoside,kanamycin,kanamycin_vs_control,not_regulated,b0289,b0289,90.65512938107902,0.5715359787902061,1.4861049242073643,0.06293315074194944,0.08209782831707906,0.6204985121145251,BH_from_pvalue
aminoglycoside,kanamycin,kanamycin_vs_control,not_regulated,b2789,b2789,75.39316988395827,0.6608667397300536,1.5810321881317866,0.09222512960018873,0.1152301758171247,0.6201796696488757,BH_from_pvalue
aminoglycoside,kanamycin,kanamycin_vs_control,not_regulated,b0406,b0406,806.6062788210146,-0.4262430601007239,0.7441972373319742,0.022776865732108784,0.0351097813786927,0.6200011670459363,BH_from_pvalue
aminoglycoside,kanamycin,kanamycin_vs_control,not_regulated,b2846,b2846,7.911969948499397,0.5880498344342642,1.5032134020644246,0.06850941094423682,0.08824608546024548,0.6199836163868937,BH_from_pvalue
aminoglycoside,kanamycin,kanamycin_vs_control,not_regulated,b3789,b3789,258.82621270881714,-0.45098093796655014,0.7315452760458843,0.028727560713518507,0.04225525444388693,0.6197016012341424,BH_from_pvalue
aminoglycoside,kanamycin,kanamycin_vs_control,not_regulated,b0502,b0502,45.31424198861106,-0.6534895923374089,0.6357407220758574,0.09055057440309053,0.11335833110634601,0.6179048337567223,BH_from_pvalue
aminoglycoside,kanamycin,kanamycin_vs_control,not_regulated,b2720,b2720,10.759731982164139,0.9394958680793883,1.9178579498289443,0.18804771982168234,0.22027048014529352,0.6172898427335718,BH_from_pvalue
aminoglycoside,kanamycin,kanamycin_vs_control,not_regulated,b2020,b2020,600.8193913687143,-0.5780454323036359,0.6698707058003754,0.06607029923094013,0.08561918926556288,0.6170223935080041,BH_from_pvalue
aminoglycoside,kanamycin,kanamycin_vs_control,not_regulated,b3257,b3257,17.541905595286853,0.675372051563818,1.597008566550677,0.09969420663874866,0.12373745625306055,0.6128993373446773,BH_from_pvalue
aminoglycoside,kanamycin,kanamycin_vs_control,not_regulated,b2401,b2401,2.196991902692829,1.17607407904496,2.2596104519184856,0.2658299704565501,0.30202152238281443,0.6115139568833854,BH_from_pvalue
aminoglycoside,kanamycin,kanamycin_vs_control,not_regulated,b1617,b1617,344.6375207841238,-0.4796980591651394,0.7171276955558202,0.03810020100707829,0.053404395179133105,0.6103788430985281,BH_from_pvalue
aminoglycoside,kanamycin,kanamycin_vs_control,not_regulated,b0793,b0793,203.2421397771883,0.36678307053866277,1.289474345500193,0.01266303338275856,0.021893414656470885,0.6087449096543347,BH_from_pvalue
aminoglycoside,kanamycin,kanamycin_vs_control,not_regulated,b3649,b3649,749.6898140760273,0.4274344139909374,1.3448398817378833,0.025022326996224337,0.03780666000302891,0.6079962551377182,BH_from_pvalue
aminoglycoside,kanamycin,kanamycin_vs_control,not_regulated,b4053,b4053,819.3797771491414,0.3457804024836939,1.2708382359751056,0.009481934015390998,0.017486567938183154,0.6076383177722413,BH_from_pvalue
aminoglycoside,kanamycin,kanamycin_vs_control,not_regulated,b3050,b3050,122.70594691784947,0.6402399594834183,1.558588373464704,0.08962372521838448,0.11244840056688797,0.6076176319356892,BH_from_pvalue
aminoglycoside,kanamycin,kanamycin_vs_control,not_regulated,b2018,b2018,0.5270482390289862,0.9119360287373004,1.8815687815949684,0.1835707648750223,0.21589942268168896,0.6071200605310788,BH_from_pvalue
aminoglycoside,kanamycin,kanamycin_vs_control,not_regulated,b2705,b2705,88.64082273889777,-0.5352965510055938,0.690016826750681,0.05570570645480538,0.07354395880062066,0.6067334795839124,BH_from_pvalue
aminoglycoside,kanamycin,kanamycin_vs_control,not_regulated,b0155,b0155,974.1872594230805,-0.4383909474314347,0.7379572010687531,0.028337948164930946,0.041901410534470544,0.6040024905640884,BH_from_pvalue
aminoglycoside,kanamycin,kanamycin_vs_control,not_regulated,b3885,b3885,523.6964140777512,-0.4705995491812285,0.7216646290624059,0.03762469456245087,0.0528201860617678,0.601049778710246,BH_from_pvalue
aminoglycoside,kanamycin,kanamycin_vs_control,not_regulated,b1092,b1092,2070.7796056499224,-0.348447625355492,0.7854287836704796,0.01059789903899514,0.018991772859521968,0.5998297611148122,BH_from_pvalue
aminoglycoside,kanamycin,kanamycin_vs_control,not_regulated,b4209,b4209,583.2710476538072,1.708563738687709,3.26835283651096,0.40599918700988463,0.44584578690685084,0.599390356836801,BH_from_pvalue
aminoglycoside,kanamycin,kanamycin_vs_control,not_regulated,b2628,b2628,395.0543059424314,-0.29043351844217824,0.8176563223848663,0.0035671204366023975,0.008742819309950836,0.5978133962197363,BH_from_pvalue
aminoglycoside,kanamycin,kanamycin_vs_control,not_regulated,b1751,b1751,25.91015420882336,-0.6364680430920089,0.6432858932157551,0.09210378869338626,0.11511054224586034,0.5975702351612239,BH_from_pvalue
aminoglycoside,kanamycin,kanamycin_vs_control,not_regulated,b1630,b1630,152.10900743487784,0.6249945191988946,1.5422049665573165,0.08853471645554027,0.1112371940271006,0.596088506939414,BH_from_pvalue
aminoglycoside,kanamycin,kanamycin_vs_control,not_regulated,b4663,b4663,6.832082118557413,1.3278180592873758,2.51022739357905,0.3177436037770138,0.35605648475062485,0.5955013040232039,BH_from_pvalue
aminoglycoside,kanamycin,kanamycin_vs_control,not_regulated,b3911,b3911,1390.0541341174387,-0.4137132979632696,0.7506887158324994,0.0240785163751733,0.03677594793057029,0.5934452996420471,BH_from_pvalue
aminoglycoside,kanamycin,kanamycin_vs_control,not_regulated,b3568,b3568,123.04991774111902,0.41662934305400245,1.3348053212993825,0.02492825958208359,0.03769485846895079,0.5931626462772849,BH_from_pvalue
aminoglycoside,kanamycin,kanamycin_vs_control,not_regulated,b2326,b2326,209.85940421463133,-0.5211924775044805,0.6967956499835466,0.055362694029943746,0.0732144319294729,0.5917636604386428,BH_from_pvalue
aminoglycoside,kanamycin,kanamycin_vs_control,not_regulated,b2732,b2732,314.0815875687633,1.3109999462408766,2.481134502976299,0.3165464070720586,0.35489175947410756,0.5898242309586155,BH_from_pvalue
aminoglycoside,kanamycin,kanamycin_vs_control,not_regulated,b1450,b1450,98.73409072969561,0.6582457933298995,1.5781625318576722,0.10304136857471576,0.12757502775917187,0.58862598498445,BH_from_pvalue
aminoglycoside,kanamycin,kanamycin_vs_control,not_regulated,b4196,b4196,75.44226858258186,0.3666501380608258,1.2893555365224885,0.014854785287533515,0.02485474358489413,0.5883234064235585,BH_from_pvalue
aminoglycoside,kanamycin,kanamycin_vs_control,not_regulated,b3366,b3366,86.33328651534941,-1.7629505365556133,0.2946449538136991,0.42688135737244354,0.4649182434530874,0.5863986221449117,BH_from_pvalue
aminoglycoside,kanamycin,kanamycin_vs_control,not_regulated,b3827,b3827,323.01766922653377,-0.5187387931033065,0.6979817435832864,0.05630358832422637,0.07426790037606165,0.5857592506081146,BH_from_pvalue
aminoglycoside,kanamycin,kanamycin_vs_control,not_regulated,b0441,b0441,2967.332103578239,-0.3656883857579132,0.7760984691989194,0.015106579610210362,0.025166442624713414,0.5848008832852981,BH_from_pvalue
aminoglycoside,kanamycin,kanamycin_vs_control,not_regulated,b4700,b4700,2.660033882216093,1.0172600767864255,2.024071251509777,0.2318547357800996,0.26665369510071285,0.5839605821859692,BH_from_pvalue
aminoglycoside,kanamycin,kanamycin_vs_control,not_regulated,b0030,b0030,254.00503321905083,-0.6643171585736871,0.6309872860951913,0.10702952398968649,0.13214475038170956,0.5839016230552738,BH_from_pvalue
aminoglycoside,kanamycin,kanamycin_vs_control,not_regulated,b2242,b2242,104.189867093489,-1.0805207136854893,0.47285812329842336,0.2532864713535151,0.28849899927781997,0.5833252543130343,BH_from_pvalue
aminoglycoside,kanamycin,kanamycin_vs_control,not_regulated,b2310,b2310,1067.2726966688335,0.44798991609623506,1.3641383000247775,0.03515937367915503,0.0499350461390125,0.5831012307853676,BH_from_pvalue
aminoglycoside,kanamycin,kanamycin_vs_control,not_regulated,b2745,b2745,500.71594095491406,-0.36451329684872924,0.7767308663367231,0.015407899341051303,0.025602043308477564,0.5802050630629768,BH_from_pvalue
aminoglycoside,kanamycin,kanamycin_vs_control,not_regulated,b0330,b0330,92.64328090890079,-0.7222660386826449,0.606144623753668,0.1294951367084253,0.1575518325438185,0.5796737790223909,BH_from_pvalue
aminoglycoside,kanamycin,kanamycin_vs_control,not_regulated,b0128,b0128,470.522728337515,-0.33046197359586493,0.7952817812685471,0.009607580926217983,0.01765314501884334,0.5793586325631486,BH_from_pvalue
aminoglycoside,kanamycin,kanamycin_vs_control,not_regulated,b1961,b1961,563.0013418727941,-0.41774061571683774,0.7485960724971017,0.027743349714474033,0.04117109436347879,0.5787410192159833,BH_from_pvalue
aminoglycoside,kanamycin,kanamycin_vs_control,not_regulated,b0460,b0460,302.8487589346023,0.5524842388285061,1.4666089400838593,0.06983669612794043,0.08972449562510026,0.5785001549625425,BH_from_pvalue
aminoglycoside,kanamycin,kanamycin_vs_control,not_regulated,b4429,b4429,185.87957617157846,0.47513863297006864,1.3900517877439496,0.044355133118294976,0.06077045043134048,0.5779147040336203,BH_from_pvalue
aminoglycoside,kanamycin,kanamycin_vs_control,not_regulated,b3469,b3469,7563.408645645327,0.4668981190474053,1.382134598816852,0.04205642345314569,0.05806316534445958,0.5771324344202376,BH_from_pvalue
aminoglycoside,kanamycin,kanamycin_vs_control,not_regulated,b3442,b3442,2.3631853917292385,1.2854010174072465,2.4374979700870494,0.31759896268394994,0.35598308850047516,0.5765931484670107,BH_from_pvalue
aminoglycoside,kanamycin,kanamycin_vs_control,not_regulated,b4119,b4119,421.38608080292676,-0.5352567090442406,0.6900358827552958,0.06451201325288865,0.08388986285385751,0.5760917193571796,BH_from_pvalue
aminoglycoside,kanamycin,kanamycin_vs_control,not_regulated,b4248,b4248,48.5248437297009,-0.7746801038105833,0.5845182181422998,0.15102036896400942,0.18091918342156862,0.5752118925185618,BH_from_pvalue
aminoglycoside,kanamycin,kanamycin_vs_control,not_regulated,b3778,b3778,562.6639430266532,0.5812462939092189,1.4961411546804704,0.08137374419709754,0.10290106870917762,0.5740272816203974,BH_from_pvalue
aminoglycoside,kanamycin,kanamycin_vs_control,not_regulated,b1042,b1042,47.42063931367431,0.4968621096246739,1.4111409624735802,0.05261803614863001,0.07023024528087174,0.5731184267409907,BH_from_pvalue
aminoglycoside,kanamycin,kanamycin_vs_control,not_regulated,b1059,b1059,356.7032231365242,0.31466424923992875,1.2437221747544311,0.00793170982510035,0.015308829626542874,0.5711338661149452,BH_from_pvalue
aminoglycoside,kanamycin,kanamycin_vs_control,not_regulated,b0318,b0318,27.419927061992894,0.6148309894106267,1.5313785867886733,0.09463675159321101,0.11801389206161994,0.5706042697709288,BH_from_pvalue
aminoglycoside,kanamycin,kanamycin_vs_control,not_regulated,b0966,b0966,3088.758723182271,-0.4306816759460599,0.7419111481593931,0.03362550848071893,0.048214069858550763,0.5671329178428702,BH_from_pvalue
aminoglycoside,kanamycin,kanamycin_vs_control,not_regulated,b4666,b4666,6.976392778887749,0.8091821527175673,1.7522178488157265,0.16833213012333095,0.19961980524512066,0.5662627351292149,BH_from_pvalue
aminoglycoside,kanamycin,kanamycin_vs_control,not_regulated,b4169,b4169,1300.5503091788912,-0.4419991175640323,0.7361138813338981,0.037286557710942234,0.05241091768244318,0.5660144502861931,BH_from_pvalue
aminoglycoside,kanamycin,kanamycin_vs_control,not_regulated,b2741,b2741,15760.565002140967,-0.46549292051001245,0.7242235920889238,0.04553108966468572,0.062116724692677094,0.5617528774080752,BH_from_pvalue
aminoglycoside,kanamycin,kanamycin_vs_control,not_regulated,b3128,b3128,273.60558545497696,-0.41846266393951836,0.7482215046161426,0.03135860037788793,0.04548564479191871,0.5616294725269313,BH_from_pvalue
aminoglycoside,kanamycin,kanamycin_vs_control,not_regulated,b2957,b2957,874.5830385006801,0.844750239491102,1.7959538019076378,0.18489023228088924,0.21730762079943552,0.5600060888915429,BH_from_pvalue
aminoglycoside,kanamycin,kanamycin_vs_control,not_regulated,b3565,b3565,299.44484995451495,-0.48126441639635775,0.7163495209867957,0.051309997769118196,0.0686508892946995,0.5598808033070212,BH_from_pvalue
aminoglycoside,kanamycin,kanamycin_vs_control,not_regulated,b0029,b0029,879.2957290167318,-0.3234440726644081,0.7991598049364386,0.010349467614033435,0.018718096231573136,0.5588267201110735,BH_from_pvalue
aminoglycoside,kanamycin,kanamycin_vs_control,not_regulated,b0585,b0585,72.65391091597034,0.7396218033411843,1.669738066411187,0.1461810804242651,0.1759492908076918,0.5581278427784134,BH_from_pvalue
aminoglycoside,kanamycin,kanamycin_vs_control,not_regulated,b0232,b0232,77.69486578791447,0.5055930089852438,1.4197067961223666,0.06013747786265308,0.07877063932038834,0.55799045883515,BH_from_pvalue
aminoglycoside,kanamycin,kanamycin_vs_control,not_regulated,b3059,b3059,268.55512432944414,-0.41748643504929905,0.7487279752257452,0.031887896730295295,0.04610471214814151,0.5578682048100543,BH_from_pvalue
aminoglycoside,kanamycin,kanamycin_vs_control,not_regulated,b2110,b2110,1.9845613979436794,0.9077145408335623,1.8760711470507654,0.21193331971251822,0.2454998897931772,0.5536593027901962,BH_from_pvalue
aminoglycoside,kanamycin,kanamycin_vs_control,not_regulated,b3981,b3981,2153.024593611423,0.34468194467209834,1.269870996991807,0.01497540309832665,0.02501276016942936,0.5521247682245147,BH_from_pvalue
aminoglycoside,kanamycin,kanamycin_vs_control,not_regulated,b2883,b2883,67.91907848170835,0.5962516320270943,1.5117835876374104,0.09675593572320652,0.12042285525262396,0.5481288066316901,BH_from_pvalue
aminoglycoside,kanamycin,kanamycin_vs_control,not_regulated,b1433,b1433,112.62616362558181,0.5122728195886186,1.426295410214071,0.06578522506349405,0.0853235127841973,0.5475844371013449,BH_from_pvalue
aminoglycoside,kanamycin,kanamycin_vs_control,not_regulated,b2706,b2706,17.883739568540687,-0.7376436663044474,0.5997180639861848,0.15139244179198538,0.18130010734301125,0.547037973052869,BH_from_pvalue
aminoglycoside,kanamycin,kanamycin_vs_control,not_regulated,b0764,b0764,210.48276856090698,0.3832744598645732,1.3042988428798963,0.02472440464736244,0.037469801921777714,0.5466714920560168,BH_from_pvalue
aminoglycoside,kanamycin,kanamycin_vs_control,not_regulated,b1832,b1832,472.6018323805493,-0.47983656311071243,0.7170588520061639,0.054685967881244614,0.07258114002060734,0.5466183996326078,BH_from_pvalue
aminoglycoside,kanamycin,kanamycin_vs_control,not_regulated,b2994,b2994,486.61260082751477,0.48142723578019897,1.3961241473126715,0.0559688189378881,0.07384797523690838,0.5448126233340927,BH_from_pvalue
aminoglycoside,kanamycin,kanamycin_vs_control,not_regulated,b2474,b2474,670.5553525944438,-0.41155527272687387,0.7518124581185068,0.03308688666874533,0.04754786461214585,0.5444337049055166,BH_from_pvalue
aminoglycoside,kanamycin,kanamycin_vs_control,not_regulated,b1557,b1557,1369.5315090902704,-0.680389290801898,0.6239968750221854,0.13073174069520707,0.15892739720190308,0.5434958017666831,BH_from_pvalue
aminoglycoside,kanamycin,kanamycin_vs_control,not_regulated,b3068,b3068,760.1495086135901,-0.4326764289997378,0.7408860480238736,0.04024366118160849,0.055938191592977436,0.5418370479913961,BH_from_pvalue
aminoglycoside,kanamycin,kanamycin_vs_control,not_regulated,b3387,b3387,249.0413764204554,-0.48713950052191013,0.7134382640433725,0.059022032684963616,0.07744489586259229,0.5412154924243798,BH_from_pvalue
aminoglycoside,kanamycin,kanamycin_vs_control,not_regulated,b4199,b4199,45.77692944308644,-0.7892782448893927,0.578633499779179,0.1746182363606063,0.20631279935645053,0.5410295800164712,BH_from_pvalue
aminoglycoside,kanamycin,kanamycin_vs_control,not_regulated,b1280,b1280,1029.1633416385016,-0.3168038163816025,0.8028465556772444,0.01104064672764615,0.01963091647293706,0.5408029405697191,BH_from_pvalue
aminoglycoside,kanamycin,kanamycin_vs_control,not_regulated,b4363,b4363,32.340441117283355,-0.692139000903941,0.618935509295006,0.1369580736461853,0.16573511306444488,0.5402736480831858,BH_from_pvalue
aminoglycoside,kanamycin,kanamycin_vs_control,not_regulated,b1902,b1902,378.37342847084966,-0.549507552664144,0.6832533092258167,0.08238162410872306,0.10405856367341655,0.5400132562292618,BH_from_pvalue
aminoglycoside,kanamycin,kanamycin_vs_control,not_regulated,b0856,b0856,64.86442818053655,-0.38182456413692467,0.7674663684423048,0.025777731991060406,0.03871767012182569,0.539170948398671,BH_from_pvalue
aminoglycoside,kanamycin,kanamycin_vs_control,not_regulated,b0341,b0341,164.1286875653799,-0.4727905953302587,0.7205694562290497,0.05488576329438629,0.07269616115964356,0.5382666661733633,BH_from_pvalue
aminoglycoside,kanamycin,kanamycin_vs_control,not_regulated,b3381,b3381,24.89351411326386,0.8813838240914835,1.8421414246602643,0.21189892635201577,0.2454998897931772,0.5375989163828151,BH_from_pvalue
aminoglycoside,kanamycin,kanamycin_vs_control,not_regulated,b1803,b1803,64.17372228066652,-0.33063765085789143,0.795184945543863,0.014170549939084414,0.023850311920591033,0.5364615514367412,BH_from_pvalue
aminoglycoside,kanamycin,kanamycin_vs_control,not_regulated,b1677,b1677,72619.06586087744,-0.6160762255002066,0.6524430007877806,0.11078853340917837,0.13630383568776921,0.533208996897842,BH_from_pvalue
aminoglycoside,kanamycin,kanamycin_vs_control,not_regulated,b3030,b3030,1480.128156041527,0.2811595794749593,1.2151711970646424,0.006141671646752669,0.01269491007522417,0.5331826960721228,BH_from_pvalue
aminoglycoside,kanamycin,kanamycin_vs_control,not_regulated,b3188,b3188,64.3068652796713,0.44001975296307094,1.356622901808761,0.04494702716118907,0.06148775187683347,0.5329569345881418,BH_from_pvalue
aminoglycoside,kanamycin,kanamycin_vs_control,not_regulated,b4538,b4538,20.904475989408283,0.7937241695950239,1.7335436572809242,0.18272564433363106,0.21521339309051388,0.5295177650679878,BH_from_pvalue
aminoglycoside,kanamycin,kanamycin_vs_control,not_regulated,b2246,b2246,37.7788148308098,0.4994113854032429,1.4136366858110847,0.06752128915803197,0.08728769410523772,0.5289001190850667,BH_from_pvalue
aminoglycoside,kanamycin,kanamycin_vs_control,not_regulated,b1346,b1346,0.666668659025284,0.9689021338584293,1.9573505181659214,0.25004270235274595,0.28516533346416106,0.5279579422582481,BH_from_pvalue
aminoglycoside,kanamycin,kanamycin_vs_control,not_regulated,b0016,b0016,4.12907853554803,0.9400533261268238,1.918599154241201,0.2399910438474602,0.2748866094285398,0.5272255382995245,BH_from_pvalue
aminoglycoside,kanamycin,kanamycin_vs_control,not_regulated,b2949,b2949,257.07522799023224,-0.4852905502838114,0.714353188857918,0.0629707636461242,0.08212307766896684,0.5267997723140816,BH_from_pvalue
aminoglycoside,kanamycin,kanamycin_vs_control,not_regulated,b3168,b3168,12719.39873970302,0.27943507420259905,1.2137195270158059,0.00637294212507351,0.013029769853900294,0.5267527905949677,BH_from_pvalue
aminoglycoside,kanamycin,kanamycin_vs_control,not_regulated,b2590,b2590,0.6199979086678907,0.9405204576667385,1.9192204797913301,0.24069050588273058,0.27561759049402296,0.5264027807439058,BH_from_pvalue
aminoglycoside,kanamycin,kanamycin_vs_control,not_regulated,b1390,b1390,33.28043863709295,-0.6780270748997586,0.625019421511538,0.13886603658692215,0.16781822476302416,0.525580062234112,BH_from_pvalue
aminoglycoside,kanamycin,kanamycin_vs_control,not_regulated,b1286,b1286,1351.7559402246136,-0.5014754799567473,0.7063839752437585,0.0698167068623957,0.08972444213344453,0.525089575794405,BH_from_pvalue
aminoglycoside,kanamycin,kanamycin_vs_control,not_regulated,b1363,b1363,188.29942382427564,0.4417060504376895,1.3582095207431852,0.04785449299868253,0.06477565739033224,0.5250065865141861,BH_from_pvalue
aminoglycoside,kanamycin,kanamycin_vs_control,not_regulated,b1987,b1987,80.23858710881926,0.5327983671449878,1.4467326745804805,0.08268183986536129,0.10440845472049272,0.5228160337693447,BH_from_pvalue
aminoglycoside,kanamycin,kanamycin_vs_control,not_regulated,b0021,b0021,5.1495760006604705,0.8132088979511081,1.7571153431333506,0.19571517465909655,0.22800488360958723,0.5221255308503996,BH_from_pvalue
aminoglycoside,kanamycin,kanamycin_vs_control,not_regulated,b1295,b1295,157.3124024894418,0.3212985785639244,1.2494546846512529,0.014082620577709357,0.02372420500319726,0.5220486074593349,BH_from_pvalue
aminoglycoside,kanamycin,kanamycin_vs_control,not_regulated,b2064,b2064,1397.9276211146341,0.35416584554671715,1.2782462960374246,0.02207818167713288,0.034213651910868025,0.519136497369366,BH_from_pvalue
aminoglycoside,kanamycin,kanamycin_vs_control,not_regulated,b4261,b4261,1335.5458394041136,0.44550748983240496,1.3617930635925972,0.05103653118020011,0.06836281037776655,0.5190964579221137,BH_from_pvalue
aminoglycoside,kanamycin,kanamycin_vs_control,not_regulated,b1716,b1716,14060.899243160491,0.510652756299601,1.4246946617063792,0.07577930695209925,0.09666912157417538,0.5181655959739212,BH_from_pvalue
aminoglycoside,kanamycin,kanamycin_vs_control,not_regulated,b3301,b3301,11253.470502688297,0.4220303136679071,1.3398117540335013,0.04305901704020828,0.059301732592424015,0.5178027575652997,BH_from_pvalue
aminoglycoside,kanamycin,kanamycin_vs_control,not_regulated,b1831,b1831,2172.0862355509694,0.2996590858270878,1.2308535237380562,0.010463856324009578,0.018841643613048475,0.5168763280715571,BH_from_pvalue
aminoglycoside,kanamycin,kanamycin_vs_control,not_regulated,b2822,b2822,1352.5687816667644,-0.2959469601511717,0.8145375085201798,0.009868241539596086,0.01804008387026534,0.5160608996780557,BH_from_pvalue
aminoglycoside,kanamycin,kanamycin_vs_control,not_regulated,b0748,b0748,27.5913968127546,-0.9074286842534862,0.5331344506235941,0.23552861615448717,0.2704640580706876,0.5153200748178666,BH_from_pvalue
aminoglycoside,kanamycin,kanamycin_vs_control,not_regulated,b3974,b3974,138.86547412198027,-0.6766476837626243,0.6256173015316484,0.14383146572707262,0.17333132122431263,0.5150120828974659,BH_from_pvalue
aminoglycoside,kanamycin,kanamycin_vs_control,not_regulated,b1083,b1083,154.19379030648372,0.5064126951464676,1.4205136504007239,0.07575758196430506,0.09666882373771465,0.5138638316850056,BH_from_pvalue
aminoglycoside,kanamycin,kanamycin_vs_control,not_regulated,b3179,b3179,4251.317101542853,-0.37966061357973224,0.7686183828098455,0.030868021469186217,0.04493345002213579,0.5115661896577841,BH_from_pvalue
aminoglycoside,kanamycin,kanamycin_vs_control,not_regulated,b3784,b3784,564.2714877641383,0.3399958320545302,1.2657529372052039,0.020123467845547114,0.03181559169394408,0.5090961575597984,BH_from_pvalue
aminoglycoside,kanamycin,kanamycin_vs_control,not_regulated,b4651,b4651,2.560593326738117,0.9660459440511,1.9534792674140944,0.26479555162106533,0.3010744163780465,0.5036250096809026,BH_from_pvalue
aminoglycoside,kanamycin,kanamycin_vs_control,not_regulated,b0949,b0949,1561.8228280528647,0.37278622160669883,1.2948511137416654,0.03057901037868778,0.044584890983253696,0.5035642100379103,BH_from_pvalue
aminoglycoside,kanamycin,kanamycin_vs_control,not_regulated,b3132,b3132,74.1455711209649,0.4158847234664753,1.334116564696826,0.045560623432033556,0.06213816985969889,0.5018237840434957,BH_from_pvalue
aminoglycoside,kanamycin,kanamycin_vs_control,not_regulated,b2362,b2362,0.4201573445210012,0.7764773496203771,1.7129432429396676,0.1936786888045494,0.22592498502148942,0.5016321174783595,BH_from_pvalue
aminoglycoside,kanamycin,kanamycin_vs_control,not_regulated,b1750,b1750,9.367999769590227,0.8869144942851013,1.8492169535054694,0.23726059302766409,0.2723138931968444,0.5010447833504844,BH_from_pvalue
aminoglycoside,kanamycin,kanamycin_vs_control,not_regulated,b2143,b2143,658.5388722303065,-0.5255943509155809,0.6946728647337357,0.08869957227677204,0.11141320192709317,0.5009247098348444,BH_from_pvalue
aminoglycoside,kanamycin,kanamycin_vs_control,not_regulated,b3081,b3081,1804.7122112903191,-0.43958069925902166,0.7373488784658632,0.05460113360436918,0.07255084491414149,0.5008395777569963,BH_from_pvalue
aminoglycoside,kanamycin,kanamycin_vs_control,not_regulated,b3906,b3906,57.831523354783336,-0.5432556729618145,0.6862205935285955,0.09630146043330527,0.11989038722087104,0.5004556208868137,BH_from_pvalue
aminoglycoside,kanamycin,kanamycin_vs_control,not_regulated,b1098,b1098,379.0972315986396,0.3170402422655805,1.245772164420536,0.016341515572447035,0.026826327388637505,0.49820933138480483,BH_from_pvalue
aminoglycoside,kanamycin,kanamycin_vs_control,not_regulated,b2199,b2199,127.67935107275936,-0.4793934480948856,0.7172791261018183,0.07124200729627371,0.09137340998535476,0.49817616356974614,BH_from_pvalue
aminoglycoside,kanamycin,kanamycin_vs_control,not_regulated,b1301,b1301,944.2176638572679,1.0248932949244,2.034808879449433,0.2900220957983195,0.32725551804806713,0.49718908334421924,BH_from_pvalue
aminoglycoside,kanamycin,kanamycin_vs_control,not_regulated,b3468,b3468,609.1055156251306,-0.4188724319125914,0.7480090178026017,0.04848153449423276,0.06548646911563331,0.49588146885003026,BH_from_pvalue
aminoglycoside,kanamycin,kanamycin_vs_control,not_regulated,b2173,b2173,104.67084990502512,0.4886560219795415,1.4031371398202472,0.07606591843519243,0.09697973387797494,0.49516443738357746,BH_from_pvalue
aminoglycoside,kanamycin,kanamycin_vs_control,not_regulated,b3427,b3427,34.626848268287425,-0.4960814628853507,0.7090299807860558,0.07969192779976005,0.10105844128652966,0.49381308304679966,BH_from_pvalue
aminoglycoside,kanamycin,kanamycin_vs_control,not_regulated,b2529,b2529,866.0256564822589,0.5232878947144783,1.4372269514682448,0.09129819819192331,0.1141989142011321,0.49311408138208945,BH_from_pvalue
aminoglycoside,kanamycin,kanamycin_vs_control,not_regulated,b3190,b3190,119.81438063278381,-0.40520547790142647,0.7551287348336339,0.044353462659011196,0.06077045043134048,0.4928544799028295,BH_from_pvalue
aminoglycoside,kanamycin,kanamycin_vs_control,not_regulated,b2148,b2148,501.64688161495525,0.4211382093425087,1.3389835246741724,0.0507924169785799,0.06808761631308675,0.4914395980803707,BH_from_pvalue
aminoglycoside,kanamycin,kanamycin_vs_control,not_regulated,b2633,b2633,10.410087593363878,0.6509292681551662,1.5701792533728813,0.14644878268899728,0.17617721972054287,0.4908333760587065,BH_from_pvalue
aminoglycoside,kanamycin,kanamycin_vs_control,not_regulated,b4326,b4326,83.05374678339025,-0.3306940301635679,0.7951538709939012,0.0209198064504676,0.03283227125408348,0.490650425944004,BH_from_pvalue
aminoglycoside,kanamycin,kanamycin_vs_control,not_regulated,b0003,b0003,1610.3722272640637,-0.34369968153368724,0.788017906644401,0.024626542450038955,0.03738144091782288,0.49057766523710544,BH_from_pvalue
aminoglycoside,kanamycin,kanamycin_vs_control,not_regulated,b3318,b3318,1420.2637265483484,0.3290281069542882,1.2561668538695099,0.020699207627788926,0.03255420836006804,0.48939405741281405,BH_from_pvalue
aminoglycoside,kanamycin,kanamycin_vs_control,not_regulated,b0566,b0566,24.078833426038894,0.739533267067241,1.6696355999531858,0.1874311959584596,0.21960550128188364,0.48687674387355584,BH_from_pvalue
aminoglycoside,kanamycin,kanamycin_vs_control,not_regulated,b2040,b2040,456.6610910877409,-0.31195894375860256,0.805547214999683,0.016921773366746495,0.027577585725951353,0.4864824271963147,BH_from_pvalue
aminoglycoside,kanamycin,kanamycin_vs_control,not_regulated,b2835,b2835,547.0291449758205,0.40607953174866296,1.3250800629951685,0.046800482056095334,0.06359775476988423,0.4858978001617677,BH_from_pvalue
aminoglycoside,kanamycin,kanamycin_vs_control,not_regulated,b2566,b2566,806.9087182507009,0.4004162002185563,1.3198886278951887,0.04628530757216931,0.06299283311940017,0.4807832787698955,BH_from_pvalue
aminoglycoside,kanamycin,kanamycin_vs_control,not_regulated,b3134,b3134,19.37868578944367,-0.7350647295336223,0.6007910684095252,0.1897185670540777,0.22205415420485078,0.48039501014818886,BH_from_pvalue
aminoglycoside,kanamycin,kanamycin_vs_control,not_regulated,b1218,b1218,864.5697290069328,0.2833811701714257,1.2170438677049438,0.011483683918321226,0.02022459289922039,0.4800817679573372,BH_from_pvalue
aminoglycoside,kanamycin,kanamycin_vs_control,not_regulated,b0779,b0779,3882.384168771479,-0.2596222150047449,0.8353066246895064,0.007163105416027723,0.014225010225736289,0.4795085782921961,BH_from_pvalue
aminoglycoside,kanamycin,kanamycin_vs_control,not_regulated,b0461,b0461,645.9270889757495,0.637922117297343,1.5560863468045067,0.14758516790595738,0.17725983584539287,0.4793280810475754,BH_from_pvalue
aminoglycoside,kanamycin,kanamycin_vs_control,not_regulated,b0638,b0638,64.0649324128553,0.4708663158697668,1.3859414545148527,0.07609934849376651,0.09699486243268965,0.4771058918872992,BH_from_pvalue
aminoglycoside,kanamycin,kanamycin_vs_control,not_regulated,b2325,b2325,234.36578680802344,0.46077572069420203,1.3762816301872411,0.07214177706402458,0.09239570422379914,0.4766025465518317,BH_from_pvalue
aminoglycoside,kanamycin,kanamycin_vs_control,not_regulated,b4484,b4484,2241.1884157861937,0.7742452522430341,1.7102950742245249,0.20884161610953506,0.2423554151859362,0.47658455284858703,BH_from_pvalue
aminoglycoside,kanamycin,kanamycin_vs_control,not_regulated,b2205,b2205,99.74509994867145,-0.9671005083806641,0.5115330965980811,0.28442360860533583,0.32152234016255354,0.4765763433392686,BH_from_pvalue
aminoglycoside,kanamycin,kanamycin_vs_control,not_regulated,b4295,b4295,1519.4644815998406,0.3327567980641195,1.2594176560525927,0.0243555398763226,0.03707409070123527,0.4761515159818948,BH_from_pvalue
aminoglycoside,kanamycin,kanamycin_vs_control,not_regulated,b0185,b0185,1336.301923770078,-0.23600703266378886,0.8490921073920138,0.004135350675172084,0.009642720236870937,0.4757430786798953,BH_from_pvalue
aminoglycoside,kanamycin,kanamycin_vs_control,not_regulated,b1806,b1806,2542.422507094319,0.4967702468051556,1.4110511117034172,0.08830488282670644,0.11097942524574618,0.4742951331689465,BH_from_pvalue
aminoglycoside,kanamycin,kanamycin_vs_control,not_regulated,b0046,b0046,56.27676385394158,0.4029074002525519,1.3221697386186895,0.049482569253017535,0.06659862253144012,0.4740345587628676,BH_from_pvalue
aminoglycoside,kanamycin,kanamycin_vs_control,not_regulated,b1455,b1455,1.419810029053452,1.0448484732571264,2.0631496539241483,0.31565139817428467,0.3539765617023018,0.47125329829597484,BH_from_pvalue
aminoglycoside,kanamycin,kanamycin_vs_control,not_regulated,b2494,b2494,1000.140174898881,0.3109068045583552,1.240487161941896,0.019330062449350705,0.03074795269302361,0.4701482318515024,BH_from_pvalue
aminoglycoside,kanamycin,kanamycin_vs_control,not_regulated,b3959,b3959,103.62417122991671,-0.35382232457143026,0.7825081457672194,0.032761952764617124,0.0471757790131459,0.46926779800887186,BH_from_pvalue
aminoglycoside,kanamycin,kanamycin_vs_control,not_regulated,b1914,b1914,412.66429977707475,0.4650282809815707,1.3803444118609236,0.07777567213152145,0.09885136288431294,0.46736148532612165,BH_from_pvalue
aminoglycoside,kanamycin,kanamycin_vs_control,not_regulated,b0034,b0034,79.44683588334452,0.6181002776200142,1.5348527755348103,0.14665516711349175,0.1763311792773285,0.4658441850942333,BH_from_pvalue
aminoglycoside,kanamycin,kanamycin_vs_control,not_regulated,b3794,b3794,167.64604732186697,-0.3583010533644586,0.7800826799881971,0.035338501235597286,0.05014276926110934,0.4657167297843556,BH_from_pvalue
aminoglycoside,kanamycin,kanamycin_vs_control,not_regulated,b2315,b2315,482.7866055823563,0.4691683390412127,1.384311233228742,0.08087360603649912,0.10238375456013878,0.4643682535028036,BH_from_pvalue
aminoglycoside,kanamycin,kanamycin_vs_control,not_regulated,b2871,b2871,37.440361170702886,0.5473525025399217,1.4614014081077997,0.11574844572196419,0.14178554162783086,0.4643563771233442,BH_from_pvalue
aminoglycoside,kanamycin,kanamycin_vs_control,not_regulated,b2016,b2016,3563.028281007546,0.3875765704840415,1.3081940614881535,0.04710334314243619,0.06397066348269262,0.4627738452724272,BH_from_pvalue
aminoglycoside,kanamycin,kanamycin_vs_control,not_regulated,b3546,b3546,594.220349690587,-0.48556231453871845,0.7142186369444267,0.08901195126544381,0.11177435979675215,0.46208916835535974,BH_from_pvalue
aminoglycoside,kanamycin,kanamycin_vs_control,not_regulated,b3018,b3018,387.9101818268893,0.4384158384717143,1.3551155159878427,0.06896827321905535,0.08877194395676695,0.4610925775391278,BH_from_pvalue
aminoglycoside,kanamycin,kanamycin_vs_control,not_regulated,b2397,b2397,1.4005857918392668,1.0159360600336491,2.0222145355577763,0.313627115902116,0.3519697523272749,0.4607215755219094,BH_from_pvalue
aminoglycoside,kanamycin,kanamycin_vs_control,not_regulated,b3740,b3740,173.69508705012456,0.5377962112251939,1.451753197129455,0.1134287173177274,0.13920937803414402,0.4605318399559031,BH_from_pvalue
aminoglycoside,kanamycin,kanamycin_vs_control,not_regulated,b2591,b2591,0.3926667258587225,0.7344542297488229,1.6637679484214123,0.2035380206820697,0.236628073669669,0.4597196768210839,BH_from_pvalue
aminoglycoside,kanamycin,kanamycin_vs_control,not_regulated,b0286,b0286,85.46927241294287,-0.5907050372178695,0.6640183256008223,0.13830223675109182,0.16718179545993309,0.45886617949471825,BH_from_pvalue
aminoglycoside,kanamycin,kanamycin_vs_control,not_regulated,b3748,b3748,2482.420160472751,0.46525649637480093,1.3805627814753008,0.08201850561287119,0.10365811695608165,0.4579969526031824,BH_from_pvalue
aminoglycoside,kanamycin,kanamycin_vs_control,not_regulated,b4288,b4288,75.73135800702075,-0.6009614995327084,0.6593144017988372,0.1436298932197662,0.17315659600710492,0.4576688167102152,BH_from_pvalue
aminoglycoside,kanamycin,kanamycin_vs_control,not_regulated,b1088,b1088,2046.6783718977276,-0.3445825153671489,0.7875358393777236,0.03301653916390019,0.0474771077874754,0.4560603846372465,BH_from_pvalue
aminoglycoside,kanamycin,kanamycin_vs_control,not_regulated,b0396,b0396,280.71090690082275,0.509469992593429,1.4235271338911453,0.10323709522761826,0.12772681070505099,0.4553224681325702,BH_from_pvalue
aminoglycoside,kanamycin,kanamycin_vs_control,not_regulated,b0933,b0933,58.26540527709633,0.5789851230031715,1.4937980530644663,0.13552098703401733,0.16426122330342494,0.45419353393075573,BH_from_pvalue
aminoglycoside,kanamycin,kanamycin_vs_control,not_regulated,b2454,b2454,28.14171654961736,0.7035698486461914,1.6285294943268833,0.1950015009048361,0.22729120266129899,0.4526890640053944,BH_from_pvalue
aminoglycoside,kanamycin,kanamycin_vs_control,not_regulated,b3462,b3462,1273.004399216601,0.3579179202242475,1.2815750089710727,0.03928852492154037,0.054796832588244526,0.4514220241679562,BH_from_pvalue
aminoglycoside,kanamycin,kanamycin_vs_control,not_regulated,b0592,b0592,153.06934236140754,0.5339825145140962,1.4479206234531683,0.11725128811189157,0.14343113786436995,0.450337654531166,BH_from_pvalue
aminoglycoside,kanamycin,kanamycin_vs_control,not_regulated,b1148,b1148,4.865928915409834,1.0775387703436246,2.110432622027729,0.34445941275277975,0.38294079054918523,0.4491918313271978,BH_from_pvalue
aminoglycoside,kanamycin,kanamycin_vs_control,not_regulated,b0905,b0905,601.9822409307839,-0.47412002693456934,0.719905763247438,0.09038024816666994,0.11317660252051263,0.4486329213607982,BH_from_pvalue
aminoglycoside,kanamycin,kanamycin_vs_control,not_regulated,b0596,b0596,134.94789868327177,-0.6192022248013762,0.6510308323869998,0.15876992161286865,0.18892780619436064,0.4481192001939821,BH_from_pvalue
aminoglycoside,kanamycin,kanamycin_vs_control,not_regulated,b2938,b2938,3398.8142161855963,-0.3983714246265446,0.7587142688856335,0.05756132780992653,0.07577139376325712,0.44637307953638744,BH_from_pvalue
aminoglycoside,kanamycin,kanamycin_vs_control,not_regulated,b1589,b1589,45.85209482301619,-0.5496631128433762,0.6831796406581838,0.12758150427028891,0.15534964975846224,0.44450690966661077,BH_from_pvalue
aminoglycoside,kanamycin,kanamycin_vs_control,not_regulated,b3783,b3783,4718.820006797089,0.3571695535834216,1.2809103922313905,0.041294229282786706,0.057204017035409484,0.4438094125360083,BH_from_pvalue
aminoglycoside,kanamycin,kanamycin_vs_control,not_regulated,b1210,b1210,1704.28286143498,0.28190009431000007,1.2157950872515761,0.016354143263549926,0.02683726245875504,0.4429388458153133,BH_from_pvalue
aminoglycoside,kanamycin,kanamycin_vs_control,not_regulated,b1054,b1054,1164.8353214990013,-0.49414667075922125,0.7099814957432623,0.10253660746710826,0.12698503865282296,0.4428776908775898,BH_from_pvalue
aminoglycoside,kanamycin,kanamycin_vs_control,not_regulated,b4569,b4569,9.305639834383427,0.6821509255433846,1.6045301796275442,0.19214103316891135,0.2243058310910364,0.44282471028360104,BH_from_pvalue
aminoglycoside,kanamycin,kanamycin_vs_control,not_regulated,b1777,b1777,424.02978119566865,-0.45468215439422544,0.7296709109735078,0.08437572486346595,0.1063384730837405,0.4425464967361284,BH_from_pvalue
aminoglycoside,kanamycin,kanamycin_vs_control,not_regulated,b0644,b0644,49.45895812450425,0.6473269692961647,1.5662635268824208,0.17644641236066066,0.20809018426802614,0.44131412897495936,BH_from_pvalue
aminoglycoside,kanamycin,kanamycin_vs_control,not_regulated,b0183,b0183,247.4540198685,0.3096236623072013,1.2393843551736259,0.024831218427173403,0.037593679059382684,0.44117816486006656,BH_from_pvalue
aminoglycoside,kanamycin,kanamycin_vs_control,not_regulated,b1921,b1921,12.388692354760872,0.8703896938021272,1.8281566465971544,0.27686142332151753,0.3137623285714754,0.43815347604391414,BH_from_pvalue
aminoglycoside,kanamycin,kanamycin_vs_control,not_regulated,b0268,b0268,219.73398237251538,-0.4326897628713997,0.7408792005380581,0.07650074697594007,0.09742365795520341,0.437594547123707,BH_from_pvalue
aminoglycoside,kanamycin,kanamycin_vs_control,not_regulated,b3779,b3779,1643.8688777463406,-0.3188218271927923,0.8017243362242596,0.028902240685334327,0.04247052551539817,0.43739560701136204,BH_from_pvalue
aminoglycoside,kanamycin,kanamycin_vs_control,not_regulated,b0537,b0537,193.2235235765886,-0.36046795874480964,0.7789118874834199,0.04507807837773797,0.06159123523157232,0.4363396461372252,BH_from_pvalue
aminoglycoside,kanamycin,kanamycin_vs_control,not_regulated,b0228,b0228,162.80907345509132,-0.4797731159836216,0.7170903876552382,0.0993962954004652,0.12340174902326592,0.4359596040471189,BH_from_pvalue
aminoglycoside,kanamycin,kanamycin_vs_control,not_regulated,b3189,b3189,1271.8391792269724,0.19700564978258406,1.1463166748457039,0.0021711849502695714,0.0061697754762972705,0.43532942058708085,BH_from_pvalue
aminoglycoside,kanamycin,kanamycin_vs_control,not_regulated,b3034,b3034,226.70299374066428,-0.28493176004407683,0.8207804310800887,0.01851930346120658,0.029749938203038288,0.4349523013927161,BH_from_pvalue
aminoglycoside,kanamycin,kanamycin_vs_control,not_regulated,b2304,b2304,2063.0993310077506,-0.39838945883997745,0.7587047847402306,0.06227207407132081,0.08128258536645414,0.4342455025937181,BH_from_pvalue
aminoglycoside,kanamycin,kanamycin_vs_control,not_regulated,b0804,b0804,20.46466902976267,-0.5929398760755689,0.6629905095232191,0.15564401711373654,0.18560095147868158,0.43368796658605957,BH_from_pvalue
aminoglycoside,kanamycin,kanamycin_vs_control,not_regulated,b4626,b4626,1.9134275035460664,0.8310279564696026,1.778952459190192,0.26535570131113334,0.30163506305218035,0.43256515614672425,BH_from_pvalue
aminoglycoside,kanamycin,kanamycin_vs_control,not_regulated,b0442,b0442,113.18282978369535,-0.5307822348875,0.6921793299549622,0.1268540121624609,0.1546312592701217,0.4303065948298066,BH_from_pvalue
aminoglycoside,kanamycin,kanamycin_vs_control,not_regulated,b4692,b4692,2.4408424237549244,0.8641626544974077,1.820282861665588,0.28156346717625336,0.3185292946073409,0.42935975080056515,BH_from_pvalue
aminoglycoside,kanamycin,kanamycin_vs_control,not_regulated,b4389,b4389,892.4959131166198,0.23001786773378186,1.1728494748466614,0.00679559457657295,0.013682446018543029,0.42871564154973796,BH_from_pvalue
aminoglycoside,kanamycin,kanamycin_vs_control,not_regulated,b0888,b0888,622.2849169887332,0.3271810894297875,1.2545596690098726,0.03450022239616618,0.04934244843814165,0.4275534763400436,BH_from_pvalue
aminoglycoside,kanamycin,kanamycin_vs_control,not_regulated,b2239,b2239,412.6516532827232,0.31044409789079097,1.2400893719518888,0.02852116346870214,0.04207549796071571,0.42716199369880686,BH_from_pvalue
aminoglycoside,kanamycin,kanamycin_vs_control,not_regulated,b4193,b4193,42.60628336275613,0.593324404371808,1.5087192891301604,0.16090262874707895,0.19136436385625621,0.4260893552511604,BH_from_pvalue
aminoglycoside,kanamycin,kanamycin_vs_control,not_regulated,b0578,b0578,504.56136994985076,-0.28147626686115146,0.8227486921488705,0.019358082576291992,0.030778598596027353,0.4255220724470726,BH_from_pvalue
aminoglycoside,kanamycin,kanamycin_vs_control,not_regulated,b3963,b3963,830.9827541736062,-0.2899093661173602,0.8179534429222123,0.02201065691141433,0.03415106408676842,0.42517984710983775,BH_from_pvalue
aminoglycoside,kanamycin,kanamycin_vs_control,not_regulated,b0494,b0494,201.86902178439792,-0.32122739789981125,0.8003886432847672,0.033373674503673505,0.04791407210900843,0.4238714105582048,BH_from_pvalue
aminoglycoside,kanamycin,kanamycin_vs_control,not_regulated,b3824,b3824,57.47220752173575,-0.4570087448072897,0.728495141207114,0.09574127168011567,0.11932508728655038,0.4219416591511762,BH_from_pvalue
aminoglycoside,kanamycin,kanamycin_vs_control,not_regulated,b4324,b4324,1358.8017558644099,0.3642078682154448,1.2871746942767948,0.05397215315251031,0.07185289576307591,0.416491992626523,BH_from_pvalue
aminoglycoside,kanamycin,kanamycin_vs_control,not_regulated,b4116,b4116,10.672756152624203,0.39429712788825366,1.3143022842459244,0.06825139862520498,0.08801456164454471,0.4161591173385865,BH_from_pvalue
aminoglycoside,kanamycin,kanamycin_vs_control,not_regulated,b2006,b2006,36.859091137810836,0.6446519816210854,1.5633621141161809,0.19459261406938286,0.22687340022915606,0.41529539173616425,BH_from_pvalue
aminoglycoside,kanamycin,kanamycin_vs_control,not_regulated,b2299,b2299,731.1775561432854,0.3398488506277282,1.2656239891664482,0.044980878714497755,0.061514577576892486,0.4115644191397723,BH_from_pvalue
aminoglycoside,kanamycin,kanamycin_vs_control,not_regulated,b1472,b1472,0.296253645002806,0.6107089869542973,1.5270094463772275,0.18542958381145327,0.21776771726430716,0.40429331977607375,BH_from_pvalue
aminoglycoside,kanamycin,kanamycin_vs_control,not_regulated,b4513,b4513,0.296253645002806,0.6107089869542973,1.5270094463772275,0.18542958381145327,0.21776771726430716,0.40429331977607375,BH_from_pvalue
aminoglycoside,kanamycin,kanamycin_vs_control,not_regulated,b4622,b4622,0.296253645002806,0.6107089869542973,1.5270094463772275,0.18542958381145327,0.21776771726430716,0.40429331977607375,BH_from_pvalue
aminoglycoside,kanamycin,kanamycin_vs_control,not_regulated,b3845,b3845,1351.3851363694369,-0.4384235853231644,0.7379405065532046,0.09620996724030251,0.11980964358994481,0.40401093937086474,BH_from_pvalue
aminoglycoside,kanamycin,kanamycin_vs_control,not_regulated,b1984,b1984,4.980152022593836,0.8949327931712272,1.859523258760833,0.31544707744730877,0.3538356494658341,0.40379225638701427,BH_from_pvalue
aminoglycoside,kanamycin,kanamycin_vs_control,not_regulated,b4561,b4561,11.713783982024912,-0.7471949060329091,0.5957607954201313,0.2534007825722962,0.2885561316481489,0.4033131648573783,BH_from_pvalue
aminoglycoside,kanamycin,kanamycin_vs_control,not_regulated,b4195,b4195,18.40041456110549,-0.6777697585523179,0.6251309087305135,0.22007232253788697,0.25420783430288024,0.4031449548056977,BH_from_pvalue
aminoglycoside,kanamycin,kanamycin_vs_control,not_regulated,b2824,b2824,50.02169088560865,-0.44060357664199046,0.7368262800225857,0.09787590920354364,0.1216821004968323,0.4030523886893241,BH_from_pvalue
aminoglycoside,kanamycin,kanamycin_vs_control,not_regulated,b3017,b3017,1398.4812200196939,0.25531897703641704,1.193599616387624,0.016139938347466673,0.02660821460822219,0.40212337146835103,BH_from_pvalue
aminoglycoside,kanamycin,kanamycin_vs_control,not_regulated,b3230,b3230,6547.474350657943,0.39972885257784974,1.3192599390679418,0.07866419081799964,0.09986777598062727,0.3999585454097035,BH_from_pvalue
aminoglycoside,kanamycin,kanamycin_vs_control,not_regulated,b0352,b0352,61.42281263669614,-0.37445588661655194,0.7713962904664048,0.06601971711250876,0.08557829613027791,0.3997827214899199,BH_from_pvalue
aminoglycoside,kanamycin,kanamycin_vs_control,not_regulated,b1150,b1150,0.29101473817677176,0.6022666149112789,1.518099777013295,0.18635480624743755,0.21862908672430206,0.3976718634601634,BH_from_pvalue
aminoglycoside,kanamycin,kanamycin_vs_control,not_regulated,b1403,b1403,0.29101473817677176,0.6022666149112789,1.518099777013295,0.18635480624743755,0.21862908672430206,0.3976718634601634,BH_from_pvalue
aminoglycoside,kanamycin,kanamycin_vs_control,not_regulated,b0951,b0951,755.1010516967768,-0.34852984319620184,0.7853840240942982,0.05535742472865907,0.0732144319294729,0.3957219351465363,BH_from_pvalue
aminoglycoside,kanamycin,kanamycin_vs_control,not_regulated,b2735,b2735,406.7622313201016,-0.40094889626792884,0.7573599849775862,0.082205326220222,0.10386504419622432,0.39434550440906174,BH_from_pvalue
aminoglycoside,kanamycin,kanamycin_vs_control,not_regulated,b1359,b1359,33.12744530077207,0.49979610231367566,1.4140137041290672,0.13692997316128128,0.16573511306444488,0.39013357597550347,BH_from_pvalue
aminoglycoside,kanamycin,kanamycin_vs_control,not_regulated,b1488,b1488,23.861881000958153,-0.5436469396584389,0.6860345120271111,0.16215901603482477,0.19277575883370474,0.38867906315620054,BH_from_pvalue
aminoglycoside,kanamycin,kanamycin_vs_control,not_regulated,b0704,b0704,6.190867739337949,-0.5579611705123089,0.6792614240439517,0.17057012302671937,0.20195430728459693,0.3876417822383044,BH_from_pvalue
aminoglycoside,kanamycin,kanamycin_vs_control,not_regulated,b3954,b3954,81.77138753582933,-0.4671800345809398,0.7233771667316073,0.12193448963606177,0.14899791751779565,0.38627370345672946,BH_from_pvalue
aminoglycoside,kanamycin,kanamycin_vs_control,not_regulated,b2952,b2952,282.4587691202452,-0.28034539892550026,0.8233938630564824,0.02851012811027863,0.042073017139118526,0.3857542436287202,BH_from_pvalue
aminoglycoside,kanamycin,kanamycin_vs_control,not_regulated,b4596,b4596,31.875602826795657,-0.4380927469017566,0.7381097502675396,0.10754060921701264,0.13267077900661625,0.38430578758330003,BH_from_pvalue
aminoglycoside,kanamycin,kanamycin_vs_control,not_regulated,b1851,b1851,367.2146479098235,0.3290243798779855,1.256163608676636,0.05076375771157954,0.0680785277837462,0.383968109928779,BH_from_pvalue
aminoglycoside,kanamycin,kanamycin_vs_control,not_regulated,b0160,b0160,325.99224871163545,0.3378369548169893,1.2638602560879455,0.05556456500951709,0.0734007087849656,0.38320837215729103,BH_from_pvalue
aminoglycoside,kanamycin,kanamycin_vs_control,not_regulated,b3065,b3065,2288.3920859871105,-0.31781542791297746,0.8022838004638829,0.04598371380058996,0.06263923218505561,0.38238076808756727,BH_from_pvalue
aminoglycoside,kanamycin,kanamycin_vs_control,not_regulated,b3232,b3232,348.12723424231154,-0.40391020687796164,0.7558070040083072,0.0909887898277449,0.11384355400422715,0.3811666511157586,BH_from_pvalue
aminoglycoside,kanamycin,kanamycin_vs_control,not_regulated,b1266,b1266,285.5923609055805,-0.20633786069206472,0.866734561617289,0.007400007642879799,0.014566842178412837,0.37896725114748625,BH_from_pvalue
aminoglycoside,kanamycin,kanamycin_vs_control,not_regulated,b4471,b4471,115.37176664447651,0.5437025311513928,1.4577087833002387,0.1701592248451379,0.20152085133055037,0.3782429827524764,BH_from_pvalue
aminoglycoside,kanamycin,kanamycin_vs_control,not_regulated,b3607,b3607,1333.1768694284826,-0.22725625790390147,0.8542579903126184,0.012571795558194394,0.02178165674756026,0.37767924081368975,BH_from_pvalue
aminoglycoside,kanamycin,kanamycin_vs_control,not_regulated,b1704,b1704,332.1885895139854,0.34304741993963894,1.2684330907647279,0.06083237769385408,0.07951875468379996,0.3771910771208808,BH_from_pvalue
aminoglycoside,kanamycin,kanamycin_vs_control,not_regulated,b1714,b1714,841.8519486331861,0.26489056664742705,1.201544904780009,0.025350218823148012,0.03813554657743136,0.3757923067307011,BH_from_pvalue
aminoglycoside,kanamycin,kanamycin_vs_control,not_regulated,b1817,b1817,3020.7081227746785,-0.4422116180122302,0.7360054640969654,0.11546243132432948,0.1415122659664398,0.3755287216245804,BH_from_pvalue
aminoglycoside,kanamycin,kanamycin_vs_control,not_regulated,b2694,b2694,1.2796590041509421,-0.8939975526162056,0.5381209752580275,0.34163709557425015,0.38027311454911583,0.37539348651938054,BH_from_pvalue
aminoglycoside,kanamycin,kanamycin_vs_control,not_regulated,b4652,b4652,2.152389486026262,0.9995425537072283,1.9993659453113997,0.3816178590336785,0.4212311975296898,0.37530770957112847,BH_from_pvalue
aminoglycoside,kanamycin,kanamycin_vs_control,not_regulated,b2168,b2168,828.9424582065172,-0.3505383948616867,0.7842913560319495,0.06571716301024957,0.08532108616147709,0.3747057823285471,BH_from_pvalue
aminoglycoside,kanamycin,kanamycin_vs_control,not_regulated,b2345,b2345,11.35733715395562,0.6654011765121903,1.5860092404245882,0.2391639978784533,0.2740788948935753,0.3740382407543273,BH_from_pvalue
aminoglycoside,kanamycin,kanamycin_vs_control,not_regulated,b1665,b1665,0.2635241195144931,0.5602434950397246,1.4745180623532044,0.1835961075494576,0.21589942268168896,0.37298127708763085,BH_from_pvalue
aminoglycoside,kanamycin,kanamycin_vs_control,not_regulated,b2854,b2854,0.2635241195144931,0.5602434950397246,1.4745180623532044,0.1835961075494576,0.21589942268168896,0.37298127708763085,BH_from_pvalue
aminoglycoside,kanamycin,kanamycin_vs_control,not_regulated,b3799,b3799,0.2635241195144931,0.5602434950397246,1.4745180623532044,0.1835961075494576,0.21589942268168896,0.37298127708763085,BH_from_pvalue
aminoglycoside,kanamycin,kanamycin_vs_control,not_regulated,b4577,b4577,0.2635241195144931,0.5602434950397246,1.4745180623532044,0.1835961075494576,0.21589942268168896,0.37298127708763085,BH_from_pvalue
aminoglycoside,kanamycin,kanamycin_vs_control,not_regulated,b0466,b0466,103.33487538919492,0.30218072162336984,1.2330067704593197,0.042636674182372956,0.058792078624253084,0.37188812852148545,BH_from_pvalue
aminoglycoside,kanamycin,kanamycin_vs_control,not_regulated,b4292,b4292,134.4817789048251,0.4110016533731846,1.3296086319535003,0.10100785340490687,0.12516069548630057,0.37094215747891923,BH_from_pvalue
aminoglycoside,kanamycin,kanamycin_vs_control,not_regulated,b1412,b1412,141.72484616920562,-0.3357150614206903,0.7923912962172317,0.06040465859753355,0.07902854984633681,0.3700305078350844,BH_from_pvalue
aminoglycoside,kanamycin,kanamycin_vs_control,not_regulated,b1863,b1863,425.08341485298735,0.29245959019310774,1.2247264835971285,0.03911611129610518,0.05460715971752982,0.36930346796233876,BH_from_pvalue
aminoglycoside,kanamycin,kanamycin_vs_control,not_regulated,b3197,b3197,785.4093908574823,0.24564426660102612,1.1856221178772648,0.020444346530642473,0.03223227153691898,0.36642978464403103,BH_from_pvalue
aminoglycoside,kanamycin,kanamycin_vs_control,not_regulated,b0279,b0279,4.613110339160097,-0.9768315764179094,0.5080943841574425,0.38380986431769754,0.4234429162867313,0.3645585534959744,BH_from_pvalue
aminoglycoside,kanamycin,kanamycin_vs_control,not_regulated,b2625,b2625,4.2128898220716176,0.4751582414326738,1.3900706808315104,0.1416176750625249,0.17095982351885053,0.3644967090458357,BH_from_pvalue
aminoglycoside,kanamycin,kanamycin_vs_control,not_regulated,b1622,b1622,458.09036708356945,-0.34358604050892616,0.7880799812249368,0.06745070425633252,0.08724561948941674,0.36394570180804164,BH_from_pvalue
aminoglycoside,kanamycin,kanamycin_vs_control,not_regulated,b4598,b4598,66.12115012190522,-0.35510078172883475,0.7818150263038983,0.07508980877952956,0.09592557792965747,0.36151588174567006,BH_from_pvalue
aminoglycoside,kanamycin,kanamycin_vs_control,not_regulated,b3177,b3177,233.93654593295852,0.3593129638732053,1.2828148536406478,0.07756667557808994,0.09861359715948234,0.36149154988080145,BH_from_pvalue
aminoglycoside,kanamycin,kanamycin_vs_control,not_regulated,b1758,b1758,265.8194993076155,0.26138809117241646,1.1986314149819315,0.028143768884110704,0.041655370990697584,0.3608015607400447,BH_from_pvalue
aminoglycoside,kanamycin,kanamycin_vs_control,not_regulated,b0720,b0720,6080.170586393079,0.3695322051971459,1.2919338523245019,0.08417432009868894,0.10611437550557816,0.3600077999037317,BH_from_pvalue
aminoglycoside,kanamycin,kanamycin_vs_control,not_regulated,b3570,b3570,1519.9002862463085,0.3248163104629125,1.252504954674812,0.060040118786338484,0.07870008201521096,0.35860526708474866,BH_from_pvalue
aminoglycoside,kanamycin,kanamycin_vs_control,not_regulated,b4587,b4587,98.48490935421387,0.4065846252526013,1.325544060227571,0.10891499840423775,0.13414558127663237,0.35471403397907986,BH_from_pvalue
aminoglycoside,kanamycin,kanamycin_vs_control,not_regulated,b3124,b3124,160.38679782154486,-0.327710196870993,0.7968001384120406,0.06351534863136805,0.08273734090468969,0.35468023517527897,BH_from_pvalue
aminoglycoside,kanamycin,kanamycin_vs_control,not_regulated,b2606,b2606,5648.233311545111,-0.47345419384866005,0.720238091072265,0.14868900446153493,0.17844267397758382,0.35438106890717647,BH_from_pvalue
aminoglycoside,kanamycin,kanamycin_vs_control,not_regulated,b1181,b1181,271.71616813829263,0.4105898948255513,1.3292292034647888,0.11175826085026871,0.13742172151572135,0.35390574891979376,BH_from_pvalue
aminoglycoside,kanamycin,kanamycin_vs_control,not_regulated,b3395,b3395,113.5023180504246,0.5080234066315974,1.4221004829006403,0.1699754754532062,0.20135625193271572,0.35360201157787113,BH_from_pvalue
aminoglycoside,kanamycin,kanamycin_vs_control,not_regulated,b2995,b2995,128.78365075246094,-0.46507200002587457,0.7244349222805483,0.14460735533667285,0.1741042435579126,0.35307831093019415,BH_from_pvalue
aminoglycoside,kanamycin,kanamycin_vs_control,not_regulated,b2008,b2008,629.6680008721482,-0.37791121034223174,0.7695509700995429,0.09341685086124803,0.11652495706430771,0.3528107439605452,BH_from_pvalue
aminoglycoside,kanamycin,kanamycin_vs_control,not_regulated,b0055,b0055,483.68168654699457,-0.30528109273214454,0.8092845212940805,0.05278214245075526,0.07040749606865276,0.3518001615752458,BH_from_pvalue
aminoglycoside,kanamycin,kanamycin_vs_control,not_regulated,b1342,b1342,645.9423621811111,0.2673335347679622,1.2035812482022479,0.034077237867629825,0.04879955935326296,0.3506304134756259,BH_from_pvalue
aminoglycoside,kanamycin,kanamycin_vs_control,not_regulated,b2316,b2316,2553.8169728829994,0.2718673849630946,1.207369602872013,0.03674599027215345,0.05179676096651401,0.34953918927569677,BH_from_pvalue
aminoglycoside,kanamycin,kanamycin_vs_control,not_regulated,b3702,b3702,1602.9845106210425,0.29869346659937257,1.2300299691191623,0.050491870993211764,0.06777452573186109,0.34915280316669595,BH_from_pvalue
aminoglycoside,kanamycin,kanamycin_vs_control,not_regulated,b2798,b2798,254.90852373227293,0.4305592746189699,1.3477559461734898,0.126948900881981,0.15470500031621526,0.3489664187034793,BH_from_pvalue
aminoglycoside,kanamycin,kanamycin_vs_control,not_regulated,b3076,b3076,228.73816205540197,-0.3668532457316056,0.7754720851448742,0.09001795759895823,0.11288005945918989,0.3475504443046398,BH_from_pvalue
aminoglycoside,kanamycin,kanamycin_vs_control,not_regulated,b2295,b2295,1757.338126636959,-0.3261971861183177,0.7976362122368991,0.06686444509003862,0.08657348129389572,0.3466220615085839,BH_from_pvalue
aminoglycoside,kanamycin,kanamycin_vs_control,not_regulated,b1609,b1609,233.2188227421675,-0.2500467892793141,0.8408691438636254,0.028038097017353106,0.0415262958129912,0.3454838493278828,BH_from_pvalue
aminoglycoside,kanamycin,kanamycin_vs_control,not_regulated,b1594,b1594,828.6347201050608,0.3553362489546199,1.279283709206855,0.08492754133936911,0.10694403161939593,0.3449758690342429,BH_from_pvalue
aminoglycoside,kanamycin,kanamycin_vs_control,not_regulated,b1248,b1248,269.8520037292259,0.32892506536871124,1.2560771378876772,0.06967745503894508,0.0895966817510506,0.3446174468297116,BH_from_pvalue
aminoglycoside,kanamycin,kanamycin_vs_control,not_regulated,b1384,b1384,228.1035237352013,0.249055461252774,1.1884287907221611,0.028467093012219016,0.04203452380500312,0.3427984097088493,BH_from_pvalue
aminoglycoside,kanamycin,kanamycin_vs_control,not_regulated,b0528,b0528,58.054875107735405,-0.4062534260750734,0.7545804218364075,0.11723193538129534,0.14343113786436995,0.3426164903739922,BH_from_pvalue
aminoglycoside,kanamycin,kanamycin_vs_control,not_regulated,b2512,b2512,4754.445931934567,0.33695953153693203,1.2630918308638,0.07620047708451715,0.09709624530486066,0.3412717926601328,BH_from_pvalue
aminoglycoside,kanamycin,kanamycin_vs_control,not_regulated,b4002,b4002,17.084173986000536,0.5149783539472081,1.428972699416103,0.1868772357146062,0.21912768671644908,0.33952664288638384,BH_from_pvalue
aminoglycoside,kanamycin,kanamycin_vs_control,not_regulated,b1014,b1014,3964.642728719357,0.4016077249943244,1.3209791768854038,0.11722756693717544,0.14343113786436995,0.3386985079092271,BH_from_pvalue
aminoglycoside,kanamycin,kanamycin_vs_control,not_regulated,b1876,b1876,1113.3669864317885,-0.2478301025018368,0.8421621241256113,0.029347867928786586,0.04304098791773136,0.3385651066928087,BH_from_pvalue
aminoglycoside,kanamycin,kanamycin_vs_control,not_regulated,b3675,b3675,12.186328823893064,-0.6206512349097308,0.6503772800775771,0.25120492948134937,0.286273061263519,0.33714986457202223,BH_from_pvalue
aminoglycoside,kanamycin,kanamycin_vs_control,not_regulated,b3131,b3131,720.3961348162607,-0.18075536718492202,0.8822409510652891,0.007013969225590277,0.014027938451180553,0.33494080673039656,BH_from_pvalue
aminoglycoside,kanamycin,kanamycin_vs_control,not_regulated,b0657,b0657,1150.2180482838962,-0.38039009978157523,0.7682298358494076,0.1067125919386054,0.13179386011527927,0.33478316096809213,BH_from_pvalue
aminoglycoside,kanamycin,kanamycin_vs_control,not_regulated,b2487,b2487,84.02665273742402,0.35708503785231294,1.280835356340694,0.09283499411528409,0.11592443839419575,0.334169105335185,BH_from_pvalue
aminoglycoside,kanamycin,kanamycin_vs_control,not_regulated,b4606,b4606,221.0813865946933,-0.4915596126128712,0.7112557853181166,0.17892078945018489,0.21089772299447895,0.3322589595100173,BH_from_pvalue
aminoglycoside,kanamycin,kanamycin_vs_control,not_regulated,b3567,b3567,76.22070643246934,0.4148830381677522,1.3331905885966888,0.1316943922487138,0.1599247776281627,0.33028184999015203,BH_from_pvalue
aminoglycoside,kanamycin,kanamycin_vs_control,not_regulated,b1336,b1336,44.18653908455196,0.3969497938306432,1.3167210990190912,0.12176511305973137,0.1488313800387695,0.328398744178901,BH_from_pvalue
aminoglycoside,kanamycin,kanamycin_vs_control,not_regulated,b3092,b3092,546.8908884807728,0.436705864252394,1.3535102981010505,0.1481019374931605,0.17778556574439178,0.32757459808740835,BH_from_pvalue
aminoglycoside,kanamycin,kanamycin_vs_control,not_regulated,b2513,b2513,1224.8507929999812,-0.24310285698053846,0.8449261432336892,0.03183400809627204,0.04605640669573228,0.32495800744661346,BH_from_pvalue
aminoglycoside,kanamycin,kanamycin_vs_control,not_regulated,b1001,b1001,9.445459183664697,0.7031901080500789,1.6281008955158502,0.3093527771211882,0.3474329067393519,0.3228550064187097,BH_from_pvalue
aminoglycoside,kanamycin,kanamycin_vs_control,not_regulated,b0004,b0004,1974.567530919581,-0.30346568686645803,0.8103035201674272,0.0672221738910161,0.08701160810411235,0.32180193484601943,BH_from_pvalue
aminoglycoside,kanamycin,kanamycin_vs_control,not_regulated,b2593,b2593,396.6600051271735,-0.35492964918559977,0.7819077707340355,0.10011910971976347,0.12423055324675755,0.3214851893773544,BH_from_pvalue
aminoglycoside,kanamycin,kanamycin_vs_control,not_regulated,b0568,b0568,598.4234312766741,0.25994098443745983,1.1974297209931644,0.042006443413096305,0.05801196882778851,0.3214124510126468,BH_from_pvalue
aminoglycoside,kanamycin,kanamycin_vs_control,not_regulated,b3225,b3225,387.68297771345397,0.35540841397457257,1.2793477018323085,0.10068689326843464,0.12486618304974331,0.32113110768165515,BH_from_pvalue
aminoglycoside,kanamycin,kanamycin_vs_control,not_regulated,b0192,b0192,886.6383142077708,0.30363891716833535,1.2342536548500602,0.06805143042898894,0.08783748827544238,0.32073988874326065,BH_from_pvalue
aminoglycoside,kanamycin,kanamycin_vs_control,not_regulated,b3790,b3790,102.16744179718353,-0.22431125189351864,0.856003587522804,0.024673159582095525,0.03741735394479625,0.32007576555657063,BH_from_pvalue
aminoglycoside,kanamycin,kanamycin_vs_control,not_regulated,b4638,b4638,24.71332461692013,0.5344005394142917,1.448340223267615,0.21814374895926716,0.25210960504079744,0.3197909516882356,BH_from_pvalue
aminoglycoside,kanamycin,kanamycin_vs_control,not_regulated,b3943,b3943,248.27970364224097,0.24076926751275973,1.1816225530681275,0.03270454740805467,0.047149055846612144,0.319386934012043,BH_from_pvalue
aminoglycoside,kanamycin,kanamycin_vs_control,not_regulated,b2318,b2318,457.9522718068329,-0.3987153463553952,0.7585334217794858,0.13035293942516257,0.1585097381817738,0.31894996950790966,BH_from_pvalue
aminoglycoside,kanamycin,kanamycin_vs_control,not_regulated,b4542,b4542,131.43755055290464,0.2511774027061975,1.1901780389625574,0.03896312541081957,0.05441047441722025,0.3175679826725854,BH_from_pvalue
aminoglycoside,kanamycin,kanamycin_vs_control,not_regulated,b0112,b0112,792.187372491102,0.2431367869851382,1.1835632342210536,0.0346957567702337,0.04951252519715322,0.3173627824177107,BH_from_pvalue
aminoglycoside,kanamycin,kanamycin_vs_control,not_regulated,b1257,b1257,97.14730878018334,-0.683957655914476,0.6224553869140274,0.3056464658601904,0.3436135474729159,0.317308285031527,BH_from_pvalue
aminoglycoside,kanamycin,kanamycin_vs_control,not_regulated,b2204,b2204,79.88970730224464,-0.9011927524160539,0.5354438684135027,0.4046408256678365,0.4445711856018389,0.3172727389966394,BH_from_pvalue
aminoglycoside,kanamycin,kanamycin_vs_control,not_regulated,b0594,b0594,137.06811802781007,-0.49616869417565024,0.708987111206187,0.19815722759546348,0.23055126997527023,0.31617480806233805,BH_from_pvalue
aminoglycoside,kanamycin,kanamycin_vs_control,not_regulated,b2875,b2875,511.5705092318765,0.42645902781164935,1.3439309613682238,0.15239098044198787,0.18235026071510016,0.3151931429869768,BH_from_pvalue
aminoglycoside,kanamycin,kanamycin_vs_control,not_regulated,b0717,b0717,8.30002880786825,0.8493115082817115,1.801640929969229,0.3893130984322035,0.4287782362262614,0.31234897182579824,BH_from_pvalue
aminoglycoside,kanamycin,kanamycin_vs_control,not_regulated,b4555,b4555,25.225840564505017,0.48548942147087804,1.4000607432059324,0.19584237127674672,0.22809398912553255,0.31162894016293585,BH_from_pvalue
aminoglycoside,kanamycin,kanamycin_vs_control,not_regulated,b2145,b2145,22.281110171595927,0.6632115395325942,1.5836039154431714,0.30133883057797606,0.3390250274986834,0.3115557177634953,BH_from_pvalue
aminoglycoside,kanamycin,kanamycin_vs_control,not_regulated,b4133,b4133,51.819551263750974,-0.318606599145169,0.8018439501624406,0.0848198356640806,0.10683831442650087,0.30945397857841633,BH_from_pvalue
aminoglycoside,kanamycin,kanamycin_vs_control,not_regulated,b0743,b0743,159.66009486644245,-0.4365696238633401,0.7388894199798524,0.16516896886757843,0.19607548745483447,0.3089064923047127,BH_from_pvalue
aminoglycoside,kanamycin,kanamycin_vs_control,not_regulated,b0015,b0015,2872.962366485343,-0.35674625978382934,0.7809238288781611,0.11095269081221928,0.13646847231976,0.308573981135543,BH_from_pvalue
aminoglycoside,kanamycin,kanamycin_vs_control,not_regulated,b2624,b2624,2.930309175185519,-0.5926269264548127,0.6631343411216148,0.270541565443392,0.30721937928916365,0.30375175646742414,BH_from_pvalue
aminoglycoside,kanamycin,kanamycin_vs_control,not_regulated,b2208,b2208,143.020601675315,-1.0131724154014847,0.4954555665708523,0.46404915554681175,0.5028410266561212,0.3025021743648906,BH_from_pvalue
aminoglycoside,kanamycin,kanamycin_vs_control,not_regulated,b1040,b1040,175.22321210680215,-0.4284660343555995,0.7430514252442895,0.16613017278849662,0.19711250783504558,0.3021910169068789,BH_from_pvalue
aminoglycoside,kanamycin,kanamycin_vs_control,not_regulated,b3693,b3693,134.02270461590578,-0.40188232807755764,0.7568701272930012,0.14803484033044603,0.1777524591047374,0.301485846061464,BH_from_pvalue
aminoglycoside,kanamycin,kanamycin_vs_control,not_regulated,b4479,b4479,201.15571043905757,-0.4342727367041155,0.7400667286185313,0.17234888027518483,0.20389933284528705,0.29990188838399906,BH_from_pvalue
aminoglycoside,kanamycin,kanamycin_vs_control,not_regulated,b3320,b3320,8995.207338127666,0.27935901377492556,1.213655540109199,0.06538046268952945,0.08494550005127194,0.29915428809882333,BH_from_pvalue
aminoglycoside,kanamycin,kanamycin_vs_control,not_regulated,b2448,b2448,5.712399932422721,0.5294171393802594,1.443345954119256,0.23911598153825994,0.2740788948935753,0.2975982947264189,BH_from_pvalue
aminoglycoside,kanamycin,kanamycin_vs_control,not_regulated,b0772,b0772,603.0607883836304,0.26619348021778677,1.2026305231847785,0.058331515126879944,0.07658352453027029,0.2970358947443779,BH_from_pvalue
aminoglycoside,kanamycin,kanamycin_vs_control,not_regulated,b0911,b0911,36110.35991542004,0.31299487259251,1.2422838666400458,0.0902211753536546,0.11304034728154273,0.2963330653388026,BH_from_pvalue
aminoglycoside,kanamycin,kanamycin_vs_control,not_regulated,b2446,b2446,9.027510885614982,0.5879744753691645,1.503134883878072,0.2778412360465859,0.3147141475037883,0.29521241984843344,BH_from_pvalue
aminoglycoside,kanamycin,kanamycin_vs_control,not_regulated,b3777,b3777,76.85075842885824,0.40353288722969616,1.3227430955862656,0.15687241555087275,0.18691711924445711,0.2939135500340102,BH_from_pvalue
aminoglycoside,kanamycin,kanamycin_vs_control,not_regulated,b2826,b2826,60.04867174574586,-0.573889188248133,0.6718033113210529,0.2718908023943807,0.3085957176810306,0.29303361858124277,BH_from_pvalue
aminoglycoside,kanamycin,kanamycin_vs_control,not_regulated,b3114,b3114,258.5406389112807,0.647700804491639,1.5666694340790637,0.3149468341330338,0.35336264902229636,0.2926178536297712,BH_from_pvalue
aminoglycoside,kanamycin,kanamycin_vs_control,not_regulated,b0260,b0260,276.7990120539593,-0.37889182205788163,0.7690280776867792,0.1438518946488126,0.17333132122431263,0.2883832622994699,BH_from_pvalue
aminoglycoside,kanamycin,kanamycin_vs_control,not_regulated,b3530,b3530,872.5031627650296,0.23271823513223922,1.175046814049596,0.04176580731695381,0.0577328215462994,0.2882395039997205,BH_from_pvalue
aminoglycoside,kanamycin,kanamycin_vs_control,not_regulated,b0044,b0044,0.9371795168688184,0.7177027054757745,1.6445612096491482,0.35871827788808475,0.3977113172148398,0.28739116608788184,BH_from_pvalue
aminoglycoside,kanamycin,kanamycin_vs_control,not_regulated,b0479,b0479,339.8230717913362,0.33476717793178423,1.2611738642197232,0.11417540507743074,0.14004935152393877,0.2857970661523929,BH_from_pvalue
aminoglycoside,kanamycin,kanamycin_vs_control,not_regulated,b2768,b2768,53.901958835974746,0.3562605423042742,1.280103572204729,0.13020708027062028,0.15837518849574095,0.28511989181287095,BH_from_pvalue
aminoglycoside,kanamycin,kanamycin_vs_control,not_regulated,b3978,b3978,9.670496248166016,0.5830012363929757,1.4979622181807062,0.29033901424343445,0.32746862739893884,0.28265666466620043,BH_from_pvalue
aminoglycoside,kanamycin,kanamycin_vs_control,not_regulated,b4233,b4233,1526.1234048690833,0.22713753979835083,1.1705102271265733,0.041483675065617544,0.05739574606125737,0.28190501029698173,BH_from_pvalue
aminoglycoside,kanamycin,kanamycin_vs_control,not_regulated,b1151,b1151,8.060661747405767,0.7790415870851275,1.715990525237229,0.39623655542287484,0.43597652306558,0.28087323602080566,BH_from_pvalue
aminoglycoside,kanamycin,kanamycin_vs_control,not_regulated,b2490,b2490,8.155139996609309,-0.5662308678771035,0.6753789558199814,0.285386957718515,0.3224492679773626,0.2783243307109259,BH_from_pvalue
aminoglycoside,kanamycin,kanamycin_vs_control,not_regulated,b2171,b2171,188.15034954292437,0.4021234349940537,1.3214514623827294,0.17489215941396585,0.2065279425161508,0.27546307054497604,BH_from_pvalue
aminoglycoside,kanamycin,kanamycin_vs_control,not_regulated,b4192,b4192,59.536078277439366,0.4839626274229518,1.398579852482711,0.23802317202616438,0.27304979030188403,0.2728378767924016,BH_from_pvalue
aminoglycoside,kanamycin,kanamycin_vs_control,not_regulated,b3950,b3950,7.5309637598906995,0.32241654390034347,1.2504232804706121,0.11643928203292055,0.14259294597987385,0.27273278588639455,BH_from_pvalue
aminoglycoside,kanamycin,kanamycin_vs_control,not_regulated,b0850,b0850,138.28226926142463,0.3715426100918098,1.2937354254856948,0.15501434361537794,0.18494814789972677,0.27232216105329204,BH_from_pvalue
aminoglycoside,kanamycin,kanamycin_vs_control,not_regulated,b2236,b2236,27.277070283820606,-0.5218646716610316,0.6964710679676536,0.2656835149529189,0.3019313921824733,0.27141750016671634,BH_from_pvalue
aminoglycoside,kanamycin,kanamycin_vs_control,not_regulated,b0730,b0730,296.45739814038575,0.3072129328856743,1.2373150852825916,0.10705546251466198,0.13214475038170956,0.2700248335006972,BH_from_pvalue
aminoglycoside,kanamycin,kanamycin_vs_control,not_regulated,b4161,b4161,1364.809171703222,-0.24807111028966844,0.8420214494352165,0.06332999308424321,0.08251978820768423,0.2687706339118397,BH_from_pvalue
aminoglycoside,kanamycin,kanamycin_vs_control,not_regulated,b3593,b3593,7.06944382725342,0.31265185265175743,1.2419885322336366,0.1127158886199082,0.13841006470443545,0.26851551856902534,BH_from_pvalue
aminoglycoside,kanamycin,kanamycin_vs_control,not_regulated,b2963,b2963,160.08543652339506,0.38256069174934204,1.3036537053822763,0.16844725923608111,0.19970368266839558,0.2676447876322922,BH_from_pvalue
aminoglycoside,kanamycin,kanamycin_vs_control,not_regulated,b3788,b3788,293.82983329258656,-0.2675119760258653,0.8307509967336879,0.07899006032342622,0.10025318604254263,0.26721819882142106,BH_from_pvalue
aminoglycoside,kanamycin,kanamycin_vs_control,not_regulated,b1959,b1959,120.03165398419692,0.38061125897073644,1.3018933409596047,0.16816868395555234,0.19947857078904915,0.2664673704767763,BH_from_pvalue
aminoglycoside,kanamycin,kanamycin_vs_control,not_regulated,b3581,b3581,16.48217756069522,-0.4682471222302813,0.722842319505442,0.23552504393284945,0.2704640580706876,0.26591306429713213,BH_from_pvalue
aminoglycoside,kanamycin,kanamycin_vs_control,not_regulated,b3311,b3311,1944.213672020029,0.3415384983678642,1.2671071241296628,0.13776619785733826,0.16666819740782882,0.26576724725209155,BH_from_pvalue
aminoglycoside,kanamycin,kanamycin_vs_control,not_regulated,b1486,b1486,77.40767137697827,-0.2631714865511121,0.8332541561677205,0.07689606648753958,0.09789937929831674,0.2655979438953675,BH_from_pvalue
aminoglycoside,kanamycin,kanamycin_vs_control,not_regulated,b1485,b1485,100.52814291231499,-0.4701577509561261,0.7218856591249305,0.23843330687412528,0.2734505390922528,0.26475580447796965,BH_from_pvalue
aminoglycoside,kanamycin,kanamycin_vs_control,not_regulated,b3258,b3258,199.31699065544433,0.37387478921216477,1.2958284962396431,0.16546594710867363,0.19637620846828865,0.26429624948263836,BH_from_pvalue
aminoglycoside,kanamycin,kanamycin_vs_control,not_regulated,b2525,b2525,177.5953323218563,-0.3370946622489539,0.7916339212095252,0.1361053185048044,0.1648362204185811,0.26392737321746806,BH_from_pvalue
aminoglycoside,kanamycin,kanamycin_vs_control,not_regulated,b2066,b2066,132.68452843207697,-0.43131884733444537,0.7415835528131395,0.21082702266844172,0.24459632395219263,0.26377307312557036,BH_from_pvalue
aminoglycoside,kanamycin,kanamycin_vs_control,not_regulated,b2182,b2182,657.7505305773726,0.26932075041295,1.2052402429518956,0.08374075804265961,0.1056566422653248,0.2628848450039474,BH_from_pvalue
aminoglycoside,kanamycin,kanamycin_vs_control,not_regulated,b3247,b3247,804.3724086335036,-0.2536101975911702,0.838794788159906,0.07245147418352477,0.09273953639086352,0.2619121475694368,BH_from_pvalue
aminoglycoside,kanamycin,kanamycin_vs_control,not_regulated,b4262,b4262,1641.6215720778234,0.2691631700503905,1.205108606107522,0.08585219334976747,0.10804789191025577,0.26011490073860255,BH_from_pvalue
aminoglycoside,kanamycin,kanamycin_vs_control,not_regulated,b0586,b0586,666.7306357733827,0.47336873940603397,1.388347522358282,0.24803225527706715,0.28308781635022784,0.25944338086508073,BH_from_pvalue
aminoglycoside,kanamycin,kanamycin_vs_control,not_regulated,b1612,b1612,3627.1161574872735,-0.32987080326286744,0.7956077291098432,0.13588886816312373,0.16461840263876396,0.25846090509713293,BH_from_pvalue
aminoglycoside,kanamycin,kanamycin_vs_control,not_regulated,b0153,b0153,437.9815256377751,0.3771378185703185,1.2987626657227354,0.17575423484616548,0.2074370370868676,0.25762801043127864,BH_from_pvalue
aminoglycoside,kanamycin,kanamycin_vs_control,not_regulated,b3903,b3903,31.429455703665468,-0.3841737288602536,0.7662177068650932,0.18258730361356026,0.2151067814703494,0.2563767619976875,BH_from_pvalue
aminoglycoside,kanamycin,kanamycin_vs_control,not_regulated,b4441,b4441,20.404968498633973,0.4153724743045313,1.333642951936133,0.20884062312056434,0.2423554151859362,0.25568139340671986,BH_from_pvalue
aminoglycoside,kanamycin,kanamycin_vs_control,not_regulated,b2136,b2136,450.0491726686884,-0.2969991423648928,0.813943668933232,0.11269363592662134,0.13841006470443545,0.25507246494871105,BH_from_pvalue
aminoglycoside,kanamycin,kanamycin_vs_control,not_regulated,b3344,b3344,47.44324773660542,0.4048909188065153,1.3239888007156506,0.20601490398392497,0.23919851267932227,0.25153505189439485,BH_from_pvalue
aminoglycoside,kanamycin,kanamycin_vs_control,not_regulated,b3576,b3576,3.8463215195959335,0.862761149445195,1.818515407833321,0.4726204589108986,0.5117244321321002,0.25103230331844323,BH_from_pvalue
aminoglycoside,kanamycin,kanamycin_vs_control,not_regulated,b3703,b3703,557.2743036417972,-0.2724193617681312,0.8279299641456281,0.09756156685924872,0.1213248348722424,0.24954983564999053,BH_from_pvalue
aminoglycoside,kanamycin,kanamycin_vs_control,not_regulated,b3917,b3917,251.83915815591752,0.5652807173541285,1.4796753941735046,0.32374909237343424,0.3619745009932158,0.24947082913501453,BH_from_pvalue
aminoglycoside,kanamycin,kanamycin_vs_control,not_regulated,b0174,b0174,1583.8695898462881,-0.33713801526677223,0.7916101329501426,0.15430411350502254,0.1842473858629125,0.24766113602952045,BH_from_pvalue
aminoglycoside,kanamycin,kanamycin_vs_control,not_regulated,b3902,b3902,12.549974100315035,0.5051970834680448,1.4193172328334898,0.28635903467852264,0.3234663329944738,0.2476329165871527,BH_from_pvalue
aminoglycoside,kanamycin,kanamycin_vs_control,not_regulated,b1833,b1833,517.5834707326676,-0.2988184354140664,0.8129179020622107,0.12167797434314759,0.14876529725345958,0.24727176692377917,BH_from_pvalue
aminoglycoside,kanamycin,kanamycin_vs_control,not_regulated,b2183,b2183,593.903795997774,0.21293649958546546,1.1590449352643868,0.05320612974532497,0.07090997676873237,0.24472635536114354,BH_from_pvalue
aminoglycoside,kanamycin,kanamycin_vs_control,not_regulated,b4505,b4505,81.97163503385232,-0.2701919729246578,0.8292091993433084,0.10084533263224438,0.12499374653619047,0.24401353585647487,BH_from_pvalue
aminoglycoside,kanamycin,kanamycin_vs_control,not_regulated,b3478,b3478,46.831509932827466,-0.6377944406520921,0.6426947352096056,0.37693664887111544,0.41664630993507673,0.24251014926389394,BH_from_pvalue
aminoglycoside,kanamycin,kanamycin_vs_control,not_regulated,b3663,b3663,152.62326867167408,0.25355249060541496,1.1921390255167652,0.08960770852119891,0.11244840056688797,0.24063315891336273,BH_from_pvalue
aminoglycoside,kanamycin,kanamycin_vs_control,not_regulated,b1063,b1063,935.6294540528074,-0.3765457644171466,0.7702796602395154,0.1991145551839519,0.23160518986744652,0.2392013418897454,BH_from_pvalue
aminoglycoside,kanamycin,kanamycin_vs_control,not_regulated,b3341,b3341,4679.694666655189,-0.3412791649658562,0.7893411325112205,0.16860258164984301,0.19983515474597993,0.23866611302780738,BH_from_pvalue
aminoglycoside,kanamycin,kanamycin_vs_control,not_regulated,b2552,b2552,1964.3302704034013,0.9552582148838002,1.9389266336861901,0.5244892909570438,0.5629092891254552,0.23839575376646815,BH_from_pvalue
aminoglycoside,kanamycin,kanamycin_vs_control,not_regulated,b1361,b1361,22.649872269523513,0.48782242209881677,1.4023266309693254,0.28953042466965767,0.32680247181031874,0.23694250544533538,BH_from_pvalue
aminoglycoside,kanamycin,kanamycin_vs_control,not_regulated,b1793,b1793,221.51979606388275,0.2784784364288022,1.2129149875639487,0.11695338054366822,0.14318353448160578,0.23506557560523814,BH_from_pvalue
aminoglycoside,kanamycin,kanamycin_vs_control,not_regulated,b1572,b1572,0.5375260526810547,0.6930015723600763,1.6166434995526664,0.4226497308103741,0.46064416990188123,0.2332881831136437,BH_from_pvalue
aminoglycoside,kanamycin,kanamycin_vs_control,not_regulated,b3701,b3701,1006.8672123254315,0.24089606329114588,1.1817264082358727,0.08655484849633731,0.10887128314779787,0.23200378463878682,BH_from_pvalue
aminoglycoside,kanamycin,kanamycin_vs_control,not_regulated,b3572,b3572,651.5711243968505,0.16488347836858708,1.1210755288679064,0.026877543265580624,0.040137845155571596,0.23025086506215234,BH_from_pvalue
aminoglycoside,kanamycin,kanamycin_vs_control,not_regulated,b2203,b2203,34.992100104851794,-0.6053969463473416,0.6572905068373751,0.3767626410938443,0.41658760069815914,0.23022862079700968,BH_from_pvalue
aminoglycoside,kanamycin,kanamycin_vs_control,not_regulated,b1835,b1835,33.31224008423281,0.2671326880647644,1.2034137017056492,0.11196605915094686,0.1375644179352524,0.23013317727501667,BH_from_pvalue
aminoglycoside,kanamycin,kanamycin_vs_control,not_regulated,b0147,b0147,53.9451817224909,0.29567768567259023,1.2274614245674647,0.13782059870878163,0.16668169667634314,0.23007038121045797,BH_from_pvalue
aminoglycoside,kanamycin,kanamycin_vs_control,not_regulated,b3171,b3171,60.97231548801968,0.4494959201447646,1.3655630435724146,0.27381585030233146,0.31062388263805474,0.2282383660783615,BH_from_pvalue
aminoglycoside,kanamycin,kanamycin_vs_control,not_regulated,b2636,b2636,1.1195278649285831,0.7245408850057027,1.6523747103794746,0.4465672407726112,0.48504787768458624,0.22766189770899242,BH_from_pvalue
aminoglycoside,kanamycin,kanamycin_vs_control,not_regulated,b1141,b1141,5.631604266791125,0.5998139234253603,1.5155210843391071,0.37854357789734855,0.4181456319701065,0.2271329992779104,BH_from_pvalue
aminoglycoside,kanamycin,kanamycin_vs_control,not_regulated,b0675,b0675,620.279853347117,-0.31249157300299935,0.8052498695455307,0.1583315228598385,0.1885557823202419,0.2264189393905549,BH_from_pvalue
aminoglycoside,kanamycin,kanamycin_vs_control,not_regulated,b1447,b1447,135.59025604778307,0.18057885668550977,1.1333385267616987,0.040496774578821844,0.05625524770090817,0.22569412904634875,BH_from_pvalue
aminoglycoside,kanamycin,kanamycin_vs_control,not_regulated,b3848,b3848,350.240023686891,-0.3052557955959525,0.8092987119301219,0.1524957283688809,0.18235145650027496,0.22561173902533924,BH_from_pvalue
aminoglycoside,kanamycin,kanamycin_vs_control,not_regulated,b1144,b1144,47.12635883187618,-0.3877893771774259,0.7642998343698403,0.2284524672249358,0.26321188462545114,0.22479937113046147,BH_from_pvalue
aminoglycoside,kanamycin,kanamycin_vs_control,not_regulated,b3888,b3888,578.05202690304,-0.2809050593900384,0.8230745082324028,0.13108389541668491,0.15931244571311773,0.22409209404473843,BH_from_pvalue
aminoglycoside,kanamycin,kanamycin_vs_control,not_regulated,b0852,b0852,359.5283749818113,-0.18567259357436328,0.8792390735267849,0.045593422230071415,0.06216405371047627,0.22400668220002945,BH_from_pvalue
aminoglycoside,kanamycin,kanamycin_vs_control,not_regulated,b1808,b1808,1026.2318432062848,0.23633222347775273,1.1779940265534592,0.09036443409316751,0.11317660252051263,0.22362779424449272,BH_from_pvalue
aminoglycoside,kanamycin,kanamycin_vs_control,not_regulated,b3343,b3343,81.28274424180366,0.5015597110343091,1.4157433085783664,0.3219870584006671,0.360183483881174,0.22242979749072259,BH_from_pvalue
aminoglycoside,kanamycin,kanamycin_vs_control,not_regulated,b3095,b3095,755.8369722321382,-0.25123524942335607,0.8401767397645629,0.10720023119874512,0.13228714401425393,0.220705734716488,BH_from_pvalue
aminoglycoside,kanamycin,kanamycin_vs_control,not_regulated,b4330,b4330,26.249285927378978,0.5932393068255699,1.508630299759987,0.38761559574849147,0.4271178220668091,0.21917363031548948,BH_from_pvalue
aminoglycoside,kanamycin,kanamycin_vs_control,not_regulated,b3520,b3520,67.86292003094991,0.38163556610452787,1.302818007721542,0.23209429676770202,0.2667927796731724,0.21899238291334605,BH_from_pvalue
aminoglycoside,kanamycin,kanamycin_vs_control,not_regulated,b3571,b3571,119.12075276243326,0.3319663494818377,1.2587278136360434,0.18728510131071627,0.21949150226565964,0.21862715832810387,BH_from_pvalue
aminoglycoside,kanamycin,kanamycin_vs_control,not_regulated,b1076,b1076,21.893225406972704,0.239886394281565,1.1808996672529641,0.09924777295282047,0.12325137568795871,0.21810668264644298,BH_from_pvalue
aminoglycoside,kanamycin,kanamycin_vs_control,not_regulated,b0464,b0464,115.35427724831527,-0.2433816462223959,0.8447628838101772,0.10575999418681531,0.13075202201394537,0.21504023958735694,BH_from_pvalue
aminoglycoside,kanamycin,kanamycin_vs_control,not_regulated,b2353,b2353,49.30268806095651,0.4942610125289093,1.408599047738751,0.32956051080227766,0.3679233501088719,0.21462921136211205,BH_from_pvalue
aminoglycoside,kanamycin,kanamycin_vs_control,not_regulated,b4575,b4575,626.165515611254,0.2400956266909251,1.1810709441988878,0.10319374771470954,0.12772681070505099,0.2145777669382568,BH_from_pvalue
aminoglycoside,kanamycin,kanamycin_vs_control,not_regulated,b2605,b2605,75.29432402047077,-0.23604210111308532,0.8490714682543031,0.10146866739322793,0.12569707131223884,0.21259718190609622,BH_from_pvalue
aminoglycoside,kanamycin,kanamycin_vs_control,not_regulated,b3443,b3443,0.6356869650399782,0.4941309403740349,1.4084720553743972,0.33470919823706774,0.37320822351768235,0.211512153741269,BH_from_pvalue
aminoglycoside,kanamycin,kanamycin_vs_control,not_regulated,b1754,b1754,178.41613437225723,0.18541744478526123,1.13714595958956,0.05508961708317982,0.07290176453078635,0.21086820663629788,BH_from_pvalue
aminoglycoside,kanamycin,kanamycin_vs_control,not_regulated,b0835,b0835,346.27528300265186,0.3608488445745248,1.2841812544733635,0.22599779939424094,0.26065079530135793,0.21071441552295564,BH_from_pvalue
aminoglycoside,kanamycin,kanamycin_vs_control,not_regulated,b4602,b4602,122.8495088571654,0.3228809976699436,1.250825900070615,0.19128760190183847,0.22359969681768957,0.21004338461581512,BH_from_pvalue
aminoglycoside,kanamycin,kanamycin_vs_control,not_regulated,b1693,b1693,155.88271412863298,-0.3505761603941977,0.784270825849065,0.21845157821153574,0.25240051343321035,0.2096129100212222,BH_from_pvalue
aminoglycoside,kanamycin,kanamycin_vs_control,not_regulated,b1871,b1871,420.007897609938,-0.22876342700524965,0.8533660215179886,0.10060406518326656,0.12479787236468091,0.2067547425143457,BH_from_pvalue
aminoglycoside,kanamycin,kanamycin_vs_control,not_regulated,b4702,b4702,32.33338343177322,0.38806336154104937,1.3086355439918955,0.264012200940021,0.30025964091737406,0.20276428577337757,BH_from_pvalue
aminoglycoside,kanamycin,kanamycin_vs_control,not_regulated,b2744,b2744,371.18718171046817,-0.24549649781601524,0.8435254502108637,0.1227580653308424,0.14992282863375755,0.20232157679882506,BH_from_pvalue
aminoglycoside,kanamycin,kanamycin_vs_control,not_regulated,b0006,b0006,201.52770650480818,-0.2731355987589872,0.8275190339937303,0.1525136014570997,0.18235145650027496,0.20187199822180696,BH_from_pvalue
aminoglycoside,kanamycin,kanamycin_vs_control,not_regulated,b4588,b4588,0.5437957415860903,-0.500662620722083,0.7067820860780355,0.3596271404825893,0.3986207190464975,0.19998474320495838,BH_from_pvalue
aminoglycoside,kanamycin,kanamycin_vs_control,not_regulated,b2774,b2774,3.58098897238677,0.7474032468111325,1.6787684401848948,0.5014528784820977,0.5401185458363208,0.1999385228897471,BH_from_pvalue
aminoglycoside,kanamycin,kanamycin_vs_control,not_regulated,b4290,b4290,283.6747818383266,-0.48424165761543314,0.7148727388974474,0.348005537291738,0.3865964205330298,0.19986695324098822,BH_from_pvalue
aminoglycoside,kanamycin,kanamycin_vs_control,not_regulated,b2522,b2522,368.6303617226713,-0.25906744058876896,0.8356278955350059,0.14035630095450505,0.16948258837405739,0.199708590461504,BH_from_pvalue
aminoglycoside,kanamycin,kanamycin_vs_control,not_regulated,b2870,b2870,45.582150022507314,0.33163074176272733,1.2584350354484644,0.21647894819954885,0.250390225731701,0.1994369671101948,BH_from_pvalue
aminoglycoside,kanamycin,kanamycin_vs_control,not_regulated,b4650,b4650,0.40314453951079093,0.5911728001665136,1.506470894808009,0.4226497308103741,0.46064416990188123,0.19900911333775828,BH_from_pvalue
aminoglycoside,kanamycin,kanamycin_vs_control,not_regulated,b4595,b4595,116.85980576970735,-0.2710245779383227,0.8287307860034419,0.15553750944704967,0.18552312847860764,0.1982821072229783,BH_from_pvalue
aminoglycoside,kanamycin,kanamycin_vs_control,not_regulated,b2364,b2364,86.44650616858935,0.29940938331716094,1.2306405053182685,0.18558912022215934,0.21784443182653257,0.1981651591476051,BH_from_pvalue
aminoglycoside,kanamycin,kanamycin_vs_control,not_regulated,b3656,b3656,142.4144347675141,0.24823024900664326,1.187749211505006,0.13186989153270398,0.16005147655534338,0.19752681651632598,BH_from_pvalue
aminoglycoside,kanamycin,kanamycin_vs_control,not_regulated,b1763,b1763,1655.36135562652,-0.23894554877165675,0.8473644161765885,0.12382064942074292,0.15113847519525148,0.1960846822638754,BH_from_pvalue
aminoglycoside,kanamycin,kanamycin_vs_control,not_regulated,b0434,b0434,327.935701538092,-0.3901689079630941,0.7630402639626325,0.28040297127071456,0.3172962427108614,0.194512884078241,BH_from_pvalue
aminoglycoside,kanamycin,kanamycin_vs_control,not_regulated,b2804,b2804,67.04734011562131,-0.3590024450565181,0.7797035211811263,0.25213900445208937,0.2872647522860937,0.19447796417198734,BH_from_pvalue
aminoglycoside,kanamycin,kanamycin_vs_control,not_regulated,b4345,b4345,26.089664462097588,-0.24580284886152715,0.8433463496653747,0.13415425776355638,0.16269232985184057,0.19384821879658676,BH_from_pvalue
aminoglycoside,kanamycin,kanamycin_vs_control,not_regulated,b1262,b1262,479.2815113654336,-0.2592269242183889,0.8355355256299775,0.1501837642346357,0.1800923944354549,0.19299564470055303,BH_from_pvalue
aminoglycoside,kanamycin,kanamycin_vs_control,not_regulated,b0177,b0177,8031.864250855418,-0.17338060214541073,0.8867623345898767,0.05888396316935646,0.07728627555756211,0.1927814790432198,BH_from_pvalue
aminoglycoside,kanamycin,kanamycin_vs_control,not_regulated,b0423,b0423,681.0124710142354,0.2731855402746248,1.208473251175396,0.16948646063308417,0.20082984718851754,0.19045723905557924,BH_from_pvalue
aminoglycoside,kanamycin,kanamycin_vs_control,not_regulated,b1770,b1770,176.2860184915761,-0.3267263159583802,0.7973437209467897,0.22720114754185045,0.261971484656048,0.19007172042595472,BH_from_pvalue
aminoglycoside,kanamycin,kanamycin_vs_control,not_regulated,b1308,b1308,2112.1035839350566,0.3269412105541818,1.254351089000521,0.2282331620520303,0.26302658542404106,0.1896260175176933,BH_from_pvalue
aminoglycoside,kanamycin,kanamycin_vs_control,not_regulated,b0393,b0393,286.1682013586128,-0.2618102453208202,0.834040736254959,0.15869015395678035,0.1888828559136274,0.18950020849379176,BH_from_pvalue
aminoglycoside,kanamycin,kanamycin_vs_control,not_regulated,b1345,b1345,55.67011318418392,0.4298766411258583,1.347118385430568,0.3259673549409415,0.364364105995118,0.18848560891309601,BH_from_pvalue
aminoglycoside,kanamycin,kanamycin_vs_control,not_regulated,b3636,b3636,28.376811992091074,-0.31940961823398606,0.8013977596553535,0.22408024543614208,0.2586381688405869,0.1875916270515258,BH_from_pvalue
aminoglycoside,kanamycin,kanamycin_vs_control,not_regulated,b2631,b2631,155.80063551336318,0.38766521802021536,1.308274446975074,0.2927355886029283,0.33008891389721023,0.1866100420941747,BH_from_pvalue
aminoglycoside,kanamycin,kanamycin_vs_control,not_regulated,b2652,b2652,0.8430194595259429,0.5941666193086012,1.5096003047647026,0.44981093368639685,0.48835374842418855,0.18494355465984935,BH_from_pvalue
aminoglycoside,kanamycin,kanamycin_vs_control,not_regulated,b3162,b3162,8933.937579723255,0.20040632739043573,1.1490219253472584,0.09592560831477422,0.11948861428963013,0.18490960257711045,BH_from_pvalue
aminoglycoside,kanamycin,kanamycin_vs_control,not_regulated,b1735,b1735,104.54622911516334,-0.24488526354508977,0.8438829068362117,0.1469120809160034,0.1765928754570239,0.18440517170771448,BH_from_pvalue
aminoglycoside,kanamycin,kanamycin_vs_control,not_regulated,b0191,b0191,76.82137874783429,-0.2697686158831445,0.8294525654437906,0.17591193287494872,0.20751426018135832,0.18423903022103486,BH_from_pvalue
aminoglycoside,kanamycin,kanamycin_vs_control,not_regulated,b3302,b3302,55.14790501636648,0.4139788014419459,1.332355247692244,0.3219509766930049,0.360183483881174,0.18358974802879507,BH_from_pvalue
aminoglycoside,kanamycin,kanamycin_vs_control,not_regulated,b1116,b1116,516.4162314530282,0.24913877505667692,1.1884974229551661,0.15409568046184036,0.1840473634406155,0.1831345389447664,BH_from_pvalue
aminoglycoside,kanamycin,kanamycin_vs_control,not_regulated,b0682,b0682,36.562287459589946,-0.3667874928931667,0.7755074291720313,0.2800196171520147,0.31694218368136945,0.18303427789749308,BH_from_pvalue
aminoglycoside,kanamycin,kanamycin_vs_control,not_regulated,b0227,b0227,73.68920769786894,0.3305472320660101,1.2574902656757168,0.24572705050394966,0.2808130775322067,0.1823241251127603,BH_from_pvalue
aminoglycoside,kanamycin,kanamycin_vs_control,not_regulated,b4511,b4511,0.5367397478419681,-0.4767855570818686,0.7185768899654609,0.3770009963174216,0.41664630993507673,0.18128934535173344,BH_from_pvalue
aminoglycoside,kanamycin,kanamycin_vs_control,not_regulated,b0452,b0452,526.9446467964663,-0.1776569226883531,0.8841377567405141,0.07496298472507973,0.09579076854926381,0.18097490418701315,BH_from_pvalue
aminoglycoside,kanamycin,kanamycin_vs_control,not_regulated,b2426,b2426,6512.087144345402,-0.3136699120127009,0.8045924402781124,0.2313370461014331,0.2661944316613574,0.18029778959477574,BH_from_pvalue
aminoglycoside,kanamycin,kanamycin_vs_control,not_regulated,b3033,b3033,86.2042374882614,-0.2516252495367768,0.8399496476005669,0.16318705621806576,0.19387622262780238,0.1792768129980852,BH_from_pvalue
aminoglycoside,kanamycin,kanamycin_vs_control,not_regulated,b2697,b2697,7941.7758769631355,-0.15152273162595264,0.9002997151905322,0.050961809974390246,0.06828305667703524,0.17662808543374,BH_from_pvalue
aminoglycoside,kanamycin,kanamycin_vs_control,not_regulated,b4349,b4349,359.3615977656886,-0.19922726080970676,0.8710169742209785,0.10578181594236265,0.13075202201394537,0.17602756231546066,BH_from_pvalue
aminoglycoside,kanamycin,kanamycin_vs_control,not_regulated,b0878,b0878,471.10662794195963,-0.1527452990987932,0.899537107098972,0.05312977685851563,0.07082920459680003,0.1756246562459733,BH_from_pvalue
aminoglycoside,kanamycin,kanamycin_vs_control,not_regulated,b3680,b3680,56.802436838243445,0.2693424475257835,1.2052583690488483,0.19192397219903595,0.2241687943264772,0.17491767696533542,BH_from_pvalue
aminoglycoside,kanamycin,kanamycin_vs_control,not_regulated,b1339,b1339,173.07249641946626,0.32964842173696685,1.2567070833643375,0.2596211871585637,0.29551919054116343,0.17452059222483454,BH_from_pvalue
aminoglycoside,kanamycin,kanamycin_vs_control,not_regulated,b1398,b1398,665.1573014422155,-0.2389798100449756,0.8473442931164004,0.1567911604957266,0.1868698038976625,0.17408744037538798,BH_from_pvalue
aminoglycoside,kanamycin,kanamycin_vs_control,not_regulated,b3437,b3437,39.38181342126352,0.379833835644404,1.3011919802621512,0.3106294896378129,0.34877969156038,0.17375453638808405,BH_from_pvalue
aminoglycoside,kanamycin,kanamycin_vs_control,not_regulated,b4480,b4480,223.16035638358343,0.2723090760626681,1.2077393040458997,0.1980093216492116,0.2304387914044382,0.17358189865756496,BH_from_pvalue
aminoglycoside,kanamycin,kanamycin_vs_control,not_regulated,b1438,b1438,69.07811452471638,0.18383857454271268,1.1359021597650578,0.09097705411499286,0.11384355400422715,0.17348691023674132,BH_from_pvalue
aminoglycoside,kanamycin,kanamycin_vs_control,not_regulated,b0216,b0216,9.421913589246644,0.38850495849224576,1.3090361677569164,0.3195837174890647,0.3577619614897494,0.1734308811864552,BH_from_pvalue
aminoglycoside,kanamycin,kanamycin_vs_control,not_regulated,b0026,b0026,6319.717546849614,-0.12675174172635728,0.9158912789923932,0.029312120935577505,0.04300258315989159,0.1732069465784823,BH_from_pvalue
aminoglycoside,kanamycin,kanamycin_vs_control,not_regulated,b1035,b1035,369.90551740818745,-0.26376316609768935,0.8329124911987987,0.19062735474959855,0.2230597923162576,0.1718624625864049,BH_from_pvalue
aminoglycoside,kanamycin,kanamycin_vs_control,not_regulated,b3313,b3313,4369.742599049935,0.2253580585256909,1.1690673601807766,0.1435279834857482,0.17308012592999875,0.1716671315184803,BH_from_pvalue
aminoglycoside,kanamycin,kanamycin_vs_control,not_regulated,b2928,b2928,182.675239394418,-0.17555048162888287,0.885429605877816,0.08378936677541234,0.10568592895399297,0.1713342560258509,BH_from_pvalue
aminoglycoside,kanamycin,kanamycin_vs_control,not_regulated,b4316,b4316,69.46054299903221,0.38710660718132406,1.3077679817845695,0.32675241787073045,0.36515090076584983,0.16936983395465627,BH_from_pvalue
aminoglycoside,kanamycin,kanamycin_vs_control,not_regulated,b3933,b3933,780.9096197227174,0.15841997361740745,1.1160641652580994,0.06609346048438748,0.08562453492476235,0.16909776093833445,BH_from_pvalue
aminoglycoside,kanamycin,kanamycin_vs_control,not_regulated,b4472,b4472,1106.82477035494,-0.15083348877815084,0.9007299332009363,0.05819000317775481,0.07646107044124857,0.16841458385305566,BH_from_pvalue
aminoglycoside,kanamycin,kanamycin_vs_control,not_regulated,b2619,b2619,307.870165378021,-0.2279805914305708,0.8538292008741036,0.1532089802250828,0.1831341995887384,0.1680742557483664,BH_from_pvalue
aminoglycoside,kanamycin,kanamycin_vs_control,not_regulated,b3818,b3818,1.1393305062137615,0.5680447913435286,1.4825130366609174,0.47424513008965224,0.5131476052786278,0.16459534853851346,BH_from_pvalue
aminoglycoside,kanamycin,kanamycin_vs_control,not_regulated,b2618,b2618,72.7835808326477,0.30272779066420785,1.233474414501092,0.2510560393635048,0.2861758907899251,0.16449227831042448,BH_from_pvalue
aminoglycoside,kanamycin,kanamycin_vs_control,not_regulated,b1712,b1712,4025.007921124934,-0.28210898398170414,0.8223879415856444,0.22780861739630268,0.26260460303653754,0.163820028469964,BH_from_pvalue
aminoglycoside,kanamycin,kanamycin_vs_control,not_regulated,b3198,b3198,660.5437371690973,-0.22891560035326997,0.8532760144739191,0.16217507145992413,0.19277575883370474,0.163662654190694,BH_from_pvalue
aminoglycoside,kanamycin,kanamycin_vs_control,not_regulated,b3314,b3314,11821.615571954024,0.22266542311608362,1.166887456372221,0.15439279882698667,0.18430435486300054,0.16353982702821582,BH_from_pvalue
aminoglycoside,kanamycin,kanamycin_vs_control,not_regulated,b0274,b0274,0.5947484597885846,-0.47402585434150096,0.7199527569663492,0.41269856376562586,0.4526501194386211,0.16317740900125818,BH_from_pvalue
aminoglycoside,kanamycin,kanamycin_vs_control,not_regulated,b0879,b0879,1099.3130291719333,0.24043486125719937,1.18134869326389,0.17818675599949071,0.2100875566148648,0.1629185826169633,BH_from_pvalue
aminoglycoside,kanamycin,kanamycin_vs_control,not_regulated,b3228,b3228,890.8736249543741,-0.19872893302096806,0.8713178880821665,0.12426291625126577,0.15163716692843013,0.1627976167657296,BH_from_pvalue
aminoglycoside,kanamycin,kanamycin_vs_control,not_regulated,b2604,b2604,131.76932348387368,0.2868323117196896,1.2199587029874994,0.23589837699078184,0.2708195251925821,0.16272571501903255,BH_from_pvalue
aminoglycoside,kanamycin,kanamycin_vs_control,not_regulated,b3925,b3925,349.5777340673191,-0.18544705039494147,0.8793765397773631,0.10826469823271703,0.13341770209609896,0.16222658424290887,BH_from_pvalue
aminoglycoside,kanamycin,kanamycin_vs_control,not_regulated,b2309,b2309,910.4091981964457,-0.23492536783586004,0.8497289553932894,0.1734170680969898,0.20494744411462432,0.16171263733254174,BH_from_pvalue
aminoglycoside,kanamycin,kanamycin_vs_control,not_regulated,b4544,b4544,8.574690641916193,-0.33754067993190695,0.7913892207398492,0.2988652104627022,0.33641033950481347,0.15970084626438572,BH_from_pvalue
aminoglycoside,kanamycin,kanamycin_vs_control,not_regulated,b1055,b1055,237.36617276643253,-0.19538555915639577,0.8733394654157102,0.12635531849060316,0.1541068933217823,0.158687839869795,BH_from_pvalue
aminoglycoside,kanamycin,kanamycin_vs_control,not_regulated,b0408,b0408,2025.981741812333,-0.22966765636442155,0.8528313299707363,0.17471781034588915,0.20637623711549616,0.1574005028918736,BH_from_pvalue
aminoglycoside,kanamycin,kanamycin_vs_control,not_regulated,b2258,b2258,19.577057311721966,0.35127901186472243,1.2756910817423506,0.3213348858987133,0.35963282328251117,0.1560172983428737,BH_from_pvalue
aminoglycoside,kanamycin,kanamycin_vs_control,not_regulated,b1882,b1882,11.548014050568328,0.4563018288019358,1.3720203013799868,0.4158271118790546,0.4558592125839599,0.15567615909388668,BH_from_pvalue
aminoglycoside,kanamycin,kanamycin_vs_control,not_regulated,b4664,b4664,0.26876302634052734,0.4618247325298492,1.3772827154407594,0.4226497308103741,0.46064416990188123,0.1554661014720661,BH_from_pvalue
aminoglycoside,kanamycin,kanamycin_vs_control,not_regulated,b4251,b4251,66.17254227742349,-0.2811047077732507,0.8229606143597902,0.24604087774245648,0.2810289152071024,0.1549586870924074,BH_from_pvalue
aminoglycoside,kanamycin,kanamycin_vs_control,not_regulated,b0694,b0694,181.95616019879105,-0.206976152785316,0.8663511767458065,0.1487432617359464,0.17846017372320272,0.1549130998816652,BH_from_pvalue
aminoglycoside,kanamycin,kanamycin_vs_control,not_regulated,b0560,b0560,0.2582852126884589,0.45011129620745133,1.3661456435201302,0.4226497308103741,0.46064416990188123,0.15152295561690818,BH_from_pvalue
aminoglycoside,kanamycin,kanamycin_vs_control,not_regulated,b1374,b1374,0.2582852126884589,0.45011129620745133,1.3661456435201302,0.4226497308103741,0.46064416990188123,0.15152295561690818,BH_from_pvalue
aminoglycoside,kanamycin,kanamycin_vs_control,not_regulated,b2088,b2088,0.2582852126884589,0.45011129620745133,1.3661456435201302,0.4226497308103741,0.46064416990188123,0.15152295561690818,BH_from_pvalue
aminoglycoside,kanamycin,kanamycin_vs_control,not_regulated,b2308,b2308,197.29592043316063,0.3013245246403766,1.2322752343782375,0.27844128008124824,0.31523505607990304,0.15107371863099509,BH_from_pvalue
aminoglycoside,kanamycin,kanamycin_vs_control,not_regulated,b1830,b1830,3106.7146962598395,-0.17633876269069582,0.8849459438966243,0.11459177103472337,0.1404834521979247,0.15030672270961493,BH_from_pvalue
aminoglycoside,kanamycin,kanamycin_vs_control,not_regulated,b0749,b0749,1.6528042015535391,0.5229155808265851,1.436856096576019,0.48420431716162593,0.5229174114268892,0.14723571767154384,BH_from_pvalue
aminoglycoside,kanamycin,kanamycin_vs_control,not_regulated,b4436,b4436,73.41028175623912,0.26885354379424165,1.2048499975880764,0.2483946967255481,0.28342956516273854,0.1472120617127105,BH_from_pvalue
aminoglycoside,kanamycin,kanamycin_vs_control,not_regulated,b2170,b2170,131.0543263141184,0.30973966729000857,1.2394840162504661,0.29809907079803455,0.33571597908101136,0.14682527102159557,BH_from_pvalue
aminoglycoside,kanamycin,kanamycin_vs_control,not_regulated,b0873,b0873,1651.5773934377912,-1.1050479073462292,0.46488703362000605,0.7018766489996641,0.7387284104901242,0.14533059464643514,BH_from_pvalue
aminoglycoside,kanamycin,kanamycin_vs_control,not_regulated,b2954,b2954,155.59560095123416,0.2617903258247063,1.1989656493793386,0.24381428490199017,0.27883972883019364,0.14520078644438908,BH_from_pvalue
aminoglycoside,kanamycin,kanamycin_vs_control,not_regulated,b3972,b3972,141.42356010028263,-0.24781594755162928,0.8421703870093643,0.2253799626438613,0.26000489150348505,0.14497690933252083,BH_from_pvalue
aminoglycoside,kanamycin,kanamycin_vs_control,not_regulated,b4387,b4387,142.01822924257314,0.18973328412681045,1.1405528385458246,0.14339911857242257,0.17297110092216594,0.14458178102363742,BH_from_pvalue
aminoglycoside,kanamycin,kanamycin_vs_control,not_regulated,b0066,b0066,135.0078462294675,0.23976534030244778,1.1808005842157832,0.21648901464441642,0.250390225731701,0.1441907105291115,BH_from_pvalue
aminoglycoside,kanamycin,kanamycin_vs_control,not_regulated,b1389,b1389,5.514669293275723,0.5425267565582161,1.4565212567083585,0.505942383934755,0.5442933169105564,0.14331766468094692,BH_from_pvalue
aminoglycoside,kanamycin,kanamycin_vs_control,not_regulated,b3807,b3807,143.26197448914067,-0.24235990035430177,0.8453613739123021,0.22310914318271868,0.2575833999065371,0.14276988602182736,BH_from_pvalue
aminoglycoside,kanamycin,kanamycin_vs_control,not_regulated,b0117,b0117,57.632707449769725,0.29628643861824155,1.227979467816928,0.29431049032188067,0.3316153771211972,0.14202944916861776,BH_from_pvalue
aminoglycoside,kanamycin,kanamycin_vs_control,not_regulated,b0433,b0433,319.64711614310175,-0.25829693779412644,0.8360743000579274,0.2504345045092962,0.28553977218829263,0.14059964811443482,BH_from_pvalue
aminoglycoside,kanamycin,kanamycin_vs_control,not_regulated,b2560,b2560,533.633741443945,0.22423004928942447,1.16815365122669,0.20467987806084176,0.23783262503685515,0.13985868814063254,BH_from_pvalue
aminoglycoside,kanamycin,kanamycin_vs_control,not_regulated,b3263,b3263,9.26477949691292,-0.3449294155962028,0.7873464968538169,0.35524030134065016,0.3941467378959656,0.13946947165291818,BH_from_pvalue
aminoglycoside,kanamycin,kanamycin_vs_control,not_regulated,b3772,b3772,480.9594397938393,0.1931089746412642,1.143224686161386,0.16386699520794798,0.19458124193383053,0.1372809825651047,BH_from_pvalue
aminoglycoside,kanamycin,kanamycin_vs_control,not_regulated,b2244,b2244,17.189982973960223,-0.3652056639302508,0.7763581930799721,0.3818217429554991,0.42135284588170635,0.13708143177403853,BH_from_pvalue
aminoglycoside,kanamycin,kanamycin_vs_control,not_regulated,b3482,b3482,9.969795429376665,0.5125758813681314,1.4265950584538256,0.5068707584674689,0.5449615686613399,0.13513249326679005,BH_from_pvalue
aminoglycoside,kanamycin,kanamycin_vs_control,not_regulated,b4180,b4180,780.336775189489,0.17965946832726054,1.1326165125612195,0.1474021584158861,0.1770873153190854,0.13507024229699496,BH_from_pvalue
aminoglycoside,kanamycin,kanamycin_vs_control,not_regulated,b3089,b3089,1069.895030770614,0.18046802612879453,1.133251464900606,0.14944072532993707,0.1792491686757485,0.13472711452981698,BH_from_pvalue
aminoglycoside,kanamycin,kanamycin_vs_control,not_regulated,b3406,b3406,179.15096297793977,0.19472325452883776,1.1445045945536978,0.17316621179791775,0.20470476233036372,0.13413940823602205,BH_from_pvalue
aminoglycoside,kanamycin,kanamycin_vs_control,not_regulated,b3375,b3375,218.67777892040147,0.23906278648264223,1.1802257059639576,0.2426564608084484,0.2775861548108853,0.13306287266036432,BH_from_pvalue
aminoglycoside,kanamycin,kanamycin_vs_control,not_regulated,b3249,b3249,130.37754151990632,0.1912950559272959,1.141788198556677,0.1709932976436268,0.2024020665265877,0.1327176514065437,BH_from_pvalue
aminoglycoside,kanamycin,kanamycin_vs_control,not_regulated,b3797,b3797,0.21029071369294286,-0.3924786080786155,0.7618196427465739,0.42264973081037416,0.46064416990188123,0.1321218090138158,BH_from_pvalue
aminoglycoside,kanamycin,kanamycin_vs_control,not_regulated,b3969,b3969,0.21029071369294286,-0.3924786080786155,0.7618196427465739,0.42264973081037416,0.46064416990188123,0.1321218090138158,BH_from_pvalue
aminoglycoside,kanamycin,kanamycin_vs_control,not_regulated,b3793,b3793,114.16548534633527,-0.3026004760002001,0.8107896199037593,0.328052037484985,0.36642117323254597,0.13193968980619283,BH_from_pvalue
aminoglycoside,kanamycin,kanamycin_vs_control,not_regulated,b2243,b2243,55.228366430373605,-0.4838373776454592,0.7150730925541926,0.4950297984087932,0.5337114173640345,0.13193931108546508,BH_from_pvalue
aminoglycoside,kanamycin,kanamycin_vs_control,not_regulated,b1358,b1358,17.019618294442857,0.3021605356101418,1.232989518499516,0.3282454353509504,0.36654616887005337,0.13170311010854882,BH_from_pvalue
aminoglycoside,kanamycin,kanamycin_vs_control,not_regulated,b1446,b1446,666.8779673814589,0.2302247482947397,1.1730176719696428,0.235436644801469,0.2704640580706876,0.1307424336203024,BH_from_pvalue
aminoglycoside,kanamycin,kanamycin_vs_control,not_regulated,b0923,b0923,355.255890039422,-0.16063447893275118,0.8946315368254787,0.12655859854804746,0.15431297811578137,0.13037054908554482,BH_from_pvalue
aminoglycoside,kanamycin,kanamycin_vs_control,not_regulated,b3582,b3582,19.154816881629813,-0.36790024087062445,0.7749095123630436,0.4059904643796016,0.44584578690685084,0.1290650454897044,BH_from_pvalue
aminoglycoside,kanamycin,kanamycin_vs_control,not_regulated,b1603,b1603,1704.6008535190201,-0.15768726509881148,0.8964610055397,0.12564370118713314,0.15328054459987114,0.12843832187483487,BH_from_pvalue
aminoglycoside,kanamycin,kanamycin_vs_control,not_regulated,b4445,b4445,17.63836962055466,0.3705575295995214,1.2928523569941208,0.4156519135319565,0.455778231854398,0.12645143065175274,BH_from_pvalue
aminoglycoside,kanamycin,kanamycin_vs_control,not_regulated,b3834,b3834,258.1125305599507,-0.1385278544866173,0.9084456727606878,0.0985204847239916,0.12244961046933246,0.12634330348309475,BH_from_pvalue
aminoglycoside,kanamycin,kanamycin_vs_control,not_regulated,b2330,b2330,432.4574737595681,-0.1774117632718788,0.8842880124135125,0.16348475223895895,0.19417861514941573,0.12628144481903802,BH_from_pvalue
aminoglycoside,kanamycin,kanamycin_vs_control,not_regulated,b2580,b2580,338.1325088250251,-0.16296447759339472,0.8931878443817598,0.14305972070897655,0.17260799993266537,0.12433196856421508,BH_from_pvalue
aminoglycoside,kanamycin,kanamycin_vs_control,not_regulated,b1222,b1222,1153.853498456603,0.4897555220373384,1.404206899782303,0.5203792883106684,0.5586315128451996,0.12384671657455139,BH_from_pvalue
aminoglycoside,kanamycin,kanamycin_vs_control,not_regulated,b2761,b2761,195.4972059938093,0.22354985607845723,1.1676030269573492,0.24462157018098435,0.2796918715490767,0.12369464101161337,BH_from_pvalue
aminoglycoside,kanamycin,kanamycin_vs_control,not_regulated,b0567,b0567,81.21077077219725,-0.2612134934280883,0.8343857976329937,0.29874587496117194,0.33636018662712175,0.12360502748553012,BH_from_pvalue
aminoglycoside,kanamycin,kanamycin_vs_control,not_regulated,b4287,b4287,74.95346813579137,-0.4393257059226059,0.737479214858697,0.4854565245249092,0.5241438903775905,0.12325259489461915,BH_from_pvalue
aminoglycoside,kanamycin,kanamycin_vs_control,not_regulated,b2682,b2682,415.9753335689395,-0.19028901556900557,0.8764301281943152,0.19636753927168787,0.22864643842714263,0.12194396768953247,BH_from_pvalue
aminoglycoside,kanamycin,kanamycin_vs_control,not_regulated,b0113,b0113,819.5191487055732,0.21171627393533043,1.158065034186813,0.23310622698053843,0.2678875342254629,0.1211117642004186,BH_from_pvalue
aminoglycoside,kanamycin,kanamycin_vs_control,not_regulated,b1215,b1215,1473.302840432467,0.11542013622843683,1.0832904713754068,0.06972307749825386,0.08962972351733235,0.12090812631597607,BH_from_pvalue
aminoglycoside,kanamycin,kanamycin_vs_control,not_regulated,b3039,b3039,172.98209046445322,0.21875083895242398,1.1637255355041534,0.24599916482144824,0.2810289152071024,0.12058617969419816,BH_from_pvalue
aminoglycoside,kanamycin,kanamycin_vs_control,not_regulated,b4150,b4150,71.52406731502434,0.2120883704311156,1.1583637581052924,0.23862551071265056,0.27360121009062,0.11938072318517172,BH_from_pvalue
aminoglycoside,kanamycin,kanamycin_vs_control,not_regulated,b3966,b3966,575.5685231774407,-0.19571246307486945,0.8731415956359668,0.2136143755629357,0.24731980985381846,0.1187467943606874,BH_from_pvalue
aminoglycoside,kanamycin,kanamycin_vs_control,not_regulated,b3710,b3710,59.22027286607493,0.21707177866784377,1.1623719377811745,0.24948070447572723,0.284596553064119,0.11847134371102286,BH_from_pvalue
aminoglycoside,kanamycin,kanamycin_vs_control,not_regulated,b2576,b2576,748.240415648329,-0.1937887773112852,0.8743066168829028,0.21165646449409198,0.24543201270802414,0.11822448510242291,BH_from_pvalue
aminoglycoside,kanamycin,kanamycin_vs_control,not_regulated,b2461,b2461,11.913003157615407,-0.3034055015478194,0.8103373245345521,0.3684472368880259,0.40799499545109313,0.11812946476505828,BH_from_pvalue
aminoglycoside,kanamycin,kanamycin_vs_control,not_regulated,b2488,b2488,10.870772731842864,-0.3788907249724076,0.7690286624880227,0.4539872683911308,0.4925312911778356,0.11653397025554416,BH_from_pvalue
aminoglycoside,kanamycin,kanamycin_vs_control,not_regulated,b4543,b4543,31.295299341450317,-0.24408468933020888,0.8443513207138046,0.2964039262252342,0.3338905234563244,0.11628094695789495,BH_from_pvalue
aminoglycoside,kanamycin,kanamycin_vs_control,not_regulated,b3091,b3091,396.27943476219986,0.2354063120463028,1.177238240908017,0.28405264802956476,0.3211837131314686,0.11611333606362884,BH_from_pvalue
aminoglycoside,kanamycin,kanamycin_vs_control,not_regulated,b0961,b0961,105.67366062786353,-0.1592113378711355,0.8955144781337193,0.15699178297520044,0.18700980927501368,0.11592744505000756,BH_from_pvalue
aminoglycoside,kanamycin,kanamycin_vs_control,not_regulated,b2123,b2123,16.2272179325025,0.3683314336891983,1.2908590084346998,0.4466581390328048,0.48504787768458624,0.11573540557189783,BH_from_pvalue
aminoglycoside,kanamycin,kanamycin_vs_control,not_regulated,b3481,b3481,36.4113451969151,0.2382353571345135,1.1795490048102815,0.2900773122404721,0.32725551804806713,0.1155710740039807,BH_from_pvalue
aminoglycoside,kanamycin,kanamycin_vs_control,not_regulated,b3915,b3915,805.5289367098079,-0.1990706339124131,0.8711115417408425,0.22942293562395685,0.26426232123855514,0.11505581006837255,BH_from_pvalue
aminoglycoside,kanamycin,kanamycin_vs_control,not_regulated,b1125,b1125,99.44015191594373,-0.17463980561347103,0.8859886942713855,0.19211150629015028,0.2243058310910364,0.11336907776408381,BH_from_pvalue
aminoglycoside,kanamycin,kanamycin_vs_control,not_regulated,b2746,b2746,104.35532527529091,-0.22685418584540695,0.8544961010189851,0.282221865169408,0.31919385203218437,0.11250730857748019,BH_from_pvalue
aminoglycoside,kanamycin,kanamycin_vs_control,not_regulated,b0508,b0508,14.28534355160987,0.4607850602683734,1.3762905398497878,0.5361188326276443,0.5742944770562382,0.11098715955033912,BH_from_pvalue
aminoglycoside,kanamycin,kanamycin_vs_control,not_regulated,b2176,b2176,225.14182529194866,-0.18172755446153843,0.8816466366202277,0.21259066971243204,0.2461979486010606,0.11062039191115386,BH_from_pvalue
aminoglycoside,kanamycin,kanamycin_vs_control,not_regulated,b2245,b2245,35.29132174854224,0.2517421537577782,1.1906440320217062,0.3270470850291104,0.3653894159118079,0.11007275555053737,BH_from_pvalue
aminoglycoside,kanamycin,kanamycin_vs_control,not_regulated,b2955,b2955,325.3484420816685,-0.18235659310937713,0.8812623080511881,0.21547799628670453,0.24941328546000952,0.10997569016812789,BH_from_pvalue
aminoglycoside,kanamycin,kanamycin_vs_control,not_regulated,b0548,b0548,0.16187213183254234,0.32636605341292574,1.2538511183375356,0.4226497308103743,0.46064416990188123,0.10986604744831903,BH_from_pvalue
aminoglycoside,kanamycin,kanamycin_vs_control,not_regulated,b1027,b1027,0.16187213183254234,0.32636605341292574,1.2538511183375356,0.4226497308103743,0.46064416990188123,0.10986604744831903,BH_from_pvalue
aminoglycoside,kanamycin,kanamycin_vs_control,not_regulated,b1548,b1548,0.16187213183254234,0.32636605341292574,1.2538511183375356,0.4226497308103743,0.46064416990188123,0.10986604744831903,BH_from_pvalue
aminoglycoside,kanamycin,kanamycin_vs_control,not_regulated,b3305,b3305,8214.292216556301,-0.18271403698537547,0.8810439924773207,0.21786113426092676,0.2518476951697889,0.10942049714596666,BH_from_pvalue
aminoglycoside,kanamycin,kanamycin_vs_control,not_regulated,b4289,b4289,105.05838597271104,-0.38390300964396395,0.7663614997765358,0.48383651483289464,0.5226456877325553,0.1081810381953971,BH_from_pvalue
aminoglycoside,kanamycin,kanamycin_vs_control,not_regulated,b0213,b0213,287.06269950028775,-0.18531625667079332,0.8794562670538428,0.23047449600727177,0.26533767162546923,0.10677942837949568,BH_from_pvalue
aminoglycoside,kanamycin,kanamycin_vs_control,not_regulated,b1996,b1996,10.234274489804642,-0.38657671455038756,0.764942539485167,0.49220452671726106,0.5307926063711916,0.10633764203255272,BH_from_pvalue
aminoglycoside,kanamycin,kanamycin_vs_control,not_regulated,b4059,b4059,1271.3878075672428,-0.1628034927210802,0.893287517389415,0.19145624492146862,0.2237386826855718,0.10586442387961939,BH_from_pvalue
aminoglycoside,kanamycin,kanamycin_vs_control,not_regulated,b2793,b2793,183.60759347899673,0.18373541383370373,1.135820939355049,0.23199893504751717,0.26675133175964527,0.10544454202102327,BH_from_pvalue
aminoglycoside,kanamycin,kanamycin_vs_control,not_regulated,b0665,b0665,1.1917202055112126,0.5132397707080932,1.4272516900866756,0.5902815396038751,0.6294657100849289,0.10317552507838568,BH_from_pvalue
aminoglycoside,kanamycin,kanamycin_vs_control,not_regulated,b2568,b2568,2267.559520807105,0.11735235255724952,1.0847423054733676,0.10776993840485885,0.13288080672835942,0.10286376635394298,BH_from_pvalue
aminoglycoside,kanamycin,kanamycin_vs_control,not_regulated,b2689,b2689,219.59302401590426,-0.1637925210509099,0.8926753409613786,0.20439423982299723,0.23756209062631564,0.10224303617297806,BH_from_pvalue
aminoglycoside,kanamycin,kanamycin_vs_control,not_regulated,b3317,b3317,9852.83190111257,0.15760945969257278,1.1154373304327503,0.19408133562374627,0.22633597294156357,0.10169693891828141,BH_from_pvalue
aminoglycoside,kanamycin,kanamycin_vs_control,not_regulated,b2456,b2456,6.60365981061997,-0.3470565188190946,0.7861864920049983,0.47270231558667763,0.5117244321321002,0.10098089993605144,BH_from_pvalue
aminoglycoside,kanamycin,kanamycin_vs_control,not_regulated,b3749,b3749,1609.0542130872418,-0.19024312095445062,0.8764580093899752,0.2624352105768579,0.29854162295769016,0.09987670831924869,BH_from_pvalue
aminoglycoside,kanamycin,kanamycin_vs_control,not_regulated,b3832,b3832,819.7298246387567,-0.21437175664687302,0.8619214147035984,0.3049337762542061,0.34289803139785474,0.09964749725742761,BH_from_pvalue
aminoglycoside,kanamycin,kanamycin_vs_control,not_regulated,b3319,b3319,4631.40161968979,-0.15313529726904918,0.89929397157652,0.19552250842280192,0.22783944116211477,0.09836968832443606,BH_from_pvalue
aminoglycoside,kanamycin,kanamycin_vs_control,not_regulated,b3483,b3483,2.4591119731980133,0.49800733496262417,1.4122615845990842,0.5966310466087434,0.6359351771673288,0.09790184319257136,BH_from_pvalue
aminoglycoside,kanamycin,kanamycin_vs_control,not_regulated,b0377,b0377,303.4381991349165,-0.19143216802101293,0.8757359437755959,0.2752200921887871,0.3121381680950995,0.09679827356057369,BH_from_pvalue
aminoglycoside,kanamycin,kanamycin_vs_control,not_regulated,b2254,b2254,30.5773539260254,0.3667779712668242,1.2894697878019894,0.5094567879554772,0.5472979776029941,0.09601372767186057,BH_from_pvalue
aminoglycoside,kanamycin,kanamycin_vs_control,not_regulated,b1382,b1382,0.13438151317026367,0.2843429335413716,1.2178554726671764,0.4226497308103741,0.46064416990188123,0.09571961881870557,BH_from_pvalue
aminoglycoside,kanamycin,kanamycin_vs_control,not_regulated,b3278,b3278,0.13438151317026367,0.2843429335413716,1.2178554726671764,0.4226497308103741,0.46064416990188123,0.09571961881870557,BH_from_pvalue
aminoglycoside,kanamycin,kanamycin_vs_control,not_regulated,b4011,b4011,0.13438151317026367,0.2843429335413716,1.2178554726671764,0.4226497308103741,0.46064416990188123,0.09571961881870557,BH_from_pvalue
aminoglycoside,kanamycin,kanamycin_vs_control,not_regulated,b4423,b4423,0.13438151317026367,0.2843429335413716,1.2178554726671764,0.4226497308103741,0.46064416990188123,0.09571961881870557,BH_from_pvalue
aminoglycoside,kanamycin,kanamycin_vs_control,not_regulated,b4548,b4548,0.13438151317026367,0.2843429335413716,1.2178554726671764,0.4226497308103741,0.46064416990188123,0.09571961881870557,BH_from_pvalue
aminoglycoside,kanamycin,kanamycin_vs_control,not_regulated,b4647,b4647,0.13438151317026367,0.2843429335413716,1.2178554726671764,0.4226497308103741,0.46064416990188123,0.09571961881870557,BH_from_pvalue
aminoglycoside,kanamycin,kanamycin_vs_control,not_regulated,b4697,b4697,0.13438151317026367,0.2843429335413716,1.2178554726671764,0.4226497308103741,0.46064416990188123,0.09571961881870557,BH_from_pvalue
aminoglycoside,kanamycin,kanamycin_vs_control,not_regulated,b2726,b2726,7.863536998698923,0.3349281811961875,1.2613146177636416,0.4809474928555239,0.5196497292491344,0.09521649639276494,BH_from_pvalue
aminoglycoside,kanamycin,kanamycin_vs_control,not_regulated,b3467,b3467,110.42179278583201,0.16174199737734973,1.1186370330460096,0.2316659285394472,0.26650469221750217,0.0928876430535833,BH_from_pvalue
aminoglycoside,kanamycin,kanamycin_vs_control,not_regulated,b0360,b0360,0.12914260634422944,0.275900561498353,1.210749629530277,0.42264973081037416,0.46064416990188123,0.09287762579352686,BH_from_pvalue
aminoglycoside,kanamycin,kanamycin_vs_control,not_regulated,b3761,b3761,0.12914260634422944,0.275900561498353,1.210749629530277,0.42264973081037416,0.46064416990188123,0.09287762579352686,BH_from_pvalue
aminoglycoside,kanamycin,kanamycin_vs_control,not_regulated,b4504,b4504,0.12914260634422944,0.275900561498353,1.210749629530277,0.42264973081037416,0.46064416990188123,0.09287762579352686,BH_from_pvalue
aminoglycoside,kanamycin,kanamycin_vs_control,not_regulated,b4526,b4526,0.12914260634422944,0.275900561498353,1.210749629530277,0.42264973081037416,0.46064416990188123,0.09287762579352686,BH_from_pvalue
aminoglycoside,kanamycin,kanamycin_vs_control,not_regulated,b2100,b2100,88.90449456208744,0.1681525874677421,1.1236187369268722,0.24682474181162722,0.2818526754680628,0.09248019656212873,BH_from_pvalue
aminoglycoside,kanamycin,kanamycin_vs_control,not_regulated,b1867,b1867,149.24988265535697,0.15337812005541362,1.1121706112870218,0.21621635595141442,0.25020354233842607,0.09228861884024026,BH_from_pvalue
aminoglycoside,kanamycin,kanamycin_vs_control,not_regulated,b0524,b0524,153.95597656574895,0.1505948848401344,1.1100270893360347,0.21183517584777062,0.2454998897931772,0.09185515400887122,BH_from_pvalue
aminoglycoside,kanamycin,kanamycin_vs_control,not_regulated,b2240,b2240,187.30882323229602,0.4081893908369363,1.327019334587958,0.5588810047112731,0.5973970435340556,0.0913270415775722,BH_from_pvalue
aminoglycoside,kanamycin,kanamycin_vs_control,not_regulated,b0182,b0182,769.8551226549786,-0.14222766713456636,0.9061189352252291,0.19663114365528286,0.22889412115979874,0.09107767147377273,BH_from_pvalue
aminoglycoside,kanamycin,kanamycin_vs_control,not_regulated,b0481,b0481,126.67646415063417,-0.1720051321862366,0.8876081797216745,0.259646918856976,0.29551919054116343,0.09106197862765827,BH_from_pvalue
aminoglycoside,kanamycin,kanamycin_vs_control,not_regulated,b3129,b3129,270.2234291189056,0.21869417553420067,1.1636798298145115,0.3481026308958513,0.3866087984616146,0.09026126796194456,BH_from_pvalue
aminoglycoside,kanamycin,kanamycin_vs_control,not_regulated,b1498,b1498,58.77601322641203,0.14429512445187065,1.1051905446292063,0.20530029078337367,0.2384303402901148,0.0898436971605655,BH_from_pvalue
aminoglycoside,kanamycin,kanamycin_vs_control,not_regulated,b0200,b0200,13.570593710250115,-0.24544731473484616,0.8435542074233654,0.39159540358537653,0.43108079425526763,0.089696592070937,BH_from_pvalue
aminoglycoside,kanamycin,kanamycin_vs_control,not_regulated,b4419,b4419,0.653220772436169,0.38027748626696367,1.3015921780761064,0.5473170899754137,0.5858715541907212,0.08829951499498605,BH_from_pvalue
aminoglycoside,kanamycin,kanamycin_vs_control,not_regulated,b2201,b2201,146.1318941610627,-0.19959769006727424,0.8707933588737706,0.322981526923765,0.3612060935114607,0.08827106682950468,BH_from_pvalue
aminoglycoside,kanamycin,kanamycin_vs_control,not_regulated,b4481,b4481,228.05321053602879,0.15987598002071035,1.117191095618257,0.24746757631883975,0.28251501479242164,0.08776527271574448,BH_from_pvalue
aminoglycoside,kanamycin,kanamycin_vs_control,not_regulated,b1111,b1111,787.7878988159788,-0.20724292628786323,0.8661909917003983,0.33919926703850317,0.3780273298164488,0.0875553285960204,BH_from_pvalue
aminoglycoside,kanamycin,kanamycin_vs_control,not_regulated,b2666,b2666,107.1302033836966,-0.3068711755860578,0.8083930504576556,0.4796262791498101,0.518471281811066,0.08754276490731856,BH_from_pvalue
aminoglycoside,kanamycin,kanamycin_vs_control,not_regulated,b0353,b0353,116.4680148267454,-0.14234700458698146,0.9060439855996743,0.21151662182504163,0.2453331008171834,0.08686638439805322,BH_from_pvalue
aminoglycoside,kanamycin,kanamycin_vs_control,not_regulated,b1787,b1787,209.8141900588937,-0.1299894753276023,0.9138381167884788,0.1870462511168223,0.21926870928419773,0.08566609817504126,BH_from_pvalue
aminoglycoside,kanamycin,kanamycin_vs_control,not_regulated,b3159,b3159,69.15927934443337,-0.27759079010641763,0.824967511426741,0.4547463658422513,0.4932358701611879,0.08520520145683878,BH_from_pvalue
aminoglycoside,kanamycin,kanamycin_vs_control,not_regulated,b3920,b3920,40.115439834915975,-0.2024112182709139,0.8690968019616969,0.342812935287408,0.38129885828950577,0.08475655928887234,BH_from_pvalue
aminoglycoside,kanamycin,kanamycin_vs_control,not_regulated,b4220,b4220,497.00348870901917,-0.12533865609936967,0.9167888122947968,0.17902473959559126,0.2109649669114408,0.08470256756003416,BH_from_pvalue
aminoglycoside,kanamycin,kanamycin_vs_control,not_regulated,b0023,b0023,1410.913844678804,-0.17838365800607292,0.8836924981729027,0.298944536198873,0.33641544253753586,0.08439760353176755,BH_from_pvalue
aminoglycoside,kanamycin,kanamycin_vs_control,not_regulated,b0443,b0443,207.70295099771752,0.1668735172657767,1.1226229961093355,0.27569974621713395,0.3126033421942699,0.08427219137932236,BH_from_pvalue
aminoglycoside,kanamycin,kanamycin_vs_control,not_regulated,b2141,b2141,53.714848408980764,-0.20735709772240885,0.8661224461295843,0.3580860565434504,0.3971082550129289,0.08316908326831564,BH_from_pvalue
aminoglycoside,kanamycin,kanamycin_vs_control,not_regulated,b2621,b2621,1061922.8124777924,-0.21692011102929953,0.8604002737981257,0.376563559043024,0.4164698521208562,0.0825199745165858,BH_from_pvalue
aminoglycoside,kanamycin,kanamycin_vs_control,not_regulated,b3955,b3955,302.22630780083244,-0.1676079306607292,0.8903176546687225,0.2848686581097122,0.3219445286878104,0.0824997998361985,BH_from_pvalue
aminoglycoside,kanamycin,kanamycin_vs_control,not_regulated,b2594,b2594,595.1130476653308,-0.1460967907207511,0.9036920958200607,0.2393033534574876,0.2741687427029494,0.08210377534420352,BH_from_pvalue
aminoglycoside,kanamycin,kanamycin_vs_control,not_regulated,b1930,b1930,19.6418981061108,-0.31800681443314893,0.8021773773348031,0.5155150379464207,0.553673982971108,0.08164694050483846,BH_from_pvalue
aminoglycoside,kanamycin,kanamycin_vs_control,not_regulated,b1475,b1475,94.01914161639371,0.46169855825773354,1.3771622672238117,0.6259386414852864,0.6657536082763817,0.08157588895995166,BH_from_pvalue
aminoglycoside,kanamycin,kanamycin_vs_control,not_regulated,b3952,b3952,37.87727650105999,0.24722458041831707,1.1869215481297968,0.4303051274703482,0.4681936292601902,0.08147891749667768,BH_from_pvalue
aminoglycoside,kanamycin,kanamycin_vs_control,not_regulated,b2499,b2499,380.02772464933673,-0.1990975575627978,0.8710952851633349,0.3557390591424946,0.3946027837294552,0.0804035288443227,BH_from_pvalue
aminoglycoside,kanamycin,kanamycin_vs_control,not_regulated,b1534,b1534,184.46955006352036,0.20332813291620688,1.1513513299687839,0.36747788105714335,0.4070217948768852,0.07937571127853534,BH_from_pvalue
aminoglycoside,kanamycin,kanamycin_vs_control,not_regulated,b1232,b1232,289.74215130662947,-0.18703652917846547,0.8784082265752259,0.34134291754636875,0.3800397136444472,0.07858732883373207,BH_from_pvalue
aminoglycoside,kanamycin,kanamycin_vs_control,not_regulated,b0009,b0009,731.1346512097751,-0.15243928663230655,0.8997279296616387,0.27632980103696464,0.31323877143756723,0.07684837733368381,BH_from_pvalue
aminoglycoside,kanamycin,kanamycin_vs_control,not_regulated,b1700,b1700,2.022066229557059,0.2881923252452421,1.2211092875337668,0.5060548357758886,0.5442933169105564,0.07613090144188667,BH_from_pvalue
aminoglycoside,kanamycin,kanamycin_vs_control,not_regulated,b2767,b2767,3.0451117582146447,0.38531918786702746,1.3061487329163892,0.5995103372728368,0.6388527593113527,0.07498281536599079,BH_from_pvalue
aminoglycoside,kanamycin,kanamycin_vs_control,not_regulated,b1868,b1868,47.22078821395305,-0.2013525270589227,0.8697348043135146,0.38512817008055084,0.42479316062342265,0.07486739681558131,BH_from_pvalue
aminoglycoside,kanamycin,kanamycin_vs_control,not_regulated,b4659,b4659,152.48058400304419,-0.15485616151971993,0.8982219222565738,0.29398320690192165,0.331329607778713,0.07429065677289787,BH_from_pvalue
aminoglycoside,kanamycin,kanamycin_vs_control,not_regulated,b3013,b3013,32.02963904533331,0.2789717803263816,1.2133298268153563,0.5054422200150056,0.5438945228773913,0.0737839390818837,BH_from_pvalue
aminoglycoside,kanamycin,kanamycin_vs_control,not_regulated,b4403,b4403,101.98553518690892,-0.21817716645229357,0.8596509125424413,0.4233590830820661,0.4613055125249838,0.073310005463463,BH_from_pvalue
aminoglycoside,kanamycin,kanamycin_vs_control,not_regulated,b3345,b3345,114.85916491620462,0.1430553025146395,1.1042411749881629,0.27771512961018335,0.31465054231400624,0.07183829804838979,BH_from_pvalue
aminoglycoside,kanamycin,kanamycin_vs_control,not_regulated,b0190,b0190,213.37102916900278,0.16640452034350073,1.1222581087665668,0.3322705098421454,0.37076476141651454,0.07170396561036944,BH_from_pvalue
aminoglycoside,kanamycin,kanamycin_vs_control,not_regulated,b2314,b2314,1314.2644055342785,0.0988204260744503,1.0708975190387189,0.1584880545761861,0.18869223649647565,0.07157029513699505,BH_from_pvalue
aminoglycoside,kanamycin,kanamycin_vs_control,not_regulated,b3868,b3868,499.1990485440096,0.10948416882078682,1.0788424307403188,0.1916798889895386,0.22394185472076486,0.0711498997244991,BH_from_pvalue
aminoglycoside,kanamycin,kanamycin_vs_control,not_regulated,b2019,b2019,518.9095695381079,-0.16937178926117902,0.889229805326947,0.3441747968976954,0.3827189706911827,0.07064836243803357,BH_from_pvalue
aminoglycoside,kanamycin,kanamycin_vs_control,not_regulated,b3485,b3485,416.20571824912605,-0.06574067135184691,0.9554546667149777,0.06516685570290434,0.08469243483145442,0.07048421456525542,BH_from_pvalue
aminoglycoside,kanamycin,kanamycin_vs_control,not_regulated,b0152,b0152,149.2556081641675,-0.23078950227048267,0.8521684224118091,0.46352557820854545,0.5023947110318162,0.068995662101332,BH_from_pvalue
aminoglycoside,kanamycin,kanamycin_vs_control,not_regulated,b3921,b3921,108.41976387935495,0.1628336031534232,1.1194837627437038,0.3408735320898891,0.3797050884943836,0.06848025520067384,BH_from_pvalue
aminoglycoside,kanamycin,kanamycin_vs_control,not_regulated,b4581,b4581,483.1007800802586,0.09180551953539151,1.0657030657899473,0.1519238422671526,0.18183966006323907,0.06796467170035624,BH_from_pvalue
aminoglycoside,kanamycin,kanamycin_vs_control,not_regulated,b2207,b2207,5.867203904521368,0.5132253266553661,1.42723740072206,0.6995793205204933,0.7373227172654007,0.06792146380798206,BH_from_pvalue
aminoglycoside,kanamycin,kanamycin_vs_control,not_regulated,b3193,b3193,457.2406202296963,0.1616554591479531,1.1185699350369824,0.34264349842579395,0.38129885828950577,0.06769071706937216,BH_from_pvalue
aminoglycoside,kanamycin,kanamycin_vs_control,not_regulated,b4546,b4546,52.44624894330355,0.2949224797005927,1.2268190548426956,0.5514108899449104,0.5899729264919616,0.06758677047245658,BH_from_pvalue
aminoglycoside,kanamycin,kanamycin_vs_control,not_regulated,b4406,b4406,241.44489758872226,-0.1602217717165768,0.8948874978543605,0.341260920049748,0.3800397136444472,0.06732054489847478,BH_from_pvalue
aminoglycoside,kanamycin,kanamycin_vs_control,not_regulated,b4708,b4708,6.025594612810651,0.3162169245822173,1.245061429569972,0.5740147166403459,0.6131365935521909,0.0671779972602837,BH_from_pvalue
aminoglycoside,kanamycin,kanamycin_vs_control,not_regulated,b4073,b4073,91.96786301101231,0.47780767580862804,1.3926258187792186,0.6862848603224379,0.7244565364304918,0.06688718075449682,BH_from_pvalue
aminoglycoside,kanamycin,kanamycin_vs_control,not_regulated,b2821,b2821,1194.4726047388556,0.1302905394018392,1.0945140995046518,0.2710174885063844,0.30768214621446666,0.06669542793434076,BH_from_pvalue
aminoglycoside,kanamycin,kanamycin_vs_control,not_regulated,b1640,b1640,373.7597190991391,-0.1482830897918177,0.9023236535340655,0.318297553971147,0.3564996010364092,0.0664220683826414,BH_from_pvalue
aminoglycoside,kanamycin,kanamycin_vs_control,not_regulated,b2786,b2786,396.2115316785486,0.1459933553407744,1.106492256879486,0.3129902655285038,0.35134270385505617,0.06632026441267502,BH_from_pvalue
aminoglycoside,kanamycin,kanamycin_vs_control,not_regulated,b1928,b1928,700.729161472962,-0.13479083688557836,0.910801872825316,0.28667646613702874,0.3237435964560269,0.06602039191395564,BH_from_pvalue
aminoglycoside,kanamycin,kanamycin_vs_control,not_regulated,b2459,b2459,43.793116678237446,-0.16869605172422641,0.8896464052919647,0.3689574941910921,0.40845946563414526,0.06559763433923559,BH_from_pvalue
aminoglycoside,kanamycin,kanamycin_vs_control,not_regulated,b2880,b2880,19.237273239500407,-0.23738018172929642,0.8482843307559804,0.49099587719796217,0.5296161764116148,0.06552613063966414,BH_from_pvalue
aminoglycoside,kanamycin,kanamycin_vs_control,not_regulated,b3603,b3603,298.8411182006682,-0.19567920893021018,0.8731617217962047,0.42586858778035486,0.4639275630506263,0.0652687657454293,BH_from_pvalue
aminoglycoside,kanamycin,kanamycin_vs_control,not_regulated,b1335,b1335,139.52892531534425,-0.22544180103880773,0.8553330542417553,0.4754196191077251,0.5141710619732022,0.06512841608729472,BH_from_pvalue
aminoglycoside,kanamycin,kanamycin_vs_control,not_regulated,b1631,b1631,106.38935149511202,0.18103956461455173,1.1337005030692386,0.3975799110225845,0.4372406943226369,0.06504379062715118,BH_from_pvalue
aminoglycoside,kanamycin,kanamycin_vs_control,not_regulated,b3645,b3645,342.228341004911,-0.15784106324753822,0.8963654436292495,0.34881953864894777,0.3873093766583478,0.06502136149764269,BH_from_pvalue
aminoglycoside,kanamycin,kanamycin_vs_control,not_regulated,b2719,b2719,34.28438710791179,0.23240130133879155,1.1747887060429631,0.4875616351130935,0.5261641638048692,0.06481178077677062,BH_from_pvalue
aminoglycoside,kanamycin,kanamycin_vs_control,not_regulated,b4439,b4439,5.433880466536951,-0.34501906789041215,0.7872975709030126,0.6108984655284833,0.650218007086398,0.06449821210849276,BH_from_pvalue
aminoglycoside,kanamycin,kanamycin_vs_control,not_regulated,b2690,b2690,424.73170276233617,0.1282008633985363,1.0929298948408726,0.2779725020552494,0.31478356350566766,0.0643552889267639,BH_from_pvalue
aminoglycoside,kanamycin,kanamycin_vs_control,not_regulated,b1476,b1476,116.5116760401463,-0.26266889974718843,0.8335444846742553,0.5373591707858746,0.5754860833797295,0.06303138827929933,BH_from_pvalue
aminoglycoside,kanamycin,kanamycin_vs_control,not_regulated,b2167,b2167,2419.58094616925,0.1361038777013306,1.0989333407155193,0.3073460728302004,0.3452653935040563,0.0628591607302963,BH_from_pvalue
aminoglycoside,kanamycin,kanamycin_vs_control,not_regulated,b2563,b2563,57.679297041722435,0.2155494124691435,1.1611460221247971,0.47328249462075916,0.5122292254100517,0.0626247878706902,BH_from_pvalue
aminoglycoside,kanamycin,kanamycin_vs_control,not_regulated,b2878,b2878,179.7356030089321,-0.19391750594457235,0.8742286078292903,0.4384869497709039,0.47674989124233164,0.062385083973926475,BH_from_pvalue
aminoglycoside,kanamycin,kanamycin_vs_control,not_regulated,b3476,b3476,131.5051929989701,-0.4544896681637898,0.7297682711010223,0.6923883665750998,0.7303852891310505,0.062014198341295845,BH_from_pvalue
aminoglycoside,kanamycin,kanamycin_vs_control,not_regulated,b1596,b1596,323.3500417731665,0.14365201649781767,1.104697995326061,0.3342435926348773,0.3728739284899995,0.06154598000675468,BH_from_pvalue
aminoglycoside,kanamycin,kanamycin_vs_control,not_regulated,b4012,b4012,2.829259433557548,0.4150177646008788,1.3333150947428891,0.6782911023004545,0.7170278209512208,0.05995512352931401,BH_from_pvalue
aminoglycoside,kanamycin,kanamycin_vs_control,not_regulated,b0673,b0673,3.386318059650834,0.4297188975897315,1.3469711002491382,0.6897990717198206,0.7278245893961419,0.059289724041042456,BH_from_pvalue
aminoglycoside,kanamycin,kanamycin_vs_control,not_regulated,b2739,b2739,39.017533588596535,0.21880467129557069,1.1637689592627263,0.4991658419605681,0.5377839418296132,0.05894426518575307,BH_from_pvalue
aminoglycoside,kanamycin,kanamycin_vs_control,not_regulated,b2498,b2498,580.0290760141148,0.136257495239553,1.0990503608879758,0.33469225216067766,0.37320822351768235,0.0583248566861509,BH_from_pvalue
aminoglycoside,kanamycin,kanamycin_vs_control,not_regulated,b1370,b1370,36.40134669200862,-0.2206464011431022,0.8581808413894628,0.5070396097927318,0.5449615686613399,0.058169920592493776,BH_from_pvalue
aminoglycoside,kanamycin,kanamycin_vs_control,not_regulated,b0025,b0025,1217.0580268571787,-0.07583539178172671,0.9487925640354403,0.1446094828662431,0.1741042435579126,0.05757351987978615,BH_from_pvalue
aminoglycoside,kanamycin,kanamycin_vs_control,not_regulated,b3300,b3300,29445.236623142777,-0.15169881272623087,0.9001898402091344,0.3871064876826859,0.42666135300091185,0.05611592325211338,BH_from_pvalue
aminoglycoside,kanamycin,kanamycin_vs_control,not_regulated,b3211,b3211,89.49243899916013,-0.1744124826301956,0.8861283089895496,0.4430894463063254,0.4814049105038289,0.055374129127013526,BH_from_pvalue
aminoglycoside,kanamycin,kanamycin_vs_control,not_regulated,b4062,b4062,572.2417316436114,0.3397467535129568,1.2655344262429575,0.652085364607188,0.6917641438686631,0.05437373377899418,BH_from_pvalue
aminoglycoside,kanamycin,kanamycin_vs_control,not_regulated,b4241,b4241,339.85712228816845,0.1642209513992654,1.120560817003528,0.43116331118514944,0.46901392350926296,0.05399819131574957,BH_from_pvalue
aminoglycoside,kanamycin,kanamycin_vs_control,not_regulated,b2443,b2443,66.49759064171592,-0.17945263935101963,0.8830379586617894,0.46668512801802914,0.5055755553528649,0.05315637198451601,BH_from_pvalue
aminoglycoside,kanamycin,kanamycin_vs_control,not_regulated,b3312,b3312,95.18323518663426,0.14100614545459145,1.1026738601237387,0.3808942865441704,0.4205357145006574,0.05304610516231234,BH_from_pvalue
aminoglycoside,kanamycin,kanamycin_vs_control,not_regulated,b2673,b2673,24.59202438718945,-0.19855423777768433,0.8714234019311223,0.5045636458790351,0.543079033061474,0.052644067777770406,BH_from_pvalue
aminoglycoside,kanamycin,kanamycin_vs_control,not_regulated,b3295,b3295,20802.782324588312,0.1132687014653122,1.0816762065527303,0.3068451750667039,0.344788807756691,0.05238075309972464,BH_from_pvalue
aminoglycoside,kanamycin,kanamycin_vs_control,not_regulated,b4550,b4550,12.945104254807118,-0.2811658436316278,0.8229257411980092,0.6192643622163074,0.6588105726700451,0.05095834000112488,BH_from_pvalue
aminoglycoside,kanamycin,kanamycin_vs_control,not_regulated,b3371,b3371,52.43299460163354,0.1272802589660431,1.092232703040786,0.35992183097773767,0.3988490750770791,0.050809186134948926,BH_from_pvalue
aminoglycoside,kanamycin,kanamycin_vs_control,not_regulated,b3528,b3528,1451.5671596714176,0.13667261893498406,1.0993666491405654,0.3854215978170781,0.4250125881297419,0.050787300103417636,BH_from_pvalue
aminoglycoside,kanamycin,kanamycin_vs_control,not_regulated,b2879,b2879,45.28254356359424,0.12221998787416588,1.0884083938559883,0.3457845816684678,0.38422939190206407,0.05077133385192756,BH_from_pvalue
aminoglycoside,kanamycin,kanamycin_vs_control,not_regulated,b0124,b0124,1251.5541478848857,-0.19750910386176912,0.8720549173213399,0.5169599280838221,0.5550932815758013,0.0504900479852167,BH_from_pvalue
aminoglycoside,kanamycin,kanamycin_vs_control,not_regulated,b2471,b2471,72.88702293964592,0.10298134230480827,1.073990582116158,0.28699013872435314,0.3240164769031477,0.05040245747001951,BH_from_pvalue
aminoglycoside,kanamycin,kanamycin_vs_control,not_regulated,b3480,b3480,50.54275148208794,0.21747333487122056,1.162695514568462,0.5501077857642787,0.5887187295664348,0.05003890659506606,BH_from_pvalue
aminoglycoside,kanamycin,kanamycin_vs_control,not_regulated,b3551,b3551,807.3795517470775,0.1035340315381692,1.0744021013412899,0.29391156489891757,0.331329607778713,0.04966939078066348,BH_from_pvalue
aminoglycoside,kanamycin,kanamycin_vs_control,not_regulated,b3869,b3869,260.4291853456912,0.10684346984716608,1.0768695311965384,0.30580619709501744,0.3437072150258342,0.0495552141117298,BH_from_pvalue
aminoglycoside,kanamycin,kanamycin_vs_control,not_regulated,b0503,b0503,194.6005178295775,0.1358316011324865,1.0987259610838414,0.39234917052482504,0.4318048859849922,0.04953947574014418,BH_from_pvalue
aminoglycoside,kanamycin,kanamycin_vs_control,not_regulated,b0491,b0491,161.88762839894187,0.1288275667995924,1.0934047642021336,0.37392854601540954,0.4137590651850706,0.04937348421189599,BH_from_pvalue
aminoglycoside,kanamycin,kanamycin_vs_control,not_regulated,b0736,b0736,196.27483747334432,-0.14502965720354144,0.9043607865998385,0.4183049914138145,0.4583522171447838,0.04913614409300036,BH_from_pvalue
aminoglycoside,kanamycin,kanamycin_vs_control,not_regulated,b4533,b4533,0.5549629405561495,-0.32132524370168675,0.8003343615337776,0.6655951228935674,0.7049321551154382,0.04879409904217029,BH_from_pvalue
aminoglycoside,kanamycin,kanamycin_vs_control,not_regulated,b0960,b0960,398.82500647517764,-0.12706787135446262,0.9156906068885526,0.37541324477817556,0.4152997479125022,0.04849397053897792,BH_from_pvalue
aminoglycoside,kanamycin,kanamycin_vs_control,not_regulated,b3887,b3887,176.20112191374855,-0.13517355643555629,0.9105602864601785,0.4034232020781983,0.44334169629800535,0.04775160267840476,BH_from_pvalue
aminoglycoside,kanamycin,kanamycin_vs_control,not_regulated,b3367,b3367,41.644192326372824,0.40781156871790447,1.3266718518583538,0.7291767488182542,0.7645307730033817,0.047552879871730604,BH_from_pvalue
aminoglycoside,kanamycin,kanamycin_vs_control,not_regulated,b1859,b1859,817.1020045724641,0.11181284146318049,1.0805852103426332,0.3408479242808153,0.3797050884943836,0.04702329107645319,BH_from_pvalue
aminoglycoside,kanamycin,kanamycin_vs_control,not_regulated,b4329,b4329,11.318686175216106,0.27651693029220636,1.2112670138048907,0.6371221717613684,0.6766884365012126,0.046900380764983714,BH_from_pvalue
aminoglycoside,kanamycin,kanamycin_vs_control,not_regulated,b0027,b0027,870.3589700445577,-0.1282900430499847,0.9149152127750223,0.4013433384046419,0.441163816261994,0.04559429606543383,BH_from_pvalue
aminoglycoside,kanamycin,kanamycin_vs_control,not_regulated,b3688,b3688,1261.3430720133395,-0.11057642932050804,0.9262179172488803,0.35370734593868897,0.39254271947501185,0.044906533526917716,BH_from_pvalue
aminoglycoside,kanamycin,kanamycin_vs_control,not_regulated,b3850,b3850,8.602261560949659,-0.1814526059419279,0.8818146766641276,0.5314405197445033,0.5694186416890843,0.044377558809140474,BH_from_pvalue
aminoglycoside,kanamycin,kanamycin_vs_control,not_regulated,b4148,b4148,539.4364421141853,-0.11191790423274739,0.9253570834751988,0.36228159817565525,0.4013651794566742,0.0443710067322457,BH_from_pvalue
aminoglycoside,kanamycin,kanamycin_vs_control,not_regulated,b1388,b1388,43.959505979337685,0.29387137851559686,1.2259255594803704,0.6679631617174651,0.7071071549553207,0.04423198243811451,BH_from_pvalue
aminoglycoside,kanamycin,kanamycin_vs_control,not_regulated,b0224,b0224,1638.0965377932646,0.1259616116418929,1.0912348402384393,0.406698453962954,0.44639571642883535,0.04412183099554965,BH_from_pvalue
aminoglycoside,kanamycin,kanamycin_vs_control,not_regulated,b2674,b2674,19.001532405038677,-0.2738229952011286,0.8271248424771784,0.6565074198202893,0.6959628504246196,0.04310355703970577,BH_from_pvalue
aminoglycoside,kanamycin,kanamycin_vs_control,not_regulated,b1802,b1802,26.802136829345216,0.24339737553768348,1.1837770360832836,0.6310294702482261,0.6706924757033367,0.04222374084539099,BH_from_pvalue
aminoglycoside,kanamycin,kanamycin_vs_control,not_regulated,b0299,b0299,1.672549441153705,0.3444756260038383,1.2696894067372069,0.7224021426938564,0.7583115140809723,0.041389555880562486,BH_from_pvalue
aminoglycoside,kanamycin,kanamycin_vs_control,not_regulated,b4395,b4395,706.4992967782432,-0.09659268557428291,0.9352392054866222,0.3360640106671752,0.37462600247359457,0.041187322225415636,BH_from_pvalue
aminoglycoside,kanamycin,kanamycin_vs_control,not_regulated,b0243,b0243,1239.035332924385,0.0792429562716066,1.0564635235355664,0.2680655660287892,0.3044845747468419,0.04092381266022304,BH_from_pvalue
aminoglycoside,kanamycin,kanamycin_vs_control,not_regulated,b1632,b1632,99.48398283805356,-0.1572782156915169,0.8967152164592224,0.524978300982123,0.5632997132198447,0.03920324194314339,BH_from_pvalue
aminoglycoside,kanamycin,kanamycin_vs_control,not_regulated,b3633,b3633,506.68859431916826,0.12950711908654,1.0939199116921405,0.4619665662165589,0.500825648310938,0.0388927281932417,BH_from_pvalue
aminoglycoside,kanamycin,kanamycin_vs_control,not_regulated,b0599,b0599,583.36724211733,-0.17724492960721783,0.8843902776435316,0.5673929007651493,0.6063514534667716,0.03851099436110597,BH_from_pvalue
aminoglycoside,kanamycin,kanamycin_vs_control,not_regulated,b2523,b2523,1667.9492903254195,-0.10359586575055957,0.9307103359721215,0.3863009562212722,0.4258778679125692,0.03840453399809264,BH_from_pvalue
aminoglycoside,kanamycin,kanamycin_vs_control,not_regulated,b0922,b0922,581.4548159109407,-0.03660414338694018,0.9749471069036092,0.07244079680890274,0.09273953639086352,0.03780238293046812,BH_from_pvalue
aminoglycoside,kanamycin,kanamycin_vs_control,not_regulated,b4616,b4616,4.279956488285047,0.29211333063279676,1.2244325736888662,0.7068613964780859,0.743212379934182,0.03764962976471353,BH_from_pvalue
aminoglycoside,kanamycin,kanamycin_vs_control,not_regulated,b0570,b0570,135.2589610896174,0.16392564250970043,1.1203314700549838,0.552201211837736,0.5906780144699492,0.03748146597766033,BH_from_pvalue
aminoglycoside,kanamycin,kanamycin_vs_control,not_regulated,b3475,b3475,176.05797255226824,0.11207963302932811,1.0807850569285864,0.4271657259471496,0.46511533171393826,0.037259679735401896,BH_from_pvalue
aminoglycoside,kanamycin,kanamycin_vs_control,not_regulated,b0142,b0142,13.248642063903754,-0.27964079417892584,0.8237961025500384,0.6996205774319098,0.7373227172654007,0.037008329664552184,BH_from_pvalue
aminoglycoside,kanamycin,kanamycin_vs_control,not_regulated,b4582,b4582,89.21545899670842,0.10132005941757871,1.072754579182567,0.3967509431951184,0.43643574039903216,0.03648329574588029,BH_from_pvalue
aminoglycoside,kanamycin,kanamycin_vs_control,not_regulated,b4246,b4246,29.512239627046778,0.19160148821587697,1.1420307431841126,0.6068067896040559,0.6463217948470384,0.03631829178926938,BH_from_pvalue
aminoglycoside,kanamycin,kanamycin_vs_control,not_regulated,b3706,b3706,555.0436318172623,-0.061406399051072924,0.9583294444707543,0.22232417170424026,0.2567430357703909,0.03626056018337753,BH_from_pvalue
aminoglycoside,kanamycin,kanamycin_vs_control,not_regulated,b0931,b0931,1381.4812593905542,0.10916176649180187,1.0786013663149843,0.42875539736024415,0.4666203187336991,0.0361365131765402,BH_from_pvalue
aminoglycoside,kanamycin,kanamycin_vs_control,not_regulated,b3651,b3651,148.65433690417524,0.06819427368687414,1.0484036443173628,0.26035248855464227,0.2962472789068507,0.036030146496830194,BH_from_pvalue
aminoglycoside,kanamycin,kanamycin_vs_control,not_regulated,b3176,b3176,2048.8873943809594,0.06423929904019587,1.0455335078964103,0.2420354898051086,0.2770167005453889,0.03581302684800831,BH_from_pvalue
aminoglycoside,kanamycin,kanamycin_vs_control,not_regulated,b2307,b2307,64.71357749128556,-0.18483539255273929,0.8797494471343246,0.6021138496086592,0.6414751528990406,0.03563999016211542,BH_from_pvalue
aminoglycoside,kanamycin,kanamycin_vs_control,not_regulated,b0683,b0683,1355.5465471842558,-0.08671109083494422,0.9416670206714255,0.3515117636719887,0.3902023477286785,0.0354397005066211,BH_from_pvalue
aminoglycoside,kanamycin,kanamycin_vs_control,not_regulated,b0513,b0513,50.13600650960058,0.1304134230211531,1.094607330283376,0.49772124192165146,0.5363560484340173,0.03528293656001664,BH_from_pvalue
aminoglycoside,kanamycin,kanamycin_vs_control,not_regulated,b4221,b4221,1495.7955759622598,-0.09235607861698547,0.9379896581145402,0.37835703193535347,0.4180422327794694,0.03498262080562284,BH_from_pvalue
aminoglycoside,kanamycin,kanamycin_vs_control,not_regulated,b3094,b3094,2232.2994087339544,-0.10064663922256223,0.932614884785924,0.4161603684280102,0.45611338625467585,0.03431317505470382,BH_from_pvalue
aminoglycoside,kanamycin,kanamycin_vs_control,not_regulated,b0526,b0526,599.2896238353828,-0.11054778416858646,0.9262363077718937,0.46898405727152387,0.5079437249235046,0.032521433615451144,BH_from_pvalue
aminoglycoside,kanamycin,kanamycin_vs_control,not_regulated,b4514,b4514,1.0299054753636827,-0.25959027653006583,0.835325116965443,0.7208550831934172,0.7568641839878596,0.031405762719038756,BH_from_pvalue
aminoglycoside,kanamycin,kanamycin_vs_control,not_regulated,b3321,b3321,5779.994774268834,-0.09665831310476314,0.9351966628551371,0.43911618594110213,0.4773186574101202,0.03104583723599864,BH_from_pvalue
aminoglycoside,kanamycin,kanamycin_vs_control,not_regulated,b1007,b1007,11.769714189261409,0.18527148432838114,1.1370309179881177,0.6424763121332319,0.6822139877184318,0.030769773307504366,BH_from_pvalue
aminoglycoside,kanamycin,kanamycin_vs_control,not_regulated,b1147,b1147,12.871789106521549,-0.214825247197294,0.8616505246128786,0.681432677994287,0.7198412836116258,0.030669150418133843,BH_from_pvalue
aminoglycoside,kanamycin,kanamycin_vs_control,not_regulated,b4374,b4374,417.58002454608095,-0.07045317004799223,0.9523388085412016,0.3302533581391509,0.36860536101982655,0.030537105965588764,BH_from_pvalue
aminoglycoside,kanamycin,kanamycin_vs_control,not_regulated,b0184,b0184,1996.2814089764313,-0.08257876280089249,0.9443681149133172,0.38874210153190814,0.4282542181460991,0.03041362214249085,BH_from_pvalue
aminoglycoside,kanamycin,kanamycin_vs_control,not_regulated,b3940,b3940,1562.4791748024982,0.11389742498247912,1.0821477015388279,0.5036482294639302,0.5422234887814165,0.030276404057354305,BH_from_pvalue
aminoglycoside,kanamycin,kanamycin_vs_control,not_regulated,b4042,b4042,269.66145233110007,0.10991233249583843,1.0791626575922977,0.4962256326470625,0.5348724887722232,0.02986864772544863,BH_from_pvalue
aminoglycoside,kanamycin,kanamycin_vs_control,not_regulated,b3564,b3564,250.45360442812,0.08033633975884058,1.0572644950284595,0.39038054835980734,0.42984864296754305,0.029458085755440136,BH_from_pvalue
aminoglycoside,kanamycin,kanamycin_vs_control,not_regulated,b3167,b3167,858.0736592205207,-0.09738481924614284,0.934725839114023,0.4596014401113201,0.4983816966298741,0.02945286176183444,BH_from_pvalue
aminoglycoside,kanamycin,kanamycin_vs_control,not_regulated,b0824,b0824,8.712318575432716,0.20216173785451685,1.15042085766159,0.6798374482906225,0.7183248396549731,0.02904641966564022,BH_from_pvalue
aminoglycoside,kanamycin,kanamycin_vs_control,not_regulated,b1874,b1874,2132.442444645927,0.12835650991665837,1.0930478129763554,0.556337629023306,0.5948197421789471,0.028959105927586635,BH_from_pvalue
aminoglycoside,kanamycin,kanamycin_vs_control,not_regulated,b3378,b3378,3.835842897169902,-0.259019562651144,0.8356556275247874,0.7383976826686062,0.773477591207124,0.028894218617849184,BH_from_pvalue
aminoglycoside,kanamycin,kanamycin_vs_control,not_regulated,b2564,b2564,555.9869794762624,-0.08056828744755862,0.9456850615323487,0.39858231992808185,0.4382359508766835,0.02886697266708235,BH_from_pvalue
aminoglycoside,kanamycin,kanamycin_vs_control,not_regulated,b4375,b4375,905.4130089034555,0.08646608200396244,1.0617661713654527,0.42790729188377535,0.46581001909322883,0.028688682900290856,BH_from_pvalue
aminoglycoside,kanamycin,kanamycin_vs_control,not_regulated,b1302,b1302,766.4258567372376,-0.256319716197428,0.8372209300993066,0.7397236315173559,0.7746861221338922,0.0284192496274488,BH_from_pvalue
aminoglycoside,kanamycin,kanamycin_vs_control,not_regulated,b3101,b3101,79.34942236091247,-0.09748723091722855,0.9346594886831223,0.478333429811324,0.5171980209834941,0.027914800354846423,BH_from_pvalue
aminoglycoside,kanamycin,kanamycin_vs_control,not_regulated,b1807,b1807,324.69046851448803,-0.10537767406696652,0.9295615666786669,0.5078989957322436,0.5457548215011064,0.027714583167477273,BH_from_pvalue
aminoglycoside,kanamycin,kanamycin_vs_control,not_regulated,b3849,b3849,655.189267883953,-0.0850605755421654,0.9427449513325491,0.4365022386978293,0.47470673831306487,0.027523442009991184,BH_from_pvalue
aminoglycoside,kanamycin,kanamycin_vs_control,not_regulated,b4449,b4449,2.2997463136015495,-0.2780078929416987,0.8247290365296869,0.7624193368628722,0.7964148112422664,0.027484047068233344,BH_from_pvalue
aminoglycoside,kanamycin,kanamycin_vs_control,not_regulated,b3322,b3322,26.057254124838536,0.08728210423336602,1.0623669011489634,0.453294908701473,0.49189879356796756,0.026893732258649123,BH_from_pvalue
aminoglycoside,kanamycin,kanamycin_vs_control,not_regulated,b3150,b3150,599.9409521823266,0.09282272081595266,1.066454726218892,0.47439010813261734,0.5131810260655394,0.026893472066829058,BH_from_pvalue
aminoglycoside,kanamycin,kanamycin_vs_control,not_regulated,b3747,b3747,368.4894955324324,-0.1141765268327326,0.9239095168151168,0.54382825587432,0.5822755284272058,0.02681680776168869,BH_from_pvalue
aminoglycoside,kanamycin,kanamycin_vs_control,not_regulated,b0411,b0411,865.9528256541165,-0.08643040407585367,0.941850246627292,0.45204647184884167,0.490662410805041,0.026725768549652713,BH_from_pvalue
aminoglycoside,kanamycin,kanamycin_vs_control,not_regulated,b2586,b2586,54.82287194103832,-0.10579686246705311,0.9292915131950886,0.5280107646769295,0.5660134460240298,0.026150154519482327,BH_from_pvalue
aminoglycoside,kanamycin,kanamycin_vs_control,not_regulated,b4092,b4092,111.34920619610055,-0.12530099767872827,0.916812743387894,0.5803770052601648,0.6193441920902067,0.026071119295867008,BH_from_pvalue
aminoglycoside,kanamycin,kanamycin_vs_control,not_regulated,b3573,b3573,157.37338023929996,0.1856648830284895,1.137341009493575,0.6888013888083794,0.7269424323932638,0.025714582619179447,BH_from_pvalue
aminoglycoside,kanamycin,kanamycin_vs_control,not_regulated,b3648,b3648,1633.1649594253106,0.09085050059982436,1.064997837180855,0.4884183449564272,0.5269622728745526,0.025276469556181343,BH_from_pvalue
aminoglycoside,kanamycin,kanamycin_vs_control,not_regulated,b0700,b0700,38.8540616881644,-0.11906865713692749,0.9207818766124147,0.5758747880591822,0.6149773971249292,0.025140256998509025,BH_from_pvalue
aminoglycoside,kanamycin,kanamycin_vs_control,not_regulated,b3904,b3904,50.76159446152341,0.15798939255339928,1.1157311188575385,0.6590741785170054,0.6983546890387493,0.024634329588460544,BH_from_pvalue
aminoglycoside,kanamycin,kanamycin_vs_control,not_regulated,b2489,b2489,19.30188093628615,-0.1175871301675615,0.921727928151314,0.5825932981658434,0.6215618252253234,0.02428358457840204,BH_from_pvalue
aminoglycoside,kanamycin,kanamycin_vs_control,not_regulated,b1932,b1932,18.00221207037858,-0.13749586102336764,0.9090957376467463,0.6286916613937528,0.668365656570338,0.024059833423095863,BH_from_pvalue
aminoglycoside,kanamycin,kanamycin_vs_control,not_regulated,b0653,b0653,217.37174739047964,-0.11351941522709819,0.924330430405272,0.5797964688458414,0.6188715037656844,0.023657390979226065,BH_from_pvalue
aminoglycoside,kanamycin,kanamycin_vs_control,not_regulated,b1942,b1942,1.740754853923337,0.24581099303469411,1.1857591433500452,0.7680988296810977,0.8019750547598833,0.023558314207087344,BH_from_pvalue
aminoglycoside,kanamycin,kanamycin_vs_control,not_regulated,b2365,b2365,64.7162819158298,-0.18012612584544652,0.8826258304363649,0.7052522892891123,0.7416938969423491,0.02337592104366463,BH_from_pvalue
aminoglycoside,kanamycin,kanamycin_vs_control,not_regulated,b4085,b4085,16.923433383936654,0.1374630494532374,1.0999691403237755,0.6361783670261152,0.6760052669226236,0.023375580610658826,BH_from_pvalue
aminoglycoside,kanamycin,kanamycin_vs_control,not_regulated,b3316,b3316,1008.0248209676956,-0.09372732880426149,0.937098542951451,0.5252681596789204,0.5633419604758665,0.023359465253073423,BH_from_pvalue
aminoglycoside,kanamycin,kanamycin_vs_control,not_regulated,b3742,b3742,676.5724997881333,0.1449688296699474,1.1057067635749591,0.6535856028144319,0.6930287697923891,0.02308610289757715,BH_from_pvalue
aminoglycoside,kanamycin,kanamycin_vs_control,not_regulated,b2169,b2169,1350.3141644200932,0.10759723331570825,1.0774323091726603,0.5734776655245081,0.6127084416934055,0.02289089563884617,BH_from_pvalue
aminoglycoside,kanamycin,kanamycin_vs_control,not_regulated,b0791,b0791,2631.5878443470488,-0.06610266583627045,0.955214958445859,0.41103341549600786,0.4509337324148886,0.022864071007518572,BH_from_pvalue
aminoglycoside,kanamycin,kanamycin_vs_control,not_regulated,b3965,b3965,891.4262891022407,-0.0904783040909578,0.9392113160436136,0.5252270514594711,0.5633419604758665,0.022549717649412458,BH_from_pvalue
aminoglycoside,kanamycin,kanamycin_vs_control,not_regulated,b0456,b0456,54.87811440323002,-0.138800850236783,0.9082737872698892,0.6497997787886168,0.6895021007292282,0.022411396878322186,BH_from_pvalue
aminoglycoside,kanamycin,kanamycin_vs_control,not_regulated,b1856,b1856,1928.6576312614154,0.05917170277535,1.041867419787605,0.38032044399293147,0.4200052435748111,0.02229266017980927,BH_from_pvalue
aminoglycoside,kanamycin,kanamycin_vs_control,not_regulated,b2175,b2175,398.6621791830805,0.13065814351661054,1.0947930213415464,0.6427262725368478,0.68231833228009,0.021690945166049462,BH_from_pvalue
aminoglycoside,kanamycin,kanamycin_vs_control,not_regulated,b0778,b0778,18.63268234698205,0.17376635803966423,1.127999445109296,0.7143369161178188,0.7507213665182123,0.02163759948280145,BH_from_pvalue
aminoglycoside,kanamycin,kanamycin_vs_control,not_regulated,b0843,b0843,236.8091670638499,-0.13601704978071982,0.91002806929886,0.6567738045228074,0.6960811905616371,0.02140093642421244,BH_from_pvalue
aminoglycoside,kanamycin,kanamycin_vs_control,not_regulated,b0102,b0102,317.96297770863305,-0.061337820803741394,0.9583749995699523,0.409565778069975,0.44943324463497136,0.0213047600838068,BH_from_pvalue
aminoglycoside,kanamycin,kanamycin_vs_control,not_regulated,b1192,b1192,265.62405522172196,-0.04533884911819008,0.9690621843291657,0.3016382081040612,0.3392769842590816,0.021284123266445684,BH_from_pvalue
aminoglycoside,kanamycin,kanamycin_vs_control,not_regulated,b3930,b3930,148.5597251846526,0.107192376570314,1.0771299968154036,0.5947782634896754,0.6341106018432235,0.021206402283952187,BH_from_pvalue
aminoglycoside,kanamycin,kanamycin_vs_control,not_regulated,b1541,b1541,67.92229943948787,-0.1313046687521071,0.9130054209054671,0.6751200945959986,0.7140113297655306,0.01920920297566538,BH_from_pvalue
aminoglycoside,kanamycin,kanamycin_vs_control,not_regulated,b4070,b4070,315.9170774135043,-0.32494522844583784,0.7983286941292999,0.843131803663673,0.8734239642743439,0.019098622151674603,BH_from_pvalue
aminoglycoside,kanamycin,kanamycin_vs_control,not_regulated,b3770,b3770,384.3883515386819,0.058348799249586136,1.0412733150876061,0.4412825462258164,0.479557596744074,0.018622557541986526,BH_from_pvalue
aminoglycoside,kanamycin,kanamycin_vs_control,not_regulated,b3641,b3641,195.2542456775815,-0.07012389297409616,0.952556192753251,0.507012295754976,0.5449615686613399,0.018487051068166612,BH_from_pvalue
aminoglycoside,kanamycin,kanamycin_vs_control,not_regulated,b1584,b1584,122.79953694637709,0.05180208825885657,1.036558894079515,0.4064431694084669,0.4462244022453708,0.01815387003166875,BH_from_pvalue
aminoglycoside,kanamycin,kanamycin_vs_control,not_regulated,b0775,b0775,58.62213358865642,0.12397809544316818,1.089735566543464,0.6762911963622558,0.7150817586359723,0.01805670298124358,BH_from_pvalue
aminoglycoside,kanamycin,kanamycin_vs_control,not_regulated,b3484,b3484,2.1576304663252786,0.21775475580089587,1.1629223391980101,0.7961490078937499,0.829145227484623,0.01771857267157811,BH_from_pvalue
aminoglycoside,kanamycin,kanamycin_vs_control,not_regulated,b0187,b0187,271.4232891024909,0.06599784391520735,1.0468087175344278,0.5022225330027473,0.5408180400877083,0.01761804721881727,BH_from_pvalue
aminoglycoside,kanamycin,kanamycin_vs_control,not_regulated,b2693,b2693,5.850897110024593,0.2806061693064841,1.2147051532280075,0.835110292609073,0.8667111435522866,0.017432832118353152,BH_from_pvalue
aminoglycoside,kanamycin,kanamycin_vs_control,not_regulated,b2791,b2791,136.10620949073748,0.08300034002809031,1.0592185843305584,0.5789411931390652,0.618105266256709,0.017341888209531878,BH_from_pvalue
aminoglycoside,kanamycin,kanamycin_vs_control,not_regulated,b2792,b2792,22.188273301214064,0.10524625854404412,1.0756779859370529,0.6451232247819866,0.6847013367318017,0.017312885788835084,BH_from_pvalue
aminoglycoside,kanamycin,kanamycin_vs_control,not_regulated,b1755,b1755,135.08883772536066,-0.09224425348972787,0.9380623657035505,0.6098008591681402,0.6492033762220816,0.01730679583609127,BH_from_pvalue
aminoglycoside,kanamycin,kanamycin_vs_control,not_regulated,b1844,b1844,266.01390539916684,-0.0598879217743189,0.9593386442897683,0.48627578020415835,0.5249024380509489,0.01676391150679276,BH_from_pvalue
aminoglycoside,kanamycin,kanamycin_vs_control,not_regulated,b2637,b2637,17.17308841624409,0.12613271150315253,1.0913642655130669,0.702207202353571,0.7388369581722486,0.016580320045804748,BH_from_pvalue
aminoglycoside,kanamycin,kanamycin_vs_control,not_regulated,b3856,b3856,2.0530776611213617,0.21446560718563656,1.1602740543303331,0.8126058522571019,0.8447194646296382,0.01571764783879836,BH_from_pvalue
aminoglycoside,kanamycin,kanamycin_vs_control,not_regulated,b3411,b3411,54.22518140709942,0.0973907743651754,1.069836829085989,0.6532139541066512,0.6927980112170989,0.015523443508762896,BH_from_pvalue
aminoglycoside,kanamycin,kanamycin_vs_control,not_regulated,b2460,b2460,29.753540836544442,-0.13149802822984125,0.9128830621141277,0.7263857077530605,0.7621373719321826,0.015512393959369744,BH_from_pvalue
aminoglycoside,kanamycin,kanamycin_vs_control,not_regulated,b3303,b3303,8354.572398438662,0.07365932108273832,1.0523826150706888,0.5833314370136089,0.6222017556763606,0.015178885530302003,BH_from_pvalue
aminoglycoside,kanamycin,kanamycin_vs_control,not_regulated,b3146,b3146,201.36965324304154,0.05306909881688071,1.037469625657837,0.4803439017339178,0.5191222657374248,0.01511038272704611,BH_from_pvalue
aminoglycoside,kanamycin,kanamycin_vs_control,not_regulated,b0074,b0074,181.61247386365946,-0.10900938168403496,0.9272245167788244,0.6950799601101876,0.7330526753987395,0.014701530299310617,BH_from_pvalue
aminoglycoside,kanamycin,kanamycin_vs_control,not_regulated,b2455,b2455,60.5494381332905,0.11041965813638921,1.0795422133158112,0.7037862468283994,0.7403251960323061,0.014418319564865958,BH_from_pvalue
aminoglycoside,kanamycin,kanamycin_vs_control,not_regulated,b1970,b1970,15.825897190325307,-0.1414998637717999,0.9065761647588686,0.7624129351086171,0.7964148112422664,0.013988771595302579,BH_from_pvalue
aminoglycoside,kanamycin,kanamycin_vs_control,not_regulated,b3505,b3505,1.022356143339595,0.17939196704349836,1.1324065248121318,0.8082940411704385,0.8406423853521916,0.013524130157746032,BH_from_pvalue
aminoglycoside,kanamycin,kanamycin_vs_control,not_regulated,b0398,b0398,94.82800867391639,0.05863938067287133,1.0414830649980453,0.5541030120300706,0.5925714094415734,0.013326344974603879,BH_from_pvalue
aminoglycoside,kanamycin,kanamycin_vs_control,not_regulated,b2077,b2077,156.90217528454997,0.08473547463256725,1.0604932767825828,0.6620683381276663,0.7013620784027892,0.0130541539802676,BH_from_pvalue
aminoglycoside,kanamycin,kanamycin_vs_control,not_regulated,b4367,b4367,1080.8555010870118,-0.10833837309077055,0.9276558763612593,0.7227887624702926,0.758540329816,0.013002914961145263,BH_from_pvalue
aminoglycoside,kanamycin,kanamycin_vs_control,not_regulated,b2852,b2852,2.3835552143924503,0.19613422390734847,1.1456244783980405,0.8278043911194636,0.8597238862284339,0.012874447930706261,BH_from_pvalue
aminoglycoside,kanamycin,kanamycin_vs_control,not_regulated,b0069,b0069,372.1690908074507,-0.07047857058175566,0.9523220415180755,0.627473175694147,0.6672279773693317,0.012384899793888689,BH_from_pvalue
aminoglycoside,kanamycin,kanamycin_vs_control,not_regulated,b4071,b4071,68.81883372772039,0.27263002625746946,1.2080080145312468,0.8726345145535831,0.9007878329100591,0.012371265892257143,BH_from_pvalue
aminoglycoside,kanamycin,kanamycin_vs_control,not_regulated,b0447,b0447,519.2475602378383,0.08124788358616364,1.0579327218011947,0.6684963741083819,0.7075051037034122,0.012209153829336431,BH_from_pvalue
aminoglycoside,kanamycin,kanamycin_vs_control,not_regulated,b1237,b1237,14905.540998337654,-0.06490017466501641,0.9560114652274533,0.6090074706800749,0.648512216647485,0.012206544155726362,BH_from_pvalue
aminoglycoside,kanamycin,kanamycin_vs_control,not_regulated,b0493,b0493,350.2536247389792,-0.048880513439616635,0.9666861564104705,0.5265313843660365,0.5645621375157168,0.01213645720298951,BH_from_pvalue
aminoglycoside,kanamycin,kanamycin_vs_control,not_regulated,b2876,b2876,284.8573744786909,-0.11140651463381879,0.9256851513306072,0.74395823906306,0.7785770496290471,0.012109710143166324,BH_from_pvalue
aminoglycoside,kanamycin,kanamycin_vs_control,not_regulated,b3120,b3120,2.259213198592148,0.19583962912365838,1.1453905685762418,0.8365966368417345,0.8678532455060244,0.01205465535904036,BH_from_pvalue
aminoglycoside,kanamycin,kanamycin_vs_control,not_regulated,b1675,b1675,84.8797872033966,0.11519634656662969,1.083122445285609,0.7584542804168309,0.7928253203148746,0.011614382306123742,BH_from_pvalue
aminoglycoside,kanamycin,kanamycin_vs_control,not_regulated,b3368,b3368,476.2889915429355,-0.06309027027167957,0.9572115630346788,0.6155730659944916,0.6550384790260759,0.011591776452920916,BH_from_pvalue
aminoglycoside,kanamycin,kanamycin_vs_control,not_regulated,b2853,b2853,1.5453945558694102,-0.17639407463215773,0.8849120163245785,0.8307850450320036,0.8624212168368225,0.011338711263265643,BH_from_pvalue
aminoglycoside,kanamycin,kanamycin_vs_control,not_regulated,b2587,b2587,5062.717223133132,-0.08575905620330992,0.9422886319301524,0.7000056761269516,0.7375557580742629,0.011337788213243846,BH_from_pvalue
aminoglycoside,kanamycin,kanamycin_vs_control,not_regulated,b3639,b3639,467.44016439302715,0.08510147411328184,1.0607623490505778,0.7019398013416609,0.7387284104901242,0.01119213724215163,BH_from_pvalue
aminoglycoside,kanamycin,kanamycin_vs_control,not_regulated,b0857,b0857,159.15356814486069,0.07388505848535676,1.0525472934662645,0.6747878300563184,0.71399568562534,0.01080971007232217,BH_from_pvalue
aminoglycoside,kanamycin,kanamycin_vs_control,not_regulated,b4450,b4450,18.7914881666531,-0.10827853818007682,0.9276943511296634,0.7612149864563967,0.7955262567567083,0.010756983529613663,BH_from_pvalue
aminoglycoside,kanamycin,kanamycin_vs_control,not_regulated,b1274,b1274,5716.513368810415,0.04341813359372182,1.0305525934632302,0.5296383464554312,0.5676228931037716,0.010678259991824634,BH_from_pvalue
aminoglycoside,kanamycin,kanamycin_vs_control,not_regulated,b2800,b2800,52.360970443825046,-0.07020136373186059,0.9525050431570733,0.6677290890982843,0.7070257633625431,0.010569851525973985,BH_from_pvalue
aminoglycoside,kanamycin,kanamycin_vs_control,not_regulated,b3294,b3294,5886.579175905453,-0.05959770395991981,0.9595316477744331,0.6368377578741762,0.6765461112229676,0.010113885192795541,BH_from_pvalue
aminoglycoside,kanamycin,kanamycin_vs_control,not_regulated,b0270,b0270,97.1823365827189,-0.08106527837127064,0.9453593406182698,0.7178670674761586,0.7540789513096127,0.009937239736246401,BH_from_pvalue
aminoglycoside,kanamycin,kanamycin_vs_control,not_regulated,b2630,b2630,763.4378546840977,-0.07258709646045425,0.950931221583546,0.6977029210775088,0.735646446086881,0.009678099906491424,BH_from_pvalue
aminoglycoside,kanamycin,kanamycin_vs_control,not_regulated,b2787,b2787,148.90438205756865,0.07992258792272722,1.0569613246480045,0.7296378083542404,0.7647101074157242,0.009311234812866873,BH_from_pvalue
aminoglycoside,kanamycin,kanamycin_vs_control,not_regulated,b1715,b1715,16.99767385798849,-0.11042998539359417,0.9263119398035679,0.7955296260091665,0.8288840069004473,0.009000732879559782,BH_from_pvalue
aminoglycoside,kanamycin,kanamycin_vs_control,not_regulated,b4359,b4359,1083.0731459847011,0.061922273106119974,1.0438556869526072,0.6793777783699524,0.7180078118204996,0.008908808868828623,BH_from_pvalue
aminoglycoside,kanamycin,kanamycin_vs_control,not_regulated,b1708,b1708,348.5331221416605,-0.07164552099370525,0.9515520497765659,0.715521125206268,0.7517902408731122,0.008877117644996753,BH_from_pvalue
aminoglycoside,kanamycin,kanamycin_vs_control,not_regulated,b4422,b4422,0.356967127433363,-0.12357036613443967,0.9179131957061473,0.8173573370622704,0.8492661820526894,0.008768079815335464,BH_from_pvalue
aminoglycoside,kanamycin,kanamycin_vs_control,not_regulated,b4039,b4039,493.2393670103952,-0.07175552054627765,0.9514795006192457,0.7273478531145142,0.7629689000254396,0.008430783165176786,BH_from_pvalue
aminoglycoside,kanamycin,kanamycin_vs_control,not_regulated,b4409,b4409,73.97300716725216,-0.10699536920195296,0.9285198326877556,0.8022232313351291,0.835084493067672,0.008374482693258772,BH_from_pvalue
aminoglycoside,kanamycin,kanamycin_vs_control,not_regulated,b0654,b0654,298.9852326886062,0.06827167194220785,1.0484598909858085,0.7183362515050389,0.7543956243917033,0.008356509941829765,BH_from_pvalue
aminoglycoside,kanamycin,kanamycin_vs_control,not_regulated,b0349,b0349,29.443845183868802,0.10648861215825,1.0766046876714217,0.8083099859155688,0.8406423853521916,0.008028039799556371,BH_from_pvalue
aminoglycoside,kanamycin,kanamycin_vs_control,not_regulated,b3711,b3711,59.91759451359933,0.08444399226768695,1.0602790361740237,0.781600555555926,0.815126199603653,0.0074965278810597375,BH_from_pvalue
aminoglycoside,kanamycin,kanamycin_vs_control,not_regulated,b2232,b2232,745.4622366915664,0.05190798292414378,1.036634980904917,0.6843105397538419,0.7225419736649721,0.007326132778813818,BH_from_pvalue
aminoglycoside,kanamycin,kanamycin_vs_control,not_regulated,b4360,b4360,155.06532260026714,-0.058155435696892965,0.9604913752155159,0.7296878125896595,0.7647101074157242,0.006775292586144687,BH_from_pvalue
aminoglycoside,kanamycin,kanamycin_vs_control,not_regulated,b2496,b2496,446.64439291139917,-0.049303662548027205,0.9664026644797469,0.7011406291348111,0.7384056543779866,0.00649353820229329,BH_from_pvalue
aminoglycoside,kanamycin,kanamycin_vs_control,not_regulated,b2418,b2418,205.1502649064016,-0.05944051666963368,0.9596361982111042,0.7465125943911407,0.7810685390954527,0.006378612661039251,BH_from_pvalue
aminoglycoside,kanamycin,kanamycin_vs_control,not_regulated,b3127,b3127,32.00858573294811,0.08336040934636912,1.0594829781912398,0.8071480702181529,0.8398223501830331,0.006319767008010313,BH_from_pvalue
aminoglycoside,kanamycin,kanamycin_vs_control,not_regulated,b4532,b4532,18.508924309446545,-0.08655695729911805,0.9417676311379056,0.8167780576064322,0.8488603750262781,0.006159716709130336,BH_from_pvalue
aminoglycoside,kanamycin,kanamycin_vs_control,not_regulated,b2076,b2076,470.922318136206,-0.0427243216113915,0.9708199618563943,0.6837533919240707,0.7221232112877365,0.0060407360861316475,BH_from_pvalue
aminoglycoside,kanamycin,kanamycin_vs_control,not_regulated,b1179,b1179,205.38000024841733,-0.04524018834282195,0.9691284573064828,0.7017407898260671,0.7387284104901242,0.005949772340249365,BH_from_pvalue
aminoglycoside,kanamycin,kanamycin_vs_control,not_regulated,b2411,b2411,1117.0297741499937,0.04313566779593003,1.030350840939512,0.710718705279354,0.7470934181693233,0.005462057802727857,BH_from_pvalue
aminoglycoside,kanamycin,kanamycin_vs_control,not_regulated,b2363,b2363,0.321210127322991,-0.0927493210462717,0.9377340205367465,0.8509327215819668,0.8804912311193206,0.005126715460481048,BH_from_pvalue
aminoglycoside,kanamycin,kanamycin_vs_control,not_regulated,b0351,b0351,35.05098558310905,0.06007385932429976,1.0425191316405404,0.791115407718823,0.8244756959961228,0.005035519568036494,BH_from_pvalue
aminoglycoside,kanamycin,kanamycin_vs_control,not_regulated,b2961,b2961,425.7086785886656,-0.048861713214439106,0.966698753692167,0.7545733303155661,0.7891352801114663,0.0050253558683546196,BH_from_pvalue
aminoglycoside,kanamycin,kanamycin_vs_control,not_regulated,b0394,b0394,335.6209720467628,-0.04227286037337663,0.971123807196584,0.7289909611067151,0.7645141858377256,0.004929626433615883,BH_from_pvalue
aminoglycoside,kanamycin,kanamycin_vs_control,not_regulated,b3786,b3786,323.5745658474427,0.037196963773299174,1.0261182264466184,0.7006867790658764,0.7381004993532347,0.004905703000594552,BH_from_pvalue
aminoglycoside,kanamycin,kanamycin_vs_control,not_regulated,b2799,b2799,538.1070463497781,0.05044545565549896,1.0355846281486454,0.7702164939463231,0.8038129442623112,0.004784499463291042,BH_from_pvalue
aminoglycoside,kanamycin,kanamycin_vs_control,not_regulated,b3119,b3119,0.9494467533329599,-0.12191833944257235,0.9189648979796283,0.8861531918557313,0.9139915287702544,0.004761865709757047,BH_from_pvalue
aminoglycoside,kanamycin,kanamycin_vs_control,not_regulated,b3766,b3766,14.62702589187947,0.07860901576788715,1.0559994005744775,0.842012626009596,0.8726665418873647,0.00464985492156834,BH_from_pvalue
aminoglycoside,kanamycin,kanamycin_vs_control,not_regulated,b1432,b1432,605.6286915217732,0.04161664026012524,1.0292665455251817,0.7419378400142822,0.7768241164767787,0.00456440074854761,BH_from_pvalue
aminoglycoside,kanamycin,kanamycin_vs_control,not_regulated,b2150,b2150,4754.354084814655,0.05539472048647198,1.0391433734033102,0.7957366412346708,0.8289076915872046,0.004514327958961815,BH_from_pvalue
aminoglycoside,kanamycin,kanamycin_vs_control,not_regulated,b0751,b0751,469.18169141170915,-0.041330518682389794,0.9717583344964661,0.7569532284435816,0.7914401723708113,0.0041984330019335415,BH_from_pvalue
aminoglycoside,kanamycin,kanamycin_vs_control,not_regulated,b3594,b3594,23.207184597482225,-0.07208669205991569,0.9512611129945416,0.8449936053314713,0.8749496401429461,0.004182249514012784,BH_from_pvalue
aminoglycoside,kanamycin,kanamycin_vs_control,not_regulated,b0630,b0630,215.75428150872972,0.0371991289924507,1.0261197664619648,0.7430186811200564,0.7777747329946506,0.004060142440873594,BH_from_pvalue
aminoglycoside,kanamycin,kanamycin_vs_control,not_regulated,b1533,b1533,290.1303252081025,-0.050297853950388216,0.9657369255542941,0.7993383693703192,0.8322740707008555,0.004010430753149287,BH_from_pvalue
aminoglycoside,kanamycin,kanamycin_vs_control,not_regulated,b3634,b3634,177.7317698243016,0.04062493469896822,1.0285592729658768,0.7631663084151049,0.7970099965756076,0.004003027965653812,BH_from_pvalue
aminoglycoside,kanamycin,kanamycin_vs_control,not_regulated,b4506,b4506,3.9642803078201942,-0.1043649149408501,0.9302143397495641,0.890468170810905,0.9178106856799841,0.003887268538569069,BH_from_pvalue
aminoglycoside,kanamycin,kanamycin_vs_control,not_regulated,b0546,b0546,155.43357373007188,-0.050226245389788815,0.9657848613588054,0.8054141935213223,0.8382121801154344,0.003849642446297916,BH_from_pvalue
aminoglycoside,kanamycin,kanamycin_vs_control,not_regulated,b3315,b3315,2583.6168853717504,0.03331111434555112,1.0233581311074238,0.7382340895765329,0.773477591207124,0.003715930219528826,BH_from_pvalue
aminoglycoside,kanamycin,kanamycin_vs_control,not_regulated,b2452,b2452,60.62277799517531,0.06510370898940199,1.046160140932292,0.8478413960395852,0.8776963404801046,0.0036884970135336245,BH_from_pvalue
aminoglycoside,kanamycin,kanamycin_vs_control,not_regulated,b4557,b4557,5.820925297499561,-0.09387310723505182,0.9370038577618784,0.9009574185938646,0.9273470180400921,0.003075068981525172,BH_from_pvalue
aminoglycoside,kanamycin,kanamycin_vs_control,not_regulated,b1325,b1325,1243.044816802988,0.021000044912103277,1.0146625781680338,0.6750187728111474,0.7140113297655306,0.0030721994050056,BH_from_pvalue
aminoglycoside,kanamycin,kanamycin_vs_control,not_regulated,b3186,b3186,1362.7067141224882,-0.03153197386449946,0.9783808194656425,0.7732412746518849,0.8067824758488004,0.0029401529824424396,BH_from_pvalue
aminoglycoside,kanamycin,kanamycin_vs_control,not_regulated,b4656,b4656,405.6604441431848,-0.05212320174122809,0.96451581436839,0.8579439128513497,0.8875417939294782,0.002700564955923635,BH_from_pvalue
aminoglycoside,kanamycin,kanamycin_vs_control,not_regulated,b2500,b2500,219.92277050588052,0.029319723571487266,1.0205307996248245,0.7760142979807423,0.8094880130606167,0.0026912450512879857,BH_from_pvalue
aminoglycoside,kanamycin,kanamycin_vs_control,not_regulated,b0195,b0195,105.13869944398046,0.04541356905136418,1.0319789683512646,0.8419115508934883,0.8726665418873647,0.002686288659089582,BH_from_pvalue
aminoglycoside,kanamycin,kanamycin_vs_control,not_regulated,b3421,b3421,221.01202983131114,0.03531064923001548,1.024777460137875,0.8093548537957985,0.8415344735028899,0.002645759447956979,BH_from_pvalue
aminoglycoside,kanamycin,kanamycin_vs_control,not_regulated,b3493,b3493,1258.1766470907921,-0.029530469345004917,0.9797391055690757,0.7835522417128848,0.8167828466337326,0.0025955331033819134,BH_from_pvalue
aminoglycoside,kanamycin,kanamycin_vs_control,not_regulated,b0477,b0477,596.1139634604696,0.03998007996328745,1.0280996310546384,0.8430487335332245,0.8734239642743439,0.0023498250596402748,BH_from_pvalue
aminoglycoside,kanamycin,kanamycin_vs_control,not_regulated,b3235,b3235,391.02195769433433,-0.026483431897158738,0.9818105457737856,0.7825140663014236,0.8158897242057959,0.002340302120786381,BH_from_pvalue
aminoglycoside,kanamycin,kanamycin_vs_control,not_regulated,b4178,b4178,393.93371323262335,0.03718697470015009,1.026111121733392,0.838789652646912,0.8697270303378999,0.002254164043997879,BH_from_pvalue
aminoglycoside,kanamycin,kanamycin_vs_control,not_regulated,b1176,b1176,1219.0277693107357,-0.02357419860139487,0.9837923906575211,0.7688277620679962,0.8025498430684258,0.002251995710236424,BH_from_pvalue
aminoglycoside,kanamycin,kanamycin_vs_control,not_regulated,b3535,b3535,68.22489839655894,-0.04948399750196231,0.9662818729864988,0.8727508616767535,0.9007878329100591,0.002245459529576638,BH_from_pvalue
aminoglycoside,kanamycin,kanamycin_vs_control,not_regulated,b3537,b3537,0.37216284552548523,-0.06611255466568977,0.9552084110292935,0.9033959263472815,0.9285820102171097,0.0021274844460376042,BH_from_pvalue
aminoglycoside,kanamycin,kanamycin_vs_control,not_regulated,b4621,b4621,0.37216284552548523,-0.06611255466568977,0.9552084110292935,0.9033959263472815,0.9285820102171097,0.0021274844460376042,BH_from_pvalue
aminoglycoside,kanamycin,kanamycin_vs_control,not_regulated,b4685,b4685,0.37216284552548523,-0.06611255466568977,0.9552084110292935,0.9033959263472815,0.9285820102171097,0.0021274844460376042,BH_from_pvalue
aminoglycoside,kanamycin,kanamycin_vs_control,not_regulated,b3096,b3096,163.18596389739625,-0.03838786863167254,0.9737424426459614,0.8642100489237201,0.8932023897194148,0.0018829297036326706,BH_from_pvalue
aminoglycoside,kanamycin,kanamycin_vs_control,not_regulated,b4410,b4410,5.236276747490215,0.04865360410049435,1.0342992130063078,0.8888478968121568,0.9163506394364156,0.001845835649179421,BH_from_pvalue
aminoglycoside,kanamycin,kanamycin_vs_control,not_regulated,b1585,b1585,174.5416941982227,-0.032516337388693195,0.9777134893098688,0.849135152851338,0.8788333910550663,0.0018239535626559254,BH_from_pvalue
aminoglycoside,kanamycin,kanamycin_vs_control,not_regulated,b3771,b3771,499.6998359298611,0.017351895575897558,1.0121000377342115,0.7506006800707405,0.7851632230135327,0.0018226439947915253,BH_from_pvalue
aminoglycoside,kanamycin,kanamycin_vs_control,not_regulated,b2718,b2718,25.052585932364384,0.037368145203577896,1.026239986626001,0.8654391771686228,0.8942672682987516,0.0018135756680775937,BH_from_pvalue
aminoglycoside,kanamycin,kanamycin_vs_control,not_regulated,b2350,b2350,45.83087697900384,0.02826889636567298,1.0197877381764613,0.836565779886071,0.8678532455060244,0.0017400553942708088,BH_from_pvalue
aminoglycoside,kanamycin,kanamycin_vs_control,not_regulated,b4040,b4040,819.3629331058705,0.02839137992359042,1.0198743209464576,0.8378701397372854,0.868973919423175,0.001731682756887942,BH_from_pvalue
aminoglycoside,kanamycin,kanamycin_vs_control,not_regulated,b3882,b3882,13.949289339137911,-0.035254430626577626,0.9758596450698424,0.8701658120737928,0.8985320988769331,0.0016381466049666352,BH_from_pvalue
aminoglycoside,kanamycin,kanamycin_vs_control,not_regulated,b1813,b1813,149.02837623142594,0.027062826168021026,1.0189355680337806,0.8445613373063031,0.8747034066782757,0.0015734105770738348,BH_from_pvalue
aminoglycoside,kanamycin,kanamycin_vs_control,not_regulated,b2462,b2462,10.824322675859714,0.05540632144809221,1.039151729369415,0.913591553378529,0.9379901408574809,0.0015403913915574493,BH_from_pvalue
aminoglycoside,kanamycin,kanamycin_vs_control,not_regulated,b3953,b3953,18.29065974012761,-0.039456305556591076,0.9730215714975914,0.8913957899136707,0.9181356224024939,0.0014635591438460376,BH_from_pvalue
aminoglycoside,kanamycin,kanamycin_vs_control,not_regulated,b1717,b1717,3492.823046737904,0.030760015322211842,1.021550139125811,0.8694194694517149,0.8979675714337115,0.0014377030253642231,BH_from_pvalue
aminoglycoside,kanamycin,kanamycin_vs_control,not_regulated,b2028,b2028,136.57896031714884,0.029137066395116484,1.0204016001272735,0.8641505363539358,0.8932023897194148,0.0014291767099259185,BH_from_pvalue
aminoglycoside,kanamycin,kanamycin_vs_control,not_regulated,b0073,b0073,163.24160939558013,0.028110616149155554,1.0196758618856567,0.8669741436617725,0.8956476109762638,0.0013454535909256692,BH_from_pvalue
aminoglycoside,kanamycin,kanamycin_vs_control,not_regulated,b3614,b3614,131.41497746226463,-0.02646137969851381,0.9818255532743642,0.861284175776938,0.8907924172556144,0.0013289827987861022,BH_from_pvalue
aminoglycoside,kanamycin,kanamycin_vs_control,not_regulated,b1709,b1709,183.1903345033355,0.025552900608887263,1.0178697072744813,0.8626929038658395,0.8920442946180566,0.0012677708816251172,BH_from_pvalue
aminoglycoside,kanamycin,kanamycin_vs_control,not_regulated,b0303,b0303,0.9398842873527591,-0.06812691826316386,0.9538756315207741,0.9366059141328822,0.9607419388300351,0.0011849485773151808,BH_from_pvalue
aminoglycoside,kanamycin,kanamycin_vs_control,not_regulated,b4443,b4443,1876.492411809937,-0.031234190749291457,0.9785827854737185,0.8911984670123904,0.9181356224024939,0.0011585749052503618,BH_from_pvalue
aminoglycoside,kanamycin,kanamycin_vs_control,not_regulated,b2366,b2366,154.15170033308434,0.03999770631233979,1.0281121920970946,0.9111205573051445,0.9356667275704429,0.0011550863136780734,BH_from_pvalue
aminoglycoside,kanamycin,kanamycin_vs_control,not_regulated,b3905,b3905,63.64739051651694,-0.01693847963254047,0.9883277955374563,0.8255542539695736,0.8575849963868689,0.0011301832232923394,BH_from_pvalue
aminoglycoside,kanamycin,kanamycin_vs_control,not_regulated,b1653,b1653,1374.3751345610442,-0.01696637001403012,0.988308689231528,0.8298338067891968,0.8616326091730857,0.001097348728060319,BH_from_pvalue
aminoglycoside,kanamycin,kanamycin_vs_control,not_regulated,b2200,b2200,67.89750884783855,0.031572263261161915,1.0221254413162262,0.9078207127271326,0.9324908805313182,0.0009583888937048036,BH_from_pvalue
aminoglycoside,kanamycin,kanamycin_vs_control,not_regulated,b2098,b2098,56.078789871455825,-0.020017800622646575,0.9862205359841364,0.8781271202313187,0.9061288797431685,0.0008569625997666237,BH_from_pvalue
aminoglycoside,kanamycin,kanamycin_vs_control,not_regulated,b4678,b4678,1.1776656197079804,-0.056779206208243616,0.9614080535129027,0.9422593127099016,0.9663206540285312,0.0008448029216777545,BH_from_pvalue
aminoglycoside,kanamycin,kanamycin_vs_control,not_regulated,b0208,b0208,364.53703994451377,0.02441906588250653,1.0170700631384602,0.9058637940520414,0.9306933178725634,0.0007617137920981952,BH_from_pvalue
aminoglycoside,kanamycin,kanamycin_vs_control,not_regulated,b2458,b2458,53.78284372888978,0.019072234509215136,1.01330763433726,0.8849848633621777,0.9129958521566687,0.0007539482311988091,BH_from_pvalue
aminoglycoside,kanamycin,kanamycin_vs_control,not_regulated,b4421,b4421,0.35393965281130385,-0.04228382913169898,0.9711164238053981,0.9357463925920886,0.9602982600682671,0.0007439356862378021,BH_from_pvalue
aminoglycoside,kanamycin,kanamycin_vs_control,not_regulated,b4207,b4207,514.309769341197,-0.021098531154304823,0.9854820295770613,0.8996808084410463,0.9262449705579826,0.0007020354202051405,BH_from_pvalue
aminoglycoside,kanamycin,kanamycin_vs_control,not_regulated,b2442,b2442,496.27698976606644,-0.02031137331928612,0.9860198712849535,0.9029164429170716,0.9285820102171097,0.0006536145976048642,BH_from_pvalue
aminoglycoside,kanamycin,kanamycin_vs_control,not_regulated,b3787,b3787,415.37736734816696,-0.01765639948273723,0.9878361021372932,0.8969957711333261,0.9236920738456275,0.0006086652282802683,BH_from_pvalue
aminoglycoside,kanamycin,kanamycin_vs_control,not_regulated,b1971,b1971,515.4306465566959,0.01871940028837038,1.0130598439981597,0.9051484599967975,0.9301708414588977,0.0005884870032578972,BH_from_pvalue
aminoglycoside,kanamycin,kanamycin_vs_control,not_regulated,b2198,b2198,0.684105546900379,-0.04542468220333373,0.969004531727372,0.9502697175519746,0.9738694895303673,0.0005223493232681045,BH_from_pvalue
aminoglycoside,kanamycin,kanamycin_vs_control,not_regulated,b1688,b1688,1097.6610758275199,0.011434914268861007,1.0079575731006216,0.8908099962899836,0.9179526605526567,0.0004251468545389671,BH_from_pvalue
aminoglycoside,kanamycin,kanamycin_vs_control,not_regulated,b1204,b1204,238.121438859267,0.010762355689579728,1.0074877908501698,0.8864873884708695,0.9141266101196632,0.00041966351599278764,BH_from_pvalue
aminoglycoside,kanamycin,kanamycin_vs_control,not_regulated,b3392,b3392,3.084994068490858,-0.053596829743365104,0.9635311212675507,0.9612060101768198,0.9839564482875138,0.00037647076802335277,BH_from_pvalue
aminoglycoside,kanamycin,kanamycin_vs_control,not_regulated,b1344,b1344,608.5141752191944,0.01029899289207492,1.0071642592736891,0.9033497702127444,0.9285820102171097,0.0003314188552921295,BH_from_pvalue
aminoglycoside,kanamycin,kanamycin_vs_control,not_regulated,b3353,b3353,201.98776120322714,0.013260714534832019,1.0092339996197555,0.9198875683427398,0.9442387682349711,0.0003304327712340136,BH_from_pvalue
aminoglycoside,kanamycin,kanamycin_vs_control,not_regulated,b4072,b4072,56.43025799207148,-0.057565089624460164,0.96088448555592,0.9653758933775942,0.9875507774419874,0.0003131865985313504,BH_from_pvalue
aminoglycoside,kanamycin,kanamycin_vs_control,not_regulated,b0781,b0781,887.4138502189899,0.021184637953210128,1.0147924126990417,0.94435844029749,0.9682526246770253,0.0002968246796445572,BH_from_pvalue
aminoglycoside,kanamycin,kanamycin_vs_control,not_regulated,b4424,b4424,0.680388686960329,0.03585317340386385,1.0251628992484592,0.9595391882311785,0.9824737693293514,0.00027531780393490884,BH_from_pvalue
aminoglycoside,kanamycin,kanamycin_vs_control,not_regulated,b1565,b1565,7.581510279077238,0.030259445666340756,1.0211957549455137,0.9566614713592547,0.9797502955769417,0.0002688429750228692,BH_from_pvalue
aminoglycoside,kanamycin,kanamycin_vs_control,not_regulated,b2237,b2237,669.294521363158,-0.008229460121796706,0.9943120111321855,0.9016536668186341,0.927851336845165,0.00026763522828756253,BH_from_pvalue
aminoglycoside,kanamycin,kanamycin_vs_control,not_regulated,b2269,b2269,7.093330009658519,-0.02070220029404002,0.9857527940721156,0.9473735942511935,0.9711227044079008,0.000263453968235928,BH_from_pvalue
aminoglycoside,kanamycin,kanamycin_vs_control,not_regulated,b0063,b0063,136.7030356283256,0.01422851021465199,1.009911245994412,0.936325858899565,0.9606737484786139,0.0002479186538084968,BH_from_pvalue
aminoglycoside,kanamycin,kanamycin_vs_control,not_regulated,b2704,b2704,16.325477035127076,-0.021724322775066085,0.9850546539742193,0.9511840854110265,0.9743775530080503,0.0002448924153470887,BH_from_pvalue
aminoglycoside,kanamycin,kanamycin_vs_control,not_regulated,b1549,b1549,0.7950249605304269,-0.026674260874417266,0.9816806877605584,0.9635390514562122,0.9861202851990994,0.00016191562722752266,BH_from_pvalue
aminoglycoside,kanamycin,kanamycin_vs_control,not_regulated,b0376,b0376,379.81502262335016,0.009468420078210471,1.0065845924152874,0.9511987183766893,0.9743775530080503,0.00010673493882788158,BH_from_pvalue
aminoglycoside,kanamycin,kanamycin_vs_control,not_regulated,b2099,b2099,73.30380658220116,0.007576628294200027,1.005265532986696,0.9653274332057846,0.9875507774419874,4.122113696473111e-05,BH_from_pvalue
aminoglycoside,kanamycin,kanamycin_vs_control,not_regulated,b4096,b4096,15.781795591726416,0.025427490475783188,1.0177812300677227,0.9751865361395319,0.9966800816986172,3.6722912544589296e-05,BH_from_pvalue
aminoglycoside,kanamycin,kanamycin_vs_control,not_regulated,b0189,b0189,269.69816067547595,-0.004939872027460268,0.9965817970347064,0.9657646589176582,0.9877238371558951,2.649977105541451e-05,BH_from_pvalue
aminoglycoside,kanamycin,kanamycin_vs_control,not_regulated,b2413,b2413,324.7182896848089,0.006003005113949911,1.0041696349083487,0.9746025883228422,0.996309645971851,9.638814920455794e-06,BH_from_pvalue
aminoglycoside,kanamycin,kanamycin_vs_control,not_regulated,b0403,b0403,343.52074843562235,0.0020809529662102477,1.0014434474502676,0.9741272739232044,0.9960501200515056,3.576758288046674e-06,BH_from_pvalue
aminoglycoside,kanamycin,kanamycin_vs_control,not_regulated,b0300,b0300,40.16961544111665,0.003070309222638734,1.002130442355369,0.9895570012389154,1.0,-0.0,BH_from_pvalue
aminoglycoside,kanamycin,kanamycin_vs_control,not_regulated,b4686,b4686,291.049728094719,0.0023975655920711603,1.001663247494645,0.9833012029175624,1.0,-0.0,BH_from_pvalue
aminoglycoside,kanamycin,kanamycin_vs_control,not_regulated,b1110,b1110,2062.12236003241,0.0016946253085823315,1.0011753148965994,0.9969822181270839,1.0,-0.0,BH_from_pvalue
aminoglycoside,kanamycin,kanamycin_vs_control,not_regulated,b0202,b0202,0.0,0.0,1.0,,1.0,-0.0,no_valid_pvalue_set_to_1
aminoglycoside,kanamycin,kanamycin_vs_control,not_regulated,b0203,b0203,0.0,0.0,1.0,,1.0,-0.0,no_valid_pvalue_set_to_1
aminoglycoside,kanamycin,kanamycin_vs_control,not_regulated,b0205,b0205,0.0,0.0,1.0,,1.0,-0.0,no_valid_pvalue_set_to_1
aminoglycoside,kanamycin,kanamycin_vs_control,not_regulated,b0206,b0206,0.0,0.0,1.0,,1.0,-0.0,no_valid_pvalue_set_to_1
aminoglycoside,kanamycin,kanamycin_vs_control,not_regulated,b0256,b0256,0.0,0.0,1.0,,1.0,-0.0,no_valid_pvalue_set_to_1
aminoglycoside,kanamycin,kanamycin_vs_control,not_regulated,b0264,b0264,0.0,0.0,1.0,,1.0,-0.0,no_valid_pvalue_set_to_1
aminoglycoside,kanamycin,kanamycin_vs_control,not_regulated,b0298,b0298,0.0,0.0,1.0,,1.0,-0.0,no_valid_pvalue_set_to_1
aminoglycoside,kanamycin,kanamycin_vs_control,not_regulated,b0540,b0540,0.0,0.0,1.0,,1.0,-0.0,no_valid_pvalue_set_to_1
aminoglycoside,kanamycin,kanamycin_vs_control,not_regulated,b0541,b0541,0.0,0.0,1.0,,1.0,-0.0,no_valid_pvalue_set_to_1
aminoglycoside,kanamycin,kanamycin_vs_control,not_regulated,b0552,b0552,0.0,0.0,1.0,,1.0,-0.0,no_valid_pvalue_set_to_1
aminoglycoside,kanamycin,kanamycin_vs_control,not_regulated,b0582,b0582,0.0,0.0,1.0,,1.0,-0.0,no_valid_pvalue_set_to_1
aminoglycoside,kanamycin,kanamycin_vs_control,not_regulated,b0666,b0666,0.0,0.0,1.0,,1.0,-0.0,no_valid_pvalue_set_to_1
aminoglycoside,kanamycin,kanamycin_vs_control,not_regulated,b0668,b0668,0.0,0.0,1.0,,1.0,-0.0,no_valid_pvalue_set_to_1
aminoglycoside,kanamycin,kanamycin_vs_control,not_regulated,b0670,b0670,0.0,0.0,1.0,,1.0,-0.0,no_valid_pvalue_set_to_1
aminoglycoside,kanamycin,kanamycin_vs_control,not_regulated,b0672,b0672,0.0,0.0,1.0,,1.0,-0.0,no_valid_pvalue_set_to_1
aminoglycoside,kanamycin,kanamycin_vs_control,not_regulated,b0705,b0705,0.0,0.0,1.0,,1.0,-0.0,no_valid_pvalue_set_to_1
aminoglycoside,kanamycin,kanamycin_vs_control,not_regulated,b1229,b1229,0.0,0.0,1.0,,1.0,-0.0,no_valid_pvalue_set_to_1
aminoglycoside,kanamycin,kanamycin_vs_control,not_regulated,b1362,b1362,0.0,0.0,1.0,,1.0,-0.0,no_valid_pvalue_set_to_1
aminoglycoside,kanamycin,kanamycin_vs_control,not_regulated,b1373,b1373,0.0,0.0,1.0,,1.0,-0.0,no_valid_pvalue_set_to_1
aminoglycoside,kanamycin,kanamycin_vs_control,not_regulated,b1375,b1375,0.0,0.0,1.0,,1.0,-0.0,no_valid_pvalue_set_to_1
aminoglycoside,kanamycin,kanamycin_vs_control,not_regulated,b1404,b1404,0.0,0.0,1.0,,1.0,-0.0,no_valid_pvalue_set_to_1
aminoglycoside,kanamycin,kanamycin_vs_control,not_regulated,b1544,b1544,0.0,0.0,1.0,,1.0,-0.0,no_valid_pvalue_set_to_1
aminoglycoside,kanamycin,kanamycin_vs_control,not_regulated,b1545,b1545,0.0,0.0,1.0,,1.0,-0.0,no_valid_pvalue_set_to_1
aminoglycoside,kanamycin,kanamycin_vs_control,not_regulated,b1546,b1546,0.0,0.0,1.0,,1.0,-0.0,no_valid_pvalue_set_to_1
aminoglycoside,kanamycin,kanamycin_vs_control,not_regulated,b1578,b1578,0.0,0.0,1.0,,1.0,-0.0,no_valid_pvalue_set_to_1
aminoglycoside,kanamycin,kanamycin_vs_control,not_regulated,b1893,b1893,0.0,0.0,1.0,,1.0,-0.0,no_valid_pvalue_set_to_1
aminoglycoside,kanamycin,kanamycin_vs_control,not_regulated,b1894,b1894,0.0,0.0,1.0,,1.0,-0.0,no_valid_pvalue_set_to_1
aminoglycoside,kanamycin,kanamycin_vs_control,not_regulated,b1910,b1910,0.0,0.0,1.0,,1.0,-0.0,no_valid_pvalue_set_to_1
aminoglycoside,kanamycin,kanamycin_vs_control,not_regulated,b1997,b1997,0.0,0.0,1.0,,1.0,-0.0,no_valid_pvalue_set_to_1
aminoglycoside,kanamycin,kanamycin_vs_control,not_regulated,b2030,b2030,0.0,0.0,1.0,,1.0,-0.0,no_valid_pvalue_set_to_1
aminoglycoside,kanamycin,kanamycin_vs_control,not_regulated,b2192,b2192,0.0,0.0,1.0,,1.0,-0.0,no_valid_pvalue_set_to_1
aminoglycoside,kanamycin,kanamycin_vs_control,not_regulated,b2394,b2394,0.0,0.0,1.0,,1.0,-0.0,no_valid_pvalue_set_to_1
aminoglycoside,kanamycin,kanamycin_vs_control,not_regulated,b2403,b2403,0.0,0.0,1.0,,1.0,-0.0,no_valid_pvalue_set_to_1
aminoglycoside,kanamycin,kanamycin_vs_control,not_regulated,b2404,b2404,0.0,0.0,1.0,,1.0,-0.0,no_valid_pvalue_set_to_1
aminoglycoside,kanamycin,kanamycin_vs_control,not_regulated,b2588,b2588,0.0,0.0,1.0,,1.0,-0.0,no_valid_pvalue_set_to_1
aminoglycoside,kanamycin,kanamycin_vs_control,not_regulated,b2589,b2589,0.0,0.0,1.0,,1.0,-0.0,no_valid_pvalue_set_to_1
aminoglycoside,kanamycin,kanamycin_vs_control,not_regulated,b2635,b2635,0.0,0.0,1.0,,1.0,-0.0,no_valid_pvalue_set_to_1
aminoglycoside,kanamycin,kanamycin_vs_control,not_regulated,b2815,b2815,0.0,0.0,1.0,,1.0,-0.0,no_valid_pvalue_set_to_1
aminoglycoside,kanamycin,kanamycin_vs_control,not_regulated,b2860,b2860,0.0,0.0,1.0,,1.0,-0.0,no_valid_pvalue_set_to_1
aminoglycoside,kanamycin,kanamycin_vs_control,not_regulated,b2861,b2861,0.0,0.0,1.0,,1.0,-0.0,no_valid_pvalue_set_to_1
aminoglycoside,kanamycin,kanamycin_vs_control,not_regulated,b3044,b3044,0.0,0.0,1.0,,1.0,-0.0,no_valid_pvalue_set_to_1
aminoglycoside,kanamycin,kanamycin_vs_control,not_regulated,b3045,b3045,0.0,0.0,1.0,,1.0,-0.0,no_valid_pvalue_set_to_1
aminoglycoside,kanamycin,kanamycin_vs_control,not_regulated,b3272,b3272,0.0,0.0,1.0,,1.0,-0.0,no_valid_pvalue_set_to_1
aminoglycoside,kanamycin,kanamycin_vs_control,not_regulated,b3273,b3273,0.0,0.0,1.0,,1.0,-0.0,no_valid_pvalue_set_to_1
aminoglycoside,kanamycin,kanamycin_vs_control,not_regulated,b3274,b3274,0.0,0.0,1.0,,1.0,-0.0,no_valid_pvalue_set_to_1
aminoglycoside,kanamycin,kanamycin_vs_control,not_regulated,b3275,b3275,0.0,0.0,1.0,,1.0,-0.0,no_valid_pvalue_set_to_1
aminoglycoside,kanamycin,kanamycin_vs_control,not_regulated,b3276,b3276,0.0,0.0,1.0,,1.0,-0.0,no_valid_pvalue_set_to_1
aminoglycoside,kanamycin,kanamycin_vs_control,not_regulated,b3277,b3277,0.0,0.0,1.0,,1.0,-0.0,no_valid_pvalue_set_to_1
aminoglycoside,kanamycin,kanamycin_vs_control,not_regulated,b3444,b3444,0.0,0.0,1.0,,1.0,-0.0,no_valid_pvalue_set_to_1
aminoglycoside,kanamycin,kanamycin_vs_control,not_regulated,b3445,b3445,0.0,0.0,1.0,,1.0,-0.0,no_valid_pvalue_set_to_1
aminoglycoside,kanamycin,kanamycin_vs_control,not_regulated,b3756,b3756,0.0,0.0,1.0,,1.0,-0.0,no_valid_pvalue_set_to_1
aminoglycoside,kanamycin,kanamycin_vs_control,not_regulated,b3757,b3757,0.0,0.0,1.0,,1.0,-0.0,no_valid_pvalue_set_to_1
aminoglycoside,kanamycin,kanamycin_vs_control,not_regulated,b3759,b3759,0.0,0.0,1.0,,1.0,-0.0,no_valid_pvalue_set_to_1
aminoglycoside,kanamycin,kanamycin_vs_control,not_regulated,b3760,b3760,0.0,0.0,1.0,,1.0,-0.0,no_valid_pvalue_set_to_1
aminoglycoside,kanamycin,kanamycin_vs_control,not_regulated,b3798,b3798,0.0,0.0,1.0,,1.0,-0.0,no_valid_pvalue_set_to_1
aminoglycoside,kanamycin,kanamycin_vs_control,not_regulated,b3851,b3851,0.0,0.0,1.0,,1.0,-0.0,no_valid_pvalue_set_to_1
aminoglycoside,kanamycin,kanamycin_vs_control,not_regulated,b3852,b3852,0.0,0.0,1.0,,1.0,-0.0,no_valid_pvalue_set_to_1
aminoglycoside,kanamycin,kanamycin_vs_control,not_regulated,b3853,b3853,0.0,0.0,1.0,,1.0,-0.0,no_valid_pvalue_set_to_1
aminoglycoside,kanamycin,kanamycin_vs_control,not_regulated,b3855,b3855,0.0,0.0,1.0,,1.0,-0.0,no_valid_pvalue_set_to_1
aminoglycoside,kanamycin,kanamycin_vs_control,not_regulated,b3968,b3968,0.0,0.0,1.0,,1.0,-0.0,no_valid_pvalue_set_to_1
aminoglycoside,kanamycin,kanamycin_vs_control,not_regulated,b3970,b3970,0.0,0.0,1.0,,1.0,-0.0,no_valid_pvalue_set_to_1
aminoglycoside,kanamycin,kanamycin_vs_control,not_regulated,b3971,b3971,0.0,0.0,1.0,,1.0,-0.0,no_valid_pvalue_set_to_1
aminoglycoside,kanamycin,kanamycin_vs_control,not_regulated,b4007,b4007,0.0,0.0,1.0,,1.0,-0.0,no_valid_pvalue_set_to_1
aminoglycoside,kanamycin,kanamycin_vs_control,not_regulated,b4008,b4008,0.0,0.0,1.0,,1.0,-0.0,no_valid_pvalue_set_to_1
aminoglycoside,kanamycin,kanamycin_vs_control,not_regulated,b4009,b4009,0.0,0.0,1.0,,1.0,-0.0,no_valid_pvalue_set_to_1
aminoglycoside,kanamycin,kanamycin_vs_control,not_regulated,b4010,b4010,0.0,0.0,1.0,,1.0,-0.0,no_valid_pvalue_set_to_1
aminoglycoside,kanamycin,kanamycin_vs_control,not_regulated,b4164,b4164,0.0,0.0,1.0,,1.0,-0.0,no_valid_pvalue_set_to_1
aminoglycoside,kanamycin,kanamycin_vs_control,not_regulated,b4369,b4369,0.0,0.0,1.0,,1.0,-0.0,no_valid_pvalue_set_to_1
aminoglycoside,kanamycin,kanamycin_vs_control,not_regulated,b4412,b4412,0.0,0.0,1.0,,1.0,-0.0,no_valid_pvalue_set_to_1
aminoglycoside,kanamycin,kanamycin_vs_control,not_regulated,b4425,b4425,0.0,0.0,1.0,,1.0,-0.0,no_valid_pvalue_set_to_1
aminoglycoside,kanamycin,kanamycin_vs_control,not_regulated,b4455,b4455,0.0,0.0,1.0,,1.0,-0.0,no_valid_pvalue_set_to_1
aminoglycoside,kanamycin,kanamycin_vs_control,not_regulated,b4509,b4509,0.0,0.0,1.0,,1.0,-0.0,no_valid_pvalue_set_to_1
aminoglycoside,kanamycin,kanamycin_vs_control,not_regulated,b4510,b4510,0.0,0.0,1.0,,1.0,-0.0,no_valid_pvalue_set_to_1
aminoglycoside,kanamycin,kanamycin_vs_control,not_regulated,b4515,b4515,0.0,0.0,1.0,,1.0,-0.0,no_valid_pvalue_set_to_1
aminoglycoside,kanamycin,kanamycin_vs_control,not_regulated,b4528,b4528,0.0,0.0,1.0,,1.0,-0.0,no_valid_pvalue_set_to_1
aminoglycoside,kanamycin,kanamycin_vs_control,not_regulated,b4545,b4545,0.0,0.0,1.0,,1.0,-0.0,no_valid_pvalue_set_to_1
aminoglycoside,kanamycin,kanamycin_vs_control,not_regulated,b4552,b4552,0.0,0.0,1.0,,1.0,-0.0,no_valid_pvalue_set_to_1
aminoglycoside,kanamycin,kanamycin_vs_control,not_regulated,b4609,b4609,0.0,0.0,1.0,,1.0,-0.0,no_valid_pvalue_set_to_1
aminoglycoside,kanamycin,kanamycin_vs_control,not_regulated,b4627,b4627,0.0,0.0,1.0,,1.0,-0.0,no_valid_pvalue_set_to_1
aminoglycoside,kanamycin,kanamycin_vs_control,not_regulated,b4628,b4628,0.0,0.0,1.0,,1.0,-0.0,no_valid_pvalue_set_to_1
aminoglycoside,kanamycin,kanamycin_vs_control,not_regulated,b4633,b4633,0.0,0.0,1.0,,1.0,-0.0,no_valid_pvalue_set_to_1
aminoglycoside,kanamycin,kanamycin_vs_control,not_regulated,b4662,b4662,0.0,0.0,1.0,,1.0,-0.0,no_valid_pvalue_set_to_1
aminoglycoside,kanamycin,kanamycin_vs_control,not_regulated,b4669,b4669,0.0,0.0,1.0,,1.0,-0.0,no_valid_pvalue_set_to_1
aminoglycoside,kanamycin,kanamycin_vs_control,not_regulated,b4673,b4673,0.0,0.0,1.0,,1.0,-0.0,no_valid_pvalue_set_to_1
aminoglycoside,kanamycin,kanamycin_vs_control,not_regulated,b4676,b4676,0.0,0.0,1.0,,1.0,-0.0,no_valid_pvalue_set_to_1
aminoglycoside,kanamycin,kanamycin_vs_control,not_regulated,b4683,b4683,0.0,0.0,1.0,,1.0,-0.0,no_valid_pvalue_set_to_1
aminoglycoside,kanamycin,kanamycin_vs_control,not_regulated,b4684,b4684,0.0,0.0,1.0,,1.0,-0.0,no_valid_pvalue_set_to_1
aminoglycoside,kanamycin,kanamycin_vs_control,not_regulated,b4689,b4689,0.0,0.0,1.0,,1.0,-0.0,no_valid_pvalue_set_to_1
aminoglycoside,kanamycin,kanamycin_vs_control,not_regulated,b4695,b4695,0.0,0.0,1.0,,1.0,-0.0,no_valid_pvalue_set_to_1
aminoglycoside,kanamycin,kanamycin_vs_control,not_regulated,b4706,b4706,0.0,0.0,1.0,,1.0,-0.0,no_valid_pvalue_set_to_1
aminoglycoside,kanamycin,kanamycin_vs_control,not_regulated,b4707,b4707,0.0,0.0,1.0,,1.0,-0.0,no_valid_pvalue_set_to_1
aminoglycoside,kanamycin,kanamycin_vs_control,not_regulated,b0350,b0350,25.52415080808812,-0.0003777112527236781,0.9997382247792226,0.9988013967861519,1.0,-0.0,BH_from_pvalue
aminoglycoside,kanamycin,kanamycin_vs_control,not_regulated,b4128,b4128,1.1992279462262345,-0.0019358673085191347,0.9986590588992146,0.9979577300124163,1.0,-0.0,BH_from_pvalue
aminoglycoside,kanamycin,kanamycin_vs_control,not_regulated,b1474,b1474,289.31305637677383,-0.002310325408743097,0.998399886006416,0.9982005706587966,1.0,-0.0,BH_from_pvalue
