antibiotic_class,treatment,comparison,regulation,gene,gene_id,baseMean,log2FoldChange,FoldChange,pvalue,padj,signal_strength,padj_source
fluoroquinolone,ciprofloxacin,ciprofloxacin_vs_control,downregulated,b1597,b1597,20487.220591845282,-9.822585071267884,0.001104351330107829,0.00018457786077554902,0.006009158744320713,21.817791617303683,BH_from_pvalue
fluoroquinolone,ciprofloxacin,ciprofloxacin_vs_control,downregulated,b4601,b4601,112.91291446264519,-7.823024318798925,0.004416060587847228,5.7759659310444314e-05,0.004591207330825119,18.2908026798934,BH_from_pvalue
fluoroquinolone,ciprofloxacin,ciprofloxacin_vs_control,upregulated,b3127,b3127,2605.6206525813263,7.359708783595543,164.24535765873262,0.00026283659249589524,0.006826179446834816,15.939821398830329,BH_from_pvalue
fluoroquinolone,ciprofloxacin,ciprofloxacin_vs_control,upregulated,b1530,b1530,1453.5832893413535,6.832264515290221,113.95058455605252,0.0005966445403729468,0.009066578184451063,13.955286903602703,BH_from_pvalue
fluoroquinolone,ciprofloxacin,ciprofloxacin_vs_control,upregulated,b3126,b3126,1404.5240898361192,6.004292129112957,64.19068845615622,0.00018363321329884627,0.006009158744320713,13.336651556787569,BH_from_pvalue
fluoroquinolone,ciprofloxacin,ciprofloxacin_vs_control,downregulated,b2763,b2763,2503.9147830719844,-5.68680504951721,0.019413377543268696,4.7002486900008655e-05,0.004591207330825119,13.296165881753312,BH_from_pvalue
fluoroquinolone,ciprofloxacin,ciprofloxacin_vs_control,downregulated,b0953,b0953,65397.59163831905,-5.553793667592366,0.021288326202853685,9.598736207459118e-05,0.0050969882590061666,12.733107025789234,BH_from_pvalue
fluoroquinolone,ciprofloxacin,ciprofloxacin_vs_control,downregulated,b2422,b2422,2387.659500270849,-5.3735227461639115,0.024121731056705766,2.6038746531432284e-05,0.004459540839808195,12.631592872880061,BH_from_pvalue
fluoroquinolone,ciprofloxacin,ciprofloxacin_vs_control,upregulated,b2616,b2616,5541.753575992384,4.826654306871104,28.377081341256986,5.062614859815318e-06,0.0024156340432819976,12.631204012083113,BH_from_pvalue
fluoroquinolone,ciprofloxacin,ciprofloxacin_vs_control,upregulated,b1531,b1531,1223.565945809056,5.328919117023853,40.19430268780009,4.296171382757353e-05,0.004493995088288971,12.508931047595922,BH_from_pvalue
fluoroquinolone,ciprofloxacin,ciprofloxacin_vs_control,downregulated,b2423,b2423,1140.5027876346405,-5.380281848902712,0.024008983787792666,0.0001292464693820366,0.005668554449342284,12.08695208571019,BH_from_pvalue
fluoroquinolone,ciprofloxacin,ciprofloxacin_vs_control,downregulated,b2424,b2424,778.1097481767457,-5.527297793786569,0.02168291009643379,0.0005819226181347213,0.008944140561626611,11.32245608982084,BH_from_pvalue
fluoroquinolone,ciprofloxacin,ciprofloxacin_vs_control,downregulated,b2762,b2762,865.0305430736747,-5.290283226671563,0.02555442205033495,0.0003540833874009261,0.007333429009121024,11.293130084363087,BH_from_pvalue
fluoroquinolone,ciprofloxacin,ciprofloxacin_vs_control,upregulated,b2975,b2975,1060.9544298284857,4.833943022612108,28.52080945371789,0.00010659340338847902,0.005161098048068423,11.05647431989041,BH_from_pvalue
fluoroquinolone,ciprofloxacin,ciprofloxacin_vs_control,upregulated,b1532,b1532,506.9945950685226,5.664490829097503,50.720280856063845,0.0014197764876467533,0.012009187398790117,10.878577476281961,BH_from_pvalue
fluoroquinolone,ciprofloxacin,ciprofloxacin_vs_control,upregulated,b0985,b0985,12.01497080252958,4.6446264791058605,25.013351661020433,6.348611979114904e-05,0.004591207330825119,10.859476206278286,BH_from_pvalue
fluoroquinolone,ciprofloxacin,ciprofloxacin_vs_control,downregulated,b3161,b3161,4533.850489125937,-5.230292271822051,0.02663944300583445,0.0005229715966758278,0.008522921166115483,10.823627125271566,BH_from_pvalue
fluoroquinolone,ciprofloxacin,ciprofloxacin_vs_control,downregulated,b2425,b2425,1956.7372977003026,-5.455083035270184,0.022795880808951483,0.0008925235123448681,0.010417817736262637,10.81319239584264,BH_from_pvalue
fluoroquinolone,ciprofloxacin,ciprofloxacin_vs_control,downregulated,b3517,b3517,138.415434522352,-4.741603881691159,0.03737963050158788,0.00019071700113701867,0.006042254736849542,10.520675288034898,BH_from_pvalue
fluoroquinolone,ciprofloxacin,ciprofloxacin_vs_control,downregulated,b1492,b1492,43341.12058450268,-5.489341502030809,0.022260942683577267,0.0015330138362885976,0.01229906469052629,10.485344433526834,BH_from_pvalue
fluoroquinolone,ciprofloxacin,ciprofloxacin_vs_control,downregulated,b0486,b0486,4765.9976744033,-4.48237179308218,0.04473749249723794,6.751850082405494e-05,0.004591207330825119,10.48011289037812,BH_from_pvalue
fluoroquinolone,ciprofloxacin,ciprofloxacin_vs_control,upregulated,b4618,b4618,11931.556709105906,4.5204310592583,22.95014015915199,9.846976368693434e-05,0.0050969882590061666,10.36393066168594,BH_from_pvalue
fluoroquinolone,ciprofloxacin,ciprofloxacin_vs_control,downregulated,b3491,b3491,2719.1137314961493,-5.095959711888438,0.02923905081360297,0.0006689410412478622,0.009505026447269525,10.304268367884855,BH_from_pvalue
fluoroquinolone,ciprofloxacin,ciprofloxacin_vs_control,upregulated,b0244,b0244,113.61453949289024,5.617130531249025,49.082285744639556,0.0028945950459740534,0.015388253923440346,10.182794082968112,BH_from_pvalue
fluoroquinolone,ciprofloxacin,ciprofloxacin_vs_control,upregulated,b1061,b1061,674.9014337695222,3.7742439747922,13.682348478598795,5.370462523970648e-06,0.0024156340432819976,9.877078946613043,BH_from_pvalue
fluoroquinolone,ciprofloxacin,ciprofloxacin_vs_control,upregulated,b3128,b3128,6390.438450971225,5.300143879383505,39.40055043180669,0.0022048697815978038,0.01372517109128813,9.871423808442536,BH_from_pvalue
fluoroquinolone,ciprofloxacin,ciprofloxacin_vs_control,downregulated,b2764,b2764,2664.7370456166377,-5.328881222022161,0.024879801372001097,0.002311628313673686,0.014069238609257816,9.86764605361949,BH_from_pvalue
fluoroquinolone,ciprofloxacin,ciprofloxacin_vs_control,downregulated,b1493,b1493,1390.6151042135245,-5.254006942482104,0.026205129660149238,0.0020503502928139287,0.013420943256177702,9.836640904797516,BH_from_pvalue
fluoroquinolone,ciprofloxacin,ciprofloxacin_vs_control,upregulated,b1023,b1023,121.07298571941566,4.357655038136496,20.501464108833005,0.00013333902511976532,0.005668554449342284,9.78959265168449,BH_from_pvalue
fluoroquinolone,ciprofloxacin,ciprofloxacin_vs_control,upregulated,b1722,b1722,172.2320297219909,4.253237281112962,19.070057401617255,0.000110905182730058,0.005196369915831259,9.715669667000416,BH_from_pvalue
fluoroquinolone,ciprofloxacin,ciprofloxacin_vs_control,upregulated,b3525,b3525,96.25470339877252,4.959278209903301,31.109390184561864,0.0014041735163809067,0.012004644932831602,9.525041069900125,BH_from_pvalue
fluoroquinolone,ciprofloxacin,ciprofloxacin_vs_control,upregulated,b2174,b2174,186.0976681181904,3.880525953256064,14.728370850677225,1.2636063179627744e-05,0.0037417930926298974,9.417726943097373,BH_from_pvalue
fluoroquinolone,ciprofloxacin,ciprofloxacin_vs_control,upregulated,b3125,b3125,2337.03826208096,4.8843474294384235,29.534871488510884,0.0015548281516782384,0.012356213827294552,9.319894567017535,BH_from_pvalue
fluoroquinolone,ciprofloxacin,ciprofloxacin_vs_control,upregulated,b1024,b1024,452.01674863976996,4.300989196691994,19.711821566891235,0.0003143670517084812,0.006989911817078108,9.27090394508405,BH_from_pvalue
fluoroquinolone,ciprofloxacin,ciprofloxacin_vs_control,downregulated,b0836,b0836,7091.331883525429,-4.164524094014736,0.05576392443709992,0.0001907514834665707,0.006042254736849542,9.240250095859974,BH_from_pvalue
fluoroquinolone,ciprofloxacin,ciprofloxacin_vs_control,upregulated,b1890,b1890,104.84256231907626,4.280352946343694,19.431871455019152,0.0003170168987736625,0.006989911817078108,9.226421923387054,BH_from_pvalue
fluoroquinolone,ciprofloxacin,ciprofloxacin_vs_control,downregulated,b4704,b4704,623.4103699302967,-4.270533184579963,0.05181331914693663,0.00031115339654629487,0.006989911817078108,9.20525514897498,BH_from_pvalue
fluoroquinolone,ciprofloxacin,ciprofloxacin_vs_control,upregulated,b2789,b2789,540.0347654439396,4.141446129084611,17.648163161892477,0.00020265115901304832,0.00611761686738719,9.166750270856463,BH_from_pvalue
fluoroquinolone,ciprofloxacin,ciprofloxacin_vs_control,downregulated,b4187,b4187,7206.77313009308,-3.9750390788502123,0.06359075822511208,0.000157659054239954,0.005668554449342284,8.930035309337354,BH_from_pvalue
fluoroquinolone,ciprofloxacin,ciprofloxacin_vs_control,upregulated,b1172,b1172,41.190605440251694,4.129971740307939,17.50835626092656,0.00034343482600725624,0.007252440598031167,8.836139873099711,BH_from_pvalue
fluoroquinolone,ciprofloxacin,ciprofloxacin_vs_control,upregulated,b0327,b0327,37.005871289922645,4.658485370139659,25.25479402287939,0.0017309346239762948,0.012802144094699389,8.817195800176801,BH_from_pvalue
fluoroquinolone,ciprofloxacin,ciprofloxacin_vs_control,upregulated,b4342,b4342,188.05652060431723,3.7290518028453894,13.260394604198599,6.582575831187621e-05,0.004591207330825119,8.718795689416659,BH_from_pvalue
fluoroquinolone,ciprofloxacin,ciprofloxacin_vs_control,downregulated,b0974,b0974,134.90929924513784,-4.155435637907159,0.056116325794277305,0.00048565833117928666,0.008401889129401659,8.62511800809211,BH_from_pvalue
fluoroquinolone,ciprofloxacin,ciprofloxacin_vs_control,downregulated,b3514,b3514,5076.313684957759,-3.7682527220290876,0.07339101590908716,0.00010443155594517179,0.005161098048068423,8.618965771230393,BH_from_pvalue
fluoroquinolone,ciprofloxacin,ciprofloxacin_vs_control,upregulated,b0989,b0989,45.87760088340357,4.469970814933509,22.161303172125994,0.0015336798210611507,0.01229906469052629,8.538216029199674,BH_from_pvalue
fluoroquinolone,ciprofloxacin,ciprofloxacin_vs_control,upregulated,b1505,b1505,36.86035633643389,5.442518950329389,43.48720102824117,0.008663488708157013,0.028356309997077344,8.42148324616961,BH_from_pvalue
fluoroquinolone,ciprofloxacin,ciprofloxacin_vs_control,upregulated,b1560,b1560,57.63553306637677,4.571326192166184,23.774221454923477,0.0024946014096143376,0.014525157991941063,8.40154502803089,BH_from_pvalue
fluoroquinolone,ciprofloxacin,ciprofloxacin_vs_control,downregulated,b3506,b3506,9001.373469297127,-3.929545197588869,0.06562797835837669,0.00035542185949052543,0.007333429009121024,8.388372264272043,BH_from_pvalue
fluoroquinolone,ciprofloxacin,ciprofloxacin_vs_control,downregulated,b3828,b3828,663.7319248544088,-4.494914778550608,0.044350224616331146,0.0021926319206874516,0.013712470117172576,8.373506197095768,BH_from_pvalue
fluoroquinolone,ciprofloxacin,ciprofloxacin_vs_control,downregulated,b3941,b3941,853.8068536679672,-4.211028153325768,0.05399508302067568,0.0009737175631023215,0.010724146152548323,8.294198020765585,BH_from_pvalue
fluoroquinolone,ciprofloxacin,ciprofloxacin_vs_control,downregulated,b0979,b0979,707.3269074001327,-4.10388303927336,0.05815781832769019,0.0006778578571945387,0.009544779242803069,8.290804506650803,BH_from_pvalue
fluoroquinolone,ciprofloxacin,ciprofloxacin_vs_control,upregulated,b2396,b2396,17.047695659827816,4.577576770960522,23.877448416566704,0.0029655598079728787,0.015492552864415806,8.284850974174914,BH_from_pvalue
fluoroquinolone,ciprofloxacin,ciprofloxacin_vs_control,downregulated,b4518,b4518,2340.3518626472537,-3.7323269595219273,0.07524153232551503,0.0001958424813118106,0.006075168834072581,8.272484917603093,BH_from_pvalue
fluoroquinolone,ciprofloxacin,ciprofloxacin_vs_control,downregulated,b2579,b2579,15745.461969465236,-3.5545607478642527,0.08510804087393604,7.505495031636606e-05,0.004754889669338232,8.256745399899897,BH_from_pvalue
fluoroquinolone,ciprofloxacin,ciprofloxacin_vs_control,upregulated,b2667,b2667,134.771328278488,4.169898248195636,17.999666212219804,0.0010500100409309861,0.010980515378483893,8.170403868577718,BH_from_pvalue
fluoroquinolone,ciprofloxacin,ciprofloxacin_vs_control,downregulated,b2750,b2750,115.19391252948007,-3.8095585687733835,0.07131955103230979,0.0003512727238542734,0.007314929221743156,8.136416606805483,BH_from_pvalue
fluoroquinolone,ciprofloxacin,ciprofloxacin_vs_control,downregulated,b0973,b0973,334.99036938408375,-4.141816661468163,0.056648569617752914,0.001156191802391707,0.011267029991630886,8.069048078196488,BH_from_pvalue
fluoroquinolone,ciprofloxacin,ciprofloxacin_vs_control,upregulated,b1989,b1989,24.624390793392084,4.561004161830692,23.604731407240745,0.0037161090765646426,0.01734047043391344,8.03165067611099,BH_from_pvalue
fluoroquinolone,ciprofloxacin,ciprofloxacin_vs_control,upregulated,b2863,b2863,248.92899361781167,4.133417622301494,17.55022501110157,0.001288576393916469,0.011633773952538288,7.99518447127477,BH_from_pvalue
fluoroquinolone,ciprofloxacin,ciprofloxacin_vs_control,upregulated,b4270,b4270,12.281127487507348,4.60951112965695,24.411873756089005,0.0043304952224626865,0.01868446402664165,7.967629207437419,BH_from_pvalue
fluoroquinolone,ciprofloxacin,ciprofloxacin_vs_control,upregulated,b1558,b1558,234.82653209643976,3.6740105456655376,12.76401713771834,0.0003428298824425421,0.007252440598031167,7.860603684015401,BH_from_pvalue
fluoroquinolone,ciprofloxacin,ciprofloxacin_vs_control,upregulated,b1231,b1231,279.19810554326847,3.8858557341192137,14.782882834079544,0.000710829778723457,0.009622153109308997,7.836713040248438,BH_from_pvalue
fluoroquinolone,ciprofloxacin,ciprofloxacin_vs_control,downregulated,b0980,b0980,621.9188778480681,-3.6992102177197808,0.07698866061517107,0.00043261654452615136,0.008014228009049667,7.75405623863776,BH_from_pvalue
fluoroquinolone,ciprofloxacin,ciprofloxacin_vs_control,downregulated,b1685,b1685,235.7239932827358,-3.3816167392024905,0.095947116555453,9.101351203476506e-05,0.0050969882590061666,7.75298659576096,BH_from_pvalue
fluoroquinolone,ciprofloxacin,ciprofloxacin_vs_control,upregulated,b3265,b3265,12.46668866392507,4.2635863899664175,19.207347445408264,0.0029516397833879355,0.015451862778495211,7.721436631020012,BH_from_pvalue
fluoroquinolone,ciprofloxacin,ciprofloxacin_vs_control,downregulated,b0978,b0978,573.9216055142656,-3.5774009440372323,0.08377125259909829,0.000308380883803475,0.006989911817078108,7.711188986647733,BH_from_pvalue
fluoroquinolone,ciprofloxacin,ciprofloxacin_vs_control,downregulated,b2135,b2135,2837.1951361748975,-4.043140838586801,0.06065873245269275,0.0017707093003486527,0.012802144094699389,7.652522566673234,BH_from_pvalue
fluoroquinolone,ciprofloxacin,ciprofloxacin_vs_control,upregulated,b0958,b0958,3587.8578298149623,3.32397637680309,10.014207691724357,8.743313665814923e-05,0.0050969882590061666,7.620835322709612,BH_from_pvalue
fluoroquinolone,ciprofloxacin,ciprofloxacin_vs_control,upregulated,b1309,b1309,56.797783213160024,4.046304086545673,16.521858624114458,0.002061641208973808,0.013420943256177702,7.575559135474074,BH_from_pvalue
fluoroquinolone,ciprofloxacin,ciprofloxacin_vs_control,upregulated,b0681,b0681,159.9176168823913,3.5919956529063963,12.05864294160272,0.00045164724755020766,0.008097522823952806,7.513189873973543,BH_from_pvalue
fluoroquinolone,ciprofloxacin,ciprofloxacin_vs_control,upregulated,b2843,b2843,119.46181911420372,3.691685034981859,12.92135118169742,0.0007026049222158046,0.009605826565734618,7.447846304734321,BH_from_pvalue
fluoroquinolone,ciprofloxacin,ciprofloxacin_vs_control,downregulated,b0339,b0339,97.11321280387473,-3.6365306642322217,0.0804072464460765,0.0006147071210893968,0.009156865774016473,7.412170088262795,BH_from_pvalue
fluoroquinolone,ciprofloxacin,ciprofloxacin_vs_control,downregulated,b2751,b2751,990.528028420735,-3.7924647920024777,0.07216960695953917,0.0010756158208314048,0.011122114855401516,7.4097655881365725,BH_from_pvalue
fluoroquinolone,ciprofloxacin,ciprofloxacin_vs_control,upregulated,b0234,b0234,41.4515379555586,3.147587813829006,8.861726575566076,3.5938682271962194e-05,0.004459540839808195,7.3990656919262285,BH_from_pvalue
fluoroquinolone,ciprofloxacin,ciprofloxacin_vs_control,upregulated,b2497,b2497,226.90099763621393,3.1598205205757326,8.937185199020007,6.716604587460766e-05,0.004591207330825119,7.387891343613027,BH_from_pvalue
fluoroquinolone,ciprofloxacin,ciprofloxacin_vs_control,downregulated,b3267,b3267,343.92125568442674,-4.187507744771421,0.054882585386531645,0.003647157410076709,0.017213970651128056,7.387261731560422,BH_from_pvalue
fluoroquinolone,ciprofloxacin,ciprofloxacin_vs_control,upregulated,b3716,b3716,29.659660684208706,3.8009218242224776,13.937711806566686,0.001335020996317037,0.011731742685014705,7.3382020984396705,BH_from_pvalue
fluoroquinolone,ciprofloxacin,ciprofloxacin_vs_control,upregulated,b3659,b3659,13.913406313635184,3.3848476901941655,10.445775445470542,0.0002864688642199184,0.006890571931878038,7.317176653578453,BH_from_pvalue
fluoroquinolone,ciprofloxacin,ciprofloxacin_vs_control,downregulated,b2752,b2752,509.1022526914662,-4.352509501722596,0.048951283511585945,0.005365760844761708,0.021171221298015932,7.2872068273621045,BH_from_pvalue
fluoroquinolone,ciprofloxacin,ciprofloxacin_vs_control,upregulated,b1886,b1886,114.26883045792101,4.439716399122611,21.70140281994999,0.0062781247532620234,0.02334554953765904,7.244711011164767,BH_from_pvalue
fluoroquinolone,ciprofloxacin,ciprofloxacin_vs_control,downregulated,b2012,b2012,318.0304674858283,-3.86896958239001,0.06844222243703235,0.002020549684723055,0.013420943256177702,7.243550469230192,BH_from_pvalue
fluoroquinolone,ciprofloxacin,ciprofloxacin_vs_control,upregulated,b1922,b1922,39.81056175874173,5.371589466081524,41.40087821545239,0.01881808353729161,0.04504409449286144,7.232104684144804,BH_from_pvalue
fluoroquinolone,ciprofloxacin,ciprofloxacin_vs_control,upregulated,b1230,b1230,160.39839986522085,3.639776007083765,12.46469785460891,0.0008843169321740104,0.010402927245815043,7.217109614104964,BH_from_pvalue
fluoroquinolone,ciprofloxacin,ciprofloxacin_vs_control,upregulated,b1691,b1691,6.264182364837551,3.744848705347285,13.406388160252293,0.0013860784639844954,0.011989578713465886,7.194588640749193,BH_from_pvalue
fluoroquinolone,ciprofloxacin,ciprofloxacin_vs_control,downregulated,b0972,b0972,355.05540703253877,-3.839601500181738,0.06984973729146295,0.0020776582436614188,0.013420943256177702,7.188567047642083,BH_from_pvalue
fluoroquinolone,ciprofloxacin,ciprofloxacin_vs_control,upregulated,b0564,b0564,264.9502140383753,3.309795419340216,9.916255330102988,0.00028022732308951025,0.006890571931878038,7.1549328026419685,BH_from_pvalue
fluoroquinolone,ciprofloxacin,ciprofloxacin_vs_control,upregulated,b1022,b1022,76.5049650425769,4.371816561355358,20.70369782960772,0.006410968232971008,0.023753323815406586,7.101035015176987,BH_from_pvalue
fluoroquinolone,ciprofloxacin,ciprofloxacin_vs_control,upregulated,b3124,b3124,1662.1436452913879,4.110274368088553,17.27093601463187,0.004453627851040941,0.018970092873089157,7.077606974123171,BH_from_pvalue
fluoroquinolone,ciprofloxacin,ciprofloxacin_vs_control,upregulated,b1599,b1599,86.61109975658955,3.7611350470081506,13.558588084633264,0.0021253233055591367,0.013598441292183494,7.020199446335002,BH_from_pvalue
fluoroquinolone,ciprofloxacin,ciprofloxacin_vs_control,upregulated,b1459,b1459,95.81068263819986,4.335478568464234,20.188734404973225,0.006791853538403816,0.024487833891648988,6.9846711407834,BH_from_pvalue
fluoroquinolone,ciprofloxacin,ciprofloxacin_vs_control,upregulated,b1885,b1885,92.70035522949456,3.375840323648802,10.380761137460295,0.0005553081131327952,0.008764125939899345,6.945087232816381,BH_from_pvalue
fluoroquinolone,ciprofloxacin,ciprofloxacin_vs_control,downregulated,b1064,b1064,1977.8982031453827,-3.073729957644778,0.11877227746650006,0.00013396993026116067,0.005668554449342284,6.905219422666762,BH_from_pvalue
fluoroquinolone,ciprofloxacin,ciprofloxacin_vs_control,upregulated,b4368,b4368,36.6647774949952,4.770834995590989,27.300112583239926,0.013147010505951219,0.03612416203773279,6.880508813920058,BH_from_pvalue
fluoroquinolone,ciprofloxacin,ciprofloxacin_vs_control,downregulated,b0975,b0975,152.78562133719998,-3.5573647742362606,0.08494278528023849,0.0012993293348648996,0.011642392463665698,6.8797932273211835,BH_from_pvalue
fluoroquinolone,ciprofloxacin,ciprofloxacin_vs_control,upregulated,b0990,b0990,2426.992136571349,3.4449039648859117,10.889788013136954,0.000953985032243208,0.010724146152548323,6.785211261225648,BH_from_pvalue
fluoroquinolone,ciprofloxacin,ciprofloxacin_vs_control,upregulated,b4631,b4631,5.714620985456382,3.617726996248279,12.27564560592765,0.001950958961967162,0.01332964759904712,6.783894127790697,BH_from_pvalue
fluoroquinolone,ciprofloxacin,ciprofloxacin_vs_control,downregulated,b1178,b1178,134.88415614245946,-3.5863095253893658,0.08325556244987987,0.0018074333729764767,0.012843341724562704,6.78286596775233,BH_from_pvalue
fluoroquinolone,ciprofloxacin,ciprofloxacin_vs_control,upregulated,b1183,b1183,110.2320148045258,3.012591402918974,8.070127142484168,0.0001633118182998855,0.005769429835512806,6.744791789546811,BH_from_pvalue
fluoroquinolone,ciprofloxacin,ciprofloxacin_vs_control,downregulated,b4013,b4013,301.08579282756057,-3.529940962754858,0.08657288437673724,0.0017817123617789722,0.012802144094699389,6.6811802890219445,BH_from_pvalue
fluoroquinolone,ciprofloxacin,ciprofloxacin_vs_control,upregulated,b1496,b1496,10.323934485735437,3.5836072733552724,11.988732828529226,0.0021949707613081937,0.013712470117172576,6.675845747863936,BH_from_pvalue
fluoroquinolone,ciprofloxacin,ciprofloxacin_vs_control,upregulated,b0032,b0032,761.8829581468781,3.013012471852659,8.072482855693796,0.0002082540572216801,0.006141063140247865,6.664049730381734,BH_from_pvalue
fluoroquinolone,ciprofloxacin,ciprofloxacin_vs_control,downregulated,b1000,b1000,5494.988290024739,-3.1704961827237685,0.11106712951869545,0.00041909001990566625,0.008014228009049667,6.6457984970587365,BH_from_pvalue
fluoroquinolone,ciprofloxacin,ciprofloxacin_vs_control,upregulated,b0991,b0991,38.05118367756344,3.428731436116751,10.768395784458846,0.001286727323708975,0.011633773952538288,6.6321245127291295,BH_from_pvalue
fluoroquinolone,ciprofloxacin,ciprofloxacin_vs_control,downregulated,b4016,b4016,11431.174395175192,-3.5357516216618965,0.08622490105204364,0.001956235831125513,0.013332043588488725,6.629899445731893,BH_from_pvalue
fluoroquinolone,ciprofloxacin,ciprofloxacin_vs_control,upregulated,b1021,b1021,40.14373619430869,3.746045658987449,13.417515587214416,0.0038147721005810744,0.01750071149726008,6.5815935477486285,BH_from_pvalue
fluoroquinolone,ciprofloxacin,ciprofloxacin_vs_control,upregulated,b2986,b2986,5.653934678629536,3.5991103723765234,12.118257590386735,0.002597133835647926,0.014845605035194621,6.580620955645377,BH_from_pvalue
fluoroquinolone,ciprofloxacin,ciprofloxacin_vs_control,upregulated,b1600,b1600,172.18264988911142,3.155323184020838,8.909368546412571,0.00047245054129534087,0.008301103651353293,6.565798937281421,BH_from_pvalue
fluoroquinolone,ciprofloxacin,ciprofloxacin_vs_control,upregulated,b3326,b3326,17.437756910269197,2.6623697287174632,6.330720616011428,9.326353050157153e-06,0.0034958280016339064,6.539977969021911,BH_from_pvalue
fluoroquinolone,ciprofloxacin,ciprofloxacin_vs_control,upregulated,b4145,b4145,34.34376147392692,3.9311359892947872,15.254214528202397,0.0056702115384937215,0.021948891136097038,6.5201326806288655,BH_from_pvalue
fluoroquinolone,ciprofloxacin,ciprofloxacin_vs_control,upregulated,b1674,b1674,24.951127323994687,2.7786765140975054,6.862225399805986,6.79437255352015e-05,0.004591207330825119,6.496748796815013,BH_from_pvalue
fluoroquinolone,ciprofloxacin,ciprofloxacin_vs_control,downregulated,b1478,b1478,5083.545780374691,-3.0174159121848483,0.12350009766463668,0.0003261284669835956,0.007052528098520254,6.492438562166678,BH_from_pvalue
fluoroquinolone,ciprofloxacin,ciprofloxacin_vs_control,upregulated,b2173,b2173,366.6779483335436,2.9169998341236925,7.552738484813041,0.00017666843172963194,0.005974846661051763,6.486454460573437,BH_from_pvalue
fluoroquinolone,ciprofloxacin,ciprofloxacin_vs_control,upregulated,b0217,b0217,62.64874295784421,3.79679623549194,13.897911899463502,0.004686032571494895,0.019592786332675416,6.484562709508183,BH_from_pvalue
fluoroquinolone,ciprofloxacin,ciprofloxacin_vs_control,upregulated,b3646,b3646,238.63232429380912,2.7703433303346783,6.822702597174031,6.351920792950819e-05,0.004591207330825119,6.47726520406497,BH_from_pvalue
fluoroquinolone,ciprofloxacin,ciprofloxacin_vs_control,downregulated,b2942,b2942,3865.433376599896,-3.354561590249755,0.0977634094651193,0.0013281678201324018,0.011731742685014705,6.476442305137767,BH_from_pvalue
fluoroquinolone,ciprofloxacin,ciprofloxacin_vs_control,upregulated,b2698,b2698,353.2091846834412,3.089754088424475,8.513510183313564,0.00044469170673219554,0.008065416519683127,6.468008401960804,BH_from_pvalue
fluoroquinolone,ciprofloxacin,ciprofloxacin_vs_control,downregulated,b1682,b1682,1033.6536011942287,-2.990172965703744,0.12585435408721607,0.00027675580620484377,0.006890571931878038,6.463990648144582,BH_from_pvalue
fluoroquinolone,ciprofloxacin,ciprofloxacin_vs_control,downregulated,b3511,b3511,5507.208348623545,-3.3349276074464083,0.09910298981016323,0.0013093174193791208,0.011697638906257265,6.442752610935074,BH_from_pvalue
fluoroquinolone,ciprofloxacin,ciprofloxacin_vs_control,downregulated,b0600,b0600,663.9477570267228,-4.063110902740003,0.05982486710794924,0.0075378712379419455,0.026060987569763928,6.436004769846318,BH_from_pvalue
fluoroquinolone,ciprofloxacin,ciprofloxacin_vs_control,upregulated,b3707,b3707,3359.3783449828056,3.4280539958065184,10.763340500622904,0.0020518576107722334,0.013420943256177702,6.41806083017368,BH_from_pvalue
fluoroquinolone,ciprofloxacin,ciprofloxacin_vs_control,upregulated,b1184,b1184,195.34733903289728,3.2964458265522216,9.824921132958112,0.0012138260009106224,0.011317959505181713,6.415647906480086,BH_from_pvalue
fluoroquinolone,ciprofloxacin,ciprofloxacin_vs_control,downregulated,b1681,b1681,1901.0137399656203,-2.7961939167779235,0.14396660302910994,9.05211062686245e-05,0.0050969882590061666,6.41079567196614,BH_from_pvalue
fluoroquinolone,ciprofloxacin,ciprofloxacin_vs_control,upregulated,b2788,b2788,250.66901960936423,3.189643915484919,9.12385750783113,0.0007578576123740998,0.009798835405099711,6.407438152276413,BH_from_pvalue
fluoroquinolone,ciprofloxacin,ciprofloxacin_vs_control,upregulated,b4646,b4646,20.07871776593831,3.0370718540889476,8.208233967378373,0.0004108437333912837,0.007975554456768631,6.372502960148881,BH_from_pvalue
fluoroquinolone,ciprofloxacin,ciprofloxacin_vs_control,upregulated,b0317,b0317,7.318660284810529,3.484387633685035,11.191935387690943,0.0026712680625702793,0.01505684679879839,6.349481005781105,BH_from_pvalue
fluoroquinolone,ciprofloxacin,ciprofloxacin_vs_control,upregulated,b4308,b4308,44.11971462298697,4.3522057403858305,20.424172751539736,0.012351402219155991,0.034831728640604166,6.345624651441424,BH_from_pvalue
fluoroquinolone,ciprofloxacin,ciprofloxacin_vs_control,downregulated,b0340,b0340,58.810754704402406,-3.475395813816556,0.08990867827055798,0.002717421688012518,0.015150207167770687,6.323765679397116,BH_from_pvalue
fluoroquinolone,ciprofloxacin,ciprofloxacin_vs_control,upregulated,b2339,b2339,9.5905858834044,3.758937903042717,13.537954827933062,0.00527779122688676,0.020956808911664827,6.3100345076640805,BH_from_pvalue
fluoroquinolone,ciprofloxacin,ciprofloxacin_vs_control,upregulated,b0536,b0536,54.479337681883635,4.372221157236789,20.709504881919276,0.013077350729912536,0.03604284533281041,6.309906203739188,BH_from_pvalue
fluoroquinolone,ciprofloxacin,ciprofloxacin_vs_control,downregulated,b1684,b1684,1037.7835603030837,-3.1722052027136325,0.11093563703042994,0.0008633576225726884,0.010280173244467564,6.306342567597047,BH_from_pvalue
fluoroquinolone,ciprofloxacin,ciprofloxacin_vs_control,upregulated,b4312,b4312,57.03961454337817,3.2808760567727604,9.719459291890175,0.0014118998769424747,0.012009187398790117,6.300877775340568,BH_from_pvalue
fluoroquinolone,ciprofloxacin,ciprofloxacin_vs_control,upregulated,b1501,b1501,157.67582997065017,2.2872196554104693,4.881145156089465,9.63709245266178e-07,0.0017717344157504315,6.293516757038693,BH_from_pvalue
fluoroquinolone,ciprofloxacin,ciprofloxacin_vs_control,downregulated,b0485,b0485,1139.9112379895053,-3.4993500199518,0.08842817838486093,0.003161800926719448,0.015943700188771386,6.289769801815364,BH_from_pvalue
fluoroquinolone,ciprofloxacin,ciprofloxacin_vs_control,upregulated,b3552,b3552,268.9262353800788,3.1696630494091576,8.99836600652865,0.0008986467945019794,0.010417817736262637,6.282979775312794,BH_from_pvalue
fluoroquinolone,ciprofloxacin,ciprofloxacin_vs_control,upregulated,b0305,b0305,27.62634326455837,2.8247512131626777,7.084918282395494,0.0001937373381182517,0.006051601019832612,6.265664596632373,BH_from_pvalue
fluoroquinolone,ciprofloxacin,ciprofloxacin_vs_control,downregulated,b4378,b4378,385.40401251923964,-2.2769785822163984,0.20632941520514042,1.7996546351811536e-06,0.0017717344157504315,6.265337405919319,BH_from_pvalue
fluoroquinolone,ciprofloxacin,ciprofloxacin_vs_control,downregulated,b4014,b4014,22123.27205714906,-3.393575321688626,0.09515509246852104,0.0024007554799998203,0.0142641776424173,6.263702717157383,BH_from_pvalue
fluoroquinolone,ciprofloxacin,ciprofloxacin_vs_control,upregulated,b1025,b1025,89.51865557478773,2.6605381394016234,6.322688479926065,3.485182614894046e-05,0.004459540839808195,6.254153222610365,BH_from_pvalue
fluoroquinolone,ciprofloxacin,ciprofloxacin_vs_control,downregulated,b0999,b0999,1929.9120201146054,-3.1942970354517968,0.10924983186569398,0.0011232940573946573,0.011265989676341187,6.223227393085714,BH_from_pvalue
fluoroquinolone,ciprofloxacin,ciprofloxacin_vs_control,downregulated,b1275,b1275,2760.2223232953784,-2.612983708374202,0.16346076443645413,1.9568755949280102e-05,0.004191441155231519,6.212725769842487,BH_from_pvalue
fluoroquinolone,ciprofloxacin,ciprofloxacin_vs_control,downregulated,b1205,b1205,15606.242731410246,-3.063217931861903,0.1196408580982032,0.0006649072940386738,0.009505026447269525,6.193969619811878,BH_from_pvalue
fluoroquinolone,ciprofloxacin,ciprofloxacin_vs_control,downregulated,b0199,b0199,732.1859315349692,-3.3239017964213344,0.09986328697216765,0.002209209397530593,0.01372517109128813,6.190708040540027,BH_from_pvalue
fluoroquinolone,ciprofloxacin,ciprofloxacin_vs_control,upregulated,b4370,b4370,4.270794162385575,3.2423699863850692,9.46347464635372,0.0015807808835464883,0.012402747137541264,6.18152037446956,BH_from_pvalue
fluoroquinolone,ciprofloxacin,ciprofloxacin_vs_control,upregulated,b0139,b0139,21.805734094480204,3.127519053259717,8.739308031313046,0.0009276320459940863,0.01062084929663175,6.173224564642432,BH_from_pvalue
fluoroquinolone,ciprofloxacin,ciprofloxacin_vs_control,downregulated,b1683,b1683,3035.1155896501205,-3.055351900235287,0.12029495962400844,0.0006762715443800275,0.009544779242803069,6.17252613231395,BH_from_pvalue
fluoroquinolone,ciprofloxacin,ciprofloxacin_vs_control,downregulated,b4015,b4015,53449.99273912145,-3.1569433110071827,0.11211542531404114,0.0012153344688756707,0.011317959505181713,6.144143665580329,BH_from_pvalue
fluoroquinolone,ciprofloxacin,ciprofloxacin_vs_control,downregulated,b2013,b2013,573.0789501995289,-3.0136196374560287,0.12382550093815939,0.0006148746315914792,0.009156865774016473,6.14251972459829,BH_from_pvalue
fluoroquinolone,ciprofloxacin,ciprofloxacin_vs_control,downregulated,b1598,b1598,2637.2268926879156,-2.755932338980191,0.14804089429547748,0.0001755518228468911,0.005974846661051763,6.128292982432382,BH_from_pvalue
fluoroquinolone,ciprofloxacin,ciprofloxacin_vs_control,upregulated,b4517,b4517,17.471804697454598,4.16357771765323,17.92098111973998,0.011799703452067233,0.03382732066755795,6.1235086478195075,BH_from_pvalue
fluoroquinolone,ciprofloxacin,ciprofloxacin_vs_control,upregulated,b1502,b1502,18.462972959607058,3.6310160634823356,12.389242391137383,0.005207515847077929,0.020868560978927485,6.101949717465928,BH_from_pvalue
fluoroquinolone,ciprofloxacin,ciprofloxacin_vs_control,upregulated,b1310,b1310,20.73013702298407,3.4769616035849706,11.134474793708844,0.003923122378141086,0.01764611961187759,6.0963333441675,BH_from_pvalue
fluoroquinolone,ciprofloxacin,ciprofloxacin_vs_control,upregulated,b4311,b4311,8.79737940734587,3.6355367730513195,12.428125182054702,0.005423446866947633,0.021342663173692433,6.074078115257391,BH_from_pvalue
fluoroquinolone,ciprofloxacin,ciprofloxacin_vs_control,downregulated,b2465,b2465,9594.684145640176,-2.920245636716956,0.13210476068193813,0.0005142363713198367,0.008433404237097047,6.056580929863745,BH_from_pvalue
fluoroquinolone,ciprofloxacin,ciprofloxacin_vs_control,upregulated,b2668,b2668,371.75315625739273,3.593824983009517,12.07394293870913,0.0053433798015927,0.02111996691350085,6.020759311661879,BH_from_pvalue
fluoroquinolone,ciprofloxacin,ciprofloxacin_vs_control,downregulated,b2215,b2215,116557.77002686793,-2.564661937514197,0.16902845742956973,6.780152918411135e-05,0.004591207330825119,5.996367073406639,BH_from_pvalue
fluoroquinolone,ciprofloxacin,ciprofloxacin_vs_control,upregulated,b3043,b3043,10.242957444836607,3.594757696711232,12.081751361703983,0.005563553577480228,0.021666548910394864,5.982432635445687,BH_from_pvalue
fluoroquinolone,ciprofloxacin,ciprofloxacin_vs_control,downregulated,b4056,b4056,1159.187800508691,-2.954257843884138,0.1290267547276692,0.0007151488116294271,0.009622153109308997,5.957933735455756,BH_from_pvalue
fluoroquinolone,ciprofloxacin,ciprofloxacin_vs_control,downregulated,b1661,b1661,4552.3799177717365,-2.5863279253501137,0.16650900125024418,9.463311553337467e-05,0.0050969882590061666,5.92963877456161,BH_from_pvalue
fluoroquinolone,ciprofloxacin,ciprofloxacin_vs_control,upregulated,b2119,b2119,11.916802842626595,3.16180513762866,8.94948793449662,0.001987253045712522,0.013401295651596586,5.921596906304194,BH_from_pvalue
fluoroquinolone,ciprofloxacin,ciprofloxacin_vs_control,upregulated,b1888,b1888,111.88423450449334,2.947198005693764,7.712496907033761,0.000759281506957734,0.009798835405099711,5.920406617277296,BH_from_pvalue
fluoroquinolone,ciprofloxacin,ciprofloxacin_vs_control,upregulated,b2864,b2864,6.5903224040107276,3.3209581027754878,9.993278786772857,0.0035590631765142424,0.017048632766731697,5.872484897170083,BH_from_pvalue
fluoroquinolone,ciprofloxacin,ciprofloxacin_vs_control,upregulated,b4499,b4499,57.29123809562111,2.4912506082288983,5.622651417711192,3.6098128054817413e-05,0.004459540839808195,5.856207354835745,BH_from_pvalue
fluoroquinolone,ciprofloxacin,ciprofloxacin_vs_control,downregulated,b1857,b1857,1458.647850384076,-2.6722779957514238,0.1568787667188584,0.00024124242610448288,0.0065367977868552056,5.837951904424106,BH_from_pvalue
fluoroquinolone,ciprofloxacin,ciprofloxacin_vs_control,upregulated,b4205,b4205,11.237422668637114,4.294252792899397,19.619995327942355,0.018394728253819475,0.04422907583506482,5.815672783567902,BH_from_pvalue
fluoroquinolone,ciprofloxacin,ciprofloxacin_vs_control,upregulated,b3723,b3723,15.938967341715355,3.421730975745196,10.716270333691996,0.004899468610282425,0.020125853706895295,5.80409641476015,BH_from_pvalue
fluoroquinolone,ciprofloxacin,ciprofloxacin_vs_control,upregulated,b2533,b2533,811.624094411898,2.9426972978059327,7.688474083970346,0.000939354822202773,0.010674166810370733,5.80201625319015,BH_from_pvalue
fluoroquinolone,ciprofloxacin,ciprofloxacin_vs_control,upregulated,b2977,b2977,1329.551343549193,3.180357918449703,9.065319820093434,0.0028126233174641255,0.01534130101258515,5.769607544944313,BH_from_pvalue
fluoroquinolone,ciprofloxacin,ciprofloxacin_vs_control,upregulated,b1194,b1194,32.638609680368184,2.8145117134682094,7.034811241361612,0.0005846330503519652,0.008944140561626611,5.7654185605583335,BH_from_pvalue
fluoroquinolone,ciprofloxacin,ciprofloxacin_vs_control,downregulated,b1263,b1263,144.64467504924315,-3.0306914203977957,0.12236887711216442,0.0016571622369290428,0.0125753664508343,5.759766462463079,BH_from_pvalue
fluoroquinolone,ciprofloxacin,ciprofloxacin_vs_control,downregulated,b1953,b1953,2310.1578673532367,-2.8180513739194915,0.1418018860062468,0.000618872208826369,0.009156865774016473,5.743902095038148,BH_from_pvalue
fluoroquinolone,ciprofloxacin,ciprofloxacin_vs_control,upregulated,b2871,b2871,183.6372089840044,3.4161289362040996,10.674739335101819,0.00530770971089428,0.021034430202292925,5.729084786141053,BH_from_pvalue
fluoroquinolone,ciprofloxacin,ciprofloxacin_vs_control,upregulated,b2976,b2976,10461.064508065121,2.868185203326936,7.301461159857513,0.0008475543120198451,0.010191292132459772,5.712767391332654,BH_from_pvalue
fluoroquinolone,ciprofloxacin,ciprofloxacin_vs_control,upregulated,b2691,b2691,5.976412548485527,3.2062849872507266,9.229707879458653,0.0034279773394207775,0.016687274970470407,5.699538933774807,BH_from_pvalue
fluoroquinolone,ciprofloxacin,ciprofloxacin_vs_control,downregulated,b0977,b0977,121.8665855749339,-2.8203450207572516,0.14157662354017295,0.0007262947917814005,0.009632181690988798,5.686592098583519,BH_from_pvalue
fluoroquinolone,ciprofloxacin,ciprofloxacin_vs_control,upregulated,b4438,b4438,12.949144457700308,2.9931048324723157,7.961856296515629,0.001725742730826461,0.012802144094699389,5.665101263927037,BH_from_pvalue
fluoroquinolone,ciprofloxacin,ciprofloxacin_vs_control,upregulated,b3696,b3696,61.99288181361638,2.8256792729273235,7.0894773490891785,0.0007795109708932154,0.00993269220135321,5.659646326538464,BH_from_pvalue
fluoroquinolone,ciprofloxacin,ciprofloxacin_vs_control,upregulated,b2699,b2699,19264.015808354492,2.4046278993185624,5.294989778833491,2.654134765917478e-05,0.004459540839808195,5.6525824993752405,BH_from_pvalue
fluoroquinolone,ciprofloxacin,ciprofloxacin_vs_control,downregulated,b1765,b1765,698.7831959310337,-2.3323683186432964,0.1985579019131241,1.6708665364130583e-05,0.0040878669332475425,5.570869308433928,BH_from_pvalue
fluoroquinolone,ciprofloxacin,ciprofloxacin_vs_control,downregulated,b2000,b2000,490.2569326725216,-2.7555516147563255,0.14807996713529775,0.000710991936348377,0.009622153109308997,5.557197371696363,BH_from_pvalue
fluoroquinolone,ciprofloxacin,ciprofloxacin_vs_control,upregulated,b3534,b3534,88.53587720801913,2.470676936068714,5.543038146352443,0.00014606043427293784,0.005668554449342284,5.550444118763451,BH_from_pvalue
fluoroquinolone,ciprofloxacin,ciprofloxacin_vs_control,downregulated,b0829,b0829,1071.2717001009162,-2.370210200390785,0.19341744125562596,6.296717751646528e-05,0.004591207330825119,5.541724698597699,BH_from_pvalue
fluoroquinolone,ciprofloxacin,ciprofloxacin_vs_control,downregulated,b0631,b0631,1337.5506852322278,-2.8841639616781585,0.13545035110598266,0.0014205913403492055,0.012009187398790117,5.538997600674921,BH_from_pvalue
fluoroquinolone,ciprofloxacin,ciprofloxacin_vs_control,upregulated,b3977,b3977,151.31741807410583,3.000583001397694,8.0032334994945,0.0024246162626870476,0.014305490285261277,5.534567104183273,BH_from_pvalue
fluoroquinolone,ciprofloxacin,ciprofloxacin_vs_control,not_regulated,b1889,b1889,71.20080383917036,4.969686415284282,31.33463787429937,0.04093659823541006,0.07772596828318888,5.513538377534169,BH_from_pvalue
fluoroquinolone,ciprofloxacin,ciprofloxacin_vs_control,upregulated,b3861,b3861,35.48024474932227,2.7640381372729372,6.7929495390780055,0.000811381772092001,0.010146706338661996,5.510593480683476,BH_from_pvalue
fluoroquinolone,ciprofloxacin,ciprofloxacin_vs_control,downregulated,b4057,b4057,1284.5735507803763,-2.843486185205945,0.13932381759413012,0.0012978226412284721,0.011642392463665698,5.499182186949369,BH_from_pvalue
fluoroquinolone,ciprofloxacin,ciprofloxacin_vs_control,downregulated,b1199,b1199,372.79527930509624,-2.345052142548546,0.19681988045899113,4.8911391738588074e-05,0.004591207330825119,5.482903320438877,BH_from_pvalue
fluoroquinolone,ciprofloxacin,ciprofloxacin_vs_control,downregulated,b0487,b0487,1214.509049275872,-2.3685298860735156,0.19364284678197782,7.976202156654166e-05,0.004894126348439595,5.472073389681858,BH_from_pvalue
fluoroquinolone,ciprofloxacin,ciprofloxacin_vs_control,upregulated,b4502,b4502,36.509950398520246,2.7190521266099297,6.584400661629538,0.0007453669387985304,0.009774520381095596,5.465035223266498,BH_from_pvalue
fluoroquinolone,ciprofloxacin,ciprofloxacin_vs_control,not_regulated,b3558,b3558,47.3487348832696,4.395161254365106,21.041435896442394,0.026737506370532033,0.057269192216501466,5.459137243285266,BH_from_pvalue
fluoroquinolone,ciprofloxacin,ciprofloxacin_vs_control,downregulated,b0976,b0976,44.68180536789104,-3.127733864976994,0.11440849909006744,0.004108379684402783,0.018064019374822795,5.45222066411804,BH_from_pvalue
fluoroquinolone,ciprofloxacin,ciprofloxacin_vs_control,upregulated,b3110,b3110,186.9760069735253,2.9713362460399972,7.842622974152144,0.0025334866234094735,0.014685080969195635,5.446826758276884,BH_from_pvalue
fluoroquinolone,ciprofloxacin,ciprofloxacin_vs_control,upregulated,b2054,b2054,8.174442877077881,3.469878951167585,11.079946046813433,0.00805745152854337,0.027138716008606966,5.435255529312693,BH_from_pvalue
fluoroquinolone,ciprofloxacin,ciprofloxacin_vs_control,upregulated,b2970,b2970,9.753304426675266,3.555230345122944,11.75522579186874,0.009473128199104851,0.02980023996044893,5.424500205114849,BH_from_pvalue
fluoroquinolone,ciprofloxacin,ciprofloxacin_vs_control,upregulated,b1951,b1951,40.898738879634095,3.3241397020294365,10.015341448530451,0.006288139223534314,0.02334554953765904,5.4243175322418935,BH_from_pvalue
fluoroquinolone,ciprofloxacin,ciprofloxacin_vs_control,upregulated,b0315,b0315,153.04493542120113,3.524068023710867,11.504034670323758,0.008974976412113707,0.02889723972919646,5.424046882691229,BH_from_pvalue
fluoroquinolone,ciprofloxacin,ciprofloxacin_vs_control,upregulated,b2870,b2870,264.5798377240371,3.518406073893531,11.458974821625052,0.008929040590094061,0.02876993164344061,5.422078980699413,BH_from_pvalue
fluoroquinolone,ciprofloxacin,ciprofloxacin_vs_control,downregulated,b1241,b1241,18359.45186030027,-2.4092407253354224,0.18825489385686153,0.00015627984546043704,0.005668554449342284,5.412425970957247,BH_from_pvalue
fluoroquinolone,ciprofloxacin,ciprofloxacin_vs_control,upregulated,b2505,b2505,18.106556744101525,2.8315817111155943,7.118541647000159,0.00152594767749869,0.01229906469052629,5.408683267699464,BH_from_pvalue
fluoroquinolone,ciprofloxacin,ciprofloxacin_vs_control,upregulated,b2562,b2562,61.06261669107226,3.1909308296648633,9.131999810752616,0.00494815514384994,0.020251867003673367,5.403952829900613,BH_from_pvalue
fluoroquinolone,ciprofloxacin,ciprofloxacin_vs_control,downregulated,b0806,b0806,359.3108796532476,-3.055313071647946,0.12029819727719952,0.003607821085368487,0.01715431209512416,5.39454231445796,BH_from_pvalue
fluoroquinolone,ciprofloxacin,ciprofloxacin_vs_control,upregulated,b3113,b3113,80.8085202683003,2.874985631742158,7.335959284126511,0.0021364201134688315,0.013613438931790699,5.364815626809153,BH_from_pvalue
fluoroquinolone,ciprofloxacin,ciprofloxacin_vs_control,upregulated,b2888,b2888,23.39790233927576,3.139583447082242,8.81269604804613,0.004686569434511965,0.019592786332675416,5.3621064923176815,BH_from_pvalue
fluoroquinolone,ciprofloxacin,ciprofloxacin_vs_control,downregulated,b1836,b1836,1598.6555577132983,-2.3729122684340798,0.19305552279368746,0.00014637355562345682,0.005668554449342284,5.33081308705157,BH_from_pvalue
fluoroquinolone,ciprofloxacin,ciprofloxacin_vs_control,downregulated,b2410,b2410,914.7437029536169,-2.3702725105224722,0.19340908771892082,0.00014180403199028232,0.005668554449342284,5.324882797841539,BH_from_pvalue
fluoroquinolone,ciprofloxacin,ciprofloxacin_vs_control,downregulated,b2414,b2414,6863.737166492326,-3.3394147543847765,0.0987952332626075,0.007413030358845723,0.025813894825286687,5.303479733147383,BH_from_pvalue
fluoroquinolone,ciprofloxacin,ciprofloxacin_vs_control,upregulated,b2108,b2108,8.417972298929932,3.2773255897156117,9.695569148046483,0.006691504769811544,0.024292484628419958,5.291334137517732,BH_from_pvalue
fluoroquinolone,ciprofloxacin,ciprofloxacin_vs_control,upregulated,b4036,b4036,5125.260342221886,3.44607328859059,10.898617910453002,0.009124876564476449,0.029242549785429086,5.2862239135486595,BH_from_pvalue
fluoroquinolone,ciprofloxacin,ciprofloxacin_vs_control,upregulated,b2760,b2760,21.277769544913884,2.9261264304697274,7.600669117871497,0.003063304486447623,0.015675476200274638,5.281012285082255,BH_from_pvalue
fluoroquinolone,ciprofloxacin,ciprofloxacin_vs_control,downregulated,b1287,b1287,316.31187771790906,-3.1457501433005755,0.11298865736883959,0.005252866527189644,0.020956808911664827,5.280691639159085,BH_from_pvalue
fluoroquinolone,ciprofloxacin,ciprofloxacin_vs_control,upregulated,b3658,b3658,12.249409996086227,2.9963709882305647,7.9799017743210205,0.003816851484840404,0.01750071149726008,5.264456912180296,BH_from_pvalue
fluoroquinolone,ciprofloxacin,ciprofloxacin_vs_control,upregulated,b4345,b4345,81.43084826955503,2.249673038923963,4.755750531910482,5.248347486160291e-05,0.004591207330825119,5.259900004446348,BH_from_pvalue
fluoroquinolone,ciprofloxacin,ciprofloxacin_vs_control,upregulated,b4181,b4181,2.939908217413269,2.7727477281942625,6.834082804722425,0.0017776823739851192,0.012802144094699389,5.248027562926807,BH_from_pvalue
fluoroquinolone,ciprofloxacin,ciprofloxacin_vs_control,downregulated,b0897,b0897,8411.91303590076,-2.7976501645496104,0.14382135731587556,0.001985244650285765,0.013401295651596586,5.23958809547107,BH_from_pvalue
fluoroquinolone,ciprofloxacin,ciprofloxacin_vs_control,upregulated,b0646,b0646,8.480929766388725,3.3466368965761317,10.172743413807682,0.008101062783164026,0.027213278863832555,5.238220084821001,BH_from_pvalue
fluoroquinolone,ciprofloxacin,ciprofloxacin_vs_control,downregulated,b2464,b2464,3463.661391327423,-2.567033291985954,0.16875085395915956,0.0006072831102759549,0.009156865774016473,5.232263698359403,BH_from_pvalue
fluoroquinolone,ciprofloxacin,ciprofloxacin_vs_control,downregulated,b0699,b0699,2407.6954226216762,-2.883818989129235,0.13548274342629782,0.002820683645201099,0.01534130101258515,5.23164506152324,BH_from_pvalue
fluoroquinolone,ciprofloxacin,ciprofloxacin_vs_control,upregulated,b4158,b4158,29.90597030005692,2.6639309591341047,6.337575192430026,0.0010536886797955685,0.010980515378483893,5.219645784774576,BH_from_pvalue
fluoroquinolone,ciprofloxacin,ciprofloxacin_vs_control,upregulated,b4653,b4653,7.347831067642102,3.7892597731718074,13.825500208261314,0.016934908321600252,0.042271485921508284,5.206262884093615,BH_from_pvalue
fluoroquinolone,ciprofloxacin,ciprofloxacin_vs_control,upregulated,b2858,b2858,5.638791667518196,3.515706047043036,11.437549222345528,0.01138097272151506,0.033069518928536656,5.205256365361143,BH_from_pvalue
fluoroquinolone,ciprofloxacin,ciprofloxacin_vs_control,upregulated,b0689,b0689,32.80589039498117,2.868265518435971,7.301867644912109,0.002837697297125577,0.01534130101258515,5.203428922282638,BH_from_pvalue
fluoroquinolone,ciprofloxacin,ciprofloxacin_vs_control,not_regulated,b3053,b3053,1266.5998262694823,-1.61571742406948,0.3263026424884451,1.379522673620954e-07,0.000620509298594705,5.182012464808747,BH_from_pvalue
fluoroquinolone,ciprofloxacin,ciprofloxacin_vs_control,downregulated,b1635,b1635,1173.8638411160362,-2.3049458580670006,0.20236814853264581,0.00015661963451566333,0.005668554449342284,5.178124665029191,BH_from_pvalue
fluoroquinolone,ciprofloxacin,ciprofloxacin_vs_control,upregulated,b4536,b4536,256.12823317102817,2.0002125031036266,4.000589227102867,6.3427518648199765e-06,0.0025936088989054777,5.172740578101784,BH_from_pvalue
fluoroquinolone,ciprofloxacin,ciprofloxacin_vs_control,downregulated,b3513,b3513,1137.7633869472252,-2.6778218409285675,0.15627708536045035,0.0013246734691049233,0.011731742685014705,5.169903186937898,BH_from_pvalue
fluoroquinolone,ciprofloxacin,ciprofloxacin_vs_control,downregulated,b2021,b2021,326.2353116758472,-2.3598043729846196,0.19481756005687112,0.00023334735601976503,0.0065367977868552056,5.155311107316164,BH_from_pvalue
fluoroquinolone,ciprofloxacin,ciprofloxacin_vs_control,upregulated,b1160,b1160,6.880055429187668,3.4332655650907764,10.802292137402704,0.010543712785325258,0.03151385837224921,5.155042825193511,BH_from_pvalue
fluoroquinolone,ciprofloxacin,ciprofloxacin_vs_control,downregulated,b2592,b2592,7075.91293776561,-2.3881793876358497,0.19102331139180148,0.00030449138220315324,0.006989911817078108,5.14778826308853,BH_from_pvalue
fluoroquinolone,ciprofloxacin,ciprofloxacin_vs_control,upregulated,b1144,b1144,190.62180061452705,2.622011765624782,6.156079085169872,0.0010399668039886819,0.010960871772410017,5.139549217817298,BH_from_pvalue
fluoroquinolone,ciprofloxacin,ciprofloxacin_vs_control,upregulated,b3557,b3557,70.50285154397368,3.581407330860895,11.970465333853905,0.013684978201760407,0.03685930056977144,5.133778760572578,BH_from_pvalue
fluoroquinolone,ciprofloxacin,ciprofloxacin_vs_control,downregulated,b2421,b2421,790.8939742749258,-2.146144747728913,0.2259155141127263,1.7438612507668803e-05,0.0040878669332475425,5.126073704145596,BH_from_pvalue
fluoroquinolone,ciprofloxacin,ciprofloxacin_vs_control,downregulated,b2169,b2169,738.757369063715,-2.6274602213950597,0.16182874306478967,0.0011697017445006905,0.011267029991630886,5.118793172865914,BH_from_pvalue
fluoroquinolone,ciprofloxacin,ciprofloxacin_vs_control,downregulated,b0966,b0966,2099.29942264564,-2.2312139217719977,0.21297944099053895,9.020160937511799e-05,0.0050969882590061666,5.115473739893179,BH_from_pvalue
fluoroquinolone,ciprofloxacin,ciprofloxacin_vs_control,downregulated,b1680,b1680,1468.9916636792914,-2.5480456499837434,0.1709865025203651,0.000776303858026495,0.00993269220135321,5.103564775008248,BH_from_pvalue
fluoroquinolone,ciprofloxacin,ciprofloxacin_vs_control,downregulated,b0754,b0754,4230.819886497505,-2.1828069647261454,0.2202468109923498,6.861040144943036e-05,0.004591207330825119,5.103562235408304,BH_from_pvalue
fluoroquinolone,ciprofloxacin,ciprofloxacin_vs_control,downregulated,b4430,b4430,13.00642621746161,-2.8037341783368905,0.1432161228936713,0.0027030556797080826,0.015150207167770687,5.101622641263665,BH_from_pvalue
fluoroquinolone,ciprofloxacin,ciprofloxacin_vs_control,upregulated,b1924,b1924,70.0889634603543,3.8996270650176394,14.924669356310508,0.021684347476144523,0.04918748801057467,5.101279035842717,BH_from_pvalue
fluoroquinolone,ciprofloxacin,ciprofloxacin_vs_control,downregulated,b3494,b3494,3243.4766393798714,-2.471767215956598,0.18027019383134207,0.0005439578262539514,0.008676320221596714,5.095954542502535,BH_from_pvalue
fluoroquinolone,ciprofloxacin,ciprofloxacin_vs_control,upregulated,b4317,b4317,310.74978428282924,2.7970689701620595,6.950269741148159,0.002732244465876706,0.015168834188204366,5.088002145291463,BH_from_pvalue
fluoroquinolone,ciprofloxacin,ciprofloxacin_vs_control,upregulated,b4204,b4204,15.230987156941964,3.641120031882843,12.476315465067568,0.015692998632807393,0.040129111910385255,5.084971413098369,BH_from_pvalue
fluoroquinolone,ciprofloxacin,ciprofloxacin_vs_control,upregulated,b0141,b0141,7.3976087328144695,3.363119745800325,10.289633886677287,0.010156434728377574,0.030992973818346217,5.074062357191759,BH_from_pvalue
fluoroquinolone,ciprofloxacin,ciprofloxacin_vs_control,downregulated,b1264,b1264,102.2519534183376,-2.795428566014264,0.14404299767816103,0.002900108513896479,0.015388253923440346,5.067582692446448,BH_from_pvalue
fluoroquinolone,ciprofloxacin,ciprofloxacin_vs_control,upregulated,b0294,b0294,2.8331798141741795,2.7250692542898007,6.611919932357001,0.002297404735473441,0.014040389266521111,5.048520121804607,BH_from_pvalue
fluoroquinolone,ciprofloxacin,ciprofloxacin_vs_control,upregulated,b2939,b2939,149.8294697850611,2.4762239037048133,5.564391403480804,0.0006233987079087978,0.009163553556123439,5.04638602953436,BH_from_pvalue
fluoroquinolone,ciprofloxacin,ciprofloxacin_vs_control,upregulated,b2402,b2402,34.87106604423273,2.763050803826107,6.788302256303753,0.0026406466743426043,0.014940413510934633,5.044328836485933,BH_from_pvalue
fluoroquinolone,ciprofloxacin,ciprofloxacin_vs_control,downregulated,b2080,b2080,2680.3456321123654,-2.6195766815386783,0.16271546922438931,0.0014007745216180058,0.012004644932831602,5.031291736685027,BH_from_pvalue
fluoroquinolone,ciprofloxacin,ciprofloxacin_vs_control,downregulated,b1973,b1973,63.757028447158156,-2.460153313710717,0.1817272516716829,0.0006159229282790371,0.009156865774016473,5.0144152457675295,BH_from_pvalue
fluoroquinolone,ciprofloxacin,ciprofloxacin_vs_control,upregulated,b4037,b4037,919.2695880636961,2.7655770107785225,6.8001992120492085,0.002911383745853209,0.015388253923440346,5.013467475018109,BH_from_pvalue
fluoroquinolone,ciprofloxacin,ciprofloxacin_vs_control,upregulated,b0721,b0721,961.349605960817,2.505337459401174,5.677821363188725,0.0008018357418572691,0.01013266357903108,4.996335310180839,BH_from_pvalue
fluoroquinolone,ciprofloxacin,ciprofloxacin_vs_control,downregulated,b0830,b0830,816.2547239025158,-2.4740427753632526,0.17998607821595922,0.0007169969753956032,0.009622153109308997,4.989470687134579,BH_from_pvalue
fluoroquinolone,ciprofloxacin,ciprofloxacin_vs_control,upregulated,b1499,b1499,8.97200920306119,2.709778482421253,6.542211872093988,0.002489274182962508,0.014525157991941063,4.980245333414556,BH_from_pvalue
fluoroquinolone,ciprofloxacin,ciprofloxacin_vs_control,upregulated,b1566,b1566,36.85139755926853,3.210967737273555,9.25971466029309,0.008822977273255515,0.028550900557628277,4.958954959703493,BH_from_pvalue
fluoroquinolone,ciprofloxacin,ciprofloxacin_vs_control,upregulated,b4600,b4600,38.08330761637498,2.5338451430677447,5.791131043990567,0.0011423459122935754,0.011265989676341187,4.936514772786644,BH_from_pvalue
fluoroquinolone,ciprofloxacin,ciprofloxacin_vs_control,downregulated,b3469,b3469,3667.454258871676,-2.4867249830757387,0.17841081992939165,0.0008802231719664759,0.010391716082690836,4.931953308356367,BH_from_pvalue
fluoroquinolone,ciprofloxacin,ciprofloxacin_vs_control,upregulated,b1728,b1728,185.83302761853315,2.283722477337866,4.869327301029754,0.0002947806198356834,0.006959591727765731,4.926939952875624,BH_from_pvalue
fluoroquinolone,ciprofloxacin,ciprofloxacin_vs_control,downregulated,b1858,b1858,793.3935863452288,-2.2709331082244884,0.2071958327092756,0.00025897235782034703,0.006772428287650702,4.926234328080631,BH_from_pvalue
fluoroquinolone,ciprofloxacin,ciprofloxacin_vs_control,not_regulated,b2534,b2534,33.145469556915444,4.114482676997372,17.32138849421332,0.03162630934926906,0.0645805354377828,4.895816183701618,BH_from_pvalue
fluoroquinolone,ciprofloxacin,ciprofloxacin_vs_control,downregulated,b4393,b4393,395.04187899579773,-2.1394086256474285,0.22697280806561063,0.00010671011971328665,0.005161098048068423,4.893379259658877,BH_from_pvalue
fluoroquinolone,ciprofloxacin,ciprofloxacin_vs_control,upregulated,b2873,b2873,70.68235680195731,2.9617990414670095,7.790948841573723,0.005847796483062341,0.022319957881095715,4.890838391738902,BH_from_pvalue
fluoroquinolone,ciprofloxacin,ciprofloxacin_vs_control,upregulated,b0841,b0841,178.96734263135363,2.0805998624631004,4.229830530481715,4.295548881053558e-05,0.004493995088288971,4.8839323032780015,BH_from_pvalue
fluoroquinolone,ciprofloxacin,ciprofloxacin_vs_control,downregulated,b0454,b0454,465.496974284649,-2.0824332201939457,0.23611584747148595,5.4128775154845396e-05,0.004591207330825119,4.868881083891397,BH_from_pvalue
fluoroquinolone,ciprofloxacin,ciprofloxacin_vs_control,upregulated,b1457,b1457,25.780432640905897,3.0190153739665906,8.106141583274653,0.006779189429778434,0.02448504597498101,4.863932879972936,BH_from_pvalue
fluoroquinolone,ciprofloxacin,ciprofloxacin_vs_control,downregulated,b2665,b2665,7221.107716595223,-2.540685203222699,0.17186108302953595,0.0015140142871319967,0.01229906469052629,4.853033727834118,BH_from_pvalue
fluoroquinolone,ciprofloxacin,ciprofloxacin_vs_control,not_regulated,b4035,b4035,779.1975340204316,3.8003269561089867,13.93196603841109,0.024278278004257105,0.053452615987835767,4.83413383293881,BH_from_pvalue
fluoroquinolone,ciprofloxacin,ciprofloxacin_vs_control,upregulated,b0748,b0748,145.21864321238567,2.8193357554577476,7.058373411209906,0.0047250305470190115,0.019642502218568867,4.812051258645347,BH_from_pvalue
fluoroquinolone,ciprofloxacin,ciprofloxacin_vs_control,downregulated,b2154,b2154,1174.9931872497548,-2.045551235471029,0.24222988358461456,2.481755067837997e-05,0.004459540839808195,4.808497447141669,BH_from_pvalue
fluoroquinolone,ciprofloxacin,ciprofloxacin_vs_control,downregulated,b0605,b0605,19315.24234576115,-2.381331908564201,0.1919321224438528,0.0006929522288016759,0.00958609095037041,4.806381391454911,BH_from_pvalue
fluoroquinolone,ciprofloxacin,ciprofloxacin_vs_control,upregulated,b1409,b1409,9.492274319142865,3.1402291005402296,8.816640901896452,0.009400462025634571,0.029651667735837516,4.798115802012197,BH_from_pvalue
fluoroquinolone,ciprofloxacin,ciprofloxacin_vs_control,upregulated,b0301,b0301,15.496781377599712,3.2794333242495846,9.709744438442062,0.012465037726598904,0.0350204495279462,4.7737998724444415,BH_from_pvalue
fluoroquinolone,ciprofloxacin,ciprofloxacin_vs_control,downregulated,b1480,b1480,9894.296725702128,-2.4926514232467465,0.17767943022623947,0.0015508010318853597,0.012356213827294552,4.756264535354088,BH_from_pvalue
fluoroquinolone,ciprofloxacin,ciprofloxacin_vs_control,downregulated,b2019,b2019,328.3538822713789,-2.116841885276024,0.23055104574469806,0.00014039510213716816,0.005668554449342284,4.755543883927555,BH_from_pvalue
fluoroquinolone,ciprofloxacin,ciprofloxacin_vs_control,upregulated,b2367,b2367,14.435456822607671,2.6250295676497184,6.168969731723955,0.0029273085507571686,0.015437069030697092,4.755070838557503,BH_from_pvalue
fluoroquinolone,ciprofloxacin,ciprofloxacin_vs_control,downregulated,b1967,b1967,4518.655248072202,-2.470274690684475,0.18045678700313306,0.0014034973632592723,0.012004644932831602,4.744534766312947,BH_from_pvalue
fluoroquinolone,ciprofloxacin,ciprofloxacin_vs_control,upregulated,b0744,b0744,92.77757691720217,2.9289642788878902,7.615634702620867,0.006629836936056633,0.024166131716679688,4.7355285383903185,BH_from_pvalue
fluoroquinolone,ciprofloxacin,ciprofloxacin_vs_control,downregulated,b1321,b1321,583.059548742376,-2.0981529541127832,0.23355707375443482,0.00013334811874947093,0.005668554449342284,4.713558682808529,BH_from_pvalue
fluoroquinolone,ciprofloxacin,ciprofloxacin_vs_control,upregulated,b4347,b4347,58.137868894855394,2.5171603103746563,5.7245421483426755,0.0020351716260460975,0.013420943256177702,4.712670223702981,BH_from_pvalue
fluoroquinolone,ciprofloxacin,ciprofloxacin_vs_control,upregulated,b4044,b4044,1084.5895702851763,2.0948360204201144,4.271776066056129,0.0001329338938532911,0.005668554449342284,4.706107099463886,BH_from_pvalue
fluoroquinolone,ciprofloxacin,ciprofloxacin_vs_control,upregulated,b2878,b2878,723.7346611993017,2.6864523165502208,6.43728488124268,0.003945842723589562,0.017712974621462926,4.705881356701605,BH_from_pvalue
fluoroquinolone,ciprofloxacin,ciprofloxacin_vs_control,upregulated,b2945,b2945,43.50514317870142,2.3073881606470366,4.949861508012411,0.0006179242500426978,0.009156865774016473,4.703041191038758,BH_from_pvalue
fluoroquinolone,ciprofloxacin,ciprofloxacin_vs_control,not_regulated,b4654,b4654,7.53754537160346,3.7555785704092455,13.506468211134537,0.025886085397178238,0.05595175978688501,4.702683844977916,BH_from_pvalue
fluoroquinolone,ciprofloxacin,ciprofloxacin_vs_control,upregulated,b2175,b2175,1347.840101116061,2.655202370708299,6.299347376958092,0.0035791004324387675,0.017100909908414456,4.691691558630187,BH_from_pvalue
fluoroquinolone,ciprofloxacin,ciprofloxacin_vs_control,upregulated,b2681,b2681,195.7158769557656,2.4260309337692147,5.37412893186786,0.0013326861959415154,0.011731742685014705,4.6837862267021375,BH_from_pvalue
fluoroquinolone,ciprofloxacin,ciprofloxacin_vs_control,downregulated,b3507,b3507,156.83072229124448,-2.4794203559516825,0.1793164370445568,0.0018471821438639582,0.01292165673888038,4.682836101046365,BH_from_pvalue
fluoroquinolone,ciprofloxacin,ciprofloxacin_vs_control,upregulated,b4495,b4495,4.52114912217526,2.8335482758794743,7.1282516815625385,0.005908716013492347,0.02244713228774373,4.672065285347225,BH_from_pvalue
fluoroquinolone,ciprofloxacin,ciprofloxacin_vs_control,upregulated,b3704,b3704,256.7393023973023,2.772071854609652,6.830881924333872,0.005162224080770129,0.020826198477142864,4.660933887379145,BH_from_pvalue
fluoroquinolone,ciprofloxacin,ciprofloxacin_vs_control,upregulated,b4566,b4566,117.81703494916621,2.5776032615072424,5.969471713666236,0.0030166937175262307,0.015596653266014926,4.657648112139928,BH_from_pvalue
fluoroquinolone,ciprofloxacin,ciprofloxacin_vs_control,upregulated,b2775,b2775,13.862438334557607,2.4298510407485336,5.388377925027095,0.0015522466914948225,0.012356213827294552,4.6364342095824,BH_from_pvalue
fluoroquinolone,ciprofloxacin,ciprofloxacin_vs_control,not_regulated,b2816,b2816,7.311994660252901,3.7383416657672304,13.346057002421325,0.026889159809420554,0.05753922018209974,4.635678351701567,BH_from_pvalue
fluoroquinolone,ciprofloxacin,ciprofloxacin_vs_control,upregulated,b1497,b1497,17.65782403296703,3.0805359338199363,8.459286205116682,0.010848023166421094,0.03205940092152568,4.602458068885852,BH_from_pvalue
fluoroquinolone,ciprofloxacin,ciprofloxacin_vs_control,downregulated,b4140,b4140,598.6269920633503,-2.134713759413331,0.22771263366393346,0.0003161092867682894,0.006989911817078108,4.601435927574948,BH_from_pvalue
fluoroquinolone,ciprofloxacin,ciprofloxacin_vs_control,downregulated,b4408,b4408,35644.47206107579,-2.6615864154808033,0.15804568855174553,0.004341073275549254,0.01868446402664165,4.600603635744285,BH_from_pvalue
fluoroquinolone,ciprofloxacin,ciprofloxacin_vs_control,downregulated,b0903,b0903,29833.855129421554,-2.103180086413504,0.23274465046975343,0.0002355098801798588,0.0065367977868552056,4.594680721970327,BH_from_pvalue
fluoroquinolone,ciprofloxacin,ciprofloxacin_vs_control,not_regulated,b0962,b0962,1404.2486262988887,-1.9719527203905685,0.2549077743809063,7.320755601077383e-05,0.004704108384806582,4.589764681530151,BH_from_pvalue
fluoroquinolone,ciprofloxacin,ciprofloxacin_vs_control,upregulated,b3918,b3918,53.7502209208553,2.5034916193075576,5.670561583128201,0.002640354783972998,0.014940413510934633,4.570467886325825,BH_from_pvalue
fluoroquinolone,ciprofloxacin,ciprofloxacin_vs_control,downregulated,b2899,b2899,5160.638882051341,-2.3744974774520387,0.19284351313367976,0.0014286480469379434,0.012009187398790117,4.560190060333038,BH_from_pvalue
fluoroquinolone,ciprofloxacin,ciprofloxacin_vs_control,downregulated,b1200,b1200,829.7514852121366,-2.1749911230022114,0.22144324232628107,0.00044185258885705135,0.008065416519683127,4.553068126189273,BH_from_pvalue
fluoroquinolone,ciprofloxacin,ciprofloxacin_vs_control,upregulated,b4417,b4417,4.513707145543255,3.210255076781199,9.255141688875216,0.014830032640751414,0.03875929145265988,4.53167366068897,BH_from_pvalue
fluoroquinolone,ciprofloxacin,ciprofloxacin_vs_control,upregulated,b2060,b2060,39.608204268861954,3.2026446637179133,9.20644810003347,0.014693973118857418,0.03853978079039894,4.528830226167809,BH_from_pvalue
fluoroquinolone,ciprofloxacin,ciprofloxacin_vs_control,upregulated,b4319,b4319,37.18974887868437,2.5631984258568443,5.910165072626182,0.0036418003391812184,0.017206741518526386,4.522254482178553,BH_from_pvalue
fluoroquinolone,ciprofloxacin,ciprofloxacin_vs_control,upregulated,b0986,b0986,12.254275331175407,3.3047260472712647,9.881472530364805,0.01750616545181267,0.04300531523880578,4.515834991859837,BH_from_pvalue
fluoroquinolone,ciprofloxacin,ciprofloxacin_vs_control,downregulated,b3588,b3588,9653.999074279,-2.5622923429108884,0.16930631104330238,0.003864201525665327,0.017539029730012756,4.499371096903964,BH_from_pvalue
fluoroquinolone,ciprofloxacin,ciprofloxacin_vs_control,downregulated,b3508,b3508,939.0060607585959,-2.3391871370320736,0.19762164329211881,0.0014065024187643962,0.012004644932831602,4.492761367152063,BH_from_pvalue
fluoroquinolone,ciprofloxacin,ciprofloxacin_vs_control,upregulated,b3717,b3717,90.34878520311152,2.0434903827870627,4.122416816533771,0.00022248196565793598,0.006374037461970675,4.4866576257560356,BH_from_pvalue
fluoroquinolone,ciprofloxacin,ciprofloxacin_vs_control,upregulated,b1121,b1121,8.393195798935226,2.849718017352962,7.208594603888184,0.00794089177013397,0.026904318686093012,4.474564540964395,BH_from_pvalue
fluoroquinolone,ciprofloxacin,ciprofloxacin_vs_control,downregulated,b0812,b0812,36515.417680360064,-2.363784900143301,0.19428078149677525,0.001776530752713587,0.012802144094699389,4.473976547755053,BH_from_pvalue
fluoroquinolone,ciprofloxacin,ciprofloxacin_vs_control,upregulated,b3816,b3816,723.8468537483362,2.067605592585835,4.191903752751829,0.00027925537664900187,0.006890571931878038,4.4696354919324195,BH_from_pvalue
fluoroquinolone,ciprofloxacin,ciprofloxacin_vs_control,downregulated,b2097,b2097,7304.429901164521,-2.3949963670804646,0.19012282291191693,0.0021393503649927707,0.013613438931790699,4.46914022609514,BH_from_pvalue
fluoroquinolone,ciprofloxacin,ciprofloxacin_vs_control,downregulated,b3510,b3510,23823.225186022086,-2.75612663654233,0.1480209579629821,0.0065230760625663384,0.0240358942962117,4.462554095615345,BH_from_pvalue
fluoroquinolone,ciprofloxacin,ciprofloxacin_vs_control,upregulated,b1797,b1797,7.495034692016638,3.3485574673393113,10.186294776580885,0.020055606551184445,0.04683806763615143,4.451575748102234,BH_from_pvalue
fluoroquinolone,ciprofloxacin,ciprofloxacin_vs_control,upregulated,b1986,b1986,53.75822817381101,3.0373264899373598,8.20968284952203,0.012157361253420384,0.03443564919262272,4.44358352130727,BH_from_pvalue
fluoroquinolone,ciprofloxacin,ciprofloxacin_vs_control,downregulated,b2749,b2749,122.60487316365904,-2.2297051950650726,0.2132022849302062,0.0008256722605011753,0.010174996788313113,4.442611165057206,BH_from_pvalue
fluoroquinolone,ciprofloxacin,ciprofloxacin_vs_control,not_regulated,b2669,b2669,30.85721470519586,4.187780321335913,18.224158838043422,0.0473678751575178,0.0869635520238837,4.44182250748677,BH_from_pvalue
fluoroquinolone,ciprofloxacin,ciprofloxacin_vs_control,upregulated,b0987,b0987,34.984734191895036,3.025416956190723,8.142190387597623,0.011952142326168778,0.03407015896601468,4.4401801019141285,BH_from_pvalue
fluoroquinolone,ciprofloxacin,ciprofloxacin_vs_control,upregulated,b4365,b4365,5.581343722287378,3.14883158217825,8.869369692907291,0.015094970061970301,0.03902136513720828,4.4357513073550345,BH_from_pvalue
fluoroquinolone,ciprofloxacin,ciprofloxacin_vs_control,upregulated,b0162,b0162,542.7758205812014,2.457027739914178,5.4908433010792255,0.0030754394766069225,0.015701846499180404,4.4325991069664985,BH_from_pvalue
fluoroquinolone,ciprofloxacin,ciprofloxacin_vs_control,downregulated,b0489,b0489,1168.480903856383,-2.2327239975377537,0.21275663102445416,0.0008857983848704228,0.010402927245815043,4.427144361881539,BH_from_pvalue
fluoroquinolone,ciprofloxacin,ciprofloxacin_vs_control,upregulated,b1450,b1450,261.8573084251473,2.5895744356223327,6.019211188361863,0.0047236469267525,0.019642502218568867,4.419893905211395,BH_from_pvalue
fluoroquinolone,ciprofloxacin,ciprofloxacin_vs_control,downregulated,b1646,b1646,1204.6843469120788,-2.111235305330746,0.23144875297766213,0.0004431600964262878,0.008065416519683127,4.4196034061593386,BH_from_pvalue
fluoroquinolone,ciprofloxacin,ciprofloxacin_vs_control,not_regulated,b1262,b1262,318.56566976357266,-1.9903955101348343,0.25166988357916853,0.00018984336687335887,0.006042254736849542,4.4162914868845,BH_from_pvalue
fluoroquinolone,ciprofloxacin,ciprofloxacin_vs_control,downregulated,b1620,b1620,480.9866709080697,-2.2236348215162547,0.21410125811044667,0.0008983379400787727,0.010417817736262637,4.407740631570344,BH_from_pvalue
fluoroquinolone,ciprofloxacin,ciprofloxacin_vs_control,upregulated,b3175,b3175,3837.462643871196,2.3620065837656607,5.140848810183153,0.002145997324808243,0.013613438931790699,4.407580229725677,BH_from_pvalue
fluoroquinolone,ciprofloxacin,ciprofloxacin_vs_control,not_regulated,b0014,b0014,20424.15645410183,-1.9545186345334091,0.25800686629227426,0.00015127115268517803,0.005668554449342284,4.390880208450619,BH_from_pvalue
fluoroquinolone,ciprofloxacin,ciprofloxacin_vs_control,downregulated,b0002,b0002,1756.3198018405565,-2.3983516169637387,0.18968117145500343,0.0025738178628190466,0.014842349675589835,4.385379554272008,BH_from_pvalue
fluoroquinolone,ciprofloxacin,ciprofloxacin_vs_control,not_regulated,b0236,b0236,17.0002297555986,3.5605577694909227,11.79871443256155,0.0277318084482534,0.05870008207070296,4.38433301367579,BH_from_pvalue
fluoroquinolone,ciprofloxacin,ciprofloxacin_vs_control,downregulated,b1955,b1955,2083.742938628828,-2.1970737340268105,0.2180795304330309,0.0008301603584898977,0.010191292132459772,4.376067197314503,BH_from_pvalue
fluoroquinolone,ciprofloxacin,ciprofloxacin_vs_control,not_regulated,b3293,b3293,213.9324290434198,-1.5894069807424938,0.3323080205419738,1.969469114884873e-06,0.0017717344157504315,4.373414439402414,BH_from_pvalue
fluoroquinolone,ciprofloxacin,ciprofloxacin_vs_control,upregulated,b3533,b3533,165.6479209624799,2.4364529589122297,5.413092190790326,0.0032309109718838503,0.016110005253358647,4.3683270305411375,BH_from_pvalue
fluoroquinolone,ciprofloxacin,ciprofloxacin_vs_control,upregulated,b0645,b0645,4.207630949459441,2.717270087054863,6.576272527634505,0.00690398435107832,0.024685311296621847,4.368178482757936,BH_from_pvalue
fluoroquinolone,ciprofloxacin,ciprofloxacin_vs_control,not_regulated,b1474,b1474,2091.6626581485057,3.976341549371189,15.73975903662223,0.04243738815762121,0.07979343467157322,4.366153606329796,BH_from_pvalue
fluoroquinolone,ciprofloxacin,ciprofloxacin_vs_control,not_regulated,b0662,b0662,1112.8785244865644,-1.941217539385633,0.260396589920031,0.00015879009795845438,0.005668554449342284,4.360998930061564,BH_from_pvalue
fluoroquinolone,ciprofloxacin,ciprofloxacin_vs_control,upregulated,b4277,b4277,18.61353764140561,2.271908347696661,4.829615537797042,0.0014406727693800625,0.012044881257753756,4.360240769003707,BH_from_pvalue
fluoroquinolone,ciprofloxacin,ciprofloxacin_vs_control,upregulated,b3139,b3139,5.372662730984849,2.6654921969941565,6.3444372233623305,0.0061968500808573315,0.023150690750578302,4.3592420202132365,BH_from_pvalue
fluoroquinolone,ciprofloxacin,ciprofloxacin_vs_control,not_regulated,b2481,b2481,4.255422847847791,1.8995361692845394,3.730932267563979,8.67774812556621e-05,0.0050969882590061666,4.355040678589538,BH_from_pvalue
fluoroquinolone,ciprofloxacin,ciprofloxacin_vs_control,not_regulated,b4377,b4377,574.1074254717231,-1.8498594979017282,0.2774193841960777,2.368071008917509e-05,0.004459540839808195,4.348482951189911,BH_from_pvalue
fluoroquinolone,ciprofloxacin,ciprofloxacin_vs_control,not_regulated,b0710,b0710,769.643509829017,-1.9283376604897047,0.2627317281304054,0.0001239423669187719,0.00563124006465289,4.337594938997973,BH_from_pvalue
fluoroquinolone,ciprofloxacin,ciprofloxacin_vs_control,downregulated,b2020,b2020,421.0856770492316,-2.282324267068124,0.20556630791429134,0.0016773082211522538,0.012616274880840866,4.334290937748456,BH_from_pvalue
fluoroquinolone,ciprofloxacin,ciprofloxacin_vs_control,upregulated,b0691,b0691,7.438405555331386,3.1684028768667347,8.99050950016425,0.01732158724067311,0.04285924634417712,4.334234046738576,BH_from_pvalue
fluoroquinolone,ciprofloxacin,ciprofloxacin_vs_control,upregulated,b1504,b1504,2.9572704892203903,2.7463936001485805,6.710375969600049,0.007799216565073896,0.02655630288395336,4.327855981783422,BH_from_pvalue
fluoroquinolone,ciprofloxacin,ciprofloxacin_vs_control,downregulated,b1853,b1853,533.2035471871731,-2.054919374461293,0.24066205988664902,0.0003978626404003741,0.007847581220372341,4.326148153429032,BH_from_pvalue
fluoroquinolone,ciprofloxacin,ciprofloxacin_vs_control,not_regulated,b2908,b2908,2890.7806845339533,-1.8888348345912913,0.2700250517198468,0.00010934230854865905,0.0051770705668617726,4.317717609689032,BH_from_pvalue
fluoroquinolone,ciprofloxacin,ciprofloxacin_vs_control,downregulated,b1679,b1679,236.09632483539846,-2.2272052831019433,0.21357204359445603,0.001260811699273257,0.011544328575540946,4.315502714426783,BH_from_pvalue
fluoroquinolone,ciprofloxacin,ciprofloxacin_vs_control,upregulated,b0815,b0815,303.6336910680081,2.1648719151540066,4.484266173891226,0.0008496519674683002,0.010191292132459772,4.311928556411967,BH_from_pvalue
fluoroquinolone,ciprofloxacin,ciprofloxacin_vs_control,not_regulated,b0893,b0893,8714.828205044438,-1.875170215612913,0.2725947693189579,9.70750848327528e-05,0.0050969882590061666,4.299177188792169,BH_from_pvalue
fluoroquinolone,ciprofloxacin,ciprofloxacin_vs_control,upregulated,b3263,b3263,33.31943170452674,2.3655119570222594,5.153354921205421,0.002862123702840131,0.015380922837962855,4.28871482664612,BH_from_pvalue
fluoroquinolone,ciprofloxacin,ciprofloxacin_vs_control,upregulated,b4131,b4131,21.771730545849504,2.342430449205042,5.071563037566264,0.0026401879875764113,0.014940413510934633,4.276428593359782,BH_from_pvalue
fluoroquinolone,ciprofloxacin,ciprofloxacin_vs_control,upregulated,b2650,b2650,8.284202484001836,2.558617645142286,5.891429141529513,0.005472094228342396,0.021458276493907236,4.26881088940872,BH_from_pvalue
fluoroquinolone,ciprofloxacin,ciprofloxacin_vs_control,upregulated,b3260,b3260,3674.8497848581796,2.1387179121965456,4.403705258914575,0.0008143532655084439,0.010146706338661996,4.263908238111072,BH_from_pvalue
fluoroquinolone,ciprofloxacin,ciprofloxacin_vs_control,downregulated,b0484,b0484,3544.975561880616,-2.018850469466658,0.24675471044955988,0.0003895976211803053,0.007754026991455811,4.260728784161691,BH_from_pvalue
fluoroquinolone,ciprofloxacin,ciprofloxacin_vs_control,upregulated,b3539,b3539,154.76581236461863,2.0687893088012164,4.195344577393374,0.0005496127706708261,0.008735541492852918,4.259037587740525,BH_from_pvalue
fluoroquinolone,ciprofloxacin,ciprofloxacin_vs_control,not_regulated,b0665,b0665,7.586951128990833,3.3831015822964607,10.433140469092875,0.025401017697306162,0.055221738812219964,4.2555693871462585,BH_from_pvalue
fluoroquinolone,ciprofloxacin,ciprofloxacin_vs_control,downregulated,b0711,b0711,843.8216633122967,-2.387406803491757,0.1911256345442656,0.0033541989510048093,0.016567079475300873,4.251384320850224,BH_from_pvalue
fluoroquinolone,ciprofloxacin,ciprofloxacin_vs_control,upregulated,b0140,b0140,1.9599388116088463,2.2902504006661677,4.891410012306742,0.002266748276721585,0.01396689554615574,4.248185731088658,BH_from_pvalue
fluoroquinolone,ciprofloxacin,ciprofloxacin_vs_control,downregulated,b4554,b4554,1733.3375540599006,-2.092667067140285,0.23444687152185587,0.0006428119362727894,0.009335192327910153,4.247856183411243,BH_from_pvalue
fluoroquinolone,ciprofloxacin,ciprofloxacin_vs_control,upregulated,b2879,b2879,189.47646108963954,2.8941802011218956,7.434213913193802,0.012007974847343126,0.034206378000854576,4.242558235272197,BH_from_pvalue
fluoroquinolone,ciprofloxacin,ciprofloxacin_vs_control,upregulated,b2349,b2349,86.1811698023782,2.926311188575175,7.601642556547013,0.0128091266981963,0.03564866849828459,4.237171852861933,BH_from_pvalue
fluoroquinolone,ciprofloxacin,ciprofloxacin_vs_control,not_regulated,b3369,b3369,14.413848881718733,1.9684933010286665,3.9135918403420957,0.0003252641113884535,0.007052528098520254,4.2355187978416025,BH_from_pvalue
fluoroquinolone,ciprofloxacin,ciprofloxacin_vs_control,upregulated,b0372,b0372,10.467193955346675,2.501012320341256,5.660824983468906,0.004999808065873385,0.02038906317343471,4.228218252808452,BH_from_pvalue
fluoroquinolone,ciprofloxacin,ciprofloxacin_vs_control,downregulated,b0828,b0828,936.2264299946852,-2.1464781984636456,0.22586330419518963,0.0009775233264883976,0.010724146152548323,4.227783471657158,BH_from_pvalue
fluoroquinolone,ciprofloxacin,ciprofloxacin_vs_control,upregulated,b3104,b3104,16.20613182796841,2.288590685829324,4.8857860394295365,0.002403789829469167,0.0142641776424173,4.22417372193677,BH_from_pvalue
fluoroquinolone,ciprofloxacin,ciprofloxacin_vs_control,upregulated,b4307,b4307,104.35630909052604,2.2103465993690214,4.627864420475016,0.0015278929544595534,0.01229906469052629,4.2220447394800935,BH_from_pvalue
fluoroquinolone,ciprofloxacin,ciprofloxacin_vs_control,upregulated,b0278,b0278,13.891397304073012,2.404879671029723,5.2959139138249824,0.003884468343768473,0.01759034535146537,4.219904005321011,BH_from_pvalue
fluoroquinolone,ciprofloxacin,ciprofloxacin_vs_control,not_regulated,b2026,b2026,255.23625507736028,-1.8043047939312107,0.2863189783376639,5.630457232049891e-05,0.004591207330825119,4.218596493542327,BH_from_pvalue
fluoroquinolone,ciprofloxacin,ciprofloxacin_vs_control,upregulated,b0235,b0235,4.393396277811864,2.732075371664852,6.644107296122656,0.00887048351672498,0.02863415251514129,4.2159083071784345,BH_from_pvalue
fluoroquinolone,ciprofloxacin,ciprofloxacin_vs_control,upregulated,b2880,b2880,76.53971446839442,2.5807703846852768,5.98259078522692,0.006293871562872289,0.02334554953765904,4.211290529032957,BH_from_pvalue
fluoroquinolone,ciprofloxacin,ciprofloxacin_vs_control,upregulated,b3264,b3264,4.229643737063112,2.6880739979692745,6.444524869155696,0.008063046927082446,0.027138716008606966,4.210627882493684,BH_from_pvalue
fluoroquinolone,ciprofloxacin,ciprofloxacin_vs_control,not_regulated,b2068,b2068,382.7506800474878,-1.9458975338379352,0.2595532515253566,0.00027042999262747526,0.006890571931878038,4.206533737427359,BH_from_pvalue
fluoroquinolone,ciprofloxacin,ciprofloxacin_vs_control,not_regulated,b3144,b3144,59.40711728838721,1.7987174746687913,3.4791080246993435,6.952664853173553e-05,0.004591207330825119,4.205532932702704,BH_from_pvalue
fluoroquinolone,ciprofloxacin,ciprofloxacin_vs_control,downregulated,b3512,b3512,3438.033108190293,-2.3957464849253522,0.19002399575238169,0.0038872395018578437,0.01759034535146537,4.203877769544035,BH_from_pvalue
fluoroquinolone,ciprofloxacin,ciprofloxacin_vs_control,upregulated,b0587,b0587,4.073378823944885,2.652610616765373,6.288040966499921,0.007528769061197012,0.026049540951741664,4.202265541429787,BH_from_pvalue
fluoroquinolone,ciprofloxacin,ciprofloxacin_vs_control,downregulated,b3049,b3049,1412.3876672885415,-2.2408601906066163,0.21156015013072163,0.0019529208020836043,0.01332964759904712,4.202019197142563,BH_from_pvalue
fluoroquinolone,ciprofloxacin,ciprofloxacin_vs_control,upregulated,b1161,b1161,9.283021127700662,3.0273767840206687,8.153258655221485,0.016167969456006105,0.04097100090879745,4.200556207878548,BH_from_pvalue
fluoroquinolone,ciprofloxacin,ciprofloxacin_vs_control,not_regulated,b3795,b3795,513.7710067224529,1.945562872861438,3.851880304773711,0.00030298867259433203,0.006989911817078108,4.193715838043258,BH_from_pvalue
fluoroquinolone,ciprofloxacin,ciprofloxacin_vs_control,not_regulated,b0209,b0209,1064.3227150327775,-1.864565411619214,0.27460591154665853,0.00014470139394867398,0.005668554449342284,4.188797803503594,BH_from_pvalue
fluoroquinolone,ciprofloxacin,ciprofloxacin_vs_control,downregulated,b0880,b0880,13214.632792447386,-2.2349044549512875,0.21243531822612838,0.0020674646449599992,0.013420943256177702,4.184226024167061,BH_from_pvalue
fluoroquinolone,ciprofloxacin,ciprofloxacin_vs_control,not_regulated,b3121,b3121,7.068619879757013,3.274773208271458,9.678431144329243,0.023864935974210324,0.05276736203270007,4.183963612747486,BH_from_pvalue
fluoroquinolone,ciprofloxacin,ciprofloxacin_vs_control,upregulated,b4027,b4027,7.530657692557031,2.861099894020955,7.265690409906679,0.012200113072005258,0.03449498477367541,4.183626274794709,BH_from_pvalue
fluoroquinolone,ciprofloxacin,ciprofloxacin_vs_control,upregulated,b3238,b3238,338.43510427148027,2.6442716922480045,6.2518002865319335,0.0076432573049082285,0.02618383195542819,4.183150013933484,BH_from_pvalue
fluoroquinolone,ciprofloxacin,ciprofloxacin_vs_control,upregulated,b3690,b3690,45.62590287426682,2.4151700501739937,5.333823368000535,0.004287678580026779,0.01859385317410271,4.179767199698261,BH_from_pvalue
fluoroquinolone,ciprofloxacin,ciprofloxacin_vs_control,upregulated,b4296,b4296,18.661529462508955,2.097054047020493,4.278348626344812,0.0008224187904586559,0.010174996788313113,4.1783082999677665,BH_from_pvalue
fluoroquinolone,ciprofloxacin,ciprofloxacin_vs_control,not_regulated,b2276,b2276,4658.272911287646,-1.8594334688968672,0.2755844768366922,0.0001581696879121186,0.005668554449342284,4.177268752139071,BH_from_pvalue
fluoroquinolone,ciprofloxacin,ciprofloxacin_vs_control,not_regulated,b3956,b3956,3599.3522622308396,-1.817117541559126,0.2837874034131298,0.00010024204120446274,0.0050969882590061666,4.16608061443193,BH_from_pvalue
fluoroquinolone,ciprofloxacin,ciprofloxacin_vs_control,upregulated,b4282,b4282,6.539297334511667,2.8287424894861086,7.10454614402956,0.011833913761836512,0.03386065146357547,4.159113350558597,BH_from_pvalue
fluoroquinolone,ciprofloxacin,ciprofloxacin_vs_control,downregulated,b1895,b1895,198.6511789871613,-2.0291371100105318,0.24500156841271356,0.0005731334358338604,0.008944140561626611,4.156609013204791,BH_from_pvalue
fluoroquinolone,ciprofloxacin,ciprofloxacin_vs_control,downregulated,b1276,b1276,10422.823213530273,-2.109271577063776,0.23176400457949564,0.0009598515351137839,0.010724146152548323,4.154499923236697,BH_from_pvalue
fluoroquinolone,ciprofloxacin,ciprofloxacin_vs_control,upregulated,b1666,b1666,2.439883347911239,2.5277146589517216,5.766574840594023,0.006054400513953896,0.02276981062856574,4.152126676741334,BH_from_pvalue
fluoroquinolone,ciprofloxacin,ciprofloxacin_vs_control,downregulated,b0341,b0341,111.62038457454332,-2.305126075841719,0.20234287079994898,0.003109977149852068,0.015806414937892206,4.151916146112088,BH_from_pvalue
fluoroquinolone,ciprofloxacin,ciprofloxacin_vs_control,not_regulated,b2280,b2280,1015.1720985541039,-1.9239297549503203,0.26353568710458236,0.0002936226830129765,0.006959591727765731,4.150717291726578,BH_from_pvalue
fluoroquinolone,ciprofloxacin,ciprofloxacin_vs_control,upregulated,b3673,b3673,2431.3760120527063,2.1723210113951197,4.507479753366598,0.0015201619682600474,0.01229906469052629,4.149411002437821,BH_from_pvalue
fluoroquinolone,ciprofloxacin,ciprofloxacin_vs_control,upregulated,b4680,b4680,146.54808571538322,2.1734886723031606,4.511129407828944,0.0015693791374975753,0.012378960344990524,4.145529347288318,BH_from_pvalue
fluoroquinolone,ciprofloxacin,ciprofloxacin_vs_control,upregulated,b4462,b4462,10.473761626544274,3.1081010574095416,8.622469122968575,0.019771249115216334,0.04641496791244419,4.144161510531239,BH_from_pvalue
fluoroquinolone,ciprofloxacin,ciprofloxacin_vs_control,upregulated,b4313,b4313,25.188054681984767,2.1267184591352013,4.367229838161557,0.0011429993640282056,0.011265989676341187,4.143338088281222,BH_from_pvalue
fluoroquinolone,ciprofloxacin,ciprofloxacin_vs_control,upregulated,b4614,b4614,2.2724686378453014,2.4502507822791624,5.465110939386009,0.0050870717311883775,0.020669962643979512,4.127840238177812,BH_from_pvalue
fluoroquinolone,ciprofloxacin,ciprofloxacin_vs_control,upregulated,b3114,b3114,863.0169555001494,2.988605659198103,7.937065213595991,0.016775188088560142,0.04196595996793299,4.115617334903249,BH_from_pvalue
fluoroquinolone,ciprofloxacin,ciprofloxacin_vs_control,not_regulated,b3160,b3160,833.7907557672911,1.9091778008342857,3.755949852062861,0.0003132679785937081,0.006989911817078108,4.11528678547597,BH_from_pvalue
fluoroquinolone,ciprofloxacin,ciprofloxacin_vs_control,not_regulated,b3705,b3705,4780.759083270014,1.8952842338869864,3.71995258813368,0.0002640629665961,0.006826179446834816,4.104848856997624,BH_from_pvalue
fluoroquinolone,ciprofloxacin,ciprofloxacin_vs_control,not_regulated,b0659,b0659,791.8429745693039,-1.746141530517825,0.2980979727960429,3.7485876693595986e-05,0.004459540839808195,4.1046721031700715,BH_from_pvalue
fluoroquinolone,ciprofloxacin,ciprofloxacin_vs_control,upregulated,b3832,b3832,2241.6446697105894,2.066054387477415,4.187398983694908,0.0008968865713090821,0.010417817736262637,4.095381032263535,BH_from_pvalue
fluoroquinolone,ciprofloxacin,ciprofloxacin_vs_control,downregulated,b2584,b2584,6670.621618440488,-2.129810847264425,0.2284878177879682,0.0014337335778457742,0.012009187398790117,4.090272720149011,BH_from_pvalue
fluoroquinolone,ciprofloxacin,ciprofloxacin_vs_control,not_regulated,b2438,b2438,146.07665528821187,-1.8189917822571928,0.283418967574279,0.00015231535771414567,0.005668554449342284,4.086415383782774,BH_from_pvalue
fluoroquinolone,ciprofloxacin,ciprofloxacin_vs_control,upregulated,b1892,b1892,106.93277988476082,2.2346793970971115,4.706580912716748,0.0025848797521685093,0.014845605035194621,4.085892497921926,BH_from_pvalue
fluoroquinolone,ciprofloxacin,ciprofloxacin_vs_control,not_regulated,b0506,b0506,2277.494511001642,-1.8441497755491358,0.2785194962846836,0.00019980735676850494,0.00611761686738719,4.081873801471234,BH_from_pvalue
fluoroquinolone,ciprofloxacin,ciprofloxacin_vs_control,not_regulated,b3710,b3710,126.6308746071844,1.886971832036549,3.6985808986426787,0.00028541689234921994,0.006890571931878038,4.079151412141078,BH_from_pvalue
fluoroquinolone,ciprofloxacin,ciprofloxacin_vs_control,upregulated,b3643,b3643,498.92700803867064,2.1510203535184873,4.441417993526344,0.0018434688219267103,0.01292165673888038,4.062592993302899,BH_from_pvalue
fluoroquinolone,ciprofloxacin,ciprofloxacin_vs_control,upregulated,b0747,b0747,6.555384453547674,2.8173047926026924,7.048443933223908,0.013267298345175206,0.0363344702225427,4.056020653546379,BH_from_pvalue
fluoroquinolone,ciprofloxacin,ciprofloxacin_vs_control,downregulated,b3502,b3502,462.54906169227456,-2.107690464260167,0.2320181441582963,0.0013708538497457757,0.011903669143159264,4.055869128211873,BH_from_pvalue
fluoroquinolone,ciprofloxacin,ciprofloxacin_vs_control,upregulated,b3216,b3216,56.966634056292925,2.140914119267265,4.410414101384524,0.0017189461963498446,0.012802144094699389,4.052145167599104,BH_from_pvalue
fluoroquinolone,ciprofloxacin,ciprofloxacin_vs_control,downregulated,b3938,b3938,1433.578884516771,-2.233073882367952,0.21270503918442968,0.002780468171132093,0.015326649306068814,4.0520304205583475,BH_from_pvalue
fluoroquinolone,ciprofloxacin,ciprofloxacin_vs_control,not_regulated,b3002,b3002,496.23007468222676,1.767066978707338,3.403612930839777,9.813017032524184e-05,0.0050969882590061666,4.051330371330248,BH_from_pvalue
fluoroquinolone,ciprofloxacin,ciprofloxacin_vs_control,upregulated,b2765,b2765,115.8487291680168,2.150100542801578,4.438587206893903,0.001902637094211604,0.01308572117700886,4.049074368354494,BH_from_pvalue
fluoroquinolone,ciprofloxacin,ciprofloxacin_vs_control,upregulated,b4537,b4537,74.05175832887647,2.087894411800141,4.251271543293145,0.0013107180988780928,0.011697638906257265,4.033606949352131,BH_from_pvalue
fluoroquinolone,ciprofloxacin,ciprofloxacin_vs_control,not_regulated,b2907,b2907,1486.8624795000403,-1.714878414948437,0.30462823778864534,4.289780364972098e-05,0.004493995088288971,4.0254496974953,BH_from_pvalue
fluoroquinolone,ciprofloxacin,ciprofloxacin_vs_control,upregulated,b4613,b4613,1213.767171230413,2.0186992284197025,4.05218271767835,0.0008128190774240607,0.010146706338661996,4.024629999702462,BH_from_pvalue
fluoroquinolone,ciprofloxacin,ciprofloxacin_vs_control,upregulated,b1047,b1047,133.02230895108332,2.035298314092131,4.099074793041462,0.0009333802905608588,0.010655696819651632,4.0144593246465,BH_from_pvalue
fluoroquinolone,ciprofloxacin,ciprofloxacin_vs_control,downregulated,b1732,b1732,2686.4857275789896,-2.1034495483804,0.23270118322757388,0.0016284013560929366,0.01252059709351458,4.001549749631743,BH_from_pvalue
fluoroquinolone,ciprofloxacin,ciprofloxacin_vs_control,upregulated,b4028,b4028,5.836475909696538,2.9525072360810465,7.74093178699434,0.01850420380943275,0.04436668909105997,3.9945739376818654,BH_from_pvalue
fluoroquinolone,ciprofloxacin,ciprofloxacin_vs_control,not_regulated,b4212,b4212,125.97739449663926,-1.6572758811719899,0.3170372181940537,1.4937042853450424e-05,0.00395216580910706,3.9827071333110413,BH_from_pvalue
fluoroquinolone,ciprofloxacin,ciprofloxacin_vs_control,not_regulated,b2011,b2011,802.2666387067098,-1.8977345581768006,0.2683644434976634,0.00042648262512602516,0.008014228009049667,3.977914101670007,BH_from_pvalue
fluoroquinolone,ciprofloxacin,ciprofloxacin_vs_control,not_regulated,b3764,b3764,991.2622979119,1.9838617004447947,3.955504464990121,0.0007744156558955096,0.00993269220135321,3.973542111752439,BH_from_pvalue
fluoroquinolone,ciprofloxacin,ciprofloxacin_vs_control,not_regulated,b1618,b1618,1186.2810185070048,-1.956295341647209,0.2576893213699552,0.0006433769723548571,0.009335192327910153,3.971038391190791,BH_from_pvalue
fluoroquinolone,ciprofloxacin,ciprofloxacin_vs_control,downregulated,b3509,b3509,7561.659375644683,-2.405015666445289,0.18880702289998863,0.005866803852892516,0.0223499832422232,3.970014190536209,BH_from_pvalue
fluoroquinolone,ciprofloxacin,ciprofloxacin_vs_control,downregulated,b2096,b2096,57212.236633361375,-2.1174602231145148,0.23045225293998084,0.002077959854182724,0.013420943256177702,3.964344941487647,BH_from_pvalue
fluoroquinolone,ciprofloxacin,ciprofloxacin_vs_control,upregulated,b0499,b0499,2.088966808743356,2.3520545642939314,5.1055081675303295,0.0051169286441722145,0.02073508562296092,3.959199728379725,BH_from_pvalue
fluoroquinolone,ciprofloxacin,ciprofloxacin_vs_control,upregulated,b4038,b4038,15.720877692153044,2.3930064744719646,5.25250807364979,0.005837633299925352,0.022319957881095715,3.9515874551806958,BH_from_pvalue
fluoroquinolone,ciprofloxacin,ciprofloxacin_vs_control,upregulated,b1884,b1884,36.1900489403654,2.0600149287478584,4.169906192577795,0.0014545466677409024,0.012096318458414641,3.9497630070118093,BH_from_pvalue
fluoroquinolone,ciprofloxacin,ciprofloxacin_vs_control,downregulated,b1482,b1482,7114.064186734919,-2.3232749801718953,0.1998133691843602,0.0048444239683385374,0.019976525199696418,3.948359485363644,BH_from_pvalue
fluoroquinolone,ciprofloxacin,ciprofloxacin_vs_control,not_regulated,b0557,b0557,45.2136184822196,3.37269477408748,10.358152321168543,0.03385914710583278,0.06756807616771776,3.9469245463368097,BH_from_pvalue
fluoroquinolone,ciprofloxacin,ciprofloxacin_vs_control,not_regulated,b0143,b0143,1575.918048353212,1.9020280897090185,3.7373821547858377,0.0005101647315664366,0.008433404237097047,3.944800708322525,BH_from_pvalue
fluoroquinolone,ciprofloxacin,ciprofloxacin_vs_control,upregulated,b3708,b3708,74540.06663205462,2.1140564618025355,4.329067998661363,0.002192124764350193,0.013712470117172576,3.9382426043730114,BH_from_pvalue
fluoroquinolone,ciprofloxacin,ciprofloxacin_vs_control,upregulated,b0945,b0945,229.98712142014787,2.1007076943147975,4.289197341258846,0.002032285640788962,0.013420943256177702,3.932980572948719,BH_from_pvalue
fluoroquinolone,ciprofloxacin,ciprofloxacin_vs_control,not_regulated,b0606,b0606,3603.756801762198,-1.8775055924670578,0.2721538608011318,0.0004379032220566452,0.008039545684942001,3.9329395596999532,BH_from_pvalue
fluoroquinolone,ciprofloxacin,ciprofloxacin_vs_control,downregulated,b2024,b2024,191.5714832804607,-2.072774643311594,0.2377019027172966,0.0017459159420617407,0.012802144094699389,3.9231764034008436,BH_from_pvalue
fluoroquinolone,ciprofloxacin,ciprofloxacin_vs_control,downregulated,b3008,b3008,428.295056905369,-2.5310248441651773,0.17301573503510614,0.008727596556999118,0.028405737563952267,3.9144676597712458,BH_from_pvalue
fluoroquinolone,ciprofloxacin,ciprofloxacin_vs_control,upregulated,b0984,b0984,38.42013177992945,2.2686881444710045,4.818847496732855,0.004477722582643937,0.01903666935418944,3.9030715773589546,BH_from_pvalue
fluoroquinolone,ciprofloxacin,ciprofloxacin_vs_control,not_regulated,b3739,b3739,962.850383734798,1.9322392118463902,3.8164709550277314,0.0006932929074900554,0.00958609095037041,3.89995135002308,BH_from_pvalue
fluoroquinolone,ciprofloxacin,ciprofloxacin_vs_control,downregulated,b1188,b1188,7515.720134591901,-2.2302526969549135,0.21312139014358464,0.004030935335855572,0.017886120897062815,3.897330542721873,BH_from_pvalue
fluoroquinolone,ciprofloxacin,ciprofloxacin_vs_control,not_regulated,b1821,b1821,66.62819973909876,1.9511016562108496,3.866696836621867,0.0008423461630434531,0.010191292132459772,3.886147207595769,BH_from_pvalue
fluoroquinolone,ciprofloxacin,ciprofloxacin_vs_control,not_regulated,b3086,b3086,14.315090416696627,1.7495488100500203,3.362533894205196,0.00018569876955548667,0.006009158744320713,3.8860738883929944,BH_from_pvalue
fluoroquinolone,ciprofloxacin,ciprofloxacin_vs_control,upregulated,b0743,b0743,529.6238989229217,2.2709691205001556,4.826472371778182,0.004673091194712173,0.01958952860560611,3.8787607876299535,BH_from_pvalue
fluoroquinolone,ciprofloxacin,ciprofloxacin_vs_control,not_regulated,b1065,b1065,596.6379272054149,-1.7243458511221128,0.3026357127237315,0.00013959414091155453,0.005668554449342284,3.873790679935624,BH_from_pvalue
fluoroquinolone,ciprofloxacin,ciprofloxacin_vs_control,downregulated,b0712,b0712,1181.8920237076675,-2.189363954211535,0.21924806965444146,0.0035662058496703283,0.017064674374273548,3.870580901233544,BH_from_pvalue
fluoroquinolone,ciprofloxacin,ciprofloxacin_vs_control,not_regulated,b0023,b0023,3508.496502111022,1.9171690454604047,3.776812192541285,0.0007254065387746739,0.009632181690988798,3.865540657375621,BH_from_pvalue
fluoroquinolone,ciprofloxacin,ciprofloxacin_vs_control,upregulated,b2210,b2210,372.62897877172855,2.8278648691253414,7.100225620224251,0.017447339951799958,0.042981051497490236,3.864907855844052,BH_from_pvalue
fluoroquinolone,ciprofloxacin,ciprofloxacin_vs_control,upregulated,b0532,b0532,36.0253010321346,2.394463777946991,5.257816448154726,0.006794312293636713,0.024487833891648988,3.8575999819558344,BH_from_pvalue
fluoroquinolone,ciprofloxacin,ciprofloxacin_vs_control,upregulated,b3577,b3577,1.8581477304580545,2.2226999571378863,4.66766155471238,0.004229829640637641,0.018417980371334085,3.8558465193713976,BH_from_pvalue
fluoroquinolone,ciprofloxacin,ciprofloxacin_vs_control,upregulated,b0929,b0929,10589.677324382328,2.157020847475909,4.4599293220702245,0.003315270395405043,0.01642300246534348,3.8493060355366593,BH_from_pvalue
fluoroquinolone,ciprofloxacin,ciprofloxacin_vs_control,not_regulated,b3720,b3720,11.004346875119296,3.2342707823153205,9.410496111401441,0.0317140327932461,0.06472310322323999,3.8453560649063614,BH_from_pvalue
fluoroquinolone,ciprofloxacin,ciprofloxacin_vs_control,downregulated,b2023,b2023,163.62537424817498,-2.0922580303174447,0.23451335196059384,0.002494351672748729,0.014525157991941063,3.845317379034281,BH_from_pvalue
fluoroquinolone,ciprofloxacin,ciprofloxacin_vs_control,not_regulated,b4486,b4486,271.2213109473184,1.826054171854829,3.5456599305073273,0.0003995322586627982,0.007847581220372341,3.8443264401563764,BH_from_pvalue
fluoroquinolone,ciprofloxacin,ciprofloxacin_vs_control,not_regulated,b3503,b3503,152.52926814031488,-1.9560048704295774,0.25774120958235675,0.0010294627281531724,0.0109210456397004,3.837164736164021,BH_from_pvalue
fluoroquinolone,ciprofloxacin,ciprofloxacin_vs_control,not_regulated,b0003,b0003,1121.5119372983106,-1.8498799159312647,0.27741545799065165,0.0004937207962249644,0.008433404237097047,3.8366455480653068,BH_from_pvalue
fluoroquinolone,ciprofloxacin,ciprofloxacin_vs_control,upregulated,b1171,b1171,108.37182822896268,2.4763474849093665,5.564868069460665,0.008707569875397937,0.028402211239695375,3.830037505614533,BH_from_pvalue
fluoroquinolone,ciprofloxacin,ciprofloxacin_vs_control,not_regulated,b2441,b2441,236.4385650742065,-1.8289888021164655,0.28146183117091833,0.0004483260513307989,0.008097522823952806,3.825600439286088,BH_from_pvalue
fluoroquinolone,ciprofloxacin,ciprofloxacin_vs_control,not_regulated,b2279,b2279,91.92390464815146,-1.721196248661931,0.30329712998796077,0.00018063640043497917,0.006009158744320713,3.823097566814311,BH_from_pvalue
fluoroquinolone,ciprofloxacin,ciprofloxacin_vs_control,downregulated,b1745,b1745,5827.882450024964,-2.167922955691191,0.22253081681913356,0.003766438858752516,0.017429467064474093,3.812760554757127,BH_from_pvalue
fluoroquinolone,ciprofloxacin,ciprofloxacin_vs_control,upregulated,b3703,b3703,1646.9011016013867,2.1699633113367565,4.5001194963655164,0.0038103823667713903,0.01750071149726008,3.812504659274655,BH_from_pvalue
fluoroquinolone,ciprofloxacin,ciprofloxacin_vs_control,not_regulated,b1260,b1260,361.93173276567313,-1.7990856663074348,0.287356648448339,0.0003787942028662792,0.007606322877198766,3.8119481247614626,BH_from_pvalue
fluoroquinolone,ciprofloxacin,ciprofloxacin_vs_control,not_regulated,b1319,b1319,4.4186273399486105,3.1126014228424004,8.649408182975899,0.028510295615544645,0.05986895876690935,3.806083712808334,BH_from_pvalue
fluoroquinolone,ciprofloxacin,ciprofloxacin_vs_control,not_regulated,b0418,b0418,931.224421334105,-1.694054636297258,0.30905711070819014,0.00015187534244881498,0.005668554449342284,3.805740627449871,BH_from_pvalue
fluoroquinolone,ciprofloxacin,ciprofloxacin_vs_control,not_regulated,b1365,b1365,7.714396021547202,2.923497662300721,7.586832371953112,0.02225559215124446,0.05011463638446578,3.8006505007375906,BH_from_pvalue
fluoroquinolone,ciprofloxacin,ciprofloxacin_vs_control,not_regulated,b2053,b2053,35.492811972494344,2.949956138809261,7.727255701785272,0.02312676214851997,0.05165053433169952,3.796372838724345,BH_from_pvalue
fluoroquinolone,ciprofloxacin,ciprofloxacin_vs_control,upregulated,b4110,b4110,53.37136390391547,2.310899454735562,4.961923369140196,0.0061494357706657395,0.02303094262818859,3.7845329683744984,BH_from_pvalue
fluoroquinolone,ciprofloxacin,ciprofloxacin_vs_control,upregulated,b1498,b1498,167.76508543097898,2.317661548042529,4.9852351186033514,0.00625472275892735,0.0233088177047682,3.783535555375932,BH_from_pvalue
fluoroquinolone,ciprofloxacin,ciprofloxacin_vs_control,not_regulated,b4018,b4018,2666.93243061183,-1.6812974933265679,0.3118020906810877,0.00013846077004164598,0.005668554449342284,3.777081352681815,BH_from_pvalue
fluoroquinolone,ciprofloxacin,ciprofloxacin_vs_control,not_regulated,b0135,b0135,23.032572061980385,3.0249957439546757,8.13981352380044,0.02625142450184563,0.056449513964173824,3.7762225609576903,BH_from_pvalue
fluoroquinolone,ciprofloxacin,ciprofloxacin_vs_control,not_regulated,b1322,b1322,312.42486262219126,-1.869666997404332,0.2736365787695748,0.0006937843096871403,0.00958609095037041,3.7736581919652576,BH_from_pvalue
fluoroquinolone,ciprofloxacin,ciprofloxacin_vs_control,not_regulated,b1449,b1449,649.6479309534541,-1.8726640866392668,0.2730687096430913,0.0007396816599541439,0.009728327796706841,3.767728614491877,BH_from_pvalue
fluoroquinolone,ciprofloxacin,ciprofloxacin_vs_control,not_regulated,b1742,b1742,56.95077783572933,1.9910547839878507,3.975275325011853,0.0017893448215648771,0.012816039820698753,3.7675657531474083,BH_from_pvalue
fluoroquinolone,ciprofloxacin,ciprofloxacin_vs_control,not_regulated,b2350,b2350,103.74163155231459,1.8504333603279202,3.606084892528976,0.0006294724358321897,0.009222693864407782,3.7658950327996075,BH_from_pvalue
fluoroquinolone,ciprofloxacin,ciprofloxacin_vs_control,upregulated,b0137,b0137,5.695541850602894,2.04882169694627,4.1376789176647355,0.0024922043793354676,0.014525157991941063,3.7654866482288822,BH_from_pvalue
fluoroquinolone,ciprofloxacin,ciprofloxacin_vs_control,upregulated,b4183,b4183,5.508305865184647,2.7223181030514167,6.599323328011682,0.01640697104707844,0.041432705314786065,3.7640313888650665,BH_from_pvalue
fluoroquinolone,ciprofloxacin,ciprofloxacin_vs_control,not_regulated,b0488,b0488,591.2467762287428,-1.9750045995981047,0.25436911204516804,0.0016145750136125772,0.012492051249255325,3.759157084099048,BH_from_pvalue
fluoroquinolone,ciprofloxacin,ciprofloxacin_vs_control,not_regulated,b2062,b2062,23.424945006993667,3.0026582768818417,8.014754205713027,0.025936214930189078,0.056033186722377754,3.7579910116993536,BH_from_pvalue
fluoroquinolone,ciprofloxacin,ciprofloxacin_vs_control,not_regulated,b1617,b1617,251.39251811497624,-1.8284301804046992,0.28157083628275054,0.0005613793964127662,0.008828966870855324,3.7557603554984977,BH_from_pvalue
fluoroquinolone,ciprofloxacin,ciprofloxacin_vs_control,downregulated,b0862,b0862,1029.018797491377,-2.0342513792039654,0.24413458984310113,0.0023662970888307616,0.014248466272504373,3.755699750836553,BH_from_pvalue
fluoroquinolone,ciprofloxacin,ciprofloxacin_vs_control,upregulated,b4318,b4318,31.805387480636274,2.2128350226707503,4.635853650887866,0.0048876818841993635,0.02009578895349976,3.754948550570605,BH_from_pvalue
fluoroquinolone,ciprofloxacin,ciprofloxacin_vs_control,not_regulated,b0902,b0902,1516.9930509614205,-1.69618662697758,0.3086007285622817,0.0002070542770043733,0.006141063140247865,3.7515516911341225,BH_from_pvalue
fluoroquinolone,ciprofloxacin,ciprofloxacin_vs_control,upregulated,b0326,b0326,8.460290084916197,2.353688054658601,5.1112921491130825,0.007268838603392714,0.025606413770921807,3.7462505133054727,BH_from_pvalue
fluoroquinolone,ciprofloxacin,ciprofloxacin_vs_control,not_regulated,b1687,b1687,1648.9907204795384,-1.8517587129320798,0.27705441973704803,0.0006951209213300691,0.00958609095037041,3.737512854588826,BH_from_pvalue
fluoroquinolone,ciprofloxacin,ciprofloxacin_vs_control,not_regulated,b2142,b2142,174.79333134045518,-1.805194041618348,0.2861425515596923,0.0005283525230398764,0.008534807061083172,3.734596791858412,BH_from_pvalue
fluoroquinolone,ciprofloxacin,ciprofloxacin_vs_control,not_regulated,b0855,b0855,127.67422764638678,-1.5875238602621824,0.33274205864817435,3.1830542653143434e-05,0.004459540839808195,3.731807982599566,BH_from_pvalue
fluoroquinolone,ciprofloxacin,ciprofloxacin_vs_control,not_regulated,b0660,b0660,2009.7055188300517,-1.5924670605979259,0.33160391374302595,7.042981454578328e-05,0.004591207330825119,3.72330438876847,BH_from_pvalue
fluoroquinolone,ciprofloxacin,ciprofloxacin_vs_control,upregulated,b1408,b1408,3.20018347237807,2.786603672038536,6.900034962445765,0.019562521611699118,0.046165908819214396,3.722006920752299,BH_from_pvalue
fluoroquinolone,ciprofloxacin,ciprofloxacin_vs_control,not_regulated,b1114,b1114,2012.8472813947349,-1.5820119568796596,0.3340157513044486,4.008706627120084e-05,0.004493995088288971,3.713563304397096,BH_from_pvalue
fluoroquinolone,ciprofloxacin,ciprofloxacin_vs_control,not_regulated,b2437,b2437,170.1545764839391,-1.9966108887984975,0.2505879785738621,0.0022648603366714473,0.01396689554615574,3.7035137668190603,BH_from_pvalue
fluoroquinolone,ciprofloxacin,ciprofloxacin_vs_control,not_regulated,b4470,b4470,173.6137975436334,1.8067209720383461,3.4984623655193015,0.0005811829142605302,0.008944140561626611,3.700998143334795,BH_from_pvalue
fluoroquinolone,ciprofloxacin,ciprofloxacin_vs_control,upregulated,b4447,b4447,63.97226789867912,2.163231163995863,4.479169197411639,0.004648320934592913,0.019503868996081083,3.698864034393056,BH_from_pvalue
fluoroquinolone,ciprofloxacin,ciprofloxacin_vs_control,downregulated,b0831,b0831,205.26273517851465,-2.028169219355492,0.24516599283044901,0.0026671368020724983,0.01505242325686587,3.696122561095882,BH_from_pvalue
fluoroquinolone,ciprofloxacin,ciprofloxacin_vs_control,upregulated,b1014,b1014,9034.086339204676,2.1117649013221413,4.322197214213781,0.003989775158817496,0.017803580024167754,3.694517192431659,BH_from_pvalue
fluoroquinolone,ciprofloxacin,ciprofloxacin_vs_control,not_regulated,b3323,b3323,21.79104884003823,3.5999232294092813,12.125087298783484,0.05294139947700069,0.09423443405126597,3.692766593583359,BH_from_pvalue
fluoroquinolone,ciprofloxacin,ciprofloxacin_vs_control,not_regulated,b2079,b2079,312.17802224441,-1.518369754047125,0.3490801545104396,1.3310068804374913e-05,0.0037417930926298974,3.6849622743214145,BH_from_pvalue
fluoroquinolone,ciprofloxacin,ciprofloxacin_vs_control,upregulated,b3331,b3331,3.7348872344958246,2.6116789000102276,6.112145554158783,0.014964330101937824,0.03889947190746649,3.6826142722803494,BH_from_pvalue
fluoroquinolone,ciprofloxacin,ciprofloxacin_vs_control,not_regulated,b0104,b0104,792.7361669336575,1.7509208180790345,3.3657331967302446,0.0004363032553200149,0.008039545684942001,3.667773762674459,BH_from_pvalue
fluoroquinolone,ciprofloxacin,ciprofloxacin_vs_control,not_regulated,b2295,b2295,1244.3051296839824,-1.7045012846966099,0.3068272909942156,0.0003234946601399894,0.007052528098520254,3.667499009778199,BH_from_pvalue
fluoroquinolone,ciprofloxacin,ciprofloxacin_vs_control,downregulated,b1781,b1781,709.0603308326853,-2.0009400210568877,0.24983715982057658,0.0025709981385290985,0.014842349675589835,3.65871350789518,BH_from_pvalue
fluoroquinolone,ciprofloxacin,ciprofloxacin_vs_control,not_regulated,b1396,b1396,18.36199537364555,-1.7503322717614602,0.29723331410081333,0.0004654507372415887,0.008242509512254591,3.647588384823446,BH_from_pvalue
fluoroquinolone,ciprofloxacin,ciprofloxacin_vs_control,not_regulated,b1421,b1421,206.7860006118373,1.9140000922113876,3.768525336488531,0.001641791867179633,0.0125753664508343,3.6375176522667565,BH_from_pvalue
fluoroquinolone,ciprofloxacin,ciprofloxacin_vs_control,not_regulated,b3040,b3040,988.1345128203226,-1.6370905132598956,0.32150419936941926,0.0001813287963986429,0.006009158744320713,3.6362830576491763,BH_from_pvalue
fluoroquinolone,ciprofloxacin,ciprofloxacin_vs_control,not_regulated,b3448,b3448,1589.8775248838008,-1.903328732417803,0.2673258521760588,0.0015244598819052141,0.01229906469052629,3.635601341662835,BH_from_pvalue
fluoroquinolone,ciprofloxacin,ciprofloxacin_vs_control,upregulated,b3615,b3615,65.96906848308888,2.2817345492348506,4.862622345169563,0.007283039509396716,0.02563310775685949,3.6306931324090854,BH_from_pvalue
fluoroquinolone,ciprofloxacin,ciprofloxacin_vs_control,not_regulated,b3784,b3784,965.4584410638198,1.5709175067334478,2.970935958420551,7.98989068433362e-05,0.004894126348439595,3.6293297106045714,BH_from_pvalue
fluoroquinolone,ciprofloxacin,ciprofloxacin_vs_control,upregulated,b4557,b4557,19.043991318827384,2.3729058333444506,5.179833889623451,0.009398428247040718,0.029651667735837516,3.6256835444580235,BH_from_pvalue
fluoroquinolone,ciprofloxacin,ciprofloxacin_vs_control,not_regulated,b2830,b2830,1737.4564852340825,-1.5494822910088892,0.34163263656341547,6.662173928288897e-05,0.004591207330825119,3.6228028555053777,BH_from_pvalue
fluoroquinolone,ciprofloxacin,ciprofloxacin_vs_control,upregulated,b4306,b4306,165.7001127845164,2.036994945957696,4.103898204566997,0.003422322720285093,0.016687274970470407,3.620991910748238,BH_from_pvalue
fluoroquinolone,ciprofloxacin,ciprofloxacin_vs_control,not_regulated,b1848,b1848,1891.2555545439948,1.683875819377029,3.212899423366165,0.0003300934490246593,0.007076682842704878,3.6206197215467344,BH_from_pvalue
fluoroquinolone,ciprofloxacin,ciprofloxacin_vs_control,upregulated,b2050,b2050,22.483561974208328,2.2777498086127297,4.849210255926169,0.007353124962295613,0.025778921340924136,3.6187414313174906,BH_from_pvalue
fluoroquinolone,ciprofloxacin,ciprofloxacin_vs_control,not_regulated,b3133,b3133,35.83630237950561,-1.9559346038516234,0.25775376319440074,0.0023263953445179842,0.014121627880758289,3.6187044127532157,BH_from_pvalue
fluoroquinolone,ciprofloxacin,ciprofloxacin_vs_control,not_regulated,b2420,b2420,68.60010793637768,1.9306395608164975,3.812241621615656,0.0020656476238728673,0.013420943256177702,3.6145761290859877,BH_from_pvalue
fluoroquinolone,ciprofloxacin,ciprofloxacin_vs_control,downregulated,b0545,b0545,85.78659001969761,-2.4429744033389005,0.18390410607628674,0.01142878500248872,0.03314661005572441,3.6145293600125563,BH_from_pvalue
fluoroquinolone,ciprofloxacin,ciprofloxacin_vs_control,not_regulated,b0231,b0231,1051.5480411510375,1.7513893108532113,3.366826343715332,0.0005439566932923025,0.008676320221596714,3.6107770411052824,BH_from_pvalue
fluoroquinolone,ciprofloxacin,ciprofloxacin_vs_control,not_regulated,b2532,b2532,2520.2668815780767,-1.6678515886806409,0.31472166740827917,0.00026988079472152113,0.006890571931878038,3.6054693809952965,BH_from_pvalue
fluoroquinolone,ciprofloxacin,ciprofloxacin_vs_control,not_regulated,b0336,b0336,193.02022105998472,1.954417853613995,3.8755950986862158,0.002424253801356272,0.014305490285261277,3.604918362665496,BH_from_pvalue
fluoroquinolone,ciprofloxacin,ciprofloxacin_vs_control,not_regulated,b4629,b4629,11.963714423627614,3.280710577944693,9.71834452234405,0.04255500143411856,0.07988831237506898,3.6006348214659236,BH_from_pvalue
fluoroquinolone,ciprofloxacin,ciprofloxacin_vs_control,not_regulated,b1273,b1273,1076.5983607224937,-1.5703812971041877,0.33671938919989686,0.00010085192419998863,0.0050969882590061666,3.600391790571105,BH_from_pvalue
fluoroquinolone,ciprofloxacin,ciprofloxacin_vs_control,upregulated,b2943,b2943,246.9402265401874,2.048009773674453,4.135350960224448,0.003848241732902128,0.017502781650265035,3.598133881831747,BH_from_pvalue
fluoroquinolone,ciprofloxacin,ciprofloxacin_vs_control,upregulated,b1877,b1877,10.08731078528192,2.3996893768202536,5.276895365193713,0.0107309938460988,0.03181634304732002,3.5931742629887418,BH_from_pvalue
fluoroquinolone,ciprofloxacin,ciprofloxacin_vs_control,not_regulated,b0753,b0753,2802.668230899701,-1.905384373991982,0.2669452209224662,0.0018708814933633068,0.013026664020353181,3.5919673400296297,BH_from_pvalue
fluoroquinolone,ciprofloxacin,ciprofloxacin_vs_control,upregulated,b3889,b3889,3.055309511500782,2.323112637383407,5.004106997276506,0.008778091813125371,0.028467092267799508,3.590735056548813,BH_from_pvalue
fluoroquinolone,ciprofloxacin,ciprofloxacin_vs_control,not_regulated,b3714,b3714,770.9155660106613,1.8726010320376378,3.6619219248618045,0.0014602714368428524,0.012096318458414641,3.5904255741147075,BH_from_pvalue
fluoroquinolone,ciprofloxacin,ciprofloxacin_vs_control,upregulated,b2872,b2872,189.49359022120743,2.6653668904215317,6.343886195503389,0.018826789161089263,0.04504409449286144,3.5885490681855243,BH_from_pvalue
fluoroquinolone,ciprofloxacin,ciprofloxacin_vs_control,not_regulated,b2557,b2557,3544.0979668527216,-1.9259611705921955,0.2631648715315421,0.002208756873773973,0.01372517109128813,3.587068461947313,BH_from_pvalue
fluoroquinolone,ciprofloxacin,ciprofloxacin_vs_control,upregulated,b3415,b3415,387.53724291502664,2.0345891036906476,4.09706023558737,0.0036874939329258863,0.017283681376481293,3.5856860793906127,BH_from_pvalue
fluoroquinolone,ciprofloxacin,ciprofloxacin_vs_control,downregulated,b1195,b1195,390.0628829734456,-2.0571712271289533,0.2402867118317845,0.004141439851831402,0.01813678562984262,3.582439603828737,BH_from_pvalue
fluoroquinolone,ciprofloxacin,ciprofloxacin_vs_control,not_regulated,b1859,b1859,514.4142171639768,-1.530718329176759,0.3461049957267048,6.850232198292547e-05,0.004591207330825119,3.5789313411934756,BH_from_pvalue
fluoroquinolone,ciprofloxacin,ciprofloxacin_vs_control,upregulated,b1500,b1500,1.6907330203921171,2.116364426461231,4.335999007496751,0.004992628773540605,0.020378261545721997,3.5784185331115093,BH_from_pvalue
fluoroquinolone,ciprofloxacin,ciprofloxacin_vs_control,not_regulated,b1678,b1678,1993.246541333614,-1.9187780860756938,0.2644784195848702,0.0021662698496535547,0.013666033357281471,3.5772883607924584,BH_from_pvalue
fluoroquinolone,ciprofloxacin,ciprofloxacin_vs_control,not_regulated,b2165,b2165,40.96886255575124,1.7040724487837764,3.258193867077746,0.00041271767157854104,0.007975554456768631,3.5755514672998356,BH_from_pvalue
fluoroquinolone,ciprofloxacin,ciprofloxacin_vs_control,not_regulated,b1849,b1849,214.50509546780347,-1.8344591524373817,0.2803966168422491,0.001122795195997712,0.011265989676341187,3.573949548912384,BH_from_pvalue
fluoroquinolone,ciprofloxacin,ciprofloxacin_vs_control,not_regulated,b0401,b0401,2067.9388693520827,-1.758459698283616,0.29556355710613547,0.000636041498902685,0.009288683967741159,3.573270667276402,BH_from_pvalue
fluoroquinolone,ciprofloxacin,ciprofloxacin_vs_control,upregulated,b1377,b1377,18.5871366388139,2.377103304693433,5.1949263821599505,0.010509501535831548,0.03151385837224921,3.5692168587837347,BH_from_pvalue
fluoroquinolone,ciprofloxacin,ciprofloxacin_vs_control,not_regulated,b2109,b2109,11.4657679865976,1.8252052312405795,3.5435741333095607,0.0010676898300707638,0.011091152091589597,3.5683188259785767,BH_from_pvalue
fluoroquinolone,ciprofloxacin,ciprofloxacin_vs_control,upregulated,b4621,b4621,3.2558868061181006,2.3635017704270864,5.146179467617339,0.01024922518110487,0.031091240943992245,3.5626526224323394,BH_from_pvalue
fluoroquinolone,ciprofloxacin,ciprofloxacin_vs_control,not_regulated,b4257,b4257,12.153534105345749,3.205483817647794,9.224583782984832,0.040794495396030556,0.07764495436245868,3.5577240517275497,BH_from_pvalue
fluoroquinolone,ciprofloxacin,ciprofloxacin_vs_control,not_regulated,b2521,b2521,3526.927141524857,-1.879500320333035,0.27177783000555794,0.0017596634443424336,0.012802144094699389,3.5573627507978136,BH_from_pvalue
fluoroquinolone,ciprofloxacin,ciprofloxacin_vs_control,upregulated,b2014,b2014,654.86886016237,2.362540601553354,5.14275206262711,0.010339473763250107,0.031212720125569787,3.5572026844722564,BH_from_pvalue
fluoroquinolone,ciprofloxacin,ciprofloxacin_vs_control,not_regulated,b3829,b3829,1175.399571991135,-3.0693979334194914,0.11912945457700745,0.03522829149701504,0.06958742704976044,3.5527336348313354,BH_from_pvalue
fluoroquinolone,ciprofloxacin,ciprofloxacin_vs_control,downregulated,b1256,b1256,373.58678570888065,-2.029466329166743,0.24494566608760024,0.003988813157986079,0.017803580024167754,3.550536444598255,BH_from_pvalue
fluoroquinolone,ciprofloxacin,ciprofloxacin_vs_control,not_regulated,b1279,b1279,654.3881594932107,-1.3386811217454433,0.3953819397420695,3.373210727246602e-06,0.0022368863132278603,3.5479816606168497,BH_from_pvalue
fluoroquinolone,ciprofloxacin,ciprofloxacin_vs_control,upregulated,b3214,b3214,19.623316194428053,2.1574327741314354,4.461202928772431,0.00601058543482162,0.022696717880485256,3.5468991774902285,BH_from_pvalue
fluoroquinolone,ciprofloxacin,ciprofloxacin_vs_control,not_regulated,b4083,b4083,10.696719575881417,3.0973326998305257,8.55835011621698,0.03663991304958721,0.07177975997257982,3.5433424085399303,BH_from_pvalue
fluoroquinolone,ciprofloxacin,ciprofloxacin_vs_control,not_regulated,b1806,b1806,1326.0228292258728,-1.819962091488657,0.2832284133863106,0.0011841824881607566,0.011302412504039409,3.5431546988960245,BH_from_pvalue
fluoroquinolone,ciprofloxacin,ciprofloxacin_vs_control,not_regulated,b3645,b3645,853.3831143704789,1.9317963994666698,3.8152997295032836,0.0025252189183064037,0.014656044767151231,3.542882175502981,BH_from_pvalue
fluoroquinolone,ciprofloxacin,ciprofloxacin_vs_control,upregulated,b0364,b0364,3.345986644602391,2.3843689311417604,5.22115479245193,0.011204425064012898,0.03268320618542802,3.542398137371523,BH_from_pvalue
fluoroquinolone,ciprofloxacin,ciprofloxacin_vs_control,not_regulated,b2234,b2234,1331.09974885676,1.6852994717812741,3.2160714794419416,0.0004060543624839662,0.007941010967186435,3.5393382119835515,BH_from_pvalue
fluoroquinolone,ciprofloxacin,ciprofloxacin_vs_control,not_regulated,b0882,b0882,14385.875638592855,-1.8140663978648988,0.28438821812780785,0.0011852304995615234,0.011302412504039409,3.531676792480302,BH_from_pvalue
fluoroquinolone,ciprofloxacin,ciprofloxacin_vs_control,upregulated,b0746,b0746,48.1038179097913,2.042826298646891,4.120519671559127,0.004354131472756847,0.01868446402664165,3.5310647973273417,BH_from_pvalue
fluoroquinolone,ciprofloxacin,ciprofloxacin_vs_control,not_regulated,b3383,b3383,187.7748510811658,-1.5399620761336585,0.34389449430914726,9.124460234343842e-05,0.0050969882590061666,3.5306500573628576,BH_from_pvalue
fluoroquinolone,ciprofloxacin,ciprofloxacin_vs_control,not_regulated,b0918,b0918,1006.3509719954604,-1.6160661164030579,0.3262237862660255,0.00023656685306629313,0.0065367977868552056,3.5305145186728923,BH_from_pvalue
fluoroquinolone,ciprofloxacin,ciprofloxacin_vs_control,not_regulated,b3961,b3961,1560.915880004067,-1.5392024031993863,0.3440756248503306,9.953144284821397e-05,0.0050969882590061666,3.528908365583214,BH_from_pvalue
fluoroquinolone,ciprofloxacin,ciprofloxacin_vs_control,not_regulated,b1128,b1128,2925.3914863746672,-1.6367364575819323,0.3215831102638931,0.00031674866744319386,0.006989911817078108,3.5280317591427526,BH_from_pvalue
fluoroquinolone,ciprofloxacin,ciprofloxacin_vs_control,not_regulated,b1413,b1413,2839.1167656348757,-1.4993007508773601,0.3537247932895622,2.8832574851080614e-05,0.004459540839808195,3.5244210499725117,BH_from_pvalue
fluoroquinolone,ciprofloxacin,ciprofloxacin_vs_control,not_regulated,b1695,b1695,21.338285041161114,1.808592615042902,3.5030039502763937,0.0011384941569813423,0.011265989676341187,3.5235555679234385,BH_from_pvalue
fluoroquinolone,ciprofloxacin,ciprofloxacin_vs_control,not_regulated,b4457,b4457,4391.706807865884,-1.943617984795333,0.25996368618341636,0.0029079580582761903,0.015388253923440346,3.5234113939530425,BH_from_pvalue
fluoroquinolone,ciprofloxacin,ciprofloxacin_vs_control,not_regulated,b2113,b2113,2693.584805256805,-1.612711618190394,0.32698319161174755,0.00024071688548286922,0.0065367977868552056,3.523186164639314,BH_from_pvalue
fluoroquinolone,ciprofloxacin,ciprofloxacin_vs_control,not_regulated,b2648,b2648,3.0537932034364395,2.707562130315475,6.532169061522946,0.02221690507800055,0.05006595142326977,3.521069550425486,BH_from_pvalue
fluoroquinolone,ciprofloxacin,ciprofloxacin_vs_control,not_regulated,b4375,b4375,1741.440544248618,1.6111704244816814,3.054995858973186,0.00024097048100656102,0.0065367977868552056,3.5198192189992383,BH_from_pvalue
fluoroquinolone,ciprofloxacin,ciprofloxacin_vs_control,not_regulated,b2621,b2621,711242.2888298457,-1.8047488334583015,0.28623086728388153,0.0011003715405019168,0.011248798157221868,3.5172639490903617,BH_from_pvalue
fluoroquinolone,ciprofloxacin,ciprofloxacin_vs_control,downregulated,b1686,b1686,261.74787491613046,-2.268128627145587,0.20759899618109728,0.008598721849337543,0.02819027031947541,3.515374282112567,BH_from_pvalue
fluoroquinolone,ciprofloxacin,ciprofloxacin_vs_control,upregulated,b3215,b3215,2.910194395330264,2.2957444053904252,4.910072767113407,0.009330226662774785,0.029554478541662668,3.5110580002946947,BH_from_pvalue
fluoroquinolone,ciprofloxacin,ciprofloxacin_vs_control,upregulated,b1556,b1556,10.099771144826631,2.0820640729618543,4.234125621281703,0.005171823854817381,0.020826198477142864,3.500761705446148,BH_from_pvalue
fluoroquinolone,ciprofloxacin,ciprofloxacin_vs_control,not_regulated,b1366,b1366,14.548518163591453,3.1824882908716807,9.07871611857226,0.04226500654098098,0.07950982828161124,3.4993978795338463,BH_from_pvalue
fluoroquinolone,ciprofloxacin,ciprofloxacin_vs_control,not_regulated,b1111,b1111,524.195236245176,-1.9234636250967716,0.263620848344333,0.002730064207650281,0.015168834188204366,3.498872267820926,BH_from_pvalue
fluoroquinolone,ciprofloxacin,ciprofloxacin_vs_control,downregulated,b2903,b2903,9022.776990862314,-2.2080615418514604,0.2164249090242801,0.007564210051586119,0.02609188405830856,3.4964534396069786,BH_from_pvalue
fluoroquinolone,ciprofloxacin,ciprofloxacin_vs_control,not_regulated,b0138,b0138,6.83687499852649,2.6893350868048076,6.450160621138346,0.022442501346184078,0.05042276276480319,3.489071703482613,BH_from_pvalue
fluoroquinolone,ciprofloxacin,ciprofloxacin_vs_control,not_regulated,b2574,b2574,371.23998656972384,2.8225046874704764,7.073894424550149,0.027381556699519423,0.05817799109377995,3.486474300612123,BH_from_pvalue
fluoroquinolone,ciprofloxacin,ciprofloxacin_vs_control,not_regulated,b1422,b1422,1000.369179695087,1.8613184290295166,3.6333955388545167,0.0019822530725486405,0.013401295651596586,3.4859761975257606,BH_from_pvalue
fluoroquinolone,ciprofloxacin,ciprofloxacin_vs_control,not_regulated,b1002,b1002,5583.758458066448,-1.9113111664312967,0.2658508222346985,0.0026805851874943487,0.01509045328329109,3.481066659690372,BH_from_pvalue
fluoroquinolone,ciprofloxacin,ciprofloxacin_vs_control,not_regulated,b2972,b2972,32.08027736673489,1.7825967892103165,3.44044883620931,0.0010918998917405184,0.011213163728422036,3.47654831378438,BH_from_pvalue
fluoroquinolone,ciprofloxacin,ciprofloxacin_vs_control,not_regulated,b1477,b1477,511.63998384586625,-1.6957478179520278,0.30869460660120734,0.0005691439515776761,0.008919893708001348,3.475673101532242,BH_from_pvalue
fluoroquinolone,ciprofloxacin,ciprofloxacin_vs_control,not_regulated,b0533,b0533,5.701938390334053,2.903922882893747,7.484587894503503,0.03100474278734148,0.06373826922187475,3.4719294255696296,BH_from_pvalue
fluoroquinolone,ciprofloxacin,ciprofloxacin_vs_control,not_regulated,b1180,b1180,302.84959722289364,-1.3200489051294237,0.4005213615103094,4.176758019997231e-06,0.002348382196743443,3.4707137942171435,BH_from_pvalue
fluoroquinolone,ciprofloxacin,ciprofloxacin_vs_control,not_regulated,b2168,b2168,596.3781138485087,-1.6711363055225732,0.3140059266707698,0.0004955263346188268,0.008433404237097047,3.4659318216154507,BH_from_pvalue
fluoroquinolone,ciprofloxacin,ciprofloxacin_vs_control,not_regulated,b0019,b0019,5186.197078789036,-1.7489725956495228,0.2975135753672222,0.0009055683650158018,0.010471070709103025,3.462981318696446,BH_from_pvalue
fluoroquinolone,ciprofloxacin,ciprofloxacin_vs_control,not_regulated,b4242,b4242,302.4180214205268,1.9466672687244522,3.8548300822429638,0.003405183318311485,0.016664989439475884,3.461553920618788,BH_from_pvalue
fluoroquinolone,ciprofloxacin,ciprofloxacin_vs_control,not_regulated,b1769,b1769,52.17682822624125,1.94626509544063,3.853755639229961,0.0034085794318181,0.016664989439475884,3.4608387781135694,BH_from_pvalue
fluoroquinolone,ciprofloxacin,ciprofloxacin_vs_control,not_regulated,b1136,b1136,11753.53063879298,-1.6054843311144698,0.32862534781258806,0.00031382049646016,0.006989911817078108,3.46066691600799,BH_from_pvalue
fluoroquinolone,ciprofloxacin,ciprofloxacin_vs_control,not_regulated,b3493,b3493,2423.6770549439207,1.540016024028148,2.9079773333943733,0.00013083480161783467,0.005668554449342284,3.4596886216008205,BH_from_pvalue
fluoroquinolone,ciprofloxacin,ciprofloxacin_vs_control,not_regulated,b1764,b1764,2178.0595093063584,-1.6479501372689214,0.31909322058402056,0.000428959928178061,0.008014228009049667,3.454331408808301,BH_from_pvalue
fluoroquinolone,ciprofloxacin,ciprofloxacin_vs_control,not_regulated,b1426,b1426,1796.4132221841858,-1.9095735929563293,0.2661712043055692,0.00298988012976448,0.015543521678165272,3.4533694655778113,BH_from_pvalue
fluoroquinolone,ciprofloxacin,ciprofloxacin_vs_control,upregulated,b0061,b0061,134.19516755316695,2.411045388688752,5.318595758657339,0.013800278479092966,0.037021210269044376,3.451530549963124,BH_from_pvalue
fluoroquinolone,ciprofloxacin,ciprofloxacin_vs_control,upregulated,b2372,b2372,6.817161119999184,2.1355132094564304,4.393934029949541,0.006665399201513299,0.02423683557672338,3.4499730203029566,BH_from_pvalue
fluoroquinolone,ciprofloxacin,ciprofloxacin_vs_control,upregulated,b4355,b4355,376.7955826526624,2.282262808898393,4.864403177232711,0.010053066457460031,0.030802924336277397,3.4494303837309923,BH_from_pvalue
fluoroquinolone,ciprofloxacin,ciprofloxacin_vs_control,downregulated,b1746,b1746,6821.145505503841,-2.009367551160034,0.2483819857233348,0.004541486110554093,0.019238280109767348,3.4477406729302817,BH_from_pvalue
fluoroquinolone,ciprofloxacin,ciprofloxacin_vs_control,not_regulated,b2753,b2753,241.9506386184665,1.7692573983763689,3.408784504195732,0.001154675987369846,0.011267029991630886,3.446850543390112,BH_from_pvalue
fluoroquinolone,ciprofloxacin,ciprofloxacin_vs_control,not_regulated,b0650,b0650,69.71505809283967,1.7073292780790172,3.2655574244116914,0.0007280884337341466,0.009632181690988798,3.442445910322577,BH_from_pvalue
fluoroquinolone,ciprofloxacin,ciprofloxacin_vs_control,not_regulated,b1333,b1333,7481.085318252547,-1.791919474819693,0.28878756459799676,0.0014250409074001984,0.012009187398790117,3.441356942083764,BH_from_pvalue
fluoroquinolone,ciprofloxacin,ciprofloxacin_vs_control,not_regulated,b4271,b4271,544.1060866416559,1.8307990620528125,3.5573404747886985,0.0019250783306465772,0.01319969867568339,3.4408696345130285,BH_from_pvalue
fluoroquinolone,ciprofloxacin,ciprofloxacin_vs_control,not_regulated,b3980,b3980,293.284275843281,1.5750735402958584,2.9795068004952805,0.00024539293564403137,0.006570103717421744,3.4374842412166537,BH_from_pvalue
fluoroquinolone,ciprofloxacin,ciprofloxacin_vs_control,not_regulated,b2734,b2734,13.604796260828607,1.8888407201773814,3.703375198769476,0.0027192231992518023,0.015150207167770687,3.4368994957694725,BH_from_pvalue
fluoroquinolone,ciprofloxacin,ciprofloxacin_vs_control,not_regulated,b3693,b3693,96.7958581230656,-1.697150354929284,0.30839465047443715,0.0006968990086196362,0.00958609095037041,3.42545776802339,BH_from_pvalue
fluoroquinolone,ciprofloxacin,ciprofloxacin_vs_control,not_regulated,b3522,b3522,826.9059250094707,-1.8516581485681165,0.27707373273931324,0.0023922904082753597,0.0142641776424173,3.417704066359575,BH_from_pvalue
fluoroquinolone,ciprofloxacin,ciprofloxacin_vs_control,not_regulated,b2670,b2670,1147.5797459415078,-1.9236865523879096,0.26358011642268775,0.0035045852972611334,0.016877542470107684,3.4101014352133405,BH_from_pvalue
fluoroquinolone,ciprofloxacin,ciprofloxacin_vs_control,upregulated,b1141,b1141,17.186291713022857,2.5838158856504525,5.995233256469777,0.020722144307053124,0.048009490235916344,3.4072080007916847,BH_from_pvalue
fluoroquinolone,ciprofloxacin,ciprofloxacin_vs_control,not_regulated,b1752,b1752,45.93934942144134,-1.6823610812127532,0.311572307736704,0.000669685050495874,0.009505026447269525,3.4018126226663252,BH_from_pvalue
fluoroquinolone,ciprofloxacin,ciprofloxacin_vs_control,upregulated,b0647,b0647,3.7138185548168217,2.487444991038166,5.607839235546327,0.01754899924900158,0.04307184064174409,3.3973687077975,BH_from_pvalue
fluoroquinolone,ciprofloxacin,ciprofloxacin_vs_control,upregulated,b1923,b1923,1521.692421089129,2.2440977968223077,4.737407573980315,0.00993155743108519,0.030638964502424773,3.396948994290347,BH_from_pvalue
fluoroquinolone,ciprofloxacin,ciprofloxacin_vs_control,upregulated,b1407,b1407,66.90044458646508,2.121346009199847,4.350996960959931,0.0070627182005843,0.025132995622015968,3.3936354641045505,BH_from_pvalue
fluoroquinolone,ciprofloxacin,ciprofloxacin_vs_control,not_regulated,b0907,b0907,1543.2699219777999,-1.4404319067851468,0.3684569810118002,3.6712704526580396e-05,0.004459540839808195,3.3860374780409064,BH_from_pvalue
fluoroquinolone,ciprofloxacin,ciprofloxacin_vs_control,not_regulated,b1550,b1550,140.60429182444634,1.8158036369185133,3.5205568438724724,0.0021778802881504767,0.013681711642598945,3.384402980568878,BH_from_pvalue
fluoroquinolone,ciprofloxacin,ciprofloxacin_vs_control,not_regulated,b2956,b2956,25.471842723596122,1.8648841565189747,3.6423868514099467,0.0029047119525064777,0.015388253923440346,3.380681871069113,BH_from_pvalue
fluoroquinolone,ciprofloxacin,ciprofloxacin_vs_control,not_regulated,b0713,b0713,560.2271402464454,-1.8007393373171903,0.2870274582124499,0.0020597043474298517,0.013420943256177702,3.3713747275644335,BH_from_pvalue
fluoroquinolone,ciprofloxacin,ciprofloxacin_vs_control,not_regulated,b2022,b2022,320.85239453293474,-1.8759744426082579,0.2724428543450185,0.003192869252069185,0.015962142016070487,3.3709550399668022,BH_from_pvalue
fluoroquinolone,ciprofloxacin,ciprofloxacin_vs_control,not_regulated,b1495,b1495,24.09181304376942,1.44162763221637,2.7162713935397442,5.89146730100038e-05,0.004591207330825119,3.370630779631775,BH_from_pvalue
fluoroquinolone,ciprofloxacin,ciprofloxacin_vs_control,not_regulated,b3846,b3846,2989.2964086750776,1.9451395874414956,3.8507503323512307,0.004290041112293623,0.01859385317410271,3.366318096664395,BH_from_pvalue
fluoroquinolone,ciprofloxacin,ciprofloxacin_vs_control,not_regulated,b2944,b2944,33.9253561488862,1.984976877184665,3.958563179224596,0.004940790931343319,0.020240143542060336,3.3621268623664085,BH_from_pvalue
fluoroquinolone,ciprofloxacin,ciprofloxacin_vs_control,not_regulated,b0786,b0786,1826.7663485862643,-1.7019059006841335,0.30737976490523966,0.000919849547983226,0.010581798636390156,3.3620138553482057,BH_from_pvalue
fluoroquinolone,ciprofloxacin,ciprofloxacin_vs_control,not_regulated,b4625,b4625,11.567528313327506,1.9588653471786723,3.8875610924963593,0.004543282205365974,0.019238280109767348,3.361087286575634,BH_from_pvalue
fluoroquinolone,ciprofloxacin,ciprofloxacin_vs_control,not_regulated,b4670,b4670,40.183278917162504,3.083563839084442,8.477059063802558,0.043967888729828604,0.08189133064462487,3.3511002269644536,BH_from_pvalue
fluoroquinolone,ciprofloxacin,ciprofloxacin_vs_control,not_regulated,b1288,b1288,5284.555549977848,-1.7202628775569018,0.30349341566383464,0.0011861112455362089,0.011302412504039409,3.349057393259513,BH_from_pvalue
fluoroquinolone,ciprofloxacin,ciprofloxacin_vs_control,upregulated,b4314,b4314,4440.879506245562,2.346068752749945,5.084369050995664,0.013991732796732895,0.037372217410750926,3.348898499991386,BH_from_pvalue
fluoroquinolone,ciprofloxacin,ciprofloxacin_vs_control,not_regulated,b2095,b2095,51323.69434538809,-1.8529262419746058,0.2768302987546405,0.003035316796630754,0.015605733594242261,3.34771113837419,BH_from_pvalue
fluoroquinolone,ciprofloxacin,ciprofloxacin_vs_control,not_regulated,b3292,b3292,191.36522521747307,-1.7133932516286494,0.3049419947659054,0.0011901631158336085,0.011302412504039409,3.3356834073390504,BH_from_pvalue
fluoroquinolone,ciprofloxacin,ciprofloxacin_vs_control,not_regulated,b3261,b3261,742.529499173026,1.7551216809140993,3.3755478756144957,0.00166521972960852,0.0125753664508343,3.3355725123424076,BH_from_pvalue
fluoroquinolone,ciprofloxacin,ciprofloxacin_vs_control,upregulated,b1015,b1015,2225.2437009402206,2.2265044788724193,4.6799868590696265,0.010720629433082794,0.03181634304732002,3.3338559011809914,BH_from_pvalue
fluoroquinolone,ciprofloxacin,ciprofloxacin_vs_control,not_regulated,b1261,b1261,424.16598873989204,-1.7651657614978111,0.2941928804495723,0.0018375605285246043,0.01292165673888038,3.333836447874202,BH_from_pvalue
fluoroquinolone,ciprofloxacin,ciprofloxacin_vs_control,upregulated,b0063,b0063,391.95407337322854,2.2158151250038998,4.645439596996993,0.010466346694109138,0.0314479809152324,3.329056670236572,BH_from_pvalue
fluoroquinolone,ciprofloxacin,ciprofloxacin_vs_control,not_regulated,b0284,b0284,362.25837292046157,-1.76580800161189,0.2940619446561314,0.0018860439838851752,0.01308572117700886,3.3253737564503285,BH_from_pvalue
fluoroquinolone,ciprofloxacin,ciprofloxacin_vs_control,not_regulated,b1766,b1766,1120.452763166267,-1.4181741128799459,0.37418558506696503,5.635174132936119e-05,0.004591207330825119,3.3157947370924803,BH_from_pvalue
fluoroquinolone,ciprofloxacin,ciprofloxacin_vs_control,upregulated,b4491,b4491,60.50524677281221,2.11593190666749,4.33469927037409,0.00804263802945742,0.0271386240483867,3.3144215005454822,BH_from_pvalue
fluoroquinolone,ciprofloxacin,ciprofloxacin_vs_control,not_regulated,b0734,b0734,9724.288687843587,-1.7280033137569735,0.30186945450044694,0.0014601303273022721,0.012096318458414641,3.313181603406965,BH_from_pvalue
fluoroquinolone,ciprofloxacin,ciprofloxacin_vs_control,not_regulated,b3233,b3233,2523.0065490229745,-1.3554644486896628,0.3908089876650934,1.120185384224237e-05,0.0035989956130290128,3.3125093434801083,BH_from_pvalue
fluoroquinolone,ciprofloxacin,ciprofloxacin_vs_control,not_regulated,b2535,b2535,6038.649697860711,-1.823139074366651,0.28260539758884,0.002910400411324953,0.015388253923440346,3.3050059413094424,BH_from_pvalue
fluoroquinolone,ciprofloxacin,ciprofloxacin_vs_control,not_regulated,b3942,b3942,8270.874503867928,-1.684252403476039,0.311164115063084,0.001054598186639627,0.010980515378483893,3.3000858855432518,BH_from_pvalue
fluoroquinolone,ciprofloxacin,ciprofloxacin_vs_control,not_regulated,b0501,b0501,5.027914428121682,2.7932887801335413,6.93208228739009,0.032826440106608575,0.06617341179550527,3.294171472952412,BH_from_pvalue
fluoroquinolone,ciprofloxacin,ciprofloxacin_vs_control,not_regulated,b0867,b0867,1102.0087111295932,-1.4564696092303056,0.36438371546893744,0.00011936819692717151,0.005478756630392015,3.293540930339558,BH_from_pvalue
fluoroquinolone,ciprofloxacin,ciprofloxacin_vs_control,not_regulated,b1587,b1587,175.4957249645564,-1.8152537013722965,0.28415426970742785,0.00290236597744722,0.015388253923440346,3.2907112531190554,BH_from_pvalue
fluoroquinolone,ciprofloxacin,ciprofloxacin_vs_control,upregulated,b1028,b1028,1.7130326142875365,2.120099272952885,4.347238576635072,0.008576978982913862,0.028160037565800405,3.286931462260269,BH_from_pvalue
fluoroquinolone,ciprofloxacin,ciprofloxacin_vs_control,upregulated,b3443,b3443,3.097402632304091,2.2773050426358985,4.847715531638024,0.01306172054716784,0.03603840359257048,3.286685102946086,BH_from_pvalue
fluoroquinolone,ciprofloxacin,ciprofloxacin_vs_control,not_regulated,b3820,b3820,114.60134289800176,1.7355403807656389,3.330042017150415,0.001753059318146051,0.012802144094699389,3.284887284268808,BH_from_pvalue
fluoroquinolone,ciprofloxacin,ciprofloxacin_vs_control,not_regulated,b2518,b2518,987.574572095457,1.6826659474221017,3.2102061532622943,0.0011139652980415816,0.011265989676341187,3.27822137427763,BH_from_pvalue
fluoroquinolone,ciprofloxacin,ciprofloxacin_vs_control,not_regulated,b4005,b4005,841.9362461600108,-1.576901478514019,0.33520103795558287,0.0005133922278349843,0.008433404237097047,3.2704890653579097,BH_from_pvalue
fluoroquinolone,ciprofloxacin,ciprofloxacin_vs_control,not_regulated,b2440,b2440,259.905535609928,-1.7291540986320983,0.3016287603269449,0.0018029927316638265,0.012843341724562704,3.270387122354627,BH_from_pvalue
fluoroquinolone,ciprofloxacin,ciprofloxacin_vs_control,not_regulated,b1723,b1723,1857.110996996449,-1.6937403033118628,0.3091244551055931,0.001331370332246176,0.011731742685014705,3.269998495830009,BH_from_pvalue
fluoroquinolone,ciprofloxacin,ciprofloxacin_vs_control,upregulated,b4471,b4471,229.8938906449731,2.0107535249913218,4.029926496251493,0.00641980754674144,0.023766497403492178,3.2655337347383795,BH_from_pvalue
fluoroquinolone,ciprofloxacin,ciprofloxacin_vs_control,not_regulated,b2378,b2378,2198.5968535655124,-1.6594939854559954,0.31655015663435737,0.0010131263190510374,0.01086584290582734,3.259140939206002,BH_from_pvalue
fluoroquinolone,ciprofloxacin,ciprofloxacin_vs_control,not_regulated,b3700,b3700,404.3223870628626,1.764260242634327,3.3969977028730867,0.0023877007880608965,0.0142641776424173,3.256389096459646,BH_from_pvalue
fluoroquinolone,ciprofloxacin,ciprofloxacin_vs_control,not_regulated,b4477,b4477,43.646014167954256,-1.6596868940715135,0.316507832256531,0.0010354070603006017,0.01095826107584025,3.2534151039402164,BH_from_pvalue
fluoroquinolone,ciprofloxacin,ciprofloxacin_vs_control,upregulated,b3817,b3817,18.79414942404504,2.2638220286212625,4.802621220316956,0.013648531460589263,0.03685930056977144,3.2450822748102452,BH_from_pvalue
fluoroquinolone,ciprofloxacin,ciprofloxacin_vs_control,not_regulated,b3337,b3337,93.29881345465992,-1.8384497650026272,0.27962208854824233,0.003834720041226046,0.017502781650265035,3.2299593852197455,BH_from_pvalue
fluoroquinolone,ciprofloxacin,ciprofloxacin_vs_control,not_regulated,b0144,b0144,216.05345580149674,1.6992771518336394,3.247382108864461,0.001658051295237208,0.0125753664508343,3.229441137981814,BH_from_pvalue
fluoroquinolone,ciprofloxacin,ciprofloxacin_vs_control,not_regulated,b0459,b0459,275.2434094072368,1.9347376221107302,3.823085915913537,0.005476678838373834,0.021458276493907236,3.227926237863387,BH_from_pvalue
fluoroquinolone,ciprofloxacin,ciprofloxacin_vs_control,not_regulated,b3765,b3765,133.4498089076116,-1.6923266664407972,0.3094275017502883,0.0015742095303252557,0.012379011306648601,3.2277984118284087,BH_from_pvalue
fluoroquinolone,ciprofloxacin,ciprofloxacin_vs_control,upregulated,b3686,b3686,270.2735983105836,2.38356060112275,5.2182302422720035,0.01846833796054002,0.04432795311980203,3.225725767690762,BH_from_pvalue
fluoroquinolone,ciprofloxacin,ciprofloxacin_vs_control,not_regulated,b4215,b4215,28.47652294659905,1.704061476492524,3.258169087262811,0.0017172283953520628,0.012802144094699389,3.2253066179152814,BH_from_pvalue
fluoroquinolone,ciprofloxacin,ciprofloxacin_vs_control,not_regulated,b2167,b2167,1553.5820170097095,-1.3793074122307143,0.38440328969883847,6.379109074368371e-05,0.004591207330825119,3.224921550020153,BH_from_pvalue
fluoroquinolone,ciprofloxacin,ciprofloxacin_vs_control,not_regulated,b0260,b0260,198.6240638370232,-1.7461505718734678,0.29809610462483094,0.0024032271096334403,0.0142641776424173,3.22296311259341,BH_from_pvalue
fluoroquinolone,ciprofloxacin,ciprofloxacin_vs_control,not_regulated,b0658,b0658,2939.7532302555314,-1.3647974049961178,0.3882889603747552,3.1465649006792486e-05,0.004459540839808195,3.208242709343934,BH_from_pvalue
fluoroquinolone,ciprofloxacin,ciprofloxacin_vs_control,not_regulated,b0919,b0919,2035.4314565658217,-1.8028732347404652,0.28660322828652113,0.003382420597953122,0.01662944637435667,3.2075318119789324,BH_from_pvalue
fluoroquinolone,ciprofloxacin,ciprofloxacin_vs_control,not_regulated,b0879,b0879,651.2420660855397,-1.625058730591185,0.3241966906892899,0.0009491761064486507,0.010724146152548323,3.2007762513418965,BH_from_pvalue
fluoroquinolone,ciprofloxacin,ciprofloxacin_vs_control,upregulated,b4033,b4033,826.5841328685823,2.3606346193857064,5.135962324351454,0.018308508925177287,0.04417630380099532,3.1982128618344063,BH_from_pvalue
fluoroquinolone,ciprofloxacin,ciprofloxacin_vs_control,upregulated,b1915,b1915,97.49590831986252,2.0668465947342334,4.189698983849522,0.008751943453158438,0.028425641081977624,3.195943666869312,BH_from_pvalue
fluoroquinolone,ciprofloxacin,ciprofloxacin_vs_control,not_regulated,b3862,b3862,71.97776232189902,2.58597467403567,6.004210987485426,0.027266692103808256,0.05809833305681172,3.195841445725428,BH_from_pvalue
fluoroquinolone,ciprofloxacin,ciprofloxacin_vs_control,upregulated,b1627,b1627,198.71723944408689,2.120760389137561,4.34923115879141,0.010299354672189441,0.031154335787160797,3.1948862995961416,BH_from_pvalue
fluoroquinolone,ciprofloxacin,ciprofloxacin_vs_control,not_regulated,b3601,b3601,265.2228777502177,1.3579681148882026,2.5632391973517383,3.76750893536486e-05,0.004459540839808195,3.1921890297879005,BH_from_pvalue
fluoroquinolone,ciprofloxacin,ciprofloxacin_vs_control,not_regulated,b2796,b2796,3452.3224071393756,1.8979747211040188,3.7268964139848633,0.005162759893987024,0.020826198477142864,3.1912357106733062,BH_from_pvalue
fluoroquinolone,ciprofloxacin,ciprofloxacin_vs_control,not_regulated,b0272,b0272,191.18267061362565,1.8458795116413658,3.5947202766516457,0.004347509606722146,0.01868446402664165,3.190638463966267,BH_from_pvalue
fluoroquinolone,ciprofloxacin,ciprofloxacin_vs_control,not_regulated,b2147,b2147,366.1581076180778,-1.8467283467540527,0.2780221348182648,0.004382141723037348,0.018768294480072296,3.1885153479604202,BH_from_pvalue
fluoroquinolone,ciprofloxacin,ciprofloxacin_vs_control,not_regulated,b3325,b3325,54.63108986927504,1.9219726223007463,3.7894083709645288,0.005787886926326231,0.022175396417900672,3.179189897903705,BH_from_pvalue
fluoroquinolone,ciprofloxacin,ciprofloxacin_vs_control,not_regulated,b2146,b2146,336.9932743874512,-1.8179543235396762,0.28362285073585436,0.0040271714648274165,0.017886120897062815,3.1768457987196843,BH_from_pvalue
fluoroquinolone,ciprofloxacin,ciprofloxacin_vs_control,not_regulated,b3532,b3532,170.06590012396916,1.6682242225366783,3.178231520262155,0.0016056634709470633,0.012474891214250277,3.1762375839422012,BH_from_pvalue
fluoroquinolone,ciprofloxacin,ciprofloxacin_vs_control,upregulated,b0685,b0685,179.57637580702098,2.1688262786481154,4.496574209934801,0.01208569757054529,0.03433753886968171,3.175662315026025,BH_from_pvalue
fluoroquinolone,ciprofloxacin,ciprofloxacin_vs_control,upregulated,b1925,b1925,7.766919496556507,2.103342792654984,4.297038766364018,0.010170864393429896,0.030994951247728775,3.173332290583384,BH_from_pvalue
fluoroquinolone,ciprofloxacin,ciprofloxacin_vs_control,not_regulated,b3024,b3024,6171.299423268312,-1.8042154814099192,0.2863367039558132,0.0038132975320141625,0.01750071149726008,3.169906096234129,BH_from_pvalue
fluoroquinolone,ciprofloxacin,ciprofloxacin_vs_control,not_regulated,b1216,b1216,158.43918479029776,1.8259518180553034,3.5454083881632292,0.004240282258647307,0.018445637910440606,3.1663945892663325,BH_from_pvalue
fluoroquinolone,ciprofloxacin,ciprofloxacin_vs_control,not_regulated,b3647,b3647,330.05119811521297,-1.649757319257164,0.3186937609054664,0.0014704369070068948,0.012135826069205529,3.1608206237336884,BH_from_pvalue
fluoroquinolone,ciprofloxacin,ciprofloxacin_vs_control,not_regulated,b0413,b0413,794.7647306749801,-1.4061201169717243,0.3773250752118503,0.0001525731901766908,0.005668554449342284,3.1588877605095447,BH_from_pvalue
fluoroquinolone,ciprofloxacin,ciprofloxacin_vs_control,not_regulated,b2322,b2322,131.92913767351723,1.8762256918438585,3.671133787925034,0.005264796524844493,0.020956808911664827,3.1495728753905197,BH_from_pvalue
fluoroquinolone,ciprofloxacin,ciprofloxacin_vs_control,upregulated,b4316,b4316,166.26799490617125,2.1319358320181285,4.383052112695782,0.011518603619082773,0.033340205327306506,3.1489368699497082,BH_from_pvalue
fluoroquinolone,ciprofloxacin,ciprofloxacin_vs_control,not_regulated,b1068,b1068,451.84556241660607,-1.4780592113069302,0.35897139439554043,0.0003684600407847535,0.007431987728474534,3.1466328884679555,BH_from_pvalue
fluoroquinolone,ciprofloxacin,ciprofloxacin_vs_control,upregulated,b0616,b0616,1.6634961044083993,2.0815670022585686,4.232667033562676,0.010052676005940455,0.030802924336277397,3.146097125785574,BH_from_pvalue
fluoroquinolone,ciprofloxacin,ciprofloxacin_vs_control,upregulated,b3218,b3218,1.6634961044083993,2.0815670022585686,4.232667033562676,0.010052676005940455,0.030802924336277397,3.146097125785574,BH_from_pvalue
fluoroquinolone,ciprofloxacin,ciprofloxacin_vs_control,not_regulated,b3046,b3046,22.79515895085426,1.9938432645007218,3.9829662763510405,0.00775800065056927,0.026476090232367657,3.144582223276961,BH_from_pvalue
fluoroquinolone,ciprofloxacin,ciprofloxacin_vs_control,not_regulated,b1744,b1744,2765.0670773312027,-1.870965192698451,0.27339046026920194,0.0052006536392178735,0.020868560978927485,3.1441710335001494,BH_from_pvalue
fluoroquinolone,ciprofloxacin,ciprofloxacin_vs_control,not_regulated,b4046,b4046,861.0295721195716,-1.8047194384358427,0.2862366993192389,0.004149122368409973,0.01813678562984262,3.1428100416683717,BH_from_pvalue
fluoroquinolone,ciprofloxacin,ciprofloxacin_vs_control,not_regulated,b1827,b1827,1042.8356304746264,-1.6441648508326878,0.3199315441097816,0.0015061323609731614,0.012293334951680251,3.1408979083506186,BH_from_pvalue
fluoroquinolone,ciprofloxacin,ciprofloxacin_vs_control,not_regulated,b0861,b0861,1312.393293993828,-1.7649849064441465,0.2942297625367492,0.0033684074727169605,0.016613044750307993,3.1408802406095897,BH_from_pvalue
fluoroquinolone,ciprofloxacin,ciprofloxacin_vs_control,upregulated,b4182,b4182,17.5354849747661,2.2232076156101064,4.669304309987332,0.01482096262966511,0.0387585406443219,3.1383523102658586,BH_from_pvalue
fluoroquinolone,ciprofloxacin,ciprofloxacin_vs_control,not_regulated,b1198,b1198,736.6790403522494,-1.621445554608222,0.3250096468075502,0.0012906298804616731,0.011633773952538288,3.1363287003172267,BH_from_pvalue
fluoroquinolone,ciprofloxacin,ciprofloxacin_vs_control,not_regulated,b4467,b4467,1455.1894732697203,1.9502989712303052,3.864546086726864,0.006890129527482343,0.0246750020817003,3.1355791327809355,BH_from_pvalue
fluoroquinolone,ciprofloxacin,ciprofloxacin_vs_control,downregulated,b3073,b3073,2059.0619801721946,-2.025247861409458,0.24566294002738115,0.008746735100596049,0.028425641081977624,3.131619972668777,BH_from_pvalue
fluoroquinolone,ciprofloxacin,ciprofloxacin_vs_control,not_regulated,b4208,b4208,4114.753020576142,1.6350313091258375,3.1059429039247965,0.0014935879686740548,0.01221483396926527,3.12799872390299,BH_from_pvalue
fluoroquinolone,ciprofloxacin,ciprofloxacin_vs_control,not_regulated,b1048,b1048,2531.2547047694366,-1.1355187931981732,0.45517120777715797,1.948939369530453e-06,0.0017717344157504315,3.1244950768152386,BH_from_pvalue
fluoroquinolone,ciprofloxacin,ciprofloxacin_vs_control,not_regulated,b3284,b3284,1728.599288427954,-1.456245868943265,0.36444023028110345,0.00033586606086560665,0.007159836690869662,3.123788474973933,BH_from_pvalue
fluoroquinolone,ciprofloxacin,ciprofloxacin_vs_control,not_regulated,b2610,b2610,6053.455372378416,-1.332945402395108,0.396956987691638,5.08932098253263e-05,0.004591207330825119,3.116523782201818,BH_from_pvalue
fluoroquinolone,ciprofloxacin,ciprofloxacin_vs_control,not_regulated,b3009,b3009,1690.6775106689618,-1.644535502847308,0.3198493590073758,0.0017961284539315184,0.012843341724562704,3.110346113756706,BH_from_pvalue
fluoroquinolone,ciprofloxacin,ciprofloxacin_vs_control,not_regulated,b4034,b4034,6119.001375706351,2.4072301092260133,5.304549046969588,0.022799934448677787,0.05112368153048488,3.108643713217807,BH_from_pvalue
fluoroquinolone,ciprofloxacin,ciprofloxacin_vs_control,not_regulated,b0425,b0425,542.926417722048,-1.625318213308006,0.3241383860088514,0.0015201215517632754,0.01229906469052629,3.104565688673969,BH_from_pvalue
fluoroquinolone,ciprofloxacin,ciprofloxacin_vs_control,not_regulated,b0469,b0469,530.4801348951804,1.593503380122078,3.017812934460196,0.0011687748255609183,0.011267029991630886,3.1044482259665798,BH_from_pvalue
fluoroquinolone,ciprofloxacin,ciprofloxacin_vs_control,not_regulated,b1050,b1050,63.54323432924381,-1.709105876907251,0.30584956368597765,0.0028371482594068543,0.01534130101258515,3.1005535903076975,BH_from_pvalue
fluoroquinolone,ciprofloxacin,ciprofloxacin_vs_control,not_regulated,b2439,b2439,129.96717459204186,-1.7073836233901858,0.30621489732045204,0.002817650342547498,0.01534130101258515,3.097429185086285,BH_from_pvalue
fluoroquinolone,ciprofloxacin,ciprofloxacin_vs_control,not_regulated,b3528,b3528,2727.3035954793404,1.5978791111865434,3.0269799333419054,0.0012730619254845287,0.011606976022092319,3.0923449447321896,BH_from_pvalue
fluoroquinolone,ciprofloxacin,ciprofloxacin_vs_control,not_regulated,b3324,b3324,12.006218033458895,3.073645989413995,8.418983121994401,0.056218905937118896,0.09862427414397847,3.0921375972379135,BH_from_pvalue
fluoroquinolone,ciprofloxacin,ciprofloxacin_vs_control,not_regulated,b2911,b2911,3558.5274030596224,-1.7170964403556148,0.3041602566685675,0.0031478229163612657,0.01590888480650896,3.0879580057340097,BH_from_pvalue
fluoroquinolone,ciprofloxacin,ciprofloxacin_vs_control,not_regulated,b4705,b4705,489.77887594249046,-1.688800902437018,0.310184628168123,0.0025862408556025893,0.014845605035194621,3.087807113053779,BH_from_pvalue
fluoroquinolone,ciprofloxacin,ciprofloxacin_vs_control,not_regulated,b4050,b4050,150.8494922117599,2.416704387867334,5.33949902323269,0.02393641694818,0.05288114117530139,3.0854045135409525,BH_from_pvalue
fluoroquinolone,ciprofloxacin,ciprofloxacin_vs_control,not_regulated,b4440,b4440,318.7229503793463,1.6231330295519095,3.080432727651611,0.0016423960034013766,0.0125753664508343,3.0847308059169185,BH_from_pvalue
fluoroquinolone,ciprofloxacin,ciprofloxacin_vs_control,not_regulated,b2887,b2887,65.66104927446882,1.7976615974454297,3.476562672519426,0.004546529959244707,0.019238280109767348,3.0844884511543538,BH_from_pvalue
fluoroquinolone,ciprofloxacin,ciprofloxacin_vs_control,upregulated,b2274,b2274,3.0116986701893076,2.232958027740362,4.7009685466306115,0.016591205898450968,0.04167208893210139,3.0818275810854208,BH_from_pvalue
fluoroquinolone,ciprofloxacin,ciprofloxacin_vs_control,not_regulated,b4645,b4645,24.310174768486476,1.6278228544137172,3.0904627036715073,0.001768720035517018,0.012802144094699389,3.081008459824389,BH_from_pvalue
fluoroquinolone,ciprofloxacin,ciprofloxacin_vs_control,downregulated,b1729,b1729,1358.7195297763126,-2.0138385973835113,0.247613418375211,0.009337352038610993,0.029556234672535008,3.0798658589976493,BH_from_pvalue
fluoroquinolone,ciprofloxacin,ciprofloxacin_vs_control,upregulated,b0664,b0664,1.8742348494940624,2.1931254066729937,4.572950829419573,0.015332422573392573,0.03949899011175246,3.0778629170952465,BH_from_pvalue
fluoroquinolone,ciprofloxacin,ciprofloxacin_vs_control,not_regulated,b1990,b1990,1312.711545283031,-1.6426644401033172,0.32026444774543444,0.0019963013410185656,0.013402506872596582,3.076404897325996,BH_from_pvalue
fluoroquinolone,ciprofloxacin,ciprofloxacin_vs_control,not_regulated,b3054,b3054,502.1076187520559,-1.3156020715960448,0.4017577971186922,5.49017022213148e-05,0.004591207330825119,3.0759738070859943,BH_from_pvalue
fluoroquinolone,ciprofloxacin,ciprofloxacin_vs_control,not_regulated,b2127,b2127,482.37858854465617,-1.6349254750600393,0.32198703975253,0.0019136832952202473,0.013141599178474309,3.07586995760266,BH_from_pvalue
fluoroquinolone,ciprofloxacin,ciprofloxacin_vs_control,not_regulated,b3875,b3875,3.5183386767566263,2.3685658225947632,5.164274984732835,0.022539735797377232,0.050565452177856754,3.070007364822329,BH_from_pvalue
fluoroquinolone,ciprofloxacin,ciprofloxacin_vs_control,not_regulated,b3089,b3089,2185.5181327657474,1.7732712348562867,3.4182815594862226,0.004292490582289733,0.01859385317410271,3.0688774660346474,BH_from_pvalue
fluoroquinolone,ciprofloxacin,ciprofloxacin_vs_control,not_regulated,b1779,b1779,16557.498084599407,-1.3862712119431446,0.38255226977323,0.00020086489786494372,0.00611761686738719,3.0683972727104183,BH_from_pvalue
fluoroquinolone,ciprofloxacin,ciprofloxacin_vs_control,not_regulated,b0611,b0611,562.1418474530456,-1.4344678961431363,0.3699833117219042,0.00036162090105226204,0.007360048927298981,3.059891152484027,BH_from_pvalue
fluoroquinolone,ciprofloxacin,ciprofloxacin_vs_control,not_regulated,b3173,b3173,73.7207887024643,1.6686979085081823,3.1792752133646665,0.002566975734514046,0.014840947112910256,3.0512781746081665,BH_from_pvalue
fluoroquinolone,ciprofloxacin,ciprofloxacin_vs_control,not_regulated,b1012,b1012,6.4134928023955515,1.9368941636318837,3.8288049406579217,0.007838007339895349,0.026648040071692577,3.049319744815287,BH_from_pvalue
fluoroquinolone,ciprofloxacin,ciprofloxacin_vs_control,not_regulated,b0490,b0490,111.34373462303326,-1.4948446633936356,0.35481904076077453,0.0006054850030167709,0.009156865774016473,3.046871846726169,BH_from_pvalue
fluoroquinolone,ciprofloxacin,ciprofloxacin_vs_control,upregulated,b3332,b3332,8.826122744212798,2.1448952023075907,4.4226013428559074,0.014399638016624885,0.03807734967594281,3.0443211593366626,BH_from_pvalue
fluoroquinolone,ciprofloxacin,ciprofloxacin_vs_control,not_regulated,b1475,b1475,329.7332070052943,3.0150193603776563,8.083720051384594,0.055565818070649343,0.09791029442555635,3.042672042993508,BH_from_pvalue
fluoroquinolone,ciprofloxacin,ciprofloxacin_vs_control,not_regulated,b3728,b3728,578.7041485635359,1.9605361906804353,3.8920660424765363,0.008509345581330785,0.028087975641270455,3.041731826825344,BH_from_pvalue
fluoroquinolone,ciprofloxacin,ciprofloxacin_vs_control,not_regulated,b1368,b1368,14.534361856673977,1.5456759112081468,2.919408128201907,0.000991908244790844,0.01077088665422899,3.041501524265314,BH_from_pvalue
fluoroquinolone,ciprofloxacin,ciprofloxacin_vs_control,not_regulated,b2184,b2184,400.60592554830924,-1.5139414393060058,0.35015329306866444,0.0007491218603354299,0.009795203859851057,3.04148794506845,BH_from_pvalue
fluoroquinolone,ciprofloxacin,ciprofloxacin_vs_control,not_regulated,b3442,b3442,4.6596356171466775,2.525912215776212,5.759374820486933,0.03012123729891112,0.06250655148047868,3.041386388967719,BH_from_pvalue
fluoroquinolone,ciprofloxacin,ciprofloxacin_vs_control,not_regulated,b3637,b3637,5178.855226061832,1.683184825245183,3.211360939486515,0.0030673541062527817,0.015678362238551152,3.037642485444939,BH_from_pvalue
fluoroquinolone,ciprofloxacin,ciprofloxacin_vs_control,not_regulated,b3226,b3226,723.464847602637,-1.5500155835591052,0.34150637531924216,0.0010489557942229887,0.010980515378483893,3.037065311065332,BH_from_pvalue
fluoroquinolone,ciprofloxacin,ciprofloxacin_vs_control,not_regulated,b0874,b0874,78.78112231699122,1.5818438811092213,2.993522016954923,0.0014653176674606927,0.01211580674308492,3.031837377376903,BH_from_pvalue
fluoroquinolone,ciprofloxacin,ciprofloxacin_vs_control,not_regulated,b0898,b0898,742.7711074626171,1.5441811648753756,2.916384956538915,0.0010247804231185583,0.010917564543191304,3.029489236766288,BH_from_pvalue
fluoroquinolone,ciprofloxacin,ciprofloxacin_vs_control,not_regulated,b0694,b0694,130.9813603532495,-1.400395509556816,0.3788252738306424,0.00027465045239218316,0.006890571931878038,3.02729761164451,BH_from_pvalue
fluoroquinolone,ciprofloxacin,ciprofloxacin_vs_control,not_regulated,b4492,b4492,1148.7292236880032,1.4588150477163229,2.7488249715188346,0.0005155533436778506,0.008433404237097047,3.0255781524358536,BH_from_pvalue
fluoroquinolone,ciprofloxacin,ciprofloxacin_vs_control,not_regulated,b1293,b1293,282.92704277655463,-1.3919423938078372,0.38105142250050433,0.00025751356838243385,0.006772428287650702,3.0194788117066187,BH_from_pvalue
fluoroquinolone,ciprofloxacin,ciprofloxacin_vs_control,not_regulated,b2787,b2787,319.453540098007,1.7811181780091632,3.4369245430860933,0.004982890131722944,0.02036381260389836,3.012121813118478,BH_from_pvalue
fluoroquinolone,ciprofloxacin,ciprofloxacin_vs_control,not_regulated,b3142,b3142,9.84816736826643,1.743653855447639,3.348822373629938,0.0043899455720830104,0.01876993838710017,3.010483163334566,BH_from_pvalue
fluoroquinolone,ciprofloxacin,ciprofloxacin_vs_control,not_regulated,b0261,b0261,709.7032849250467,-1.6753508262896553,0.31308996497966973,0.0031944561003740993,0.015962142016070487,3.01045269238403,BH_from_pvalue
fluoroquinolone,ciprofloxacin,ciprofloxacin_vs_control,not_regulated,b2282,b2282,2386.32143850492,-1.7534269253913788,0.29659641698252914,0.00452292306489203,0.019192554665928632,3.0104011998644022,BH_from_pvalue
fluoroquinolone,ciprofloxacin,ciprofloxacin_vs_control,not_regulated,b2137,b2137,403.69924793193604,-1.6538080079072586,0.3178002119762127,0.0027215134263136316,0.015150207167770687,3.009238337440221,BH_from_pvalue
fluoroquinolone,ciprofloxacin,ciprofloxacin_vs_control,not_regulated,b3702,b3702,2540.2459515853266,1.3909986336967197,2.6226015446972486,0.0002811089660302042,0.006890571931878038,3.0069839647825662,BH_from_pvalue
fluoroquinolone,ciprofloxacin,ciprofloxacin_vs_control,not_regulated,b0492,b0492,1166.79117077588,-1.258852219588798,0.4178762818302983,1.817637587037591e-05,0.0040878669332475425,3.0067726173027687,BH_from_pvalue
fluoroquinolone,ciprofloxacin,ciprofloxacin_vs_control,not_regulated,b0119,b0119,1123.5721955097777,-1.448991946910274,0.3662772631981812,0.00048815011015998006,0.008412640595783871,3.0067563352778035,BH_from_pvalue
fluoroquinolone,ciprofloxacin,ciprofloxacin_vs_control,not_regulated,b1883,b1883,30.663862688647697,2.730676197973652,6.637666743259762,0.04226033994472665,0.07950982828161124,3.002594706881149,BH_from_pvalue
fluoroquinolone,ciprofloxacin,ciprofloxacin_vs_control,not_regulated,b0886,b0886,1104.4301623577976,-1.579370875065207,0.334627780086649,0.0016606938382643626,0.0125753664508343,3.0015617349778014,BH_from_pvalue
fluoroquinolone,ciprofloxacin,ciprofloxacin_vs_control,not_regulated,b4658,b4658,531.5416454281071,-1.8904718812760661,0.26971882420714866,0.0074858232245318965,0.025940857368216077,2.9983180353364105,BH_from_pvalue
fluoroquinolone,ciprofloxacin,ciprofloxacin_vs_control,not_regulated,b2278,b2278,4974.79063790896,-1.6875182429193298,0.31046052721146,0.0034495964453560243,0.01673817131738015,2.99752514022837,BH_from_pvalue
fluoroquinolone,ciprofloxacin,ciprofloxacin_vs_control,not_regulated,b0198,b0198,315.53834347086746,-1.8147126863071783,0.28426084841249866,0.005881094224827633,0.022361083536157813,2.995196274755531,BH_from_pvalue
fluoroquinolone,ciprofloxacin,ciprofloxacin_vs_control,not_regulated,b1278,b1278,591.1014808108004,-1.5202453321931486,0.3486266271291922,0.0009592251932672582,0.010724146152548323,2.9943318748406083,BH_from_pvalue
fluoroquinolone,ciprofloxacin,ciprofloxacin_vs_control,not_regulated,b4390,b4390,1399.9637222928252,-1.3862077123395125,0.38256910801791627,0.00029624055424963064,0.006959591727765731,2.9906270261311754,BH_from_pvalue
fluoroquinolone,ciprofloxacin,ciprofloxacin_vs_control,not_regulated,b4032,b4032,713.4518280649212,1.9440600344490466,3.847869935619885,0.009083604585980308,0.02914269146058447,2.9850465252562786,BH_from_pvalue
fluoroquinolone,ciprofloxacin,ciprofloxacin_vs_control,not_regulated,b2157,b2157,1161.4856558567412,-1.6460967349148579,0.3195034168884584,0.002885985005971797,0.015388253923440346,2.9840617017950937,BH_from_pvalue
fluoroquinolone,ciprofloxacin,ciprofloxacin_vs_control,not_regulated,b2967,b2967,16.071935839721483,2.997284612082505,7.984956853438342,0.058173732627027006,0.10106815347870508,2.9834541482214507,BH_from_pvalue
fluoroquinolone,ciprofloxacin,ciprofloxacin_vs_control,not_regulated,b2291,b2291,259.0040362580601,-1.6574546411262405,0.31699793751030914,0.0031852808928732766,0.015954781131563473,2.978626899789037,BH_from_pvalue
fluoroquinolone,ciprofloxacin,ciprofloxacin_vs_control,not_regulated,b2517,b2517,1880.92919092571,1.6948418566509815,3.2374139723730093,0.0038428202574472352,0.017502781650265035,2.9776556670534173,BH_from_pvalue
fluoroquinolone,ciprofloxacin,ciprofloxacin_vs_control,not_regulated,b0904,b0904,1647.083448415687,-1.5176762110178927,0.34924800724634336,0.001040527400359955,0.010960871772410017,2.974880466021967,BH_from_pvalue
fluoroquinolone,ciprofloxacin,ciprofloxacin_vs_control,not_regulated,b4512,b4512,953.1526950329022,-1.9856022757913223,0.25250742640906937,0.01069444039644318,0.03179661775001083,2.9736758417229683,BH_from_pvalue
fluoroquinolone,ciprofloxacin,ciprofloxacin_vs_control,not_regulated,b2909,b2909,1207.7040683695016,-1.3066048113780937,0.4042711587610697,0.00011452793650645371,0.005310790292845658,2.972317996105829,BH_from_pvalue
fluoroquinolone,ciprofloxacin,ciprofloxacin_vs_control,not_regulated,b0603,b0603,14.882785040923109,2.303785396754014,4.93751590938128,0.022912426867547766,0.051324749028998924,2.971130205478167,BH_from_pvalue
fluoroquinolone,ciprofloxacin,ciprofloxacin_vs_control,not_regulated,b2055,b2055,15.983905457070634,2.6107880909574845,6.108372702780603,0.037366027312809226,0.0728532253372414,2.969905168910075,BH_from_pvalue
fluoroquinolone,ciprofloxacin,ciprofloxacin_vs_control,not_regulated,b1792,b1792,352.3946978735062,-1.525991330791638,0.3472408705183632,0.001218405167515252,0.011323112486536372,2.969631285476018,BH_from_pvalue
fluoroquinolone,ciprofloxacin,ciprofloxacin_vs_control,not_regulated,b3501,b3501,192.47768101197042,-1.8679772122962763,0.2739572687965279,0.007407758556106814,0.025813894825286687,2.966621404060839,BH_from_pvalue
fluoroquinolone,ciprofloxacin,ciprofloxacin_vs_control,not_regulated,b4334,b4334,99.42048248965502,-1.5621288987424498,0.33865098597640053,0.0016945874669509796,0.012724965653331395,2.9607706688412088,BH_from_pvalue
fluoroquinolone,ciprofloxacin,ciprofloxacin_vs_control,downregulated,b0917,b0917,19.97026451931313,-2.010882978088443,0.24812121881290397,0.011928986449690473,0.03404605396618512,2.951841918616564,BH_from_pvalue
fluoroquinolone,ciprofloxacin,ciprofloxacin_vs_control,not_regulated,b2293,b2293,709.1510746727428,-1.3138280245143168,0.4022521328063135,0.0001537837420783537,0.005668554449342284,2.9515510203998923,BH_from_pvalue
fluoroquinolone,ciprofloxacin,ciprofloxacin_vs_control,not_regulated,b1378,b1378,5202.2512406378855,-1.4901178564446038,0.35598346675905373,0.0009094601867131528,0.010489107486758362,2.9493328503001073,BH_from_pvalue
fluoroquinolone,ciprofloxacin,ciprofloxacin_vs_control,not_regulated,b2797,b2797,2251.9156276168883,1.9521672347351586,3.869553844505057,0.010096823322838854,0.030894905650428007,2.9479933667534777,BH_from_pvalue
fluoroquinolone,ciprofloxacin,ciprofloxacin_vs_control,downregulated,b1042,b1042,23.389064992712978,-2.0971633019156006,0.23371734294575186,0.01525000194178726,0.039335908001141486,2.9469565640920683,BH_from_pvalue
fluoroquinolone,ciprofloxacin,ciprofloxacin_vs_control,not_regulated,b3786,b3786,558.4759716618152,1.3653566045756786,2.5764000134744,0.00029166351405188987,0.006959591727765731,2.945642507686928,BH_from_pvalue
fluoroquinolone,ciprofloxacin,ciprofloxacin_vs_control,not_regulated,b4556,b4556,34.45656704977889,1.5209396899502003,2.869779099203699,0.001282521286750439,0.011630606346377973,2.942102151855152,BH_from_pvalue
fluoroquinolone,ciprofloxacin,ciprofloxacin_vs_control,not_regulated,b1891,b1891,111.90785266238275,1.5576199171239944,2.943678100243318,0.0018468957960456154,0.01292165673888038,2.941848388922088,BH_from_pvalue
fluoroquinolone,ciprofloxacin,ciprofloxacin_vs_control,not_regulated,b4602,b4602,70.46492956870661,-1.5613155891259582,0.3388419520126597,0.0018974066177806085,0.01308572117700886,2.9402731672281748,BH_from_pvalue
fluoroquinolone,ciprofloxacin,ciprofloxacin_vs_control,not_regulated,b2503,b2503,75.07323368625408,1.7863202576468478,3.449339799146994,0.006009756127475837,0.022696717880485256,2.9367764912779344,BH_from_pvalue
fluoroquinolone,ciprofloxacin,ciprofloxacin_vs_control,not_regulated,b1629,b1629,398.09076663210925,1.6642472171312805,3.1694823128675855,0.003659850961846562,0.017224491706740116,2.9354884206357807,BH_from_pvalue
fluoroquinolone,ciprofloxacin,ciprofloxacin_vs_control,not_regulated,b3526,b3526,368.11149705186426,1.669015175646642,3.179974453633499,0.00383657108281981,0.017502781650265035,2.9322809539189936,BH_from_pvalue
fluoroquinolone,ciprofloxacin,ciprofloxacin_vs_control,not_regulated,b2213,b2213,572.2379455214013,-1.3418213343450933,0.39452227566888126,0.00023804834847602132,0.0065367977868552056,2.9313897830581492,BH_from_pvalue
fluoroquinolone,ciprofloxacin,ciprofloxacin_vs_control,not_regulated,b1579,b1579,16.04943768680203,1.6193112960606455,3.0722833867238175,0.0030134195132281924,0.015596653266014926,2.9260446375496385,BH_from_pvalue
fluoroquinolone,ciprofloxacin,ciprofloxacin_vs_control,downregulated,b3967,b3967,10.23967764681505,-2.121750730385977,0.2297679168628055,0.016666048200761906,0.04179425515432264,2.9256468827944984,BH_from_pvalue
fluoroquinolone,ciprofloxacin,ciprofloxacin_vs_control,not_regulated,b1936,b1936,6.78248222738346,2.5320828245068117,5.784061229139002,0.03547601017810302,0.06992598325201901,2.9254708030141345,BH_from_pvalue
fluoroquinolone,ciprofloxacin,ciprofloxacin_vs_control,not_regulated,b3654,b3654,363.6835018074899,1.5288721195945625,2.885601582828463,0.0015086529331541794,0.012293334951680251,2.920650712206959,BH_from_pvalue
fluoroquinolone,ciprofloxacin,ciprofloxacin_vs_control,not_regulated,b2969,b2969,12.72690396228993,2.4851583569134297,5.598957996307117,0.03339600620158966,0.06709032420489071,2.915935978501111,BH_from_pvalue
fluoroquinolone,ciprofloxacin,ciprofloxacin_vs_control,not_regulated,b2735,b2735,300.70582330907206,-1.5852229599822047,0.3332731598977684,0.0024962087878547,0.014525157991941063,2.913448202533068,BH_from_pvalue
fluoroquinolone,ciprofloxacin,ciprofloxacin_vs_control,not_regulated,b1451,b1451,373.0443424096365,1.8742252978557605,3.6660470406736643,0.008441473137760447,0.02801728826995932,2.9098732827907514,BH_from_pvalue
fluoroquinolone,ciprofloxacin,ciprofloxacin_vs_control,not_regulated,b4333,b4333,31.77579009798156,1.8571124129755012,3.622818206493044,0.008111724936068349,0.0272287602704742,2.9063291717456146,BH_from_pvalue
fluoroquinolone,ciprofloxacin,ciprofloxacin_vs_control,not_regulated,b0883,b0883,32.661378831490474,1.6790486889009446,3.2021673093833796,0.0044110684861839305,0.01884234192863753,2.896132517268662,BH_from_pvalue
fluoroquinolone,ciprofloxacin,ciprofloxacin_vs_control,not_regulated,b0733,b0733,22044.95007198413,-1.6656380808861417,0.3152049112951974,0.004192850652150233,0.018292378499875604,2.894428964015637,BH_from_pvalue
fluoroquinolone,ciprofloxacin,ciprofloxacin_vs_control,not_regulated,b2375,b2375,10.158018181179747,2.726167946453886,6.616957193359249,0.04742873036387824,0.08700425333471629,2.8909907402646016,BH_from_pvalue
fluoroquinolone,ciprofloxacin,ciprofloxacin_vs_control,downregulated,b0622,b0622,405.58876164551276,-2.082836443963246,0.2360498638674584,0.016199507735254897,0.04102780731597778,2.8887310466505403,BH_from_pvalue
fluoroquinolone,ciprofloxacin,ciprofloxacin_vs_control,not_regulated,b3741,b3741,2176.479107743731,1.592555964439903,3.0158317917838615,0.002850662024073178,0.015374433794102103,2.8876238592098344,BH_from_pvalue
fluoroquinolone,ciprofloxacin,ciprofloxacin_vs_control,upregulated,b3721,b3721,8.981698188833398,2.1603962135733994,4.470376102424316,0.019901083212870124,0.04657391898620698,2.877339287760075,BH_from_pvalue
fluoroquinolone,ciprofloxacin,ciprofloxacin_vs_control,not_regulated,b4177,b4177,18180.88934054135,-1.8545433974071042,0.27652016612394065,0.008503380639945313,0.028087975641270455,2.877286174535847,BH_from_pvalue
fluoroquinolone,ciprofloxacin,ciprofloxacin_vs_control,not_regulated,b1428,b1428,383.2882625293874,-1.562079387311968,0.3386626082402819,0.0024475140044583465,0.014409578523630423,2.8763328834882382,BH_from_pvalue
fluoroquinolone,ciprofloxacin,ciprofloxacin_vs_control,not_regulated,b3527,b3527,797.9635955548073,1.533931102286969,2.8957380518506035,0.002061263101547227,0.013420943256177702,2.8718518249176324,BH_from_pvalue
fluoroquinolone,ciprofloxacin,ciprofloxacin_vs_control,not_regulated,b1610,b1610,204.50448044854258,-1.7071409216712867,0.3062664155772112,0.005161884114028069,0.020826198477142864,2.8703696692125646,BH_from_pvalue
fluoroquinolone,ciprofloxacin,ciprofloxacin_vs_control,not_regulated,b2504,b2504,237.57294630216094,-1.6755247030043101,0.3130522329763461,0.004635911891682958,0.01946996422856204,2.866210942950221,BH_from_pvalue
fluoroquinolone,ciprofloxacin,ciprofloxacin_vs_control,not_regulated,b1489,b1489,545.2423360256137,-1.4386930845088468,0.368901335110949,0.0008473626738867689,0.010191292132459772,2.8655468028300413,BH_from_pvalue
fluoroquinolone,ciprofloxacin,ciprofloxacin_vs_control,not_regulated,b2347,b2347,250.57457514185955,-1.594750671375345,0.33107944027829433,0.0032756002510455043,0.016244376989198103,2.853482496728284,BH_from_pvalue
fluoroquinolone,ciprofloxacin,ciprofloxacin_vs_control,not_regulated,b3821,b3821,323.20799071468565,1.4059562927582485,2.649933751670167,0.0006472714617014237,0.009361501719398726,2.8521995300168843,BH_from_pvalue
fluoroquinolone,ciprofloxacin,ciprofloxacin_vs_control,not_regulated,b0060,b0060,1921.3626058378604,1.4740912852794938,2.778086046958242,0.0012993510486349889,0.011642392463665698,2.850830287174115,BH_from_pvalue
fluoroquinolone,ciprofloxacin,ciprofloxacin_vs_control,not_regulated,b1291,b1291,512.9260183127811,-1.3901757562933295,0.3815183209473971,0.0005839107530064713,0.008944140561626611,2.847721354087131,BH_from_pvalue
fluoroquinolone,ciprofloxacin,ciprofloxacin_vs_control,not_regulated,b2016,b2016,2042.1824921811556,-1.4827332007382452,0.35781029415898213,0.0014310024185309866,0.012009187398790117,2.8475689144078737,BH_from_pvalue
fluoroquinolone,ciprofloxacin,ciprofloxacin_vs_control,not_regulated,b1176,b1176,807.568648876168,-1.5208655337183927,0.3484767879108027,0.002022875927832264,0.013420943256177702,2.8473902458536773,BH_from_pvalue
fluoroquinolone,ciprofloxacin,ciprofloxacin_vs_control,not_regulated,b3613,b3613,430.6913284784661,1.4614485603540457,2.7538472917292305,0.0011549862628839926,0.011267029991630886,2.847180274060637,BH_from_pvalue
fluoroquinolone,ciprofloxacin,ciprofloxacin_vs_control,not_regulated,b2271,b2271,5.47320782025277,2.667666921234966,6.354008065008473,0.04654490069030243,0.08569748804952122,2.846485724494134,BH_from_pvalue
fluoroquinolone,ciprofloxacin,ciprofloxacin_vs_control,not_regulated,b4021,b4021,343.35150669323815,1.6180156361185274,3.0695254597419828,0.003832489411212329,0.017502781650265035,2.842680223740498,BH_from_pvalue
fluoroquinolone,ciprofloxacin,ciprofloxacin_vs_control,not_regulated,b4655,b4655,1.5183809882378816,1.9778539030263644,3.9390668550614425,0.013442781730492034,0.036579329838931134,2.841709790253952,BH_from_pvalue
fluoroquinolone,ciprofloxacin,ciprofloxacin_vs_control,not_regulated,b0375,b0375,4.590493423272895,1.7134747111457334,3.279497354230921,0.005762042154512468,0.022162411414849526,2.834743411291088,BH_from_pvalue
fluoroquinolone,ciprofloxacin,ciprofloxacin_vs_control,not_regulated,b0856,b0856,47.98935933618181,-1.5219477890230273,0.34821547181936896,0.002206998900908989,0.01372517109128813,2.8346007168235414,BH_from_pvalue
fluoroquinolone,ciprofloxacin,ciprofloxacin_vs_control,not_regulated,b4580,b4580,104.03992425722612,1.281450446690565,2.430832434069115,0.00020888898631790204,0.006141063140247865,2.83425627458983,BH_from_pvalue
fluoroquinolone,ciprofloxacin,ciprofloxacin_vs_control,not_regulated,b2509,b2509,1627.7228317003148,-1.3998787385520544,0.37896099273002143,0.0006698740292984525,0.009505026447269525,2.8306201422442245,BH_from_pvalue
fluoroquinolone,ciprofloxacin,ciprofloxacin_vs_control,not_regulated,b3382,b3382,37.14202969305645,-1.5970207965552996,0.3305588862206018,0.0035335243479142375,0.01694434170247147,2.828284382835709,BH_from_pvalue
fluoroquinolone,ciprofloxacin,ciprofloxacin_vs_control,not_regulated,b3622,b3622,216.6734679429675,1.4817154491099211,2.792806169676154,0.0015689544081743344,0.012378960344990524,2.826099329106099,BH_from_pvalue
fluoroquinolone,ciprofloxacin,ciprofloxacin_vs_control,not_regulated,b3775,b3775,291.71158352984907,1.7670201194942114,3.403502382158954,0.007116928920277914,0.02529705877953439,2.8218073866454834,BH_from_pvalue
fluoroquinolone,ciprofloxacin,ciprofloxacin_vs_control,not_regulated,b3204,b3204,1136.9332236537894,-1.3044827919501714,0.4048662273288963,0.00028373140617156064,0.006890571931878038,2.819958799890666,BH_from_pvalue
fluoroquinolone,ciprofloxacin,ciprofloxacin_vs_control,not_regulated,b3555,b3555,4584.340252232154,-1.5980203413614014,0.33032994387575876,0.0036273037377194655,0.017206741518526386,2.8193894699815605,BH_from_pvalue
fluoroquinolone,ciprofloxacin,ciprofloxacin_vs_control,not_regulated,b1912,b1912,1145.1092715785112,-1.3995018739468694,0.37905999885120195,0.0007361924781389244,0.009710832160319302,2.8168383728740034,BH_from_pvalue
fluoroquinolone,ciprofloxacin,ciprofloxacin_vs_control,not_regulated,b0863,b0863,2155.2728918731264,-1.7838224256802206,0.29041292629707816,0.007727332875803285,0.026424194177749254,2.814868662286644,BH_from_pvalue
fluoroquinolone,ciprofloxacin,ciprofloxacin_vs_control,not_regulated,b2985,b2985,8.142322723450885,2.212181843370071,4.633755246033814,0.02431460218036973,0.05350256876493091,2.8130665465321902,BH_from_pvalue
fluoroquinolone,ciprofloxacin,ciprofloxacin_vs_control,not_regulated,b3614,b3614,233.37266174105184,1.3782250888252436,2.599483663895371,0.000613496483653809,0.009156865774016473,2.8091716312917785,BH_from_pvalue
fluoroquinolone,ciprofloxacin,ciprofloxacin_vs_control,not_regulated,b1292,b1292,239.99346401875013,-1.339650804738004,0.3951162797694048,0.000424226384242962,0.008014228009049667,2.808093368231958,BH_from_pvalue
fluoroquinolone,ciprofloxacin,ciprofloxacin_vs_control,not_regulated,b3135,b3135,72.22219851198854,-1.7420406993120485,0.29894651561049496,0.006782651686266416,0.02448504597498101,2.8066001613308402,BH_from_pvalue
fluoroquinolone,ciprofloxacin,ciprofloxacin_vs_control,not_regulated,b1676,b1676,5848.5906332547065,-1.4451795440977548,0.36724645147646284,0.001241450963351927,0.01144271810073149,2.805773887173976,BH_from_pvalue
fluoroquinolone,ciprofloxacin,ciprofloxacin_vs_control,not_regulated,b3863,b3863,3765.4251753234216,-1.5114474483910936,0.3507591275396625,0.0022654606978219217,0.01396689554615574,2.803584045516485,BH_from_pvalue
fluoroquinolone,ciprofloxacin,ciprofloxacin_vs_control,not_regulated,b3603,b3603,649.2468818366475,1.6692697156364371,3.1805355577141583,0.005272868894023732,0.020956808911664827,2.8021610837833584,BH_from_pvalue
fluoroquinolone,ciprofloxacin,ciprofloxacin_vs_control,not_regulated,b0797,b0797,695.8515621138091,1.958238822186365,3.8858731921983596,0.013868063629866027,0.03715220381604371,2.800311710606965,BH_from_pvalue
fluoroquinolone,ciprofloxacin,ciprofloxacin_vs_control,not_regulated,b1668,b1668,1303.6758236594205,-1.410617229527972,0.37615072351743883,0.0008945134748475421,0.010417817736262637,2.796158262148433,BH_from_pvalue
fluoroquinolone,ciprofloxacin,ciprofloxacin_vs_control,not_regulated,b1029,b1029,13.775023742685912,1.7722716175297148,3.415913914300704,0.007766335566744319,0.026484440772718686,2.794888633152836,BH_from_pvalue
fluoroquinolone,ciprofloxacin,ciprofloxacin_vs_control,not_regulated,b2597,b2597,22561.09881117762,-1.546736420147063,0.34228348262702746,0.0030473415100052926,0.01561731074716283,2.7940149994569823,BH_from_pvalue
fluoroquinolone,ciprofloxacin,ciprofloxacin_vs_control,not_regulated,b4476,b4476,151.0982186735229,1.6956078008478404,3.23913321083767,0.005938101126872334,0.022520724172573153,2.7933742160454433,BH_from_pvalue
fluoroquinolone,ciprofloxacin,ciprofloxacin_vs_control,not_regulated,b1447,b1447,87.04701552374907,-1.2874286913772508,0.4096805507035828,0.000254768570990745,0.006768280003971058,2.793104461027625,BH_from_pvalue
fluoroquinolone,ciprofloxacin,ciprofloxacin_vs_control,upregulated,b0013,b0013,3.623462664461666,2.1439016239148514,4.419556563313274,0.02207414198247742,0.04986915652294497,2.7917200411230847,BH_from_pvalue
fluoroquinolone,ciprofloxacin,ciprofloxacin_vs_control,not_regulated,b3027,b3027,12.15768076975825,1.7746671409700356,3.421590581255563,0.00795461082111887,0.026922377331371466,2.786026151954475,BH_from_pvalue
fluoroquinolone,ciprofloxacin,ciprofloxacin_vs_control,upregulated,b2629,b2629,14.023061488419785,2.117477817072539,4.339346578387347,0.020953745024958538,0.04835637510361729,2.7856400275964175,BH_from_pvalue
fluoroquinolone,ciprofloxacin,ciprofloxacin_vs_control,upregulated,b1146,b1146,3.7002360903245215,2.0792032417878232,4.225737766506016,0.01970749060614365,0.04636207779625216,2.773318440255761,BH_from_pvalue
fluoroquinolone,ciprofloxacin,ciprofloxacin_vs_control,not_regulated,b0735,b0735,548.0789533538826,-1.442349941951516,0.3679674500617069,0.0014273836828295747,0.012009187398790117,2.7700134160037617,BH_from_pvalue
fluoroquinolone,ciprofloxacin,ciprofloxacin_vs_control,not_regulated,b3220,b3220,76.05348734263806,2.1697641197172617,4.499498211765355,0.024033362268394115,0.052991207589821926,2.76817678293431,BH_from_pvalue
fluoroquinolone,ciprofloxacin,ciprofloxacin_vs_control,not_regulated,b2025,b2025,198.49001599609184,-1.8260115831187944,0.2820432698843019,0.009933829289379649,0.030638964502424773,2.7640810572611016,BH_from_pvalue
fluoroquinolone,ciprofloxacin,ciprofloxacin_vs_control,not_regulated,b3738,b3738,2684.5417376564524,1.3626441877420703,2.5715606639613933,0.0006529451343269901,0.009413292353214107,2.761069303853042,BH_from_pvalue
fluoroquinolone,ciprofloxacin,ciprofloxacin_vs_control,not_regulated,b1785,b1785,62.63399829793735,2.613202683127467,6.1186046492587005,0.04852657252957842,0.088297946293707,2.7544447136524903,BH_from_pvalue
fluoroquinolone,ciprofloxacin,ciprofloxacin_vs_control,upregulated,b1846,b1846,802.3527919034678,2.020056632682058,4.055997133326089,0.017685072969363617,0.04333340089046488,2.7536951955764577,BH_from_pvalue
fluoroquinolone,ciprofloxacin,ciprofloxacin_vs_control,not_regulated,b0208,b0208,228.92308688050738,-1.7333618190936297,0.30075032069962265,0.0074498506178115745,0.02588028176972934,2.7508989404719166,BH_from_pvalue
fluoroquinolone,ciprofloxacin,ciprofloxacin_vs_control,not_regulated,b0730,b0730,175.04398184331282,-1.47318665359062,0.3601858339242895,0.0021437956678777913,0.013613438931790699,2.7490136622353916,BH_from_pvalue
fluoroquinolone,ciprofloxacin,ciprofloxacin_vs_control,not_regulated,b2558,b2558,192.62147950858426,1.7789048962520235,3.4316558964311215,0.008816929798003623,0.028550900557628277,2.747305479188707,BH_from_pvalue
fluoroquinolone,ciprofloxacin,ciprofloxacin_vs_control,not_regulated,b2277,b2277,2740.048634186351,-1.4529732308840693,0.3652678720959812,0.0018213688238186397,0.012881315989836857,2.746177185331974,BH_from_pvalue
fluoroquinolone,ciprofloxacin,ciprofloxacin_vs_control,not_regulated,b1660,b1660,148.8233384517375,1.7714100858378137,3.4138746478744424,0.008598399587951316,0.02819027031947541,2.745509837625869,BH_from_pvalue
fluoroquinolone,ciprofloxacin,ciprofloxacin_vs_control,not_regulated,b0297,b0297,2.997830811849081,2.1795352190667265,4.530075889606815,0.02525460042912862,0.05503705199327847,2.744786424571269,BH_from_pvalue
fluoroquinolone,ciprofloxacin,ciprofloxacin_vs_control,not_regulated,b3186,b3186,2327.909759745456,1.299982677828071,2.462259262621801,0.0003881691791314562,0.007754026991455811,2.743577941063125,BH_from_pvalue
fluoroquinolone,ciprofloxacin,ciprofloxacin_vs_control,upregulated,b4685,b4685,2.4423880024549462,2.000099537354328,4.000275985666625,0.01713016739941345,0.04261697619610713,2.7409711438014623,BH_from_pvalue
fluoroquinolone,ciprofloxacin,ciprofloxacin_vs_control,not_regulated,b1294,b1294,764.705606632262,-1.2187241696261655,0.42966251724721966,0.00012530424857679675,0.005636185100984317,2.7409286366321957,BH_from_pvalue
fluoroquinolone,ciprofloxacin,ciprofloxacin_vs_control,not_regulated,b2741,b2741,12042.865479221495,-1.5125430907690394,0.35049284765273714,0.0029453532676224307,0.015445528740330679,2.739513841262001,BH_from_pvalue
fluoroquinolone,ciprofloxacin,ciprofloxacin_vs_control,not_regulated,b1786,b1786,213.81617959705076,1.7739564944800703,3.4199055802688,0.008838380715290714,0.028575846531742163,2.7389904155039972,BH_from_pvalue
fluoroquinolone,ciprofloxacin,ciprofloxacin_vs_control,not_regulated,b2777,b2777,485.5147248290595,-1.405408491243664,0.377511241004682,0.001169787240127084,0.011267029991630886,2.738003541018853,BH_from_pvalue
fluoroquinolone,ciprofloxacin,ciprofloxacin_vs_control,not_regulated,b2377,b2377,333.7271741209998,-1.4192239406107054,0.37391339482664054,0.0013491632590861312,0.011806490932625329,2.7360922614365952,BH_from_pvalue
fluoroquinolone,ciprofloxacin,ciprofloxacin_vs_control,not_regulated,b3665,b3665,223.27355238225627,1.1927911000681481,2.2859456455935034,9.672682250896249e-05,0.0050969882590061666,2.7346958935838095,BH_from_pvalue
fluoroquinolone,ciprofloxacin,ciprofloxacin_vs_control,not_regulated,b0719,b0719,10.554691957992263,2.150996180694479,4.4413435767486975,0.024367500605598134,0.05357038989441858,2.734077884973124,BH_from_pvalue
fluoroquinolone,ciprofloxacin,ciprofloxacin_vs_control,not_regulated,b1006,b1006,76.7825426942084,-1.1627127374213257,0.4466718564992011,2.6067437971233177e-05,0.004459540839808195,2.7332002898290293,BH_from_pvalue
fluoroquinolone,ciprofloxacin,ciprofloxacin_vs_control,not_regulated,b4017,b4017,31.587970455469815,1.9298050496188375,3.8100371097142003,0.014583055232728988,0.038404322269798,2.731870420907844,BH_from_pvalue
fluoroquinolone,ciprofloxacin,ciprofloxacin_vs_control,not_regulated,b0558,b0558,1.9389143704845402,2.197265299441001,4.586092008988078,0.026699225182786664,0.05721444253081201,2.730089674421812,BH_from_pvalue
fluoroquinolone,ciprofloxacin,ciprofloxacin_vs_control,not_regulated,b3923,b3923,550.5628264756571,-1.661286583926703,0.3161570763782269,0.00603548052756939,0.022736676225299093,2.729947426188218,BH_from_pvalue
fluoroquinolone,ciprofloxacin,ciprofloxacin_vs_control,not_regulated,b2323,b2323,4612.959015630154,-1.601093693304792,0.329626995879537,0.004749671908866453,0.01972670752177406,2.7297773184767227,BH_from_pvalue
fluoroquinolone,ciprofloxacin,ciprofloxacin_vs_control,not_regulated,b2507,b2507,3032.4776169091588,-1.3148045933272137,0.401979938092073,0.0005024160842647236,0.008433404237097047,2.7269008902262737,BH_from_pvalue
fluoroquinolone,ciprofloxacin,ciprofloxacin_vs_control,not_regulated,b2063,b2063,505.95706538445114,-1.1097533240826678,0.46337325298979326,1.0146161623289121e-05,0.003510571921658036,2.7240250626704685,BH_from_pvalue
fluoroquinolone,ciprofloxacin,ciprofloxacin_vs_control,not_regulated,b4576,b4576,15.433959457835693,1.7891333764200188,3.456072246947066,0.009623929835324861,0.030145150695885258,2.7208828019346254,BH_from_pvalue
fluoroquinolone,ciprofloxacin,ciprofloxacin_vs_control,not_regulated,b0578,b0578,1202.9960567658725,1.7590124728079974,3.384663648356136,0.008752670719995333,0.028425641081977624,2.719942925003448,BH_from_pvalue
fluoroquinolone,ciprofloxacin,ciprofloxacin_vs_control,not_regulated,b4606,b4606,534.5078796281778,1.7024806706682662,3.254600965272638,0.0071313184820919525,0.02529705877953439,2.7187424065595693,BH_from_pvalue
fluoroquinolone,ciprofloxacin,ciprofloxacin_vs_control,not_regulated,b1896,b1896,2067.4165717022797,-1.5378693302529722,0.34439370308037515,0.003589749670637151,0.01710289196613885,2.7173081440174274,BH_from_pvalue
fluoroquinolone,ciprofloxacin,ciprofloxacin_vs_control,not_regulated,b2348,b2348,1.7452068523595525,2.0923982567138655,4.264564016905965,0.02242974496858476,0.050419286790951645,2.7146844072650165,BH_from_pvalue
fluoroquinolone,ciprofloxacin,ciprofloxacin_vs_control,not_regulated,b2501,b2501,1964.3172847616916,-1.3116141499012581,0.4028698790319985,0.000529393323708805,0.008534807061083172,2.713475606193553,BH_from_pvalue
fluoroquinolone,ciprofloxacin,ciprofloxacin_vs_control,not_regulated,b1673,b1673,61.302121069358066,1.4335511756543937,2.7011077201422005,0.0017317037889468733,0.012802144094699389,2.7133070946919164,BH_from_pvalue
fluoroquinolone,ciprofloxacin,ciprofloxacin_vs_control,not_regulated,b2693,b2693,26.161104471719735,3.322158458838703,10.001596888722851,0.09955060718102662,0.1525709275070511,2.712636111703382,BH_from_pvalue
fluoroquinolone,ciprofloxacin,ciprofloxacin_vs_control,not_regulated,b1628,b1628,186.78551116949157,1.6262364779993232,3.0870663222184858,0.005521385099812578,0.02156715328302646,2.7096468879231392,BH_from_pvalue
fluoroquinolone,ciprofloxacin,ciprofloxacin_vs_control,not_regulated,b2476,b2476,541.2603081139803,-1.376162458079726,0.3852421706328311,0.0009934957020441503,0.01077088665422899,2.707941673629757,BH_from_pvalue
fluoroquinolone,ciprofloxacin,ciprofloxacin_vs_control,not_regulated,b2671,b2671,230.0265800945031,1.4328154508523685,2.699730599370083,0.001852526500485242,0.012938919563948164,2.7053016997011703,BH_from_pvalue
fluoroquinolone,ciprofloxacin,ciprofloxacin_vs_control,not_regulated,b2380,b2380,605.8812483533703,-1.3732791474793746,0.3860128695781387,0.0009770859861294406,0.010724146152548323,2.704861799127687,BH_from_pvalue
fluoroquinolone,ciprofloxacin,ciprofloxacin_vs_control,not_regulated,b2229,b2229,6.958443116474896,1.997016365797031,3.9917361576193935,0.018343420766236976,0.04421688456941796,2.7047826507965564,BH_from_pvalue
fluoroquinolone,ciprofloxacin,ciprofloxacin_vs_control,not_regulated,b0473,b0473,3455.285285358923,-1.4647243483147747,0.3623047565770649,0.002397799415641985,0.0142641776424173,2.7035197426708644,BH_from_pvalue
fluoroquinolone,ciprofloxacin,ciprofloxacin_vs_control,not_regulated,b2561,b2561,99.35111347258196,1.3392868307446077,2.530262091093725,0.000717131562608759,0.009622153109308997,2.70097689910978,BH_from_pvalue
fluoroquinolone,ciprofloxacin,ciprofloxacin_vs_control,not_regulated,b1066,b1066,377.8484264780543,-1.265265349963971,0.4160228426601174,0.0003574176224006136,0.007340933632684748,2.700390931156173,BH_from_pvalue
fluoroquinolone,ciprofloxacin,ciprofloxacin_vs_control,not_regulated,b4132,b4132,16.337315532246084,1.9066175112053259,3.749290238361208,0.014564828802457706,0.03837925169435351,2.6995864020235407,BH_from_pvalue
fluoroquinolone,ciprofloxacin,ciprofloxacin_vs_control,not_regulated,b3065,b3065,4450.770533631822,1.3702719404369414,2.5851929106355835,0.0009746494566978123,0.010724146152548323,2.6989386920404823,BH_from_pvalue
fluoroquinolone,ciprofloxacin,ciprofloxacin_vs_control,not_regulated,b4320,b4320,130.8834575905058,1.810761909500389,3.5082751703331345,0.011005382095053615,0.03237554523450043,2.6976421449030457,BH_from_pvalue
fluoroquinolone,ciprofloxacin,ciprofloxacin_vs_control,downregulated,b2390,b2390,2157.0287387009444,-2.041374334901505,0.24293220539650617,0.02060966715699134,0.04783399529006556,2.6951517048740414,BH_from_pvalue
fluoroquinolone,ciprofloxacin,ciprofloxacin_vs_control,not_regulated,b0527,b0527,47.810341842704624,1.604189444191297,3.0402489099071612,0.005227212748271332,0.020899558170421738,2.6948183239209356,BH_from_pvalue
fluoroquinolone,ciprofloxacin,ciprofloxacin_vs_control,not_regulated,b3084,b3084,337.20425999429295,1.391923568067977,2.6242834746937818,0.0012747545920216998,0.011606976022092319,2.6937631132635143,BH_from_pvalue
fluoroquinolone,ciprofloxacin,ciprofloxacin_vs_control,not_regulated,b1905,b1905,337.6214462987865,1.5130175802269639,2.8540637899454677,0.003407367005548876,0.016664989439475884,2.6904402313352627,BH_from_pvalue
fluoroquinolone,ciprofloxacin,ciprofloxacin_vs_control,not_regulated,b3138,b3138,1.378203194155662,1.8749029391988727,3.667769406452692,0.01366544684043554,0.03685930056977144,2.6875850742955123,BH_from_pvalue
fluoroquinolone,ciprofloxacin,ciprofloxacin_vs_control,not_regulated,b0169,b0169,17559.755598187086,1.4545821663029628,2.7407717120146886,0.0024266538656412527,0.014305490285261277,2.6829728103512034,BH_from_pvalue
fluoroquinolone,ciprofloxacin,ciprofloxacin_vs_control,not_regulated,b1140,b1140,86.97495752022411,1.8069691466139446,3.499064228054036,0.011243255418209008,0.032753991496829095,2.682871723751964,BH_from_pvalue
fluoroquinolone,ciprofloxacin,ciprofloxacin_vs_control,not_regulated,b3409,b3409,3794.529873485892,-1.5978578731838535,0.33036714586541205,0.005266401941591371,0.020956808911664827,2.6822838201108405,BH_from_pvalue
fluoroquinolone,ciprofloxacin,ciprofloxacin_vs_control,not_regulated,b4635,b4635,5.343235715193593,2.683209418355526,6.422831365766635,0.057364304087057,0.10024790587463811,2.6803241385648597,BH_from_pvalue
fluoroquinolone,ciprofloxacin,ciprofloxacin_vs_control,not_regulated,b1067,b1067,314.2674661337995,-1.3437857006399687,0.393985461671716,0.0008120589409705102,0.010146706338661996,2.679071833895999,BH_from_pvalue
fluoroquinolone,ciprofloxacin,ciprofloxacin_vs_control,not_regulated,b3783,b3783,6969.236948827563,1.2914776540969974,2.447786372468076,0.0005122988937442898,0.008433404237097047,2.6785208863261047,BH_from_pvalue
fluoroquinolone,ciprofloxacin,ciprofloxacin_vs_control,not_regulated,b1707,b1707,245.3795452034923,1.6974343685307849,3.243236810584249,0.007755831452978135,0.026476090232367657,2.6771020749205574,BH_from_pvalue
fluoroquinolone,ciprofloxacin,ciprofloxacin_vs_control,not_regulated,b1771,b1771,39.55485289527142,1.475076484362269,2.779983816397862,0.002802114809563748,0.01534130101258515,2.6759920209531205,BH_from_pvalue
fluoroquinolone,ciprofloxacin,ciprofloxacin_vs_control,not_regulated,b1123,b1123,1551.1835672830746,-1.7227790375892589,0.3029645634468743,0.008452525607455491,0.02801728826995932,2.6747417716366515,BH_from_pvalue
fluoroquinolone,ciprofloxacin,ciprofloxacin_vs_control,not_regulated,b1329,b1329,699.0429454568666,1.2889172942213758,2.443446123218435,0.0004955431002503661,0.008433404237097047,2.673210707414679,BH_from_pvalue
fluoroquinolone,ciprofloxacin,ciprofloxacin_vs_control,not_regulated,b0821,b0821,325.62421279421375,1.3240796588422201,2.5037311577631907,0.0006862046424358899,0.00958555429092122,2.672499567791276,BH_from_pvalue
fluoroquinolone,ciprofloxacin,ciprofloxacin_vs_control,not_regulated,b1040,b1040,132.26340818131337,-1.5373237862807114,0.3445239575215408,0.0043146530698339675,0.018642948614902198,2.658779039539062,BH_from_pvalue
fluoroquinolone,ciprofloxacin,ciprofloxacin_vs_control,not_regulated,b3460,b3460,142.25613809881222,1.6410976405511146,3.119030457015022,0.006557236935598189,0.024057464711517665,2.656527039620716,BH_from_pvalue
fluoroquinolone,ciprofloxacin,ciprofloxacin_vs_control,not_regulated,b3252,b3252,907.5756601896729,1.36182489487957,2.5701007135784613,0.0011268995970594871,0.011265989676341187,2.6531490015930617,BH_from_pvalue
fluoroquinolone,ciprofloxacin,ciprofloxacin_vs_control,not_regulated,b3641,b3641,363.683758156744,1.4317219421030432,2.6976850801094594,0.002304740552048283,0.014066109909244472,2.6512999077581503,BH_from_pvalue
fluoroquinolone,ciprofloxacin,ciprofloxacin_vs_control,not_regulated,b3884,b3884,281.8635781997976,1.5190283319305466,2.865979582867435,0.0040748902518993055,0.018001149417783587,2.65024837107046,BH_from_pvalue
fluoroquinolone,ciprofloxacin,ciprofloxacin_vs_control,not_regulated,b1259,b1259,285.4775257594922,-1.8292849440089727,0.28140406145335506,0.012939664411407483,0.03587099894700503,2.643786008336255,BH_from_pvalue
fluoroquinolone,ciprofloxacin,ciprofloxacin_vs_control,not_regulated,b0926,b0926,1496.451465383059,-1.3559335055686947,0.39068194636915365,0.0011437321783009649,0.011265989676341187,2.641671216360235,BH_from_pvalue
fluoroquinolone,ciprofloxacin,ciprofloxacin_vs_control,not_regulated,b2281,b2281,987.7185281480505,-1.496822314536491,0.35433298686215936,0.003635021150369388,0.017206741518526386,2.640845653092475,BH_from_pvalue
fluoroquinolone,ciprofloxacin,ciprofloxacin_vs_control,not_regulated,b0629,b0629,15.353903194837395,2.3648769380981594,5.151087111515234,0.04031338983087701,0.07706316509106877,2.6324702316415953,BH_from_pvalue
fluoroquinolone,ciprofloxacin,ciprofloxacin_vs_control,not_regulated,b0737,b0737,548.5723745218482,1.3511965510535902,2.551236337080501,0.0011655135116235226,0.011267029991630886,2.632388351463128,BH_from_pvalue
fluoroquinolone,ciprofloxacin,ciprofloxacin_vs_control,not_regulated,b0544,b0544,10.536345995110779,1.9415485420429555,3.8411772603771346,0.018396116632627656,0.04422907583506482,2.629423920409542,BH_from_pvalue
fluoroquinolone,ciprofloxacin,ciprofloxacin_vs_control,not_regulated,b4519,b4519,1.421527229175388,1.9019565480126512,3.7371968266171343,0.01646368967723778,0.04148665331552691,2.628678164455249,BH_from_pvalue
fluoroquinolone,ciprofloxacin,ciprofloxacin_vs_control,not_regulated,b1448,b1448,219.9715558944349,-1.6033800170709087,0.329105030277308,0.00616454668771945,0.023049152952088186,2.6252863023830884,BH_from_pvalue
fluoroquinolone,ciprofloxacin,ciprofloxacin_vs_control,not_regulated,b2623,b2623,25.139292881894505,1.4464819196789782,2.7254263221025514,0.0028902289260815594,0.015388253923440346,2.6221978376479465,BH_from_pvalue
fluoroquinolone,ciprofloxacin,ciprofloxacin_vs_control,not_regulated,b1825,b1825,348.71416578029704,1.5424504489599942,2.912888439691593,0.00482468934576174,0.0199561071706992,2.6220488029562223,BH_from_pvalue
fluoroquinolone,ciprofloxacin,ciprofloxacin_vs_control,not_regulated,b3596,b3596,4.130357310456028,2.457040979658004,5.490893691279657,0.04667909927484939,0.08587426934080676,2.619542164040599,BH_from_pvalue
fluoroquinolone,ciprofloxacin,ciprofloxacin_vs_control,not_regulated,b0940,b0940,25.26018114025089,1.2407065975818559,2.363142450213437,0.0003954380654342389,0.007835596556489896,2.6128386808711195,BH_from_pvalue
fluoroquinolone,ciprofloxacin,ciprofloxacin_vs_control,not_regulated,b0859,b0859,218.53548764407893,1.2955111347069117,2.454639458564045,0.0007091488714911348,0.009622153109308997,2.612693238712304,BH_from_pvalue
fluoroquinolone,ciprofloxacin,ciprofloxacin_vs_control,not_regulated,b3785,b3785,896.2458943950827,1.3141515361728597,2.486560504626451,0.0008676746456222578,0.010280173244467564,2.612532684124754,BH_from_pvalue
fluoroquinolone,ciprofloxacin,ciprofloxacin_vs_control,not_regulated,b4432,b4432,339.647113410989,-1.3329655684101782,0.39695143905909813,0.001045117552233756,0.010980515378483893,2.61178244373997,BH_from_pvalue
fluoroquinolone,ciprofloxacin,ciprofloxacin_vs_control,not_regulated,b2916,b2916,551.4418061042473,-1.2996577463650123,0.40622255579519595,0.0007535500382055426,0.009798835405099711,2.610785670630178,BH_from_pvalue
fluoroquinolone,ciprofloxacin,ciprofloxacin_vs_control,not_regulated,b0803,b0803,195.8859648054811,-1.3246521641326385,0.39924544023005526,0.0009874499624366912,0.01077088665422899,2.6065823676980466,BH_from_pvalue
fluoroquinolone,ciprofloxacin,ciprofloxacin_vs_control,not_regulated,b3500,b3500,1851.8412212782202,-1.2087689710530114,0.43263762106361797,0.00030679387398703924,0.006989911817078108,2.6055357290945254,BH_from_pvalue
fluoroquinolone,ciprofloxacin,ciprofloxacin_vs_control,not_regulated,b4309,b4309,7.642856569954716,1.676012351251909,3.19543502255104,0.008498509945329837,0.028087975641270455,2.600298905569284,BH_from_pvalue
fluoroquinolone,ciprofloxacin,ciprofloxacin_vs_control,not_regulated,b1108,b1108,900.3209884300408,-1.341411763302938,0.39463429368627334,0.0012569466200398212,0.011538256932528808,2.599467923910385,BH_from_pvalue
fluoroquinolone,ciprofloxacin,ciprofloxacin_vs_control,not_regulated,b0623,b0623,15347.900644406285,-1.3340755273550755,0.3966461560017398,0.001130274644990369,0.011265989676341187,2.599086833234066,BH_from_pvalue
fluoroquinolone,ciprofloxacin,ciprofloxacin_vs_control,not_regulated,b1780,b1780,264.0115276612302,-1.436571272417103,0.3694442878292466,0.0030090713727908957,0.015593091053932544,2.595981667375464,BH_from_pvalue
fluoroquinolone,ciprofloxacin,ciprofloxacin_vs_control,not_regulated,b1086,b1086,557.0707539820198,1.6388582686042277,3.1141928086826733,0.007597567275594408,0.026126802450782603,2.5941712688138097,BH_from_pvalue
fluoroquinolone,ciprofloxacin,ciprofloxacin_vs_control,not_regulated,b0310,b0310,10.451662546340065,2.073790792163067,4.209914087258067,0.025993745158112848,0.05613051642880057,2.5938995178983153,BH_from_pvalue
fluoroquinolone,ciprofloxacin,ciprofloxacin_vs_control,not_regulated,b1908,b1908,1249.2096339452114,-1.366168492970779,0.38792011913510527,0.0017772497998809597,0.012802144094699389,2.585770726203804,BH_from_pvalue
fluoroquinolone,ciprofloxacin,ciprofloxacin_vs_control,not_regulated,b2837,b2837,672.6248034659998,-1.5289389398427211,0.346532137616106,0.004984561511092062,0.02036381260389836,2.585651187263784,BH_from_pvalue
fluoroquinolone,ciprofloxacin,ciprofloxacin_vs_control,not_regulated,b4479,b4479,146.1664544658731,-1.770446816147139,0.2931179418805784,0.012274564185481299,0.034658499501754474,2.5851891675290646,BH_from_pvalue
fluoroquinolone,ciprofloxacin,ciprofloxacin_vs_control,not_regulated,b1816,b1816,2041.5291737624564,-1.2463135981540407,0.42152391864817124,0.0004977584342059064,0.008433404237097047,2.58485076608001,BH_from_pvalue
fluoroquinolone,ciprofloxacin,ciprofloxacin_vs_control,not_regulated,b1444,b1444,5903.429811756917,-1.7454227529703346,0.2982465277631553,0.011429611426507016,0.03314661005572441,2.582459225779297,BH_from_pvalue
fluoroquinolone,ciprofloxacin,ciprofloxacin_vs_control,not_regulated,b3872,b3872,128.82026817821003,-1.3523397170203646,0.3916563577675381,0.0015714509464183168,0.012378960344990524,2.5793389474953505,BH_from_pvalue
fluoroquinolone,ciprofloxacin,ciprofloxacin_vs_control,not_regulated,b2358,b2358,2.84596177510036,2.0903104071562,4.258396858745645,0.027701697728490474,0.0586843315273359,2.5741709411572904,BH_from_pvalue
fluoroquinolone,ciprofloxacin,ciprofloxacin_vs_control,not_regulated,b0834,b0834,20.8998805106786,1.461390432626858,2.753736338509872,0.003840185263403022,0.017502781650265035,2.5675065118391847,BH_from_pvalue
fluoroquinolone,ciprofloxacin,ciprofloxacin_vs_control,not_regulated,b1272,b1272,1089.4708206249222,-1.4027019260974072,0.3782201349650276,0.002590104679405508,0.014845605035194621,2.5647031444900237,BH_from_pvalue
fluoroquinolone,ciprofloxacin,ciprofloxacin_vs_control,not_regulated,b1370,b1370,25.02402407358778,-1.5863321551564802,0.3330170261336456,0.006725537254428247,0.02435705843028845,2.5593488978782215,BH_from_pvalue
fluoroquinolone,ciprofloxacin,ciprofloxacin_vs_control,not_regulated,b0239,b0239,1169.409117128015,-1.3860153157275406,0.38262013051838273,0.0023853295586447817,0.0142641776424173,2.558242289086552,BH_from_pvalue
fluoroquinolone,ciprofloxacin,ciprofloxacin_vs_control,not_regulated,b2906,b2906,872.7267728250886,-1.0915599015497985,0.46925372367493906,6.566632590825793e-05,0.004591207330825119,2.5521468371961484,BH_from_pvalue
fluoroquinolone,ciprofloxacin,ciprofloxacin_vs_control,not_regulated,b0068,b0068,401.57457593452796,1.2438134109324812,2.368236911090215,0.0005865988140684416,0.008944140561626611,2.547903741507202,BH_from_pvalue
fluoroquinolone,ciprofloxacin,ciprofloxacin_vs_control,not_regulated,b1164,b1164,4.852731887062612,1.538252338818321,2.904424522294588,0.005738902161615643,0.022126397259128152,2.5459449782428627,BH_from_pvalue
fluoroquinolone,ciprofloxacin,ciprofloxacin_vs_control,not_regulated,b3047,b3047,1.4005027880510816,1.8786377856905265,3.6772768227957235,0.01831676447062167,0.04417630380099532,2.5451984307876714,BH_from_pvalue
fluoroquinolone,ciprofloxacin,ciprofloxacin_vs_control,not_regulated,b0353,b0353,84.10406389869935,-1.2612008302026547,0.4171965607344789,0.0006998619903199104,0.009597497659935844,2.5449039868263066,BH_from_pvalue
fluoroquinolone,ciprofloxacin,ciprofloxacin_vs_control,not_regulated,b0283,b0283,133.6207061481813,-1.8784920695655272,0.27196783272405506,0.018366931639382827,0.04422907583506482,2.5440270356660197,BH_from_pvalue
fluoroquinolone,ciprofloxacin,ciprofloxacin_vs_control,not_regulated,b0579,b0579,101.2646344985698,-1.3063453507037224,0.4043438712174355,0.0011944755430606721,0.011302412504039409,2.543230811989535,BH_from_pvalue
fluoroquinolone,ciprofloxacin,ciprofloxacin_vs_control,not_regulated,b3396,b3396,792.7120635453663,1.30558928952256,2.4718467293963617,0.0011750382500374402,0.011293423180915398,2.542210038745916,BH_from_pvalue
fluoroquinolone,ciprofloxacin,ciprofloxacin_vs_control,not_regulated,b1798,b1798,105.12234207610918,1.9920696890773675,3.978072830014495,0.024007009705237687,0.052975072021315156,2.5417383790815116,BH_from_pvalue
fluoroquinolone,ciprofloxacin,ciprofloxacin_vs_control,not_regulated,b0387,b0387,620.2967649777817,-1.2300182548904086,0.4263120515845616,0.0005384692008340106,0.008650123090540642,2.537500245827268,BH_from_pvalue
fluoroquinolone,ciprofloxacin,ciprofloxacin_vs_control,not_regulated,b4123,b4123,73.57323328112768,1.7216764081811027,3.298194337176111,0.011645258118636056,0.03359062229028107,2.5373756149242213,BH_from_pvalue
fluoroquinolone,ciprofloxacin,ciprofloxacin_vs_control,not_regulated,b1725,b1725,2800.452944879813,-1.632824921644218,0.3224561919829796,0.008543503013889375,0.028111687312709882,2.5326961039171345,BH_from_pvalue
fluoroquinolone,ciprofloxacin,ciprofloxacin_vs_control,not_regulated,b2140,b2140,108.45452978613598,1.6002870157927056,3.032036279016581,0.007640855948876711,0.02618383195542819,2.531600921356073,BH_from_pvalue
fluoroquinolone,ciprofloxacin,ciprofloxacin_vs_control,not_regulated,b0388,b0388,679.4644168038565,-1.288631085424381,0.40933925041196595,0.0010082259821977944,0.01086584290582734,2.530789724366514,BH_from_pvalue
fluoroquinolone,ciprofloxacin,ciprofloxacin_vs_control,not_regulated,b2515,b2515,3424.9698702773003,-1.0771945047767328,0.4739495801669475,3.891395807537286e-05,0.004488076498026336,2.5291877954487836,BH_from_pvalue
fluoroquinolone,ciprofloxacin,ciprofloxacin_vs_control,not_regulated,b3652,b3652,719.651075976784,1.338436437193442,2.5287710729189508,0.0018413810234524037,0.01292165673888038,2.5278805394979447,BH_from_pvalue
fluoroquinolone,ciprofloxacin,ciprofloxacin_vs_control,not_regulated,b4043,b4043,5928.316810689855,1.215641427028718,2.3224401639062844,0.0004762656679192336,0.008335575775489155,2.5273968094059907,BH_from_pvalue
fluoroquinolone,ciprofloxacin,ciprofloxacin_vs_control,not_regulated,b0419,b0419,3223.694692440202,-1.5154425868938688,0.34978914237360104,0.005539118461919323,0.02159008218519334,2.5243419794885686,BH_from_pvalue
fluoroquinolone,ciprofloxacin,ciprofloxacin_vs_control,not_regulated,b4238,b4238,1590.6966939824135,-1.3326881785561984,0.3970277690421083,0.0017807406327672048,0.012802144094699389,2.522401956273334,BH_from_pvalue
fluoroquinolone,ciprofloxacin,ciprofloxacin_vs_control,not_regulated,b1726,b1726,772.7009181343502,-1.4474427690097453,0.3666707860074992,0.004149037530931262,0.01813678562984262,2.520634272730375,BH_from_pvalue
fluoroquinolone,ciprofloxacin,ciprofloxacin_vs_control,not_regulated,b0036,b0036,11.399981257237167,1.7587098574392734,3.3839537659523637,0.013719311221375402,0.03688551217797164,2.5204847995197928,BH_from_pvalue
fluoroquinolone,ciprofloxacin,ciprofloxacin_vs_control,not_regulated,b2237,b2237,1217.456055598167,1.4323584092517763,2.698875468012645,0.0037434184800467754,0.017429467064474093,2.51911149735884,BH_from_pvalue
fluoroquinolone,ciprofloxacin,ciprofloxacin_vs_control,not_regulated,b3679,b3679,25.52893500566236,1.421878563000134,2.679341665224329,0.0035318857131486324,0.01694434170247147,2.518111813381704,BH_from_pvalue
fluoroquinolone,ciprofloxacin,ciprofloxacin_vs_control,not_regulated,b2046,b2046,27.839429706988238,1.3440848511408472,2.5386910790613393,0.00201973292633959,0.013420943256177702,2.516418453761069,BH_from_pvalue
fluoroquinolone,ciprofloxacin,ciprofloxacin_vs_control,not_regulated,b0968,b0968,232.98251104831357,-1.2911903487403231,0.4086137483150175,0.0011337960161506501,0.011265989676341187,2.515536613780241,BH_from_pvalue
fluoroquinolone,ciprofloxacin,ciprofloxacin_vs_control,not_regulated,b0791,b0791,1826.6721226686443,-1.3625471029161158,0.38889508241159515,0.002382362444583566,0.0142641776424173,2.514925758755172,BH_from_pvalue
fluoroquinolone,ciprofloxacin,ciprofloxacin_vs_control,not_regulated,b1800,b1800,288.69102181514995,-1.507280688218751,0.35177364670888867,0.005495943141295689,0.02149630630395479,2.513595776239776,BH_from_pvalue
fluoroquinolone,ciprofloxacin,ciprofloxacin_vs_control,not_regulated,b1803,b1803,48.600653700714496,-1.3280001810409363,0.39831999815840247,0.0017580455453714231,0.012802144094699389,2.5135289023258514,BH_from_pvalue
fluoroquinolone,ciprofloxacin,ciprofloxacin_vs_control,not_regulated,b0745,b0745,24.671020298903315,1.7443011067677197,3.3503251278046235,0.013207302440481516,0.0362676717810048,2.5126314221190573,BH_from_pvalue
fluoroquinolone,ciprofloxacin,ciprofloxacin_vs_control,not_regulated,b0295,b0295,17.50938882081824,1.5873912121473497,3.005054616847321,0.0076073394023564635,0.02614042217860915,2.5123440745646257,BH_from_pvalue
fluoroquinolone,ciprofloxacin,ciprofloxacin_vs_control,not_regulated,b2622,b2622,447.6173481443199,-1.3542072479303906,0.39114969688008905,0.0022727954883618026,0.013984998777908876,2.5111573736709567,BH_from_pvalue
fluoroquinolone,ciprofloxacin,ciprofloxacin_vs_control,not_regulated,b4107,b4107,236.22251159352922,-1.8504249865276226,0.27731066630314394,0.01814514781241695,0.04407180097893275,2.5088787367861447,BH_from_pvalue
fluoroquinolone,ciprofloxacin,ciprofloxacin_vs_control,not_regulated,b1762,b1762,87.59399012426132,1.7706502652357585,3.4120771444057505,0.014623619306411581,0.038436435987393734,2.5059249859297976,BH_from_pvalue
fluoroquinolone,ciprofloxacin,ciprofloxacin_vs_control,not_regulated,b1469,b1469,309.6406431652148,1.6648600029601264,3.170828838867789,0.010402562672484848,0.03134007160136426,2.5037829845095736,BH_from_pvalue
fluoroquinolone,ciprofloxacin,ciprofloxacin_vs_control,not_regulated,b0277,b0277,46.38837353552102,1.6060957513544487,3.0442688024287934,0.008244563914843442,0.027633419142299408,2.50320522791077,BH_from_pvalue
fluoroquinolone,ciprofloxacin,ciprofloxacin_vs_control,not_regulated,b2259,b2259,327.2044490522116,-1.288917007344816,0.40925813315274895,0.0012627411425447188,0.011544328575540946,2.4974459633646626,BH_from_pvalue
fluoroquinolone,ciprofloxacin,ciprofloxacin_vs_control,not_regulated,b0866,b0866,605.465661317994,-1.3860588524488886,0.38260858422884314,0.003115156343320635,0.015814868207964124,2.4962010995323802,BH_from_pvalue
fluoroquinolone,ciprofloxacin,ciprofloxacin_vs_control,not_regulated,b0994,b0994,87.29770034734672,-1.2529752208299216,0.41958202506939535,0.0008554927301554373,0.010234059309146695,2.4933606349787176,BH_from_pvalue
fluoroquinolone,ciprofloxacin,ciprofloxacin_vs_control,not_regulated,b1503,b1503,5.249208212056278,2.2067576035492698,4.616365979636119,0.03828092070238988,0.07415485844933233,2.4933280060642997,BH_from_pvalue
fluoroquinolone,ciprofloxacin,ciprofloxacin_vs_control,not_regulated,b3473,b3473,241.75990023735895,1.3115137658201048,2.482018322840294,0.0016642592181553041,0.0125753664508343,2.4925048299499224,BH_from_pvalue
fluoroquinolone,ciprofloxacin,ciprofloxacin_vs_control,not_regulated,b3269,b3269,28.02254542839563,2.1739461518368697,4.512560116719054,0.03657279303255816,0.07171073367935771,2.487898398789128,BH_from_pvalue
fluoroquinolone,ciprofloxacin,ciprofloxacin_vs_control,not_regulated,b1719,b1719,12747.993860144854,-1.2490089474955397,0.42073713175180943,0.0008465572321390422,0.010191292132459772,2.487739487135868,BH_from_pvalue
fluoroquinolone,ciprofloxacin,ciprofloxacin_vs_control,not_regulated,b0414,b0414,1661.1499568037843,-1.3276489788418004,0.39841697491640204,0.0019715142322910212,0.013375371066131242,2.487608139152646,BH_from_pvalue
fluoroquinolone,ciprofloxacin,ciprofloxacin_vs_control,not_regulated,b1073,b1073,4.72418683278159,2.392509659642344,5.250699600919292,0.05057145757526502,0.09133335568945565,2.486704165983747,BH_from_pvalue
fluoroquinolone,ciprofloxacin,ciprofloxacin_vs_control,not_regulated,b3321,b3321,10168.17275359971,1.3079970405899246,2.475975502684421,0.0016651585898201605,0.0125753664508343,2.4858213662682815,BH_from_pvalue
fluoroquinolone,ciprofloxacin,ciprofloxacin_vs_control,not_regulated,b0736,b0736,364.1434552414981,1.3859938962296434,2.6135194504555583,0.0032413416527989278,0.016110005253358647,2.484954441216891,BH_from_pvalue
fluoroquinolone,ciprofloxacin,ciprofloxacin_vs_control,not_regulated,b4372,b4372,174.2061426348097,1.289507422459133,2.444445808852006,0.0013696050453858065,0.011903669143159264,2.4814238305091454,BH_from_pvalue
fluoroquinolone,ciprofloxacin,ciprofloxacin_vs_control,not_regulated,b2283,b2283,7478.1694953066435,-1.476127615089398,0.35945233607542865,0.0052788049126092145,0.020956808911664827,2.477938297780955,BH_from_pvalue
fluoroquinolone,ciprofloxacin,ciprofloxacin_vs_control,not_regulated,b2177,b2177,600.8410791389621,-1.0827576899469022,0.47212549947698634,0.00010635841938384406,0.005161098048068423,2.4765460696499444,BH_from_pvalue
fluoroquinolone,ciprofloxacin,ciprofloxacin_vs_control,not_regulated,b4026,b4026,151.89688312442678,1.537062726149001,2.902030588726939,0.00685726707721952,0.02462441812561256,2.4725713968866168,BH_from_pvalue
fluoroquinolone,ciprofloxacin,ciprofloxacin_vs_control,not_regulated,b1653,b1653,959.3591403259794,-1.2406195964784121,0.4231908687085665,0.0008487619332842892,0.010191292132459772,2.471029823175013,BH_from_pvalue
fluoroquinolone,ciprofloxacin,ciprofloxacin_vs_control,not_regulated,b0531,b0531,1.7241824112352464,2.0645560906585136,4.183052458862399,0.03086297968475472,0.06355486223232033,2.4709664724795197,BH_from_pvalue
fluoroquinolone,ciprofloxacin,ciprofloxacin_vs_control,not_regulated,b4155,b4155,318.64903372515056,1.5764904704172862,2.9824345341259972,0.00803296232283532,0.027126324720805756,2.469744228336095,BH_from_pvalue
fluoroquinolone,ciprofloxacin,ciprofloxacin_vs_control,not_regulated,b0226,b0226,335.88338298553793,-1.3039071339785933,0.40502780754436424,0.0017665486259327509,0.012802144094699389,2.4679275756085404,BH_from_pvalue
fluoroquinolone,ciprofloxacin,ciprofloxacin_vs_control,not_regulated,b4638,b4638,40.12149098717115,1.6251120739248828,3.084661269486447,0.009765736487289829,0.030460197574357667,2.4641042705600618,BH_from_pvalue
fluoroquinolone,ciprofloxacin,ciprofloxacin_vs_control,not_regulated,b4051,b4051,2048.4404111608096,-1.4494743561408647,0.36615480766237585,0.004827923457545113,0.0199561071706992,2.463996495315273,BH_from_pvalue
fluoroquinolone,ciprofloxacin,ciprofloxacin_vs_control,not_regulated,b0550,b0550,1.2924992320408781,1.8012293980535228,3.485170889735868,0.017370394758279825,0.04289683058840462,2.46331592347223,BH_from_pvalue
fluoroquinolone,ciprofloxacin,ciprofloxacin_vs_control,not_regulated,b0599,b0599,393.1985772361111,-1.7780869026035502,0.2915697788350344,0.016310034173548975,0.041261267554906236,2.4616856315662172,BH_from_pvalue
fluoroquinolone,ciprofloxacin,ciprofloxacin_vs_control,not_regulated,b1155,b1155,2.010991629552327,1.8280168123909293,3.550486724296799,0.018939240131131102,0.045216933179314064,2.458132191034356,BH_from_pvalue
fluoroquinolone,ciprofloxacin,ciprofloxacin_vs_control,not_regulated,b2475,b2475,1043.5107070783881,-1.291037082991954,0.4086571599972216,0.0016131205080074996,0.012492051249255325,2.4573164018713465,BH_from_pvalue
fluoroquinolone,ciprofloxacin,ciprofloxacin_vs_control,not_regulated,b4082,b4082,4.661354664701901,2.1261957593886818,4.3656478430859975,0.03553202781373531,0.06997507053685702,2.455876561885656,BH_from_pvalue
fluoroquinolone,ciprofloxacin,ciprofloxacin_vs_control,not_regulated,b0899,b0899,238.04129626060978,1.5523460546976642,2.9329369443211912,0.007632515333545269,0.02618383195542819,2.4557599127862555,BH_from_pvalue
fluoroquinolone,ciprofloxacin,ciprofloxacin_vs_control,not_regulated,b1602,b1602,1369.0235137002346,-1.2761962546272763,0.41288266283917374,0.001459262501730132,0.012096318458414641,2.4469107897571005,BH_from_pvalue
fluoroquinolone,ciprofloxacin,ciprofloxacin_vs_control,not_regulated,b2442,b2442,341.7312638366174,-1.3198548736634867,0.4005752321973897,0.00228120247956903,0.013998429403958386,2.446906256193042,BH_from_pvalue
fluoroquinolone,ciprofloxacin,ciprofloxacin_vs_control,not_regulated,b1218,b1218,514.4082641041383,-1.5094614693979302,0.35124230653507493,0.0065765136516461676,0.024097100595068574,2.442361804638307,BH_from_pvalue
fluoroquinolone,ciprofloxacin,ciprofloxacin_vs_control,not_regulated,b2381,b2381,282.65327679821974,-1.396026129894664,0.37997433199508107,0.003981815357087045,0.01780338516518641,2.4423441018463614,BH_from_pvalue
fluoroquinolone,ciprofloxacin,ciprofloxacin_vs_control,not_regulated,b4349,b4349,637.3241939316189,1.2556296196364531,2.387713302345422,0.001224914864678529,0.011360138270771182,2.44171792875394,BH_from_pvalue
fluoroquinolone,ciprofloxacin,ciprofloxacin_vs_control,not_regulated,b0887,b0887,875.797170117231,-1.0378082292697748,0.48706687349901806,3.290753170893078e-05,0.004459540839808195,2.4395860316435494,BH_from_pvalue
fluoroquinolone,ciprofloxacin,ciprofloxacin_vs_control,not_regulated,b1049,b1049,4057.0718979967405,-1.082497194938071,0.47221075480581837,0.00014740138511206235,0.005668554449342284,2.4318599091236455,BH_from_pvalue
fluoroquinolone,ciprofloxacin,ciprofloxacin_vs_control,not_regulated,b3012,b3012,1567.1646256102674,-1.5890733267446624,0.332384882746819,0.009285251561018767,0.029495749943847852,2.4316644529575875,BH_from_pvalue
fluoroquinolone,ciprofloxacin,ciprofloxacin_vs_control,not_regulated,b1046,b1046,565.6220575451827,-1.298123078028551,0.40665490537292565,0.0020193509761727724,0.013420943256177702,2.4303680426362124,BH_from_pvalue
fluoroquinolone,ciprofloxacin,ciprofloxacin_vs_control,not_regulated,b2171,b2171,317.04180275685235,1.5904937144454792,3.0115239125028093,0.009398996221256749,0.029651667735837516,2.430196262740532,BH_from_pvalue
fluoroquinolone,ciprofloxacin,ciprofloxacin_vs_control,not_regulated,b2933,b2933,15.790202866803623,1.5350229250752525,2.8979303581650426,0.007639033851773754,0.02618383195542819,2.428355296939176,BH_from_pvalue
fluoroquinolone,ciprofloxacin,ciprofloxacin_vs_control,not_regulated,b0881,b0881,202.79699635112763,-1.3765965199503452,0.38512628073265615,0.0036682395672438003,0.017241109272165742,2.427538202822901,BH_from_pvalue
fluoroquinolone,ciprofloxacin,ciprofloxacin_vs_control,not_regulated,b1476,b1476,279.3850557985513,1.8096775209037945,3.5056391980088137,0.019323629932477677,0.04579435586737861,2.423498501818193,BH_from_pvalue
fluoroquinolone,ciprofloxacin,ciprofloxacin_vs_control,not_regulated,b3115,b3115,620.1539887217118,1.9724075546414097,3.924224434542822,0.02799754644335673,0.059179024390140306,2.421785504707978,BH_from_pvalue
fluoroquinolone,ciprofloxacin,ciprofloxacin_vs_control,not_regulated,b2331,b2331,717.6231056559712,-1.1028251770382482,0.46560382745740286,0.0002213476616610892,0.006374037461970675,2.4213468446501625,BH_from_pvalue
fluoroquinolone,ciprofloxacin,ciprofloxacin_vs_control,not_regulated,b3364,b3364,99.5086261315518,2.431978792126537,5.396330809753918,0.058293323030031145,0.10115870640010807,2.4198109528284504,BH_from_pvalue
fluoroquinolone,ciprofloxacin,ciprofloxacin_vs_control,not_regulated,b2241,b2241,341.2608612566706,-2.4803088952463375,0.1792060321139354,0.06187654023066559,0.10593790823350854,2.4181737012402356,BH_from_pvalue
fluoroquinolone,ciprofloxacin,ciprofloxacin_vs_control,not_regulated,b4048,b4048,11.793299034456018,1.6988324860681234,3.2463813588103143,0.014285042047929714,0.03790803488589254,2.414497487197575,BH_from_pvalue
fluoroquinolone,ciprofloxacin,ciprofloxacin_vs_control,not_regulated,b1703,b1703,409.14141011034485,-1.2601686827635543,0.41749514250081493,0.0014770139379137253,0.012145536915422188,2.413958060775348,BH_from_pvalue
fluoroquinolone,ciprofloxacin,ciprofloxacin_vs_control,not_regulated,b3424,b3424,312.56713745980295,1.515358114868758,2.8586977954280073,0.007214284082914944,0.025530959720654146,2.4138637351712107,BH_from_pvalue
fluoroquinolone,ciprofloxacin,ciprofloxacin_vs_control,not_regulated,b3668,b3668,198.50307335535385,1.6495347659362567,3.137324517587509,0.012154183381543088,0.03443564919262272,2.413255712884841,BH_from_pvalue
fluoroquinolone,ciprofloxacin,ciprofloxacin_vs_control,not_regulated,b3974,b3974,363.8961710801236,1.766620539964583,3.4025598534012316,0.017552397486953517,0.04307184064174409,2.4128619377118548,BH_from_pvalue
fluoroquinolone,ciprofloxacin,ciprofloxacin_vs_control,not_regulated,b3787,b3787,717.6517240644495,1.334338608130146,2.5215985461877484,0.003026482036935209,0.015605733594242261,2.4107706608114534,BH_from_pvalue
fluoroquinolone,ciprofloxacin,ciprofloxacin_vs_control,not_regulated,b1464,b1464,708.7872308568145,-1.4877829371440168,0.3565600720883336,0.006525496408492276,0.0240358942962117,2.408928440192407,BH_from_pvalue
fluoroquinolone,ciprofloxacin,ciprofloxacin_vs_control,not_regulated,b4396,b4396,4665.171692854687,-1.2638994033158966,0.4164169204752514,0.0015911737820982308,0.012441484181923122,2.4078899001064857,BH_from_pvalue
fluoroquinolone,ciprofloxacin,ciprofloxacin_vs_control,not_regulated,b0620,b0620,50.24084333518309,1.6617106582288566,3.1639145976809946,0.012763886151596508,0.0355712267099635,2.407654496085794,BH_from_pvalue
fluoroquinolone,ciprofloxacin,ciprofloxacin_vs_control,not_regulated,b0576,b0576,299.63940747918156,1.15911711537096,2.233207204323953,0.000514229968731729,0.008433404237097047,2.404005515209634,BH_from_pvalue
fluoroquinolone,ciprofloxacin,ciprofloxacin_vs_control,not_regulated,b0749,b0749,8.234423225296828,2.609597849281467,6.103335296204931,0.07277830289329085,0.119954857608656,2.403393065142508,BH_from_pvalue
fluoroquinolone,ciprofloxacin,ciprofloxacin_vs_control,not_regulated,b0383,b0383,468.13149169595613,1.244549530953293,2.369445587478828,0.0013351204541657208,0.011731742685014705,2.402773959057096,BH_from_pvalue
fluoroquinolone,ciprofloxacin,ciprofloxacin_vs_control,not_regulated,b1165,b1165,5.696039057766988,2.196725980643116,4.584377922981687,0.04308416435151667,0.08074690468880083,2.4007449657357216,BH_from_pvalue
fluoroquinolone,ciprofloxacin,ciprofloxacin_vs_control,not_regulated,b0411,b0411,1456.4216557223479,1.232560407438477,2.34983654703957,0.0012110035510920392,0.011317959505181713,2.398848339595984,BH_from_pvalue
fluoroquinolone,ciprofloxacin,ciprofloxacin_vs_control,not_regulated,b1190,b1190,4256.88074629061,-1.6079455520208352,0.3280651947467789,0.010966965410407058,0.032325957022287646,2.3965602110411512,BH_from_pvalue
fluoroquinolone,ciprofloxacin,ciprofloxacin_vs_control,not_regulated,b0624,b0624,125.82063969763584,-1.1507020864229904,0.45040598823757416,0.0004715774320953887,0.008301103651353293,2.3944547342804583,BH_from_pvalue
fluoroquinolone,ciprofloxacin,ciprofloxacin_vs_control,not_regulated,b4045,b4045,6590.166983697243,-1.4490337423384858,0.36626665215920334,0.005850429155582892,0.022319957881095715,2.3927990247589195,BH_from_pvalue
fluoroquinolone,ciprofloxacin,ciprofloxacin_vs_control,not_regulated,b3744,b3744,3561.0656285599835,1.3666403384459738,2.5786935570150544,0.0039642934718417825,0.0177603506338091,2.392370145869891,BH_from_pvalue
fluoroquinolone,ciprofloxacin,ciprofloxacin_vs_control,not_regulated,b2599,b2599,832.0820657701635,-1.28310473322286,0.41091026231300914,0.0021632894022677804,0.013666033357281471,2.3921659628828893,BH_from_pvalue
fluoroquinolone,ciprofloxacin,ciprofloxacin_vs_control,not_regulated,b0004,b0004,1489.5543955733986,-1.318929840792066,0.40083215695693997,0.0028969644860654966,0.015388253923440346,2.3909700698518646,BH_from_pvalue
fluoroquinolone,ciprofloxacin,ciprofloxacin_vs_control,not_regulated,b4558,b4558,431.3171829102111,-1.2445876508356246,0.4220285044503264,0.0013900054936477324,0.01200046969371881,2.3906061446018256,BH_from_pvalue
fluoroquinolone,ciprofloxacin,ciprofloxacin_vs_control,not_regulated,b4693,b4693,46.40746694279687,1.690151262864422,3.2269053518790027,0.014694469554365094,0.03853978079039894,2.390027283629453,BH_from_pvalue
fluoroquinolone,ciprofloxacin,ciprofloxacin_vs_control,not_regulated,b2779,b2779,18795.647399914244,-1.2757444084454157,0.41301199625153817,0.002071807298712413,0.013420943256177702,2.388470317904158,BH_from_pvalue
fluoroquinolone,ciprofloxacin,ciprofloxacin_vs_control,not_regulated,b1690,b1690,8.451198041751622,2.4489620821081113,5.460231360141966,0.06211439937466406,0.1061514317580695,2.385470643194435,BH_from_pvalue
fluoroquinolone,ciprofloxacin,ciprofloxacin_vs_control,not_regulated,b0581,b0581,1577.8769709217768,-1.4304485455985745,0.37101552298587703,0.005491772053006297,0.02149630630395479,2.385467717093901,BH_from_pvalue
fluoroquinolone,ciprofloxacin,ciprofloxacin_vs_control,not_regulated,b3437,b3437,69.21016039230763,1.6285540412514292,3.092029409258047,0.012129228485238265,0.03439928734338065,2.383308315023721,BH_from_pvalue
fluoroquinolone,ciprofloxacin,ciprofloxacin_vs_control,not_regulated,b2685,b2685,351.2889506513681,1.5978207147382788,3.026857411745429,0.011096461403502629,0.032473574100816416,2.378308054664163,BH_from_pvalue
fluoroquinolone,ciprofloxacin,ciprofloxacin_vs_control,not_regulated,b3131,b3131,558.3718102175641,-1.010515337222662,0.49636891081771906,3.063781704562662e-05,0.004459540839808195,2.375428361350126,BH_from_pvalue
fluoroquinolone,ciprofloxacin,ciprofloxacin_vs_control,not_regulated,b0755,b0755,5831.236930598636,-1.2864147864632045,0.4099685693814355,0.002398234848970097,0.0142641776424173,2.3744042873789897,BH_from_pvalue
fluoroquinolone,ciprofloxacin,ciprofloxacin_vs_control,not_regulated,b4268,b4268,29.0709351241114,1.6782104425838802,3.200307300698624,0.014690597241229635,0.03853978079039894,2.373141880005257,BH_from_pvalue
fluoroquinolone,ciprofloxacin,ciprofloxacin_vs_control,not_regulated,b1334,b1334,4367.850641836983,-1.1763478538874992,0.44247018369710184,0.0007187735537411789,0.009622153109308997,2.3723733450742692,BH_from_pvalue
fluoroquinolone,ciprofloxacin,ciprofloxacin_vs_control,not_regulated,b3922,b3922,303.18262365168795,-1.7068137636481469,0.3063358750776054,0.016114598081618865,0.040951108571255175,2.368604066901249,BH_from_pvalue
fluoroquinolone,ciprofloxacin,ciprofloxacin_vs_control,not_regulated,b2842,b2842,115.8026161410881,1.6509666111108698,3.1404397933538277,0.013633237058238785,0.03685930056977144,2.3665828931271244,BH_from_pvalue
fluoroquinolone,ciprofloxacin,ciprofloxacin_vs_control,not_regulated,b2971,b2971,5.306737218111501,2.4191932713528828,5.348718477336133,0.06134804325974441,0.10521111053333246,2.3658219856403817,BH_from_pvalue
fluoroquinolone,ciprofloxacin,ciprofloxacin_vs_control,not_regulated,b0250,b0250,260.54748585415206,-1.2152382715165269,0.43070194044218507,0.0012049884859962083,0.011315319853885062,2.3652585514609346,BH_from_pvalue
fluoroquinolone,ciprofloxacin,ciprofloxacin_vs_control,not_regulated,b1874,b1874,1376.6410965081323,-1.3887312617261873,0.38190050644926987,0.004794505449270846,0.019876207844073977,2.3631574246377216,BH_from_pvalue
fluoroquinolone,ciprofloxacin,ciprofloxacin_vs_control,not_regulated,b2212,b2212,101.3050330780589,-1.3065370080934242,0.4042901590042387,0.003035797442188079,0.015605733594242261,2.3605410704482805,BH_from_pvalue
fluoroquinolone,ciprofloxacin,ciprofloxacin_vs_control,not_regulated,b0718,b0718,16.213868437714265,2.198381336499525,4.589641081164395,0.046002329627573724,0.08497678795270086,2.353806213036036,BH_from_pvalue
fluoroquinolone,ciprofloxacin,ciprofloxacin_vs_control,not_regulated,b2881,b2881,297.1121768556767,1.5656201567839831,2.9600471507088733,0.01054825084791938,0.03151385837224921,2.350776193450161,BH_from_pvalue
fluoroquinolone,ciprofloxacin,ciprofloxacin_vs_control,not_regulated,b3697,b3697,530.2350330652193,-1.3321366810949158,0.39717956942720356,0.003639708167466925,0.017206741518526386,2.350290565172344,BH_from_pvalue
fluoroquinolone,ciprofloxacin,ciprofloxacin_vs_control,not_regulated,b0877,b0877,380.73255315443157,1.5435860841166305,2.9151822583610745,0.009579362406392017,0.030047400351430466,2.349636080996287,BH_from_pvalue
fluoroquinolone,ciprofloxacin,ciprofloxacin_vs_control,not_regulated,b3858,b3858,331.8968115627043,-1.2056091333144057,0.4335862365587944,0.001160804902083554,0.011267029991630886,2.3487563200777655,BH_from_pvalue
fluoroquinolone,ciprofloxacin,ciprofloxacin_vs_control,not_regulated,b1586,b1586,347.80771553404105,-1.2048333615960152,0.4338194489716467,0.0011960756673905643,0.011302412504039409,2.3456043433486102,BH_from_pvalue
fluoroquinolone,ciprofloxacin,ciprofloxacin_vs_control,not_regulated,b3094,b3094,1622.268752418293,-1.1900021070788327,0.43830222051025286,0.0009752306901032983,0.010724146152548323,2.3438725085333263,BH_from_pvalue
fluoroquinolone,ciprofloxacin,ciprofloxacin_vs_control,not_regulated,b0252,b0252,9.046982479253606,1.2912348202478583,2.4473743967229464,0.0029370470486682876,0.015437069030697092,2.338988145184175,BH_from_pvalue
fluoroquinolone,ciprofloxacin,ciprofloxacin_vs_control,not_regulated,b1265,b1265,7.956274095715718,-1.5053279900399028,0.35225009725244094,0.008451041974746427,0.02801728826995932,2.3371329503798655,BH_from_pvalue
fluoroquinolone,ciprofloxacin,ciprofloxacin_vs_control,not_regulated,b4659,b4659,249.34933282191903,1.124170129611386,2.1797612573131837,0.0004813579779276719,0.008359645500844278,2.3358143414546193,BH_from_pvalue
fluoroquinolone,ciprofloxacin,ciprofloxacin_vs_control,not_regulated,b3792,b3792,340.13089972362246,1.0840541640239199,2.1199851572610378,0.00032003703670972896,0.007022080932294444,2.334547683731907,BH_from_pvalue
fluoroquinolone,ciprofloxacin,ciprofloxacin_vs_control,not_regulated,b4153,b4153,746.1981127549499,-1.2509588389584145,0.4201688636405933,0.0021423504726490253,0.013613438931790699,2.334329414951673,BH_from_pvalue
fluoroquinolone,ciprofloxacin,ciprofloxacin_vs_control,not_regulated,b4278,b4278,134.0615132182768,1.0794580037305064,2.11324202247891,0.00028208834155444076,0.006890571931878038,2.33351265000706,BH_from_pvalue
fluoroquinolone,ciprofloxacin,ciprofloxacin_vs_control,not_regulated,b1783,b1783,16785.850530271215,-1.6209308463372185,0.3251256207266521,0.013713267477125325,0.03688551217797164,2.323027611395976,BH_from_pvalue
fluoroquinolone,ciprofloxacin,ciprofloxacin_vs_control,not_regulated,b2249,b2249,913.0538366041096,-1.0636148012327062,0.4784318030173109,0.00024305046258660498,0.006546353177931432,2.32293533009372,BH_from_pvalue
fluoroquinolone,ciprofloxacin,ciprofloxacin_vs_control,not_regulated,b2107,b2107,189.1501619105916,1.191060849627851,2.283205712697851,0.001161484407695384,0.011267029991630886,2.3204134912861987,BH_from_pvalue
fluoroquinolone,ciprofloxacin,ciprofloxacin_vs_control,not_regulated,b3788,b3788,515.2249245255069,1.1907235354511236,2.282671942492911,0.0011446325660488933,0.011265989676341187,2.319804088715006,BH_from_pvalue
fluoroquinolone,ciprofloxacin,ciprofloxacin_vs_control,not_regulated,b1376,b1376,922.8409990193717,-1.3046892277924496,0.4048082989941512,0.003427754133826746,0.016687274970470407,2.3192345907641427,BH_from_pvalue
fluoroquinolone,ciprofloxacin,ciprofloxacin_vs_control,not_regulated,b0468,b0468,179.29314448752083,-1.5404529949916794,0.3437774941343237,0.01035772445344708,0.03122793733453142,2.3190852835935387,BH_from_pvalue
fluoroquinolone,ciprofloxacin,ciprofloxacin_vs_control,not_regulated,b1652,b1652,234.29923792073635,1.174946672695322,2.257845349817363,0.0009536200708206346,0.010724146152548323,2.314218763766301,BH_from_pvalue
fluoroquinolone,ciprofloxacin,ciprofloxacin_vs_control,not_regulated,b1623,b1623,920.4957888527139,-1.0299992404933658,0.48971040660138143,0.00015574845069621997,0.005668554449342284,2.3139218014573415,BH_from_pvalue
fluoroquinolone,ciprofloxacin,ciprofloxacin_vs_control,not_regulated,b4299,b4299,28.088413556604767,1.2452891489288591,2.3706606286300684,0.0022358800925380913,0.013871708491360463,2.313585408782484,BH_from_pvalue
fluoroquinolone,ciprofloxacin,ciprofloxacin_vs_control,not_regulated,b3185,b3185,2098.715941699483,1.318707316054958,2.4944250408732183,0.0039039093437182788,0.017612622094327804,2.3132447027639715,BH_from_pvalue
fluoroquinolone,ciprofloxacin,ciprofloxacin_vs_control,not_regulated,b4154,b4154,3521.031225790675,-1.2236763917635614,0.42819017804301074,0.0018247343609048806,0.012884858956593647,2.3126508914418054,BH_from_pvalue
fluoroquinolone,ciprofloxacin,ciprofloxacin_vs_control,not_regulated,b1045,b1045,429.386844782807,-1.698677410428358,0.30806839538601366,0.017796364209831807,0.04355171176051331,2.311891072818649,BH_from_pvalue
fluoroquinolone,ciprofloxacin,ciprofloxacin_vs_control,not_regulated,b1909,b1909,3.5151723021597143,2.1801119912756746,4.531887321794871,0.047701925472377164,0.08723952519106608,2.3093636516359193,BH_from_pvalue
fluoroquinolone,ciprofloxacin,ciprofloxacin_vs_control,not_regulated,b0062,b0062,552.0671158701176,1.6385915802725517,3.113617190063784,0.015069348961093517,0.03900692469997938,2.3085433285952166,BH_from_pvalue
fluoroquinolone,ciprofloxacin,ciprofloxacin_vs_control,not_regulated,b2998,b2998,12.142167263305737,1.8972058822978473,3.724910811250779,0.028999243378003022,0.060725603684477464,2.3081941000126984,BH_from_pvalue
fluoroquinolone,ciprofloxacin,ciprofloxacin_vs_control,not_regulated,b4151,b4151,497.39236526119157,-1.2720542697147117,0.41406975435387255,0.0028326457311392836,0.01534130101258515,2.3076817453622396,BH_from_pvalue
fluoroquinolone,ciprofloxacin,ciprofloxacin_vs_control,not_regulated,b4081,b4081,13.74187322982452,1.8016171856724488,3.486107808306421,0.02371035392308049,0.05261429301727481,2.3040814822904583,BH_from_pvalue
fluoroquinolone,ciprofloxacin,ciprofloxacin_vs_control,not_regulated,b2166,b2166,24.115459653285253,2.2231480198722005,4.669111431464453,0.05110834685104509,0.09199093402801153,2.303748188017084,BH_from_pvalue
fluoroquinolone,ciprofloxacin,ciprofloxacin_vs_control,not_regulated,b0446,b0446,387.06046147025637,-1.2986738498503358,0.4064996880128257,0.0035041318076286516,0.016877542470107684,2.302147173483822,BH_from_pvalue
fluoroquinolone,ciprofloxacin,ciprofloxacin_vs_control,not_regulated,b2819,b2819,866.4009863274999,-1.168703070929638,0.4448210384340407,0.0009618999336553249,0.010724146152548323,2.3019211329925704,BH_from_pvalue
fluoroquinolone,ciprofloxacin,ciprofloxacin_vs_control,not_regulated,b1127,b1127,1572.5634638424337,-1.3652466625615869,0.3881680653898897,0.0051683996519488,0.020826198477142864,2.2955120819047563,BH_from_pvalue
fluoroquinolone,ciprofloxacin,ciprofloxacin_vs_control,not_regulated,b2292,b2292,1366.0727946761117,-1.5585262599866354,0.33949770805851853,0.01174091341663339,0.03370471685580953,2.2946327332117753,BH_from_pvalue
fluoroquinolone,ciprofloxacin,ciprofloxacin_vs_control,not_regulated,b2134,b2134,370.95008276212917,-1.2212864177652323,0.42890010736619705,0.0019924644770049904,0.013402506872596582,2.287242254062778,BH_from_pvalue
fluoroquinolone,ciprofloxacin,ciprofloxacin_vs_control,not_regulated,b1250,b1250,396.66800804684834,-1.4944154288349667,0.3549246231941663,0.009320483218350188,0.029546647156151056,2.2856961353982936,BH_from_pvalue
fluoroquinolone,ciprofloxacin,ciprofloxacin_vs_control,not_regulated,b3470,b3470,199.3892020009464,1.4709666426191168,2.772075675805552,0.008399332732357274,0.027964617786930435,2.284986508867132,BH_from_pvalue
fluoroquinolone,ciprofloxacin,ciprofloxacin_vs_control,not_regulated,b4019,b4019,2080.663782656479,-1.1445808927980838,0.45232107031300123,0.0008106211559608975,0.010146706338661996,2.281922206829946,BH_from_pvalue
fluoroquinolone,ciprofloxacin,ciprofloxacin_vs_control,not_regulated,b3903,b3903,21.954980059789644,-1.9013822133387754,0.2676867781184411,0.03060395285253751,0.06326129592404123,2.279494722750127,BH_from_pvalue
fluoroquinolone,ciprofloxacin,ciprofloxacin_vs_control,not_regulated,b4623,b4623,23.155298606565307,1.4105401397396196,2.658366724666943,0.006699206116832507,0.024299996253139562,2.2771672468897255,BH_from_pvalue
fluoroquinolone,ciprofloxacin,ciprofloxacin_vs_control,not_regulated,b1664,b1664,1683.4038722123987,-1.262267019340948,0.41688835553086434,0.003080408330712926,0.015709383981345512,2.276928806528084,BH_from_pvalue
fluoroquinolone,ciprofloxacin,ciprofloxacin_vs_control,not_regulated,b2473,b2473,621.7228768087309,-1.085823034266049,0.4711234229617735,0.00043296073948400824,0.008014228009049667,2.2760352554651786,BH_from_pvalue
fluoroquinolone,ciprofloxacin,ciprofloxacin_vs_control,not_regulated,b0595,b0595,127.40151120417748,-1.9394536966680107,0.26071514616380215,0.033517601727941285,0.06718612234574287,2.2744369605918955,BH_from_pvalue
fluoroquinolone,ciprofloxacin,ciprofloxacin_vs_control,not_regulated,b0437,b0437,4647.904843405546,-1.0574576037086612,0.48047803876862216,0.00033039204023299786,0.007076682842704878,2.2737138989878645,BH_from_pvalue
fluoroquinolone,ciprofloxacin,ciprofloxacin_vs_control,not_regulated,b1158,b1158,1.8819636324178173,1.727289662431801,3.3110519862861243,0.020984181285606585,0.048363212689043325,2.2722233952407476,BH_from_pvalue
fluoroquinolone,ciprofloxacin,ciprofloxacin_vs_control,not_regulated,b3535,b3535,131.92740307050602,1.551219359753059,2.9306473161528936,0.012069379408676409,0.034316098976122936,2.2717639916629797,BH_from_pvalue
fluoroquinolone,ciprofloxacin,ciprofloxacin_vs_control,not_regulated,b3944,b3944,14.34700216540927,1.9141754948602552,3.7689835410930708,0.03196432716427221,0.06508625784739537,2.2711897017796114,BH_from_pvalue
fluoroquinolone,ciprofloxacin,ciprofloxacin_vs_control,not_regulated,b2472,b2472,442.29436772550326,1.0834091053561892,2.11903748011102,0.0004256864855795131,0.008014228009049667,2.2709753266096984,BH_from_pvalue
fluoroquinolone,ciprofloxacin,ciprofloxacin_vs_control,not_regulated,b1645,b1645,174.40777133698998,1.1991060028135685,2.2959735194328093,0.0017497427698388336,0.012802144094699389,2.269568662755642,BH_from_pvalue
fluoroquinolone,ciprofloxacin,ciprofloxacin_vs_control,not_regulated,b4539,b4539,64.71960171148557,-1.2563999065434608,0.41858719777266146,0.003044525288798025,0.01561731074716283,2.269552936411113,BH_from_pvalue
fluoroquinolone,ciprofloxacin,ciprofloxacin_vs_control,not_regulated,b2817,b2817,566.3568631377442,1.1551693460220207,2.2271046424833667,0.0010126142808995864,0.01086584290582734,2.268679332574793,BH_from_pvalue
fluoroquinolone,ciprofloxacin,ciprofloxacin_vs_control,not_regulated,b3454,b3454,33.052070415297145,1.2313196310330623,2.3478164608506877,0.002455572670021591,0.014438125319943944,2.266230473946554,BH_from_pvalue
fluoroquinolone,ciprofloxacin,ciprofloxacin_vs_control,not_regulated,b2071,b2071,12.270702708681156,1.7160337641189032,3.285319690100469,0.02070233772696405,0.04799954386385789,2.2630416455465445,BH_from_pvalue
fluoroquinolone,ciprofloxacin,ciprofloxacin_vs_control,not_regulated,b2449,b2449,113.79380712748967,-1.7641276935514325,0.2944046383658061,0.023562169389615386,0.05236296339648716,2.259804853979052,BH_from_pvalue
fluoroquinolone,ciprofloxacin,ciprofloxacin_vs_control,not_regulated,b0405,b0405,408.6438652672089,1.2052071723681008,2.3057037710610735,0.00203751799671224,0.013420943256177702,2.2564093082204355,BH_from_pvalue
fluoroquinolone,ciprofloxacin,ciprofloxacin_vs_control,not_regulated,b2925,b2925,10834.547357035146,-1.2397020531261465,0.4234601005698915,0.002845093907727692,0.01536282400595337,2.248235556055728,BH_from_pvalue
fluoroquinolone,ciprofloxacin,ciprofloxacin_vs_control,not_regulated,b4523,b4523,115.48592116015736,1.1998484584732632,2.2971554027803247,0.0020521529604092385,0.013420943256177702,2.2463766331836257,BH_from_pvalue
fluoroquinolone,ciprofloxacin,ciprofloxacin_vs_control,not_regulated,b1778,b1778,767.6739568992548,-1.3176815590992916,0.401179124233071,0.004777660794220642,0.019824647834321446,2.2437409363092407,BH_from_pvalue
fluoroquinolone,ciprofloxacin,ciprofloxacin_vs_control,not_regulated,b2294,b2294,369.00145462262896,-1.0153341014448447,0.4947137484015176,0.0002137241572647161,0.006202137157268988,2.2413080284053706,BH_from_pvalue
fluoroquinolone,ciprofloxacin,ciprofloxacin_vs_control,not_regulated,b1455,b1455,1.8485142415746878,1.7224612009792313,3.29998896683216,0.022194700855376597,0.05006595142326977,2.239987632657066,BH_from_pvalue
fluoroquinolone,ciprofloxacin,ciprofloxacin_vs_control,not_regulated,b3407,b3407,873.0596832279606,0.8445928067840924,1.795757830871293,3.4811481086249494e-06,0.0022368863132278603,2.2384716871570913,BH_from_pvalue
fluoroquinolone,ciprofloxacin,ciprofloxacin_vs_control,not_regulated,b1897,b1897,1529.8188218392606,-1.4460673665046109,0.36702052062087903,0.008670348873844314,0.028356309997077344,2.2375727509619705,BH_from_pvalue
fluoroquinolone,ciprofloxacin,ciprofloxacin_vs_control,not_regulated,b1554,b1554,7.371816909961012,1.975550292128039,3.932782202756956,0.03830616142806869,0.07417180977333317,2.2318999189161954,BH_from_pvalue
fluoroquinolone,ciprofloxacin,ciprofloxacin_vs_control,not_regulated,b2189,b2189,7.790145295822497,1.4787273562817607,2.7870277289032415,0.010262859754072366,0.031091240943992245,2.2289773418564813,BH_from_pvalue
fluoroquinolone,ciprofloxacin,ciprofloxacin_vs_control,not_regulated,b4426,b4426,18.126410326116545,1.4835639965545302,2.7963869289196053,0.0105608354273351,0.031521325648409614,2.227416347379089,BH_from_pvalue
fluoroquinolone,ciprofloxacin,ciprofloxacin_vs_control,not_regulated,b0562,b0562,25.123506497000218,1.9375718432946463,3.8306038743688493,0.03608478769831074,0.07090515825208246,2.226894274198071,BH_from_pvalue
fluoroquinolone,ciprofloxacin,ciprofloxacin_vs_control,not_regulated,b2784,b2784,1320.7141457140922,-1.13027891946866,0.4568273971111632,0.0009614921507570258,0.010724146152548323,2.22623949197919,BH_from_pvalue
fluoroquinolone,ciprofloxacin,ciprofloxacin_vs_control,not_regulated,b2415,b2415,2661.6174542241934,-1.203700824904427,0.4341601372843676,0.002410829156656133,0.01428710085196217,2.2208952963001027,BH_from_pvalue
fluoroquinolone,ciprofloxacin,ciprofloxacin_vs_control,not_regulated,b2960,b2960,704.2997677647539,1.0694474725009009,2.098629474161064,0.0005047401409879089,0.008433404237097047,2.218030937535046,BH_from_pvalue
fluoroquinolone,ciprofloxacin,ciprofloxacin_vs_control,not_regulated,b0769,b0769,6.404356520676281,1.9023341310827317,3.738175056169946,0.034348419548799976,0.06824169219545154,2.2180268843195527,BH_from_pvalue
fluoroquinolone,ciprofloxacin,ciprofloxacin_vs_control,not_regulated,b2565,b2565,207.37662577547403,1.2174404704511508,2.3253380576114115,0.00273497655105241,0.015168834188204366,2.2145824044736404,BH_from_pvalue
fluoroquinolone,ciprofloxacin,ciprofloxacin_vs_control,not_regulated,b4065,b4065,705.0015505974976,-1.0554522326899693,0.481146375931693,0.00043023330310716017,0.008014228009049667,2.2123738549031438,BH_from_pvalue
fluoroquinolone,ciprofloxacin,ciprofloxacin_vs_control,not_regulated,b4458,b4458,3.422026363412924,2.2206966400695425,4.661184567846597,0.0579892516236843,0.10101243492116398,2.210981447640633,BH_from_pvalue
fluoroquinolone,ciprofloxacin,ciprofloxacin_vs_control,not_regulated,b3209,b3209,531.9848886700416,-1.3444265029300517,0.39381050388914857,0.006020874412300546,0.02270066480010717,2.2101853083461234,BH_from_pvalue
fluoroquinolone,ciprofloxacin,ciprofloxacin_vs_control,not_regulated,b3667,b3667,98.80723552334901,1.3683980578488573,2.5818372442599133,0.006743380887342537,0.02438241738847808,2.2071210271167057,BH_from_pvalue
fluoroquinolone,ciprofloxacin,ciprofloxacin_vs_control,not_regulated,b2785,b2785,705.0271154877709,-1.2546023286445678,0.41910907664220126,0.0037825317998439823,0.017467995929874983,2.20528592244281,BH_from_pvalue
fluoroquinolone,ciprofloxacin,ciprofloxacin_vs_control,not_regulated,b1655,b1655,141.34439724453247,1.4554625750980161,2.7424447862762755,0.009890713397699629,0.030638964502424773,2.2031714204734953,BH_from_pvalue
fluoroquinolone,ciprofloxacin,ciprofloxacin_vs_control,not_regulated,b1494,b1494,47.57355292555088,1.3289133894450513,2.5121339446575353,0.0057406637619836715,0.022126397259128152,2.1994703242098743,BH_from_pvalue
fluoroquinolone,ciprofloxacin,ciprofloxacin_vs_control,not_regulated,b2056,b2056,14.981626751278474,1.8380920215702523,3.575368695230012,0.031109445557013265,0.06385205604695181,2.1961985088843057,BH_from_pvalue
fluoroquinolone,ciprofloxacin,ciprofloxacin_vs_control,not_regulated,b4594,b4594,3.110355543607893,2.0518549426028034,4.146387479921651,0.04609332663295768,0.08507500336275899,2.195891107295017,BH_from_pvalue
fluoroquinolone,ciprofloxacin,ciprofloxacin_vs_control,not_regulated,b3877,b3877,13.623400886275109,1.36599314039217,2.577537005479745,0.006949678992462179,0.024828956400393076,2.19247572567093,BH_from_pvalue
fluoroquinolone,ciprofloxacin,ciprofloxacin_vs_control,not_regulated,b0927,b0927,1564.8018699528284,-1.0482277441239045,0.48356182361658845,0.0004548142573537383,0.008118073530067917,2.1913693860736383,BH_from_pvalue
fluoroquinolone,ciprofloxacin,ciprofloxacin_vs_control,not_regulated,b0869,b0869,538.9453705065109,-0.9865139558809304,0.5046958203614242,0.00018438375839561634,0.006009158744320713,2.1912313063015123,BH_from_pvalue
fluoroquinolone,ciprofloxacin,ciprofloxacin_vs_control,not_regulated,b2035,b2035,536.3835271736913,-1.1386365554702884,0.45418861389555754,0.0013629193015095493,0.011903669143159264,2.191100131587157,BH_from_pvalue
fluoroquinolone,ciprofloxacin,ciprofloxacin_vs_control,not_regulated,b2790,b2790,516.8208160311418,-1.2307637283030068,0.4260918233334765,0.003391131208284849,0.016633923854814884,2.1895351845232383,BH_from_pvalue
fluoroquinolone,ciprofloxacin,ciprofloxacin_vs_control,not_regulated,b0041,b0041,12.729244647136605,1.7907114804084268,3.4598547687584853,0.02853557601505659,0.059894083488438894,2.18935264407415,BH_from_pvalue
fluoroquinolone,ciprofloxacin,ciprofloxacin_vs_control,not_regulated,b1644,b1644,100.78157816699809,1.3544904297670524,2.5570678283403643,0.006656291361346794,0.02422329979234456,2.1885405262995166,BH_from_pvalue
fluoroquinolone,ciprofloxacin,ciprofloxacin_vs_control,not_regulated,b2036,b2036,793.7095397293361,-1.0433378027975646,0.4852036125853335,0.00042867343035099325,0.008014228009049667,2.186980334352521,BH_from_pvalue
fluoroquinolone,ciprofloxacin,ciprofloxacin_vs_control,not_regulated,b4133,b4133,88.4826997496934,1.091887586104689,2.131527378384762,0.000777735173447561,0.00993269220135321,2.1869777029890454,BH_from_pvalue
fluoroquinolone,ciprofloxacin,ciprofloxacin_vs_control,not_regulated,b0334,b0334,3981.274785115782,-4.295465587316687,0.05092558339140473,0.23815181967954485,0.30977642710196435,2.1861842277549925,BH_from_pvalue
fluoroquinolone,ciprofloxacin,ciprofloxacin_vs_control,not_regulated,b1105,b1105,742.6932382657657,-1.0224543404817474,0.4922781664188302,0.0003473997248881791,0.0072776795789947805,2.186014608095087,BH_from_pvalue
fluoroquinolone,ciprofloxacin,ciprofloxacin_vs_control,not_regulated,b0463,b0463,1202.6919803865183,1.0857945424884647,2.1225441199955917,0.0007602920312093817,0.009798835405099711,2.181171805197073,BH_from_pvalue
fluoroquinolone,ciprofloxacin,ciprofloxacin_vs_control,not_regulated,b0015,b0015,2251.176202421008,-1.1963683775965723,0.436372358069292,0.002711447616803657,0.015150207167770687,2.1768896814814864,BH_from_pvalue
fluoroquinolone,ciprofloxacin,ciprofloxacin_vs_control,not_regulated,b0703,b0703,7.067932226128558,1.9924048756638713,3.978997177519272,0.04324222982557673,0.08090829856715646,2.175719934730254,BH_from_pvalue
fluoroquinolone,ciprofloxacin,ciprofloxacin_vs_control,not_regulated,b1280,b1280,813.2216354735118,-1.1157905792277525,0.4614382235694925,0.001100116758184267,0.011248798157221868,2.174557426659837,BH_from_pvalue
fluoroquinolone,ciprofloxacin,ciprofloxacin_vs_control,not_regulated,b4186,b4186,30.278583766267435,1.654688250355377,3.1485514673533554,0.021171197262040798,0.04863069068162985,2.1727538703735143,BH_from_pvalue
fluoroquinolone,ciprofloxacin,ciprofloxacin_vs_control,not_regulated,b3205,b3205,1088.8694330617811,-1.0852882916909774,0.47129807972605753,0.0007836830027878451,0.009957644481750643,2.1725771858248693,BH_from_pvalue
fluoroquinolone,ciprofloxacin,ciprofloxacin_vs_control,not_regulated,b1381,b1381,634.6074643813091,-1.004989379121925,0.49827379960828116,0.000283088007546744,0.006890571931878038,2.1725304932652447,BH_from_pvalue
fluoroquinolone,ciprofloxacin,ciprofloxacin_vs_control,not_regulated,b3909,b3909,100.62472643214791,1.3435481122351973,2.537746762493034,0.006704378690561627,0.024299996253139562,2.1690157334815594,BH_from_pvalue
fluoroquinolone,ciprofloxacin,ciprofloxacin_vs_control,not_regulated,b3287,b3287,2727.9843038763174,-1.1141052767107347,0.46197757344798046,0.001201111095798591,0.011315319853885062,2.168420049575421,BH_from_pvalue
fluoroquinolone,ciprofloxacin,ciprofloxacin_vs_control,not_regulated,b0808,b0808,445.0397756124137,-1.2221908006532338,0.4286313268174247,0.003498942007695005,0.016877542470107684,2.166566376543294,BH_from_pvalue
fluoroquinolone,ciprofloxacin,ciprofloxacin_vs_control,not_regulated,b2904,b2904,1862.6685777010068,-1.4643878407698772,0.36238927374837604,0.011459241830330267,0.03318974227483937,2.1658239346212387,BH_from_pvalue
fluoroquinolone,ciprofloxacin,ciprofloxacin_vs_control,not_regulated,b2924,b2924,1019.1884188508739,-1.2477189595661073,0.42111350272895026,0.004218871758201986,0.018388067023636177,2.165371239042452,BH_from_pvalue
fluoroquinolone,ciprofloxacin,ciprofloxacin_vs_control,not_regulated,b0427,b0427,328.6453183961435,1.1549748406665854,2.2268044026072924,0.0020053366590069427,0.013420943256177702,2.1623634848768805,BH_from_pvalue
fluoroquinolone,ciprofloxacin,ciprofloxacin_vs_control,not_regulated,b0511,b0511,7.717477531635588,2.3875832563358186,5.23280049615549,0.07626942596626124,0.12434210873368723,2.161674358582905,BH_from_pvalue
fluoroquinolone,ciprofloxacin,ciprofloxacin_vs_control,not_regulated,b1192,b1192,198.50147334670865,-0.9714333084511626,0.5099991301492413,0.00017619615970215918,0.005974846661051763,2.1601502485671586,BH_from_pvalue
fluoroquinolone,ciprofloxacin,ciprofloxacin_vs_control,not_regulated,b4451,b4451,5.610974257746309,2.1996674375429617,4.593734374493507,0.060641646873679705,0.10430827060719362,2.1593722906265858,BH_from_pvalue
fluoroquinolone,ciprofloxacin,ciprofloxacin_vs_control,not_regulated,b3951,b3951,121.01558926297348,-1.1063041912778724,0.46448239100051847,0.001147989300674861,0.011267029991630886,2.155291370470058,BH_from_pvalue
fluoroquinolone,ciprofloxacin,ciprofloxacin_vs_control,not_regulated,b2859,b2859,3.76654777529347,1.6744900496195554,3.192065044627385,0.02318517091762271,0.05175528475804811,2.1534700541572795,BH_from_pvalue
fluoroquinolone,ciprofloxacin,ciprofloxacin_vs_control,not_regulated,b4592,b4592,1.0123457511002918,-1.5682434912871681,0.33721871459235153,0.01702034430850826,0.04241413224358457,2.1523975901471606,BH_from_pvalue
fluoroquinolone,ciprofloxacin,ciprofloxacin_vs_control,not_regulated,b3699,b3699,8375.720733754204,-1.062583708113804,0.47877386010582795,0.0006624744676311813,0.009505026447269525,2.1485938490061924,BH_from_pvalue
fluoroquinolone,ciprofloxacin,ciprofloxacin_vs_control,not_regulated,b3519,b3519,700.8554560047661,-1.3273731360813272,0.39849315937825747,0.006578754897897779,0.024097100595068574,2.1477364701207553,BH_from_pvalue
fluoroquinolone,ciprofloxacin,ciprofloxacin_vs_control,not_regulated,b0787,b0787,38.35256757554544,1.460103157782572,2.7512803554931695,0.011846509047065584,0.03387514157260076,2.146525220594731,BH_from_pvalue
fluoroquinolone,ciprofloxacin,ciprofloxacin_vs_control,not_regulated,b3188,b3188,87.51826172822167,1.1926239359712136,2.2856807899649376,0.00314074944229899,0.015890990991519523,2.145350396712551,BH_from_pvalue
fluoroquinolone,ciprofloxacin,ciprofloxacin_vs_control,not_regulated,b1267,b1267,347.511604391817,-0.9937050265583354,0.5021864381674105,0.00029707461354624726,0.006959591727765731,2.143835358852697,BH_from_pvalue
fluoroquinolone,ciprofloxacin,ciprofloxacin_vs_control,not_regulated,b4047,b4047,3.4345979234667587,2.1194210644772573,4.34519542748027,0.05527258192387206,0.09756241675983825,2.142135854046602,BH_from_pvalue
fluoroquinolone,ciprofloxacin,ciprofloxacin_vs_control,not_regulated,b0363,b0363,15.75604549828437,1.7708931556686363,3.4126516460430643,0.029707405185732224,0.06177348609253408,2.141360265874995,BH_from_pvalue
fluoroquinolone,ciprofloxacin,ciprofloxacin_vs_control,not_regulated,b2570,b2570,605.7116957903822,1.026466438945608,2.037028886596037,0.00046521949608533677,0.008242509512254591,2.1390950281349457,BH_from_pvalue
fluoroquinolone,ciprofloxacin,ciprofloxacin_vs_control,not_regulated,b0483,b0483,329.8282684972467,-1.428057232143602,0.37163100310232444,0.01074394896654497,0.03181634304732002,2.1383011243782666,BH_from_pvalue
fluoroquinolone,ciprofloxacin,ciprofloxacin_vs_control,not_regulated,b0553,b0553,915.0217854835678,-1.3417953324065532,0.3945293862751552,0.007225603439914036,0.02555091530875262,2.136934575102802,BH_from_pvalue
fluoroquinolone,ciprofloxacin,ciprofloxacin_vs_control,not_regulated,b0022,b0022,7.38790402899702,1.9547929720620758,3.87660293207987,0.043195433529413345,0.08090440987224601,2.1346882796238438,BH_from_pvalue
fluoroquinolone,ciprofloxacin,ciprofloxacin_vs_control,not_regulated,b4353,b4353,1.1973638882665805,-1.7106826900024583,0.3055154638734321,0.026321617403784785,0.05653994034490161,2.1343241129897477,BH_from_pvalue
fluoroquinolone,ciprofloxacin,ciprofloxacin_vs_control,not_regulated,b1724,b1724,512.8414152366719,-1.4208358420603755,0.37349586031574633,0.010526757977645122,0.03151385837224921,2.1333827734929263,BH_from_pvalue
fluoroquinolone,ciprofloxacin,ciprofloxacin_vs_control,not_regulated,b0607,b0607,2280.4877592581083,-1.3576661341163252,0.39021303203476027,0.007917811663170968,0.026858459171148576,2.1327833978001123,BH_from_pvalue
fluoroquinolone,ciprofloxacin,ciprofloxacin_vs_control,not_regulated,b1414,b1414,769.475012012615,-1.6900196057730223,0.30992271320368076,0.025074762082557957,0.05477721216481093,2.13179085668388,BH_from_pvalue
fluoroquinolone,ciprofloxacin,ciprofloxacin_vs_control,not_regulated,b2795,b2795,4649.080756137465,-1.2427590904382875,0.42256374845374967,0.004563273618079061,0.019272868294947995,2.1313985096846935,BH_from_pvalue
fluoroquinolone,ciprofloxacin,ciprofloxacin_vs_control,not_regulated,b3939,b3939,527.6914388952554,-1.5963106309877242,0.33072164364335044,0.01962943397397693,0.046226803149187555,2.1312441239789566,BH_from_pvalue
fluoroquinolone,ciprofloxacin,ciprofloxacin_vs_control,not_regulated,b3230,b3230,9229.193906327671,1.222519556923979,2.3335389642997857,0.004119774609424769,0.018078776773846447,2.1306449301010595,BH_from_pvalue
fluoroquinolone,ciprofloxacin,ciprofloxacin_vs_control,not_regulated,b4468,b4468,920.6161294486561,1.6069020038200819,3.045970572465198,0.02027019282180703,0.04724110223444975,2.1302378129679287,BH_from_pvalue
fluoroquinolone,ciprofloxacin,ciprofloxacin_vs_control,not_regulated,b4185,b4185,7.490267310287487,1.8900496724724196,3.7064798607049325,0.038740409661730424,0.07471269221906139,2.129340571395066,BH_from_pvalue
fluoroquinolone,ciprofloxacin,ciprofloxacin_vs_control,not_regulated,b2717,b2717,228.12734724254642,-1.1837281060599674,0.4402124625134229,0.003176606771763826,0.01594879768587409,2.1274814410566973,BH_from_pvalue
fluoroquinolone,ciprofloxacin,ciprofloxacin_vs_control,not_regulated,b2345,b2345,18.03126638345512,1.6937933702622465,3.235062019088556,0.025601260234260906,0.055469397174231966,2.1273139463749606,BH_from_pvalue
fluoroquinolone,ciprofloxacin,ciprofloxacin_vs_control,not_regulated,b1784,b1784,4043.575546925514,-1.5676873791637966,0.337348726520291,0.018198175266542712,0.044103120877645,2.1250483349989393,BH_from_pvalue
fluoroquinolone,ciprofloxacin,ciprofloxacin_vs_control,not_regulated,b2695,b2695,27.31887966388503,1.6876808129543375,3.2213843746693245,0.025536970132641723,0.055383457886510355,2.1207733491020284,BH_from_pvalue
fluoroquinolone,ciprofloxacin,ciprofloxacin_vs_control,not_regulated,b2245,b2245,21.718587970124798,-1.3327107311459971,0.39702156264770416,0.007298553391542445,0.025667625609974917,2.11982875203972,BH_from_pvalue
fluoroquinolone,ciprofloxacin,ciprofloxacin_vs_control,not_regulated,b0238,b0238,494.39567031684464,1.548984532804079,2.926111070277167,0.017368317966079974,0.04289683058840462,2.118352203773603,BH_from_pvalue
fluoroquinolone,ciprofloxacin,ciprofloxacin_vs_control,not_regulated,b0352,b0352,48.05704217261473,-1.2298219191213349,0.4263700721625556,0.00443961026414977,0.018946268470726436,2.1183391248777674,BH_from_pvalue
fluoroquinolone,ciprofloxacin,ciprofloxacin_vs_control,not_regulated,b0716,b0716,7.735417456695045,2.2559610639121086,4.776523835634022,0.0692137587969773,0.11543325438220389,2.1153448906640797,BH_from_pvalue
fluoroquinolone,ciprofloxacin,ciprofloxacin_vs_control,not_regulated,b1395,b1395,103.5928093787143,-1.162225952780065,0.44682259499887966,0.002746007253948314,0.015182678880259974,2.1136840808871833,BH_from_pvalue
fluoroquinolone,ciprofloxacin,ciprofloxacin_vs_control,not_regulated,b4214,b4214,1666.6468493290329,-1.2721074474473983,0.4140544920258849,0.005621838929310624,0.021803265843941808,2.113579109881023,BH_from_pvalue
fluoroquinolone,ciprofloxacin,ciprofloxacin_vs_control,not_regulated,b3669,b3669,262.6771213705665,1.1695303666814452,2.2493846192328024,0.0030325099142582486,0.015605733594242261,2.113009005169016,BH_from_pvalue
fluoroquinolone,ciprofloxacin,ciprofloxacin_vs_control,not_regulated,b3037,b3037,3272.4289680373463,-1.0850970592898967,0.4713605554637684,0.0012030413726168254,0.011315319853885062,2.111960393946198,BH_from_pvalue
fluoroquinolone,ciprofloxacin,ciprofloxacin_vs_control,not_regulated,b0864,b0864,898.7295384342796,-1.1867535366003672,0.4392902740435844,0.0034364157420558824,0.0166922224705911,2.1094376018120826,BH_from_pvalue
fluoroquinolone,ciprofloxacin,ciprofloxacin_vs_control,not_regulated,b3804,b3804,550.1164658951938,-0.8999676851648619,0.5358987346956392,4.4809143090616014e-05,0.004580716491399791,2.1050843414261986,BH_from_pvalue
fluoroquinolone,ciprofloxacin,ciprofloxacin_vs_control,not_regulated,b0801,b0801,710.2537718426473,-1.11567905855234,0.46147389423437857,0.0018682246908617844,0.013026664020353181,2.1032411071362516,BH_from_pvalue
fluoroquinolone,ciprofloxacin,ciprofloxacin_vs_control,not_regulated,b3152,b3152,296.61912371098816,-1.1379769689992107,0.45439631209149717,0.002354121869837901,0.014194155724572225,2.1028567556053277,BH_from_pvalue
fluoroquinolone,ciprofloxacin,ciprofloxacin_vs_control,not_regulated,b0857,b0857,108.87145968130251,-1.1850165548987555,0.43981949101178375,0.0034751118508686276,0.01682510441070389,2.1022694140287457,BH_from_pvalue
fluoroquinolone,ciprofloxacin,ciprofloxacin_vs_control,not_regulated,b0925,b0925,2035.1339835263682,-1.143549479328298,0.45264455991908725,0.002478792821353679,0.014525157991941063,2.1017057279400344,BH_from_pvalue
fluoroquinolone,ciprofloxacin,ciprofloxacin_vs_control,not_regulated,b3805,b3805,1899.3427534111452,-1.0883369407573866,0.4703032018348934,0.0013186434142522928,0.011731742685014705,2.1011840789724694,BH_from_pvalue
fluoroquinolone,ciprofloxacin,ciprofloxacin_vs_control,not_regulated,b1613,b1613,1292.8585466147315,-1.2254148607188533,0.42767451327202,0.004613635650438086,0.01941265964047756,2.0978060320472722,BH_from_pvalue
fluoroquinolone,ciprofloxacin,ciprofloxacin_vs_control,not_regulated,b0832,b0832,99.03149223572346,-1.3394786978807849,0.3951634181289032,0.008078523647808476,0.027157847061167806,2.0977638330392496,BH_from_pvalue
fluoroquinolone,ciprofloxacin,ciprofloxacin_vs_control,not_regulated,b3425,b3425,120.86990087198414,1.3657313032533303,2.5770692464208707,0.009077895139836804,0.02914269146058447,2.097039910789305,BH_from_pvalue
fluoroquinolone,ciprofloxacin,ciprofloxacin_vs_control,not_regulated,b0494,b0494,158.16034051333554,-1.1570190389133348,0.44843816185708124,0.0029326249806711675,0.015437069030697092,2.0958649606825195,BH_from_pvalue
fluoroquinolone,ciprofloxacin,ciprofloxacin_vs_control,not_regulated,b3087,b3087,2387.070627511132,-1.18008978047569,0.44132403321794705,0.0034829630743697954,0.016827462844807024,2.093457273332061,BH_from_pvalue
fluoroquinolone,ciprofloxacin,ciprofloxacin_vs_control,not_regulated,b1203,b1203,1273.9511823146127,-1.1163202186042565,0.4612688523645414,0.002069502556363837,0.013420943256177702,2.0899936458758375,BH_from_pvalue
fluoroquinolone,ciprofloxacin,ciprofloxacin_vs_control,not_regulated,b4348,b4348,284.9635852983195,1.3108269769454335,2.480837049703735,0.007388827902191531,0.025813894825286687,2.0817852280148177,BH_from_pvalue
fluoroquinolone,ciprofloxacin,ciprofloxacin_vs_control,not_regulated,b3651,b3651,281.14690890940363,1.531389077911192,2.890640262470294,0.01793525064372831,0.043762690673719726,2.08099846792255,BH_from_pvalue
fluoroquinolone,ciprofloxacin,ciprofloxacin_vs_control,not_regulated,b2926,b2926,6289.384552790684,-1.066557670237712,0.4774568727302612,0.0011124405601305937,0.011265989676341187,2.0779003442897475,BH_from_pvalue
fluoroquinolone,ciprofloxacin,ciprofloxacin_vs_control,not_regulated,b4189,b4189,4540.011944952614,-1.3348834279703308,0.39642409870209827,0.008350404307038891,0.02788427510991903,2.075264028264264,BH_from_pvalue
fluoroquinolone,ciprofloxacin,ciprofloxacin_vs_control,not_regulated,b2094,b2094,7677.301884805028,-1.3705902802401297,0.3867329837911314,0.00990382005230685,0.030638964502424773,2.0746980281512624,BH_from_pvalue
fluoroquinolone,ciprofloxacin,ciprofloxacin_vs_control,not_regulated,b0957,b0957,66233.53550537954,-0.9548725479795426,0.515887162661688,0.0002558042687138906,0.006768280003971058,2.0716166971712737,BH_from_pvalue
fluoroquinolone,ciprofloxacin,ciprofloxacin_vs_control,not_regulated,b1282,b1282,39.32222591457005,1.4587530745140826,2.7487068940165154,0.014385814492243945,0.038063172697713685,2.0706927167847122,BH_from_pvalue
fluoroquinolone,ciprofloxacin,ciprofloxacin_vs_control,not_regulated,b0288,b0288,20.596336717582915,1.1771019942454912,2.2612209901923723,0.0038503606851235774,0.017502781650265035,2.068042165769305,BH_from_pvalue
fluoroquinolone,ciprofloxacin,ciprofloxacin_vs_control,not_regulated,b3072,b3072,303.56493539216865,1.495091729766453,2.8188207314915688,0.016439569884867306,0.04146769878322522,2.0666504440091056,BH_from_pvalue
fluoroquinolone,ciprofloxacin,ciprofloxacin_vs_control,not_regulated,b1406,b1406,777.9922281289746,-1.2651050354943987,0.41606907432044343,0.006291774709236247,0.02334554953765904,2.06439320825482,BH_from_pvalue
fluoroquinolone,ciprofloxacin,ciprofloxacin_vs_control,not_regulated,b2262,b2262,794.9253148136303,-1.1024169257602061,0.46573560184457063,0.0020419786444889356,0.013420943256177702,2.0639636652156756,BH_from_pvalue
fluoroquinolone,ciprofloxacin,ciprofloxacin_vs_control,not_regulated,b3320,b3320,12740.492099305005,1.1372802915757507,2.1996596142803675,0.0028354870448429057,0.01534130101258515,2.0631831759962624,BH_from_pvalue
fluoroquinolone,ciprofloxacin,ciprofloxacin_vs_control,not_regulated,b4597,b4597,13.78855590077469,2.0492885551572635,4.1390180932410745,0.056025733652141634,0.0984774325780903,2.0629435437130614,BH_from_pvalue
fluoroquinolone,ciprofloxacin,ciprofloxacin_vs_control,not_regulated,b2984,b2984,5.077191880153491,2.072124532195761,4.205054597383458,0.05825477816201888,0.10113083449353952,2.062005123707716,BH_from_pvalue
fluoroquinolone,ciprofloxacin,ciprofloxacin_vs_control,not_regulated,b1290,b1290,274.3849828497531,-0.9016038892590919,0.5352913002471484,0.0001091492280384277,0.0051770705668617726,2.060990679717343,BH_from_pvalue
fluoroquinolone,ciprofloxacin,ciprofloxacin_vs_control,not_regulated,b1051,b1051,2265.394965845538,-1.3660134051712962,0.38796182227382314,0.01031615973389266,0.031184197905274994,2.05730555557258,BH_from_pvalue
fluoroquinolone,ciprofloxacin,ciprofloxacin_vs_control,not_regulated,b4657,b4657,4.8354364117692885,2.0838151288948557,4.239267866765983,0.05972248532688578,0.10300296740810284,2.057038653664202,BH_from_pvalue
fluoroquinolone,ciprofloxacin,ciprofloxacin_vs_control,not_regulated,b2275,b2275,25.11692773848848,1.5027914255666541,2.8339050578652363,0.017236662339838466,0.04278323761217353,2.0569102278076548,BH_from_pvalue
fluoroquinolone,ciprofloxacin,ciprofloxacin_vs_control,not_regulated,b3250,b3250,1112.6589816360213,1.1440574078204975,2.2100169089953234,0.0031728221054467495,0.01594879768587409,2.0561824038655017,BH_from_pvalue
fluoroquinolone,ciprofloxacin,ciprofloxacin_vs_control,not_regulated,b3134,b3134,15.420248838781745,-1.8209964085227868,0.28302543009660985,0.038428960111027415,0.0743455753029683,2.0554403608302922,BH_from_pvalue
fluoroquinolone,ciprofloxacin,ciprofloxacin_vs_control,not_regulated,b0335,b0335,6207.940860890602,-4.055148148408663,0.060155975040704655,0.23993342930884964,0.3115532808981541,2.0538014379874836,BH_from_pvalue
fluoroquinolone,ciprofloxacin,ciprofloxacin_vs_control,not_regulated,b2756,b2756,13.763386584464428,1.2565089362537383,2.389169047246365,0.006222019361329883,0.023225429947935115,2.05318113473617,BH_from_pvalue
fluoroquinolone,ciprofloxacin,ciprofloxacin_vs_control,not_regulated,b1412,b1412,114.38768655952248,-1.0437353517401187,0.48506992833231855,0.0010145962695525751,0.01086584290582734,2.0498300351586294,BH_from_pvalue
fluoroquinolone,ciprofloxacin,ciprofloxacin_vs_control,not_regulated,b0219,b0219,547.2292168642313,-1.1308445966620084,0.45664831131906186,0.002954335702424607,0.015451862778495211,2.0479812284807153,BH_from_pvalue
fluoroquinolone,ciprofloxacin,ciprofloxacin_vs_control,not_regulated,b1513,b1513,2008.278764235032,-1.7193028614618981,0.30369543723924153,0.031628505158991106,0.0645805354377828,2.0457956527289176,BH_from_pvalue
fluoroquinolone,ciprofloxacin,ciprofloxacin_vs_control,not_regulated,b3790,b3790,172.08139589339373,1.1262772314135834,2.1829471936839706,0.002859404325497902,0.015380922837962855,2.041960450437886,BH_from_pvalue
fluoroquinolone,ciprofloxacin,ciprofloxacin_vs_control,not_regulated,b4321,b4321,206.5089538918467,1.220398727126434,2.3301110720907703,0.005443959691249752,0.02136730426809894,2.0383712981676183,BH_from_pvalue
fluoroquinolone,ciprofloxacin,ciprofloxacin_vs_control,not_regulated,b2416,b2416,9963.673931375544,-1.1626981373294,0.4466763768468694,0.003959070724671643,0.01775463621094023,2.0355219346256552,BH_from_pvalue
fluoroquinolone,ciprofloxacin,ciprofloxacin_vs_control,not_regulated,b1323,b1323,1642.453852078271,-1.0336240072358844,0.48848155513763397,0.0009937567722332215,0.01077088665422899,2.033912135609269,BH_from_pvalue
fluoroquinolone,ciprofloxacin,ciprofloxacin_vs_control,not_regulated,b3988,b3988,35049.185337373,-1.0064604277428408,0.4977659920698031,0.0006821052050418883,0.009557972623920292,2.032681918656397,BH_from_pvalue
fluoroquinolone,ciprofloxacin,ciprofloxacin_vs_control,not_regulated,b4230,b4230,261.7254955146934,-1.2308242530865492,0.4260739480558238,0.005876200391825235,0.022361083536157813,2.031484237444496,BH_from_pvalue
fluoroquinolone,ciprofloxacin,ciprofloxacin_vs_control,not_regulated,b3822,b3822,618.5363034286663,1.1796192782464967,2.2651699219526202,0.004452585570369259,0.018970092873089157,2.031222464209882,BH_from_pvalue
fluoroquinolone,ciprofloxacin,ciprofloxacin_vs_control,not_regulated,b0722,b0722,116.13033847609422,1.3446793588151777,2.539737441806376,0.01022923449640671,0.03108857889516039,2.026968495264107,BH_from_pvalue
fluoroquinolone,ciprofloxacin,ciprofloxacin_vs_control,not_regulated,b2343,b2343,4034.7055534916194,-1.1971958248172427,0.4361221516442122,0.005008814677888744,0.02040729023654309,2.023517932623766,BH_from_pvalue
fluoroquinolone,ciprofloxacin,ciprofloxacin_vs_control,not_regulated,b3330,b3330,1.8977639451620767,1.7280625360963056,3.3128262423736152,0.03375051694555913,0.06745871229876603,2.0234954825162608,BH_from_pvalue
fluoroquinolone,ciprofloxacin,ciprofloxacin_vs_control,not_regulated,b1754,b1754,124.40261203830651,-0.9115671906476175,0.5316072957575424,0.000201443505411827,0.00611761686738719,2.017678977661814,BH_from_pvalue
fluoroquinolone,ciprofloxacin,ciprofloxacin_vs_control,not_regulated,b1454,b1454,129.47036155416785,-1.4001230614654983,0.3788968204610371,0.01341113700011069,0.036537428362506286,2.0123437039636833,BH_from_pvalue
fluoroquinolone,ciprofloxacin,ciprofloxacin_vs_control,not_regulated,b4469,b4469,1318.6342241628452,1.0872172912676028,2.1246383509364017,0.0023330855520448143,0.014124116841315714,2.0113940624217936,BH_from_pvalue
fluoroquinolone,ciprofloxacin,ciprofloxacin_vs_control,not_regulated,b3329,b3329,4.53497793244611,1.408527136390145,2.654660071944392,0.014067258360718813,0.03746271646329972,2.0091241421106045,BH_from_pvalue
fluoroquinolone,ciprofloxacin,ciprofloxacin_vs_control,not_regulated,b0731,b0731,22.058737411679342,1.0856528542679884,2.1223356734956225,0.0023366090293225126,0.014126434696092286,2.0084224248599267,BH_from_pvalue
fluoroquinolone,ciprofloxacin,ciprofloxacin_vs_control,not_regulated,b2049,b2049,33.90909157505062,1.195689746294775,2.2905431582916176,0.005264203971882668,0.020956808911664827,2.00717430140915,BH_from_pvalue
fluoroquinolone,ciprofloxacin,ciprofloxacin_vs_control,not_regulated,b4632,b4632,4.013052722852724,2.204850318001757,4.610267039545572,0.07523397281696426,0.12318981060455232,2.005146468921505,BH_from_pvalue
fluoroquinolone,ciprofloxacin,ciprofloxacin_vs_control,not_regulated,b3585,b3585,176.51018150605705,-1.0708088088605123,0.4760520381981659,0.0020826834981966962,0.01342107503565722,2.0047818464463263,BH_from_pvalue
fluoroquinolone,ciprofloxacin,ciprofloxacin_vs_control,not_regulated,b1639,b1639,193.8039406698576,-1.391029615794623,0.38129258601966426,0.01327201746901682,0.0363344702225427,2.002639141555366,BH_from_pvalue
fluoroquinolone,ciprofloxacin,ciprofloxacin_vs_control,not_regulated,b2373,b2373,16.04831699429826,1.4960395983203831,2.8206733402366173,0.019625563086105063,0.046226803149187555,1.997371652650902,BH_from_pvalue
fluoroquinolone,ciprofloxacin,ciprofloxacin_vs_control,not_regulated,b2093,b2093,2830.8570805244103,-1.3873689855346072,0.38226128932924514,0.013242924858370626,0.0363344702225427,1.9973690011081537,BH_from_pvalue
fluoroquinolone,ciprofloxacin,ciprofloxacin_vs_control,not_regulated,b3929,b3929,2623.103990822065,-1.0866270588735727,0.4708609355465283,0.002487179493909374,0.014525157991941063,1.9970891990704849,BH_from_pvalue
fluoroquinolone,ciprofloxacin,ciprofloxacin_vs_control,not_regulated,b3636,b3636,57.835548468356656,1.408599275670987,2.654792816600091,0.014511108353532936,0.03830455714447838,1.9956323960804865,BH_from_pvalue
fluoroquinolone,ciprofloxacin,ciprofloxacin_vs_control,not_regulated,b4080,b4080,17.0931658356964,1.4288338993790446,2.6922901514826267,0.015713294135196832,0.04013537593419384,1.9953274829965049,BH_from_pvalue
fluoroquinolone,ciprofloxacin,ciprofloxacin_vs_control,not_regulated,b4111,b4111,2570.009815588711,1.153437370296416,2.2244325762254515,0.0043853885056816325,0.018768294480072296,1.991496347887615,BH_from_pvalue
fluoroquinolone,ciprofloxacin,ciprofloxacin_vs_control,not_regulated,b4508,b4508,6.3310318572818005,1.5956358342285788,3.0222768757677327,0.026301812119487736,0.056524391262998484,1.9909771203145377,BH_from_pvalue
fluoroquinolone,ciprofloxacin,ciprofloxacin_vs_control,not_regulated,b1538,b1538,1115.9589427811775,-1.2032641023609685,0.43429158309604293,0.0057703281239840165,0.022162411414849526,1.9906596601767617,BH_from_pvalue
fluoroquinolone,ciprofloxacin,ciprofloxacin_vs_control,not_regulated,b2033,b2033,268.93281995356483,-1.0419946255593056,0.48565555696961005,0.0015339651603791127,0.01229906469052629,1.9903430207122537,BH_from_pvalue
fluoroquinolone,ciprofloxacin,ciprofloxacin_vs_control,not_regulated,b1656,b1656,8179.513227808053,-1.413020545903418,0.37552463372503153,0.01513003747427872,0.03908955115411009,1.9894471813550234,BH_from_pvalue
fluoroquinolone,ciprofloxacin,ciprofloxacin_vs_control,not_regulated,b4675,b4675,2.7886083748277612,1.7862457366351836,3.4491616314501177,0.04042474592156277,0.07717763461595473,1.987213629516294,BH_from_pvalue
fluoroquinolone,ciprofloxacin,ciprofloxacin_vs_control,not_regulated,b1634,b1634,1068.0899916377386,0.9965167713946723,1.9951770444168806,0.0008496123261796834,0.010191292132459772,1.9848329563712162,BH_from_pvalue
fluoroquinolone,ciprofloxacin,ciprofloxacin_vs_control,not_regulated,b2866,b2866,326.3912502636476,1.3965920338756694,2.632789237205123,0.014298753762242503,0.03792204859821154,1.9847084047321442,BH_from_pvalue
fluoroquinolone,ciprofloxacin,ciprofloxacin_vs_control,not_regulated,b1137,b1137,62.55837121040412,1.5161968541606017,2.86036023912361,0.021701532668066566,0.04920034976863076,1.9832337151496502,BH_from_pvalue
fluoroquinolone,ciprofloxacin,ciprofloxacin_vs_control,not_regulated,b1074,b1074,4.116730607409031,1.9077526273899443,3.7522413504241325,0.05060156170799585,0.09133335568945565,1.9828619655003596,BH_from_pvalue
fluoroquinolone,ciprofloxacin,ciprofloxacin_vs_control,not_regulated,b0868,b0868,449.5181523088149,1.0658145758617295,2.093351496106286,0.0022411559070446055,0.013885288250532556,1.9796920615692761,BH_from_pvalue
fluoroquinolone,ciprofloxacin,ciprofloxacin_vs_control,not_regulated,b3715,b3715,95.90272774001726,1.321190255359805,2.49872174842627,0.01074455871251203,0.03181634304732002,1.9782838845420967,BH_from_pvalue
fluoroquinolone,ciprofloxacin,ciprofloxacin_vs_control,not_regulated,b0262,b0262,60.66546816068336,1.5388060286162535,2.905539421019235,0.023228853113560544,0.05182707405991832,1.9780479132112467,BH_from_pvalue
fluoroquinolone,ciprofloxacin,ciprofloxacin_vs_control,not_regulated,b3288,b3288,3431.1239535413965,-0.8558463586801821,0.5525410827082424,8.051697416285683e-05,0.004894126348439595,1.9772830870855975,BH_from_pvalue
fluoroquinolone,ciprofloxacin,ciprofloxacin_vs_control,not_regulated,b1611,b1611,3034.9851094455985,-1.17609385686006,0.442548090671191,0.005188445644543758,0.020868560978927485,1.9764345439711575,BH_from_pvalue
fluoroquinolone,ciprofloxacin,ciprofloxacin_vs_control,not_regulated,b1527,b1527,3.577875130191463,2.0972107721470072,4.27881342391658,0.06835942087687634,0.11439013210721347,1.9747576518880632,BH_from_pvalue
fluoroquinolone,ciprofloxacin,ciprofloxacin_vs_control,not_regulated,b1755,b1755,97.6849831027311,-1.1874181778662996,0.4390879421637638,0.005583742849191645,0.021726362747114203,1.9746918349786207,BH_from_pvalue
fluoroquinolone,ciprofloxacin,ciprofloxacin_vs_control,not_regulated,b2417,b2417,8324.105396374418,-1.0879461193966193,0.47043062268987385,0.002814834008409574,0.01534130101258515,1.9736841889869488,BH_from_pvalue
fluoroquinolone,ciprofloxacin,ciprofloxacin_vs_control,not_regulated,b2832,b2832,305.82608760207967,1.489109410225515,2.807156331413586,0.020364851895859817,0.04738259680078387,1.9721484204944952,BH_from_pvalue
fluoroquinolone,ciprofloxacin,ciprofloxacin_vs_control,not_regulated,b2059,b2059,15.970891554474518,1.859499507973588,3.62881751296947,0.04739714876670332,0.08698179320792801,1.972132448713959,BH_from_pvalue
fluoroquinolone,ciprofloxacin,ciprofloxacin_vs_control,not_regulated,b4559,b4559,2.26625616298589,2.215395745774591,4.644089403305693,0.08008853577752728,0.12884057007414795,1.9715856002874514,BH_from_pvalue
fluoroquinolone,ciprofloxacin,ciprofloxacin_vs_control,not_regulated,b3262,b3262,27.393677803653606,2.4924365627798353,5.627275368282901,0.1071544087300502,0.1619232001474377,1.9707469629405685,BH_from_pvalue
fluoroquinolone,ciprofloxacin,ciprofloxacin_vs_control,not_regulated,b3839,b3839,715.283071711238,1.0033184538254805,2.0046056486986674,0.0011319648317508369,0.011265989676341187,1.9546957645258585,BH_from_pvalue
fluoroquinolone,ciprofloxacin,ciprofloxacin_vs_control,not_regulated,b3202,b3202,2917.41390498622,-0.9539007317442927,0.5162347873506986,0.0005846102922152486,0.008944140561626611,1.9540288133858004,BH_from_pvalue
fluoroquinolone,ciprofloxacin,ciprofloxacin_vs_control,not_regulated,b4493,b4493,5071.612959514111,-1.1065948014457074,0.4643888371256733,0.0036260043604590024,0.017206741518526386,1.9523667189833194,BH_from_pvalue
fluoroquinolone,ciprofloxacin,ciprofloxacin_vs_control,not_regulated,b1625,b1625,90.82568952398712,1.0938270975225493,2.1343948602187113,0.0033870623374869496,0.016632103050236133,1.9459761964835842,BH_from_pvalue
fluoroquinolone,ciprofloxacin,ciprofloxacin_vs_control,not_regulated,b1523,b1523,21.422773535972237,1.097699089386277,2.1401309717456587,0.0035847909507789014,0.017100909908414456,1.9396131942349137,BH_from_pvalue
fluoroquinolone,ciprofloxacin,ciprofloxacin_vs_control,not_regulated,b1642,b1642,1178.722268819148,-1.0357805352268628,0.48775192262041955,0.0020730765505347164,0.013420943256177702,1.9392058847170672,BH_from_pvalue
fluoroquinolone,ciprofloxacin,ciprofloxacin_vs_control,not_regulated,b4058,b4058,8244.362406236693,0.8760194435616313,1.8353044993134773,0.0002065469428355458,0.006141063140247865,1.937541643525439,BH_from_pvalue
fluoroquinolone,ciprofloxacin,ciprofloxacin_vs_control,not_regulated,b4529,b4529,1001.637782026463,-1.503523553460786,0.3526909462202017,0.02302310063799523,0.05147013253961359,1.937206973938194,BH_from_pvalue
fluoroquinolone,ciprofloxacin,ciprofloxacin_vs_control,not_regulated,b3174,b3174,6.758180376593747,1.6423777670749558,3.1217992511432313,0.0328660297801598,0.06617341179550527,1.9368831560090063,BH_from_pvalue
fluoroquinolone,ciprofloxacin,ciprofloxacin_vs_control,not_regulated,b4255,b4255,4237.760044724809,-1.1818412020923965,0.4407885940259506,0.006128312833526239,0.02300930811786396,1.9359698660571822,BH_from_pvalue
fluoroquinolone,ciprofloxacin,ciprofloxacin_vs_control,not_regulated,b2247,b2247,139.89861562300857,-1.4154262186916071,0.37489897369899294,0.017475522127631093,0.042989524619687594,1.9343743469750767,BH_from_pvalue
fluoroquinolone,ciprofloxacin,ciprofloxacin_vs_control,not_regulated,b0875,b0875,238.25515174934625,1.0729058343867317,2.1036662463067466,0.0030993575636351425,0.015770260544378814,1.9335491925183477,BH_from_pvalue
fluoroquinolone,ciprofloxacin,ciprofloxacin_vs_control,not_regulated,b3842,b3842,200.82971696982636,1.2335767648368323,2.351492555510673,0.008066799311584596,0.027138716008606966,1.9322878481553212,BH_from_pvalue
fluoroquinolone,ciprofloxacin,ciprofloxacin_vs_control,not_regulated,b3227,b3227,27.371416156201757,1.1976489693246375,2.2936558975500154,0.006739194372088018,0.02438241738847808,1.9317158542715664,BH_from_pvalue
fluoroquinolone,ciprofloxacin,ciprofloxacin_vs_control,not_regulated,b1837,b1837,306.10986852675023,-1.3119321514293905,0.4027810874890194,0.011722625393098996,0.03370316414473849,1.9315961782607893,BH_from_pvalue
fluoroquinolone,ciprofloxacin,ciprofloxacin_vs_control,not_regulated,b3606,b3606,68.33140832241554,1.6128749673077358,3.058607466826106,0.03088624918134104,0.06355486223232033,1.9303713696864204,BH_from_pvalue
fluoroquinolone,ciprofloxacin,ciprofloxacin_vs_control,not_regulated,b1392,b1392,71.74521462250941,-1.2176864300258714,0.42997168737401564,0.007574158888726525,0.026097783351598774,1.9280802833895931,BH_from_pvalue
fluoroquinolone,ciprofloxacin,ciprofloxacin_vs_control,not_regulated,b4431,b4431,2.787620028348396,1.910366368578889,3.7590454752848754,0.05561600761611749,0.09791029442555635,1.927887567800539,BH_from_pvalue
fluoroquinolone,ciprofloxacin,ciprofloxacin_vs_control,not_regulated,b4335,b4335,328.38756531946484,-1.1918483944679323,0.4377416624897103,0.006598852248424697,0.02412355140949729,1.927884806376099,BH_from_pvalue
fluoroquinolone,ciprofloxacin,ciprofloxacin_vs_control,not_regulated,b1175,b1175,1379.3799473196084,-1.2985731202625175,0.4065280709865986,0.011263146388587776,0.032769490592411264,1.9277711564569895,BH_from_pvalue
fluoroquinolone,ciprofloxacin,ciprofloxacin_vs_control,not_regulated,b0936,b0936,7.69441698317597,-1.4104450679345404,0.3761956135116409,0.017480622616587064,0.042989524619687594,1.9275669202680936,BH_from_pvalue
fluoroquinolone,ciprofloxacin,ciprofloxacin_vs_control,not_regulated,b1003,b1003,1304.5468086221533,-1.4217398439888846,0.3732618987323598,0.018263284162037503,0.04417630380099532,1.9261882452655628,BH_from_pvalue
fluoroquinolone,ciprofloxacin,ciprofloxacin_vs_control,not_regulated,b3408,b3408,533.2884559590334,-1.464171231410269,0.3624436877440116,0.02095894104587762,0.04835637510361729,1.926184990740736,BH_from_pvalue
fluoroquinolone,ciprofloxacin,ciprofloxacin_vs_control,not_regulated,b1100,b1100,1174.5178014089358,-1.054225382132719,0.48155571106047673,0.00263526985526894,0.014940413510934633,1.9246332669249602,BH_from_pvalue
fluoroquinolone,ciprofloxacin,ciprofloxacin_vs_control,not_regulated,b0071,b0071,109.86061969507756,-1.3315302179234632,0.39734656620034775,0.012991530602452478,0.035938440744053654,1.9233165325770298,BH_from_pvalue
fluoroquinolone,ciprofloxacin,ciprofloxacin_vs_control,not_regulated,b3955,b3955,489.40991221578946,1.1011351546918249,2.1452341942530646,0.004086076824267906,0.018001149417783587,1.9211502436834458,BH_from_pvalue
fluoroquinolone,ciprofloxacin,ciprofloxacin_vs_control,not_regulated,b3640,b3640,328.7076837340798,1.2616852341806712,2.3977566302687214,0.00959743458476373,0.03008310854513398,1.9198777670755878,BH_from_pvalue
fluoroquinolone,ciprofloxacin,ciprofloxacin_vs_control,not_regulated,b4446,b4446,242.51341018777097,1.0658221486071833,2.0933624841939835,0.0031363271961179786,0.015886486180336338,1.9173843629432779,BH_from_pvalue
fluoroquinolone,ciprofloxacin,ciprofloxacin_vs_control,not_regulated,b3423,b3423,259.6822355545224,1.201198920236231,2.299306704923953,0.007175592048003566,0.02543020162594804,1.9154920941452882,BH_from_pvalue
fluoroquinolone,ciprofloxacin,ciprofloxacin_vs_control,not_regulated,b1822,b1822,382.96611688731974,1.0959585454757406,2.1375505609766194,0.004031057462911941,0.017886120897062815,1.91516984540429,BH_from_pvalue
fluoroquinolone,ciprofloxacin,ciprofloxacin_vs_control,not_regulated,b3210,b3210,2073.3424274106624,-1.1074398230052385,0.46411691293785695,0.004347023198782764,0.01868446402664165,1.914231169220008,BH_from_pvalue
fluoroquinolone,ciprofloxacin,ciprofloxacin_vs_control,not_regulated,b4184,b4184,3.9547001201919643,1.852054069524623,3.6101382085742855,0.05154209513588358,0.09258465377178188,1.9140256381008358,BH_from_pvalue
fluoroquinolone,ciprofloxacin,ciprofloxacin_vs_control,not_regulated,b1093,b1093,8964.650932698883,-0.9337101306793496,0.52351031521415,0.000581363427709712,0.008944140561626611,1.9126691467794719,BH_from_pvalue
fluoroquinolone,ciprofloxacin,ciprofloxacin_vs_control,not_regulated,b1648,b1648,92.20732481723013,-1.3643954514477636,0.3883971577866422,0.015427159199616756,0.03964231667461582,1.9126654479247405,BH_from_pvalue
fluoroquinolone,ciprofloxacin,ciprofloxacin_vs_control,not_regulated,b3410,b3410,120.77809546066266,-1.248283613208919,0.4209487161732917,0.009285456185079715,0.029495749943847852,1.9101742118268696,BH_from_pvalue
fluoroquinolone,ciprofloxacin,ciprofloxacin_vs_control,not_regulated,b4066,b4066,19.61063900210186,2.5378239321361153,5.807124369431475,0.11982602442024988,0.17712042650091486,1.9077618123318378,BH_from_pvalue
fluoroquinolone,ciprofloxacin,ciprofloxacin_vs_control,not_regulated,b0627,b0627,800.4485542548232,-0.9791368455781555,0.5072831531078146,0.0011336506909630044,0.011265989676341187,1.9075844141462797,BH_from_pvalue
fluoroquinolone,ciprofloxacin,ciprofloxacin_vs_control,not_regulated,b1148,b1148,9.348146917184685,2.357305126051031,5.124123068722473,0.10198518320344226,0.1553961226453534,1.9060222123320798,BH_from_pvalue
fluoroquinolone,ciprofloxacin,ciprofloxacin_vs_control,not_regulated,b0561,b0561,0.7947064751014142,-1.352451187336391,0.3916260974767955,0.015039876424378536,0.038990987986659745,1.9056520868161615,BH_from_pvalue
fluoroquinolone,ciprofloxacin,ciprofloxacin_vs_control,not_regulated,b3231,b3231,9383.810642779468,1.083521943556267,2.11920322388872,0.003760428255397631,0.017429467064474093,1.9056072614388524,BH_from_pvalue
fluoroquinolone,ciprofloxacin,ciprofloxacin_vs_control,not_regulated,b3729,b3729,7025.743417688701,1.1232586141764553,2.1783844878402023,0.0049160858874875155,0.020157296555988007,1.9045610415276077,BH_from_pvalue
fluoroquinolone,ciprofloxacin,ciprofloxacin_vs_control,not_regulated,b2052,b2052,26.875888268345292,1.9323133700305206,3.8166671363563927,0.06012376343454688,0.10357590498988582,1.9028287092581833,BH_from_pvalue
fluoroquinolone,ciprofloxacin,ciprofloxacin_vs_control,not_regulated,b3207,b3207,5715.940330568123,-0.9936582506411451,0.5022027206189275,0.0014924784178691546,0.01221483396926527,1.900979952281736,BH_from_pvalue
fluoroquinolone,ciprofloxacin,ciprofloxacin_vs_control,not_regulated,b3561,b3561,66.82779556936849,1.1710466430090243,2.251749971232045,0.006442746565560847,0.023812221899665316,1.9008430034782295,BH_from_pvalue
fluoroquinolone,ciprofloxacin,ciprofloxacin_vs_control,not_regulated,b3882,b3882,9.103564446804654,-1.5212586301881124,0.3483818500822838,0.026251814657287296,0.056449513964173824,1.8990476835705639,BH_from_pvalue
fluoroquinolone,ciprofloxacin,ciprofloxacin_vs_control,not_regulated,b0166,b0166,2084.348353659771,-0.9901703687197578,0.5034183225474081,0.0014506274977329537,0.012096318458414641,1.8984999761073253,BH_from_pvalue
fluoroquinolone,ciprofloxacin,ciprofloxacin_vs_control,not_regulated,b3876,b3876,22.986625832926507,1.3444995219838156,2.5394208746488873,0.014872951766849923,0.03875929145265988,1.897928022807465,BH_from_pvalue
fluoroquinolone,ciprofloxacin,ciprofloxacin_vs_control,not_regulated,b0910,b0910,1783.6983120517632,1.0075427278630862,2.0104838230930935,0.0018999519005918045,0.01308572117700886,1.8974068203790395,BH_from_pvalue
fluoroquinolone,ciprofloxacin,ciprofloxacin_vs_control,not_regulated,b1557,b1557,2978.9494171445563,1.3989710558051858,2.6371343207171796,0.0182191989981163,0.04413029461148472,1.8959739523284533,BH_from_pvalue
fluoroquinolone,ciprofloxacin,ciprofloxacin_vs_control,not_regulated,b3989,b3989,28.942793101675942,1.7761789026987551,3.425177854118338,0.0465639768488037,0.08569753186003234,1.8952391688938341,BH_from_pvalue
fluoroquinolone,ciprofloxacin,ciprofloxacin_vs_control,not_regulated,b1706,b1706,1768.203205517368,-1.1603135532591509,0.4474152843036455,0.0062603747741047985,0.0233105676605326,1.8941505535673067,BH_from_pvalue
fluoroquinolone,ciprofloxacin,ciprofloxacin_vs_control,not_regulated,b3219,b3219,39.94733446100266,1.4449279932011185,2.7224923464493793,0.021464728526600984,0.04892345912442294,1.8935533456691904,BH_from_pvalue
fluoroquinolone,ciprofloxacin,ciprofloxacin_vs_control,not_regulated,b4246,b4246,48.248378210264605,1.385317025049197,2.6122935496071436,0.017448510456740146,0.042981051497490236,1.8933445906144672,BH_from_pvalue
fluoroquinolone,ciprofloxacin,ciprofloxacin_vs_control,not_regulated,b3361,b3361,781.6121685529655,-1.3199556724976347,0.40054724561344385,0.013666467972104421,0.03685930056977144,1.892094299906611,BH_from_pvalue
fluoroquinolone,ciprofloxacin,ciprofloxacin_vs_control,not_regulated,b2344,b2344,4036.2075124641256,1.3961220242646064,2.6319316514627378,0.018298344423165958,0.04417630380099532,1.8914809509382169,BH_from_pvalue
fluoroquinolone,ciprofloxacin,ciprofloxacin_vs_control,not_regulated,b3328,b3328,3.744088086929226,2.1096107326024476,4.315748315424422,0.07843537422873591,0.1268928075725296,1.8913989135603586,BH_from_pvalue
fluoroquinolone,ciprofloxacin,ciprofloxacin_vs_control,not_regulated,b2304,b2304,1703.4671228647703,-1.0430468732011366,0.4853014671707537,0.0029462569273463143,0.015445528740330679,1.889163597161866,BH_from_pvalue
fluoroquinolone,ciprofloxacin,ciprofloxacin_vs_control,not_regulated,b2261,b2261,813.004616117273,-0.9795781217947592,0.5071280144589915,0.0013487547020162988,0.011806490932625329,1.8885082486432079,BH_from_pvalue
fluoroquinolone,ciprofloxacin,ciprofloxacin_vs_control,not_regulated,b4371,b4371,651.757618098965,1.0728050463019034,2.1035192872612605,0.0037610480760212287,0.017429467064474093,1.886759283924912,BH_from_pvalue
fluoroquinolone,ciprofloxacin,ciprofloxacin_vs_control,not_regulated,b3132,b3132,45.678702406588165,-1.0432227155426013,0.48524231998892386,0.003048465726102482,0.01561731074716283,1.8844709913296906,BH_from_pvalue
fluoroquinolone,ciprofloxacin,ciprofloxacin_vs_control,not_regulated,b0072,b0072,179.663545683807,-0.9945637443823365,0.5018876167818407,0.0017542430440436521,0.012802144094699389,1.8824279939110666,BH_from_pvalue
fluoroquinolone,ciprofloxacin,ciprofloxacin_vs_control,not_regulated,b2617,b2617,1733.4865449660872,0.9924014277797664,1.989493834080255,0.0017630562917464974,0.012802144094699389,1.8783353398932947,BH_from_pvalue
fluoroquinolone,ciprofloxacin,ciprofloxacin_vs_control,not_regulated,b3499,b3499,861.5466132765745,-1.1161591367358525,0.46132035749533035,0.00513051882995915,0.020771443471787807,1.8779749401578294,BH_from_pvalue
fluoroquinolone,ciprofloxacin,ciprofloxacin_vs_control,not_regulated,b3458,b3458,49.34221914263228,1.2230512085594363,2.3343990618212223,0.009127732302966304,0.029242549785429086,1.8761419171168394,BH_from_pvalue
fluoroquinolone,ciprofloxacin,ciprofloxacin_vs_control,not_regulated,b4064,b4064,322.2839178969761,1.1698200924283455,2.249836391827347,0.007003439979303902,0.024961547564904082,1.8749039935674667,BH_from_pvalue
fluoroquinolone,ciprofloxacin,ciprofloxacin_vs_control,not_regulated,b3106,b3106,46.40662596149682,-1.2979058172361855,0.4067161496534423,0.013009891338092761,0.03594501918841599,1.8746449077808875,BH_from_pvalue
fluoroquinolone,ciprofloxacin,ciprofloxacin_vs_control,not_regulated,b3475,b3475,243.36609378040455,0.9627918273484655,1.9490780006719977,0.001185942084862311,0.011302412504039409,1.8743909024709853,BH_from_pvalue
fluoroquinolone,ciprofloxacin,ciprofloxacin_vs_control,not_regulated,b1281,b1281,298.1745563188293,1.224496065713959,2.3367381304520194,0.009257264591803038,0.029495749943847852,1.873773541893638,BH_from_pvalue
fluoroquinolone,ciprofloxacin,ciprofloxacin_vs_control,not_regulated,b0948,b0948,1148.1891781457318,1.0101042921960772,2.0140566906902895,0.0022804314325157267,0.013998429403958386,1.8726532449144093,BH_from_pvalue
fluoroquinolone,ciprofloxacin,ciprofloxacin_vs_control,not_regulated,b2566,b2566,1036.6500111120265,1.0411944914750215,2.057930829248241,0.0031570535451728786,0.015937628334666228,1.871626546913277,BH_from_pvalue
fluoroquinolone,ciprofloxacin,ciprofloxacin_vs_control,not_regulated,b3818,b3818,4.094382119553912,2.156137370763012,4.457198989345853,0.08542175755226289,0.13562550846102311,1.870791177007519,BH_from_pvalue
fluoroquinolone,ciprofloxacin,ciprofloxacin_vs_control,not_regulated,b3279,b3279,296.1929372656289,-0.9172670685906352,0.5295111363104364,0.0006210708091451597,0.009159267211589928,1.8695180342428537,BH_from_pvalue
fluoroquinolone,ciprofloxacin,ciprofloxacin_vs_control,not_regulated,b1563,b1563,312.29676890656015,-1.23463966281808,0.42494862433184827,0.009999309395061249,0.030742694327642563,1.867093797422037,BH_from_pvalue
fluoroquinolone,ciprofloxacin,ciprofloxacin_vs_control,not_regulated,b4326,b4326,67.77642271831681,-0.9821897677262781,0.506210813862014,0.0016487358103027528,0.0125753664508343,1.8666313719202994,BH_from_pvalue
fluoroquinolone,ciprofloxacin,ciprofloxacin_vs_control,not_regulated,b0331,b0331,1200.6530252228533,-3.3839552944952533,0.09579171581226978,0.21088857978794454,0.280893346723771,1.8661110712771878,BH_from_pvalue
fluoroquinolone,ciprofloxacin,ciprofloxacin_vs_control,not_regulated,b4553,b4553,75.37469501081956,1.5734404541529647,2.9761359991776186,0.03216128182553585,0.06523978606988429,1.8652939459272266,BH_from_pvalue
fluoroquinolone,ciprofloxacin,ciprofloxacin_vs_control,not_regulated,b2092,b2092,30905.109381471088,-1.287533222094245,0.40965086830424685,0.012872564398399441,0.03571918239605224,1.8631873822532077,BH_from_pvalue
fluoroquinolone,ciprofloxacin,ciprofloxacin_vs_control,not_regulated,b0793,b0793,131.05149954031552,-0.9484035596338805,0.5182055745462157,0.0010069371483861203,0.01086584290582734,1.8626044415835237,BH_from_pvalue
fluoroquinolone,ciprofloxacin,ciprofloxacin_vs_control,not_regulated,b0655,b0655,2209.5677089288565,-1.2496900179727124,0.42053855616676744,0.011049200052673739,0.032419635901452366,1.8610282109559821,BH_from_pvalue
fluoroquinolone,ciprofloxacin,ciprofloxacin_vs_control,not_regulated,b1608,b1608,178.01047732271203,0.9359411552611636,1.9131382813840936,0.0008658171074865239,0.010280173244467564,1.8606506108559153,BH_from_pvalue
fluoroquinolone,ciprofloxacin,ciprofloxacin_vs_control,not_regulated,b0952,b0952,243.9751086642154,-0.9966831024847309,0.5011508715568527,0.0021488531884329472,0.013613438931790699,1.859842715090918,BH_from_pvalue
fluoroquinolone,ciprofloxacin,ciprofloxacin_vs_control,not_regulated,b0130,b0130,244.0810442845517,1.0671534083257344,2.0952950446066794,0.004126304745593079,0.01808978435251235,1.8595858974310804,BH_from_pvalue
fluoroquinolone,ciprofloxacin,ciprofloxacin_vs_control,not_regulated,b2556,b2556,385.8966516664606,1.007306027081702,2.0101539931277665,0.0023866554587915127,0.0142641776424173,1.8592383845192233,BH_from_pvalue
fluoroquinolone,ciprofloxacin,ciprofloxacin_vs_control,not_regulated,b0930,b0930,4696.822729968172,-0.8381432994679585,0.5593629875629368,0.00019372245369599114,0.006051601019832612,1.859110555970437,BH_from_pvalue
fluoroquinolone,ciprofloxacin,ciprofloxacin_vs_control,not_regulated,b2601,b2601,629.8339366222231,0.9861594277003967,1.9809046353245783,0.0018768642207403563,0.013048122511422138,1.8583700804761814,BH_from_pvalue
fluoroquinolone,ciprofloxacin,ciprofloxacin_vs_control,not_regulated,b4122,b4122,83.22714676654927,1.317425837889493,2.492210344155,0.01498372180748508,0.03889947190746649,1.8576445953075418,BH_from_pvalue
fluoroquinolone,ciprofloxacin,ciprofloxacin_vs_control,not_regulated,b1253,b1253,69.30878470065342,1.0639224491219217,2.0906078184965744,0.0040851201373366475,0.018001149417783587,1.8562252450862045,BH_from_pvalue
fluoroquinolone,ciprofloxacin,ciprofloxacin_vs_control,not_regulated,b2089,b2089,10.48797360293426,1.6270642242077487,3.0888380345796618,0.03711916250532075,0.07243470409932005,1.854939953841928,BH_from_pvalue
fluoroquinolone,ciprofloxacin,ciprofloxacin_vs_control,not_regulated,b4450,b4450,32.950965386130406,1.2694116651658236,2.4106323926731927,0.012249647516814224,0.034609870936325615,1.854356586155022,BH_from_pvalue
fluoroquinolone,ciprofloxacin,ciprofloxacin_vs_control,not_regulated,b1852,b1852,1041.4899676106377,-1.0017227612359356,0.49940329279629175,0.0023305576225524033,0.014124116841315714,1.8532258733611298,BH_from_pvalue
fluoroquinolone,ciprofloxacin,ciprofloxacin_vs_control,not_regulated,b1271,b1271,242.23519484477166,-0.8248258705434557,0.5645503380162318,0.00014517298455267078,0.005668554449342284,1.852994147201826,BH_from_pvalue
fluoroquinolone,ciprofloxacin,ciprofloxacin_vs_control,not_regulated,b1793,b1793,144.28163933427933,-1.0513568970142888,0.4825141322823365,0.003693092047579257,0.017283681376481293,1.8528732820091993,BH_from_pvalue
fluoroquinolone,ciprofloxacin,ciprofloxacin_vs_control,not_regulated,b2987,b2987,31.53869030270018,1.3329339753920264,2.5191446691781327,0.01616253982677159,0.04097100090879745,1.8494771164853399,BH_from_pvalue
fluoroquinolone,ciprofloxacin,ciprofloxacin_vs_control,not_regulated,b4156,b4156,153.2863229690296,1.6815872149547335,3.207806713901579,0.04220650655210376,0.07947055503721268,1.8493991154412777,BH_from_pvalue
fluoroquinolone,ciprofloxacin,ciprofloxacin_vs_control,not_regulated,b3559,b3559,5233.861334807864,-0.8374390985603632,0.5596360876036077,0.00021194330880864242,0.006190396123514764,1.8493013186239085,BH_from_pvalue
fluoroquinolone,ciprofloxacin,ciprofloxacin_vs_control,not_regulated,b1624,b1624,1032.6094129768956,-0.9493597861496657,0.5178622187323618,0.0012122888751850732,0.011317959505181713,1.8476742664622694,BH_from_pvalue
fluoroquinolone,ciprofloxacin,ciprofloxacin_vs_control,not_regulated,b1603,b1603,1315.3810303303853,-1.0072126505794632,0.4975065239642632,0.002522088424285182,0.014656044767151231,1.8472110972275682,BH_from_pvalue
fluoroquinolone,ciprofloxacin,ciprofloxacin_vs_control,not_regulated,b0142,b0142,34.99003914872543,2.014918261485598,4.041576796567894,0.0738056982328505,0.12120410027431966,1.8466377042965207,BH_from_pvalue
fluoroquinolone,ciprofloxacin,ciprofloxacin_vs_control,not_regulated,b0848,b0848,85.17968978624283,0.9791763025876401,1.9713395640330675,0.0018927179061325793,0.01308572117700886,1.8439871019899672,BH_from_pvalue
fluoroquinolone,ciprofloxacin,ciprofloxacin_vs_control,not_regulated,b1801,b1801,22.2238878176441,1.6128965363968732,3.058653195041963,0.03674933036022852,0.07190016875176507,1.8439763688340345,BH_from_pvalue
fluoroquinolone,ciprofloxacin,ciprofloxacin_vs_control,not_regulated,b3029,b3029,1719.3581876627377,-1.0844616925955144,0.4715681896113649,0.004813936311723252,0.019938384466050816,1.843921097282015,BH_from_pvalue
fluoroquinolone,ciprofloxacin,ciprofloxacin_vs_control,not_regulated,b4226,b4226,3079.4364699407306,1.0964959756959818,2.138346985885777,0.0051938737436758265,0.020868560978927485,1.84266970790645,BH_from_pvalue
fluoroquinolone,ciprofloxacin,ciprofloxacin_vs_control,not_regulated,b1958,b1958,408.41103682156,-1.0164398785780726,0.49433471226189085,0.002897137159700726,0.015388253923440346,1.8426130430293124,BH_from_pvalue
fluoroquinolone,ciprofloxacin,ciprofloxacin_vs_control,not_regulated,b0635,b0635,719.1508376114848,1.3753520999359168,2.5943121922973824,0.019281620472003443,0.045743000465755,1.8425253081772421,BH_from_pvalue
fluoroquinolone,ciprofloxacin,ciprofloxacin_vs_control,not_regulated,b1512,b1512,1252.8663864905814,-1.3707120629025518,0.38670033975804674,0.019015017230449516,0.045319407060188846,1.8418474299858685,BH_from_pvalue
fluoroquinolone,ciprofloxacin,ciprofloxacin_vs_control,not_regulated,b1353,b1353,7.580769810977654,1.6851921947390902,3.2158323451834727,0.04333949992149168,0.08102288888066067,1.8392057450070651,BH_from_pvalue
fluoroquinolone,ciprofloxacin,ciprofloxacin_vs_control,not_regulated,b3563,b3563,3.824728015132788,1.8599418291121983,3.6299302559476754,0.05954958938624981,0.10277757787888561,1.837811537032125,BH_from_pvalue
fluoroquinolone,ciprofloxacin,ciprofloxacin_vs_control,not_regulated,b4235,b4235,1837.1564068503185,-0.922005116384609,0.5277749871104568,0.0008178817544131417,0.010162519699862739,1.8375549057093838,BH_from_pvalue
fluoroquinolone,ciprofloxacin,ciprofloxacin_vs_control,not_regulated,b2195,b2195,79.59661947547615,-1.2303940831719924,0.4262010099201626,0.01090196069067252,0.03215542241747212,1.8366655764124438,BH_from_pvalue
fluoroquinolone,ciprofloxacin,ciprofloxacin_vs_control,not_regulated,b3451,b3451,102.81005152709851,-1.2715709605471304,0.4142084927757345,0.013067727047461642,0.03603840359257048,1.8351750227241248,BH_from_pvalue
fluoroquinolone,ciprofloxacin,ciprofloxacin_vs_control,not_regulated,b3485,b3485,299.0905318219497,-1.185586346326879,0.43964581890014426,0.008715983873064503,0.028405737563952267,1.8336206463013476,BH_from_pvalue
fluoroquinolone,ciprofloxacin,ciprofloxacin_vs_control,not_regulated,b1088,b1088,3741.243704371154,1.2205158552476227,2.3303002545606915,0.010543795131530692,0.03151385837224921,1.8326026295792304,BH_from_pvalue
fluoroquinolone,ciprofloxacin,ciprofloxacin_vs_control,not_regulated,b2937,b2937,2095.0910114197413,-0.9069489653841813,0.5333117557189426,0.0006790416535564655,0.009544779242803069,1.8322492375028405,BH_from_pvalue
fluoroquinolone,ciprofloxacin,ciprofloxacin_vs_control,not_regulated,b2829,b2829,2057.9533008717226,-0.9563980318411076,0.5153419596934333,0.0014746935677264934,0.012145536915422188,1.832060080408856,BH_from_pvalue
fluoroquinolone,ciprofloxacin,ciprofloxacin_vs_control,not_regulated,b0438,b0438,10154.478600751314,-0.9619501605802245,0.513362507202207,0.0016058163657294154,0.012474891214250277,1.8315177376265246,BH_from_pvalue
fluoroquinolone,ciprofloxacin,ciprofloxacin_vs_control,not_regulated,b2104,b2104,304.03787855055384,0.9781798403200872,1.9699784397456228,0.0020377884839197138,0.013420943256177702,1.8313648868144117,BH_from_pvalue
fluoroquinolone,ciprofloxacin,ciprofloxacin_vs_control,not_regulated,b3341,b3341,7842.5791171037845,1.0589596689030145,2.083428614150877,0.004336882781865163,0.01868446402664165,1.8304322844921401,BH_from_pvalue
fluoroquinolone,ciprofloxacin,ciprofloxacin_vs_control,not_regulated,b3083,b3083,13.0492701648104,1.3610849386145305,2.568782850517513,0.018926927165066717,0.04521153392908661,1.8303200029693834,BH_from_pvalue
fluoroquinolone,ciprofloxacin,ciprofloxacin_vs_control,not_regulated,b2553,b2553,530.5275424140013,-0.8731862759637945,0.545939778401656,0.0004193889306547912,0.008014228009049667,1.830319201162745,BH_from_pvalue
fluoroquinolone,ciprofloxacin,ciprofloxacin_vs_control,not_regulated,b1134,b1134,134.32395021086634,-0.9772626231862205,0.5079425989767932,0.001986301750271749,0.013401295651596586,1.830269442362421,BH_from_pvalue
fluoroquinolone,ciprofloxacin,ciprofloxacin_vs_control,not_regulated,b1698,b1698,30.913169624912467,-1.1014007968542296,0.46606374749817747,0.005606903871211731,0.02179649441285389,1.8301022671977125,BH_from_pvalue
fluoroquinolone,ciprofloxacin,ciprofloxacin_vs_control,not_regulated,b2133,b2133,3170.4565040223515,-1.2098131470550388,0.4323246052375634,0.010207736434547443,0.031044218040969844,1.8244215448241536,BH_from_pvalue
fluoroquinolone,ciprofloxacin,ciprofloxacin_vs_control,not_regulated,b3547,b3547,138.24361100210842,-0.9569014297798217,0.5151621733780796,0.0016042227546179174,0.012474891214250277,1.8219051398097503,BH_from_pvalue
fluoroquinolone,ciprofloxacin,ciprofloxacin_vs_control,not_regulated,b3457,b3457,37.42721543251461,1.2963699107113609,2.4561010377121777,0.01526129734263623,0.039338289654543133,1.8216389387755882,BH_from_pvalue
fluoroquinolone,ciprofloxacin,ciprofloxacin_vs_control,not_regulated,b3664,b3664,38.549134737820886,1.202986928964851,2.302158124660432,0.009920162479244106,0.030638964502424773,1.8209924916276543,BH_from_pvalue
fluoroquinolone,ciprofloxacin,ciprofloxacin_vs_control,not_regulated,b1887,b1887,49.41624616768198,1.3976488247883916,2.6347184924859515,0.022260792240142872,0.05011463638446578,1.8169929719071203,BH_from_pvalue
fluoroquinolone,ciprofloxacin,ciprofloxacin_vs_control,not_regulated,b1112,b1112,339.8978261967957,-1.9150421474151402,0.2651641886263085,0.0671008418599838,0.11282975203222696,1.814648679383701,BH_from_pvalue
fluoroquinolone,ciprofloxacin,ciprofloxacin_vs_control,not_regulated,b3589,b3589,8.653023520872427,2.263670999954705,4.802118483776072,0.10482908244758418,0.15881919281626983,1.808892740297487,BH_from_pvalue
fluoroquinolone,ciprofloxacin,ciprofloxacin_vs_control,not_regulated,b1057,b1057,17.421932216191518,1.4725498619687012,2.7751194326291686,0.02808222595794836,0.05927444972259583,1.8070137480291422,BH_from_pvalue
fluoroquinolone,ciprofloxacin,ciprofloxacin_vs_control,not_regulated,b2895,b2895,665.5046829877696,-0.9282768669817223,0.5254855991524023,0.0012290966695026897,0.011367245820150562,1.8048902511482425,BH_from_pvalue
fluoroquinolone,ciprofloxacin,ciprofloxacin_vs_control,not_regulated,b2502,b2502,1262.1430547618484,-1.0760409504299915,0.47432869371328673,0.005409117258046196,0.021304911932304545,1.7986242456764,BH_from_pvalue
fluoroquinolone,ciprofloxacin,ciprofloxacin_vs_control,not_regulated,b1823,b1823,3604.882672206673,-1.1860996269011306,0.4394894299794643,0.009771913094663876,0.030460197574357667,1.7984440598598777,BH_from_pvalue
fluoroquinolone,ciprofloxacin,ciprofloxacin_vs_control,not_regulated,b1592,b1592,78.2740131390186,1.0187460694482118,2.0261571424878952,0.0037247272200946475,0.01736147464868987,1.7934142211512543,BH_from_pvalue
fluoroquinolone,ciprofloxacin,ciprofloxacin_vs_control,not_regulated,b2382,b2382,194.65654727326068,-1.047938609975125,0.483658745172072,0.004722564367829375,0.019642502218568867,1.7886249615186811,BH_from_pvalue
fluoroquinolone,ciprofloxacin,ciprofloxacin_vs_control,not_regulated,b1062,b1062,315.3705596087631,1.019090343422632,2.026640707197368,0.0038985004208770963,0.017605878406732108,1.7878332989052834,BH_from_pvalue
fluoroquinolone,ciprofloxacin,ciprofloxacin_vs_control,not_regulated,b0455,b0455,2.6425049121778783,1.8878647157531345,3.7008706582275708,0.06736600713972862,0.11306429108749975,1.78719345371103,BH_from_pvalue
fluoroquinolone,ciprofloxacin,ciprofloxacin_vs_control,not_regulated,b0127,b0127,740.3499610586869,0.915426371653087,1.8861264120855052,0.001104325922711721,0.011263623583576693,1.7835452216816947,BH_from_pvalue
fluoroquinolone,ciprofloxacin,ciprofloxacin_vs_control,not_regulated,b3357,b3357,7025.276049007053,-0.9379460818192022,0.5219754712582791,0.0016463174318625887,0.0125753664508343,1.7825471604601049,BH_from_pvalue
fluoroquinolone,ciprofloxacin,ciprofloxacin_vs_control,not_regulated,b2520,b2520,5630.618397863426,-1.0164249443018356,0.4943398294690261,0.003913385095244162,0.017631266812530466,1.782521177917233,BH_from_pvalue
fluoroquinolone,ciprofloxacin,ciprofloxacin_vs_control,not_regulated,b4243,b4243,4547.261855982003,-1.1372743158578622,0.45461767610246473,0.008021788130730945,0.02710894290911179,1.7819808152458718,BH_from_pvalue
fluoroquinolone,ciprofloxacin,ciprofloxacin_vs_control,not_regulated,b3945,b3945,1144.575037588382,-1.2706137998313842,0.4144833919283346,0.015440937931064233,0.03964231667461582,1.7811984861244565,BH_from_pvalue
fluoroquinolone,ciprofloxacin,ciprofloxacin_vs_control,not_regulated,b1488,b1488,50.66262696458148,1.3570705779935155,2.5616450376703064,0.021364164931392635,0.0488789490648037,1.778954155579767,BH_from_pvalue
fluoroquinolone,ciprofloxacin,ciprofloxacin_vs_control,not_regulated,b0115,b0115,11396.246280753447,-1.504107083912233,0.3525483212818503,0.03262597598026737,0.06586698382371751,1.7768501654974789,BH_from_pvalue
fluoroquinolone,ciprofloxacin,ciprofloxacin_vs_control,not_regulated,b1747,b1747,2623.860410663057,-1.3868165441817073,0.38240769406155883,0.023830338900069036,0.0527244782943977,1.7723344979432771,BH_from_pvalue
fluoroquinolone,ciprofloxacin,ciprofloxacin_vs_control,not_regulated,b4665,b4665,6.164937950985494,1.714669789715605,3.2822151016643835,0.05155940929780336,0.09258465377178188,1.7720443438430638,BH_from_pvalue
fluoroquinolone,ciprofloxacin,ciprofloxacin_vs_control,not_regulated,b3976,b3976,4.563543313580926,1.9894486154360624,3.970852069143835,0.08031283578813721,0.1290168340625147,1.7693233268304833,BH_from_pvalue
fluoroquinolone,ciprofloxacin,ciprofloxacin_vs_control,not_regulated,b0995,b0995,107.510283185446,-0.9292032431636272,0.5251482852553584,0.0016668969875311757,0.0125753664508343,1.7659315761296825,BH_from_pvalue
fluoroquinolone,ciprofloxacin,ciprofloxacin_vs_control,not_regulated,b4029,b4029,160.7389446513163,1.2179645401367747,2.3261829073661735,0.012824497031085135,0.035649310901139555,1.76355036816059,BH_from_pvalue
fluoroquinolone,ciprofloxacin,ciprofloxacin_vs_control,not_regulated,b1034,b1034,479.5239492871793,-0.8955272439713102,0.5375507072966971,0.0010175789812925482,0.01087190085000922,1.7585419387689154,BH_from_pvalue
fluoroquinolone,ciprofloxacin,ciprofloxacin_vs_control,not_regulated,b1213,b1213,28.289429341646397,1.5195529681247284,2.867021986149492,0.0352949002272585,0.06963002685184594,1.7584319179414214,BH_from_pvalue
fluoroquinolone,ciprofloxacin,ciprofloxacin_vs_control,not_regulated,b0491,b0491,113.08054024627786,-0.9995262039905191,0.5001642321503605,0.0037744606887918043,0.017448637387652146,1.7574054362609468,BH_from_pvalue
fluoroquinolone,ciprofloxacin,ciprofloxacin_vs_control,not_regulated,b1179,b1179,157.74528358210594,-0.8465907418833964,0.5560973079063911,0.0005156038606495527,0.008433404237097047,1.7558267284852913,BH_from_pvalue
fluoroquinolone,ciprofloxacin,ciprofloxacin_vs_control,not_regulated,b1551,b1551,68.04814001832769,1.3927696866286796,2.625823028204585,0.025163905753972954,0.05489197288136292,1.7555738777567769,BH_from_pvalue
fluoroquinolone,ciprofloxacin,ciprofloxacin_vs_control,not_regulated,b2846,b2846,11.44602995657855,1.3311360809190083,2.5160072526130115,0.020727974663883847,0.048009490235916344,1.7553330832270084,BH_from_pvalue
fluoroquinolone,ciprofloxacin,ciprofloxacin_vs_control,not_regulated,b0435,b0435,6691.305301621901,-1.1739137033583074,0.44321736041555604,0.010830414239645394,0.03202840450356672,1.7543725848767073,BH_from_pvalue
fluoroquinolone,ciprofloxacin,ciprofloxacin_vs_control,not_regulated,b2963,b2963,227.25173243242912,1.2368970798830246,2.3569106704730123,0.014525019842853067,0.038318791350822924,1.752173805341858,BH_from_pvalue
fluoroquinolone,ciprofloxacin,ciprofloxacin_vs_control,not_regulated,b1570,b1570,416.4505515333306,-0.9726528058577752,0.5095682145283276,0.0031186760801125723,0.01581488726983805,1.7516834104483578,BH_from_pvalue
fluoroquinolone,ciprofloxacin,ciprofloxacin_vs_control,not_regulated,b1490,b1490,545.5352775866158,-1.155750138058524,0.44883275244084425,0.010004548704851188,0.030742694327642563,1.7477924767241917,BH_from_pvalue
fluoroquinolone,ciprofloxacin,ciprofloxacin_vs_control,not_regulated,b3413,b3413,286.8412879906616,-0.9368792225189351,0.5223616099242213,0.002169751657875929,0.013668827671044718,1.7465946400138381,BH_from_pvalue
fluoroquinolone,ciprofloxacin,ciprofloxacin_vs_control,not_regulated,b1522,b1522,219.2024156872029,-0.9526383208087852,0.5166867093691501,0.0025372716024045982,0.014688092236313876,1.7462190118163767,BH_from_pvalue
fluoroquinolone,ciprofloxacin,ciprofloxacin_vs_control,not_regulated,b0965,b0965,1323.3666123690625,-1.1573835792340077,0.44832486477409034,0.010255366682813268,0.031091240943992245,1.7445959615139495,BH_from_pvalue
fluoroquinolone,ciprofloxacin,ciprofloxacin_vs_control,not_regulated,b0858,b0858,60.25282074647734,0.8954748244106039,1.8602220267146943,0.0011373119863736128,0.011265989676341187,1.7445915001772803,BH_from_pvalue
fluoroquinolone,ciprofloxacin,ciprofloxacin_vs_control,not_regulated,b1107,b1107,619.1914294880414,-0.9909528488107231,0.503145355635886,0.003763522203936552,0.017429467064474093,1.742804523403885,BH_from_pvalue
fluoroquinolone,ciprofloxacin,ciprofloxacin_vs_control,not_regulated,b4152,b4152,311.0367713789239,-1.2866783944251798,0.40989366713025255,0.01841282602651075,0.04424192920258833,1.7423760620360589,BH_from_pvalue
fluoroquinolone,ciprofloxacin,ciprofloxacin_vs_control,not_regulated,b0436,b0436,7198.374693581892,0.9150374990293084,1.8856180828379812,0.0016211031175968774,0.012507241548800608,1.7411685479357457,BH_from_pvalue
fluoroquinolone,ciprofloxacin,ciprofloxacin_vs_control,not_regulated,b0523,b0523,124.91257517523654,0.9200379242329371,1.8921650322818167,0.0018053921540104067,0.012843341724562704,1.7400879319370948,BH_from_pvalue
fluoroquinolone,ciprofloxacin,ciprofloxacin_vs_control,not_regulated,b4571,b4571,495.94046288815525,-0.956495693623074,0.5153070753213207,0.0027438454747721486,0.015182678880259974,1.7395324172655264,BH_from_pvalue
fluoroquinolone,ciprofloxacin,ciprofloxacin_vs_control,not_regulated,b0752,b0752,241.8741071920123,-1.047008740654042,0.483970581273324,0.005678885683368273,0.02196356646929535,1.7362515973086097,BH_from_pvalue
fluoroquinolone,ciprofloxacin,ciprofloxacin_vs_control,not_regulated,b0598,b0598,7678.363975455723,-1.2990291804126688,0.40639958094074513,0.019594332557912313,0.046192509352981956,1.734760517866182,BH_from_pvalue
fluoroquinolone,ciprofloxacin,ciprofloxacin_vs_control,not_regulated,b1581,b1581,22.376704773144652,1.1642522507996493,2.2411702558725635,0.011017515760102927,0.03239005613656403,1.7342565302192574,BH_from_pvalue
fluoroquinolone,ciprofloxacin,ciprofloxacin_vs_control,not_regulated,b3456,b3456,54.509307835391894,1.0916767970536752,2.131215968281554,0.007508585482825675,0.025999705544072278,1.730342188157216,BH_from_pvalue
fluoroquinolone,ciprofloxacin,ciprofloxacin_vs_control,not_regulated,b1126,b1126,535.3440626778289,1.0413400540032853,2.0581384772394213,0.005622896482652845,0.021803265843941808,1.7301640587358718,BH_from_pvalue
fluoroquinolone,ciprofloxacin,ciprofloxacin_vs_control,not_regulated,b2498,b2498,793.034928915814,0.9566622547835948,1.9408145278035456,0.0030008193042247713,0.015568264394928514,1.7294155677289824,BH_from_pvalue
fluoroquinolone,ciprofloxacin,ciprofloxacin_vs_control,not_regulated,b4207,b4207,812.3720861954575,1.1500679268659475,2.219243431014767,0.01045466130034311,0.031433868000630555,1.7280945681746527,BH_from_pvalue
fluoroquinolone,ciprofloxacin,ciprofloxacin_vs_control,not_regulated,b3727,b3727,210.71275809077156,1.313791369666033,2.4859398162582558,0.0210266668949061,0.04840222502215335,1.7278125841659817,BH_from_pvalue
fluoroquinolone,ciprofloxacin,ciprofloxacin_vs_control,not_regulated,b1696,b1696,52.32004178936967,1.262668878105825,2.3993920021920476,0.01731938623120547,0.04285924634417712,1.7272747986693782,BH_from_pvalue
fluoroquinolone,ciprofloxacin,ciprofloxacin_vs_control,not_regulated,b1514,b1514,926.9519694159086,-1.5516033216534808,0.34113074193325854,0.040388861705427805,0.07714186834437972,1.726484294499846,BH_from_pvalue
fluoroquinolone,ciprofloxacin,ciprofloxacin_vs_control,not_regulated,b0565,b0565,231.16691624629604,0.8873285322163094,1.84974773500583,0.0012307355968015393,0.011367245820150562,1.725272571501483,BH_from_pvalue
fluoroquinolone,ciprofloxacin,ciprofloxacin_vs_control,not_regulated,b1004,b1004,4425.09320763383,-1.3811932261965474,0.38390114649171037,0.026217684659872297,0.056449513964173824,1.724198466139557,BH_from_pvalue
fluoroquinolone,ciprofloxacin,ciprofloxacin_vs_control,not_regulated,b1856,b1856,1424.5098881551348,-0.8739848001340498,0.5456376871962978,0.0009685163973613535,0.010724146152548323,1.7214330409370342,BH_from_pvalue
fluoroquinolone,ciprofloxacin,ciprofloxacin_vs_control,not_regulated,b2801,b2801,100.33152191207715,1.3692107327438885,2.5832920114302884,0.025593895966953495,0.055469397174231966,1.719655501332715,BH_from_pvalue
fluoroquinolone,ciprofloxacin,ciprofloxacin_vs_control,not_regulated,b0846,b0846,939.3747272370434,-1.1991763583404644,0.43552385338529437,0.013734114425304075,0.036903253694753724,1.7183421841673028,BH_from_pvalue
fluoroquinolone,ciprofloxacin,ciprofloxacin_vs_control,not_regulated,b2831,b2831,191.84908211365723,-1.1525016440960254,0.44984452082579646,0.011004888260754573,0.03237554523450043,1.7169772518802924,BH_from_pvalue
fluoroquinolone,ciprofloxacin,ciprofloxacin_vs_control,not_regulated,b4298,b4298,37.75237027195162,1.479465464372499,2.7884539859974744,0.034927117716539294,0.06916940741685788,1.7163070912746836,BH_from_pvalue
fluoroquinolone,ciprofloxacin,ciprofloxacin_vs_control,not_regulated,b2792,b2792,32.74682907415301,1.0742231058535152,2.1055879032908433,0.007127736597606672,0.02529705877953439,1.7154590723451195,BH_from_pvalue
fluoroquinolone,ciprofloxacin,ciprofloxacin_vs_control,not_regulated,b1649,b1649,76.21587405141183,1.4916349591513614,2.8120747788568057,0.036119079044932195,0.07091384441034701,1.7142897728768989,BH_from_pvalue
fluoroquinolone,ciprofloxacin,ciprofloxacin_vs_control,not_regulated,b2677,b2677,117.31509125025885,1.7721553636063936,3.415638667361103,0.06331552383927534,0.10808092077004194,1.7123468286202659,BH_from_pvalue
fluoroquinolone,ciprofloxacin,ciprofloxacin_vs_control,not_regulated,b0529,b0529,1098.1991584311947,-0.7697199767630991,0.5865313077214845,0.00017624198710894083,0.005974846661051763,1.711605711546905,BH_from_pvalue
fluoroquinolone,ciprofloxacin,ciprofloxacin_vs_control,not_regulated,b0241,b0241,9.214579841747469,1.5380237072968828,2.9039642792326865,0.040361984349465155,0.0771232819047979,1.7115350793491728,BH_from_pvalue
fluoroquinolone,ciprofloxacin,ciprofloxacin_vs_control,not_regulated,b1356,b1356,576.0701948358353,-0.8974718798318886,0.5368266206726301,0.001582742742763158,0.012402747137541264,1.711014083522132,BH_from_pvalue
fluoroquinolone,ciprofloxacin,ciprofloxacin_vs_control,not_regulated,b4023,b4023,505.65229036737946,-0.9084918735524727,0.5327417037027552,0.001892419513717689,0.01308572117700886,1.7108740199965355,BH_from_pvalue
fluoroquinolone,ciprofloxacin,ciprofloxacin_vs_control,not_regulated,b3143,b3143,0.8237044926861956,1.3699716377431066,2.584654848481361,0.026189906370745874,0.056449513964173824,1.710190110732,BH_from_pvalue
fluoroquinolone,ciprofloxacin,ciprofloxacin_vs_control,not_regulated,b3342,b3342,9244.476801147648,0.9426346404178503,1.9220350436758682,0.0028883965180574785,0.015388253923440346,1.7088181208267743,BH_from_pvalue
fluoroquinolone,ciprofloxacin,ciprofloxacin_vs_control,not_regulated,b1255,b1255,522.6155481019612,-0.855808304443439,0.5525556573798732,0.0008019627021198454,0.01013266357903108,1.7067182842740776,BH_from_pvalue
fluoroquinolone,ciprofloxacin,ciprofloxacin_vs_control,not_regulated,b0218,b0218,1.2541125191094507,1.6985171423400693,3.2456718435650997,0.056424417664761695,0.09894621078210453,1.706331735661561,BH_from_pvalue
fluoroquinolone,ciprofloxacin,ciprofloxacin_vs_control,not_regulated,b4688,b4688,14.655863046774101,-1.1887263963540575,0.4386899629746711,0.01358258870049251,0.03682609040073256,1.7044486687954468,BH_from_pvalue
fluoroquinolone,ciprofloxacin,ciprofloxacin_vs_control,not_regulated,b3925,b3925,521.0514287048965,0.9033763293306052,1.8704382387071359,0.0019017964149920627,0.01308572117700886,1.7012404151596388,BH_from_pvalue
fluoroquinolone,ciprofloxacin,ciprofloxacin_vs_control,not_regulated,b3545,b3545,3.436942483541642,1.7691613347478157,3.4085575336321554,0.06429629494918652,0.10926455922183302,1.701085212938373,BH_from_pvalue
fluoroquinolone,ciprofloxacin,ciprofloxacin_vs_control,not_regulated,b3990,b3990,1906.8262935603937,-1.0122959129129505,0.4957566696939672,0.0052268220672073,0.020899558170421738,1.7005183429088733,BH_from_pvalue
fluoroquinolone,ciprofloxacin,ciprofloxacin_vs_control,not_regulated,b2757,b2757,13.105356443333037,1.2981349204871284,2.459107698906029,0.021644424979138172,0.04917001189705227,1.6983495096755061,BH_from_pvalue
fluoroquinolone,ciprofloxacin,ciprofloxacin_vs_control,not_regulated,b1254,b1254,498.293437697788,-0.9682704787967804,0.5111184310125563,0.003927026618828249,0.01764611961187759,1.6977178005001767,BH_from_pvalue
fluoroquinolone,ciprofloxacin,ciprofloxacin_vs_control,not_regulated,b1630,b1630,197.25116416103745,1.222214487191926,2.333045570461182,0.016041385908862373,0.04085797850682389,1.6973175212992329,BH_from_pvalue
fluoroquinolone,ciprofloxacin,ciprofloxacin_vs_control,not_regulated,b2399,b2399,179.36486263655516,1.0111519477949198,2.0155197885918965,0.005326152587389247,0.021088938677884538,1.6946353302438215,BH_from_pvalue
fluoroquinolone,ciprofloxacin,ciprofloxacin_vs_control,not_regulated,b2285,b2285,1067.3352732895908,-1.2087638817031952,0.43263914726840735,0.015418793533321715,0.03964231667461582,1.6944947366834606,BH_from_pvalue
fluoroquinolone,ciprofloxacin,ciprofloxacin_vs_control,not_regulated,b4211,b4211,109.00953867395192,-1.0560864892339916,0.48093489453245397,0.006999200427639224,0.024961547564904082,1.6926199071407557,BH_from_pvalue
fluoroquinolone,ciprofloxacin,ciprofloxacin_vs_control,not_regulated,b1588,b1588,203.59110453907329,-1.1707581040382866,0.44418786843732805,0.012943226165182118,0.03587099894700503,1.6920457934887598,BH_from_pvalue
fluoroquinolone,ciprofloxacin,ciprofloxacin_vs_control,not_regulated,b0040,b0040,15.220228696932551,1.4189802793946256,2.6739644393864346,0.03153787623762598,0.06449847776076907,1.689225832901122,BH_from_pvalue
fluoroquinolone,ciprofloxacin,ciprofloxacin_vs_control,not_regulated,b2897,b2897,667.5878945121423,-0.9853679742218144,0.5050968766542114,0.00458547935439343,0.019344521053013083,1.688370890633783,BH_from_pvalue
fluoroquinolone,ciprofloxacin,ciprofloxacin_vs_control,not_regulated,b1535,b1535,260.22638128677266,1.0881261683022219,2.1259772641087085,0.00851809579791918,0.028087975641270455,1.6882055090131565,BH_from_pvalue
fluoroquinolone,ciprofloxacin,ciprofloxacin_vs_control,not_regulated,b3439,b3439,556.6026683650476,-0.9607231892801877,0.5137992931957462,0.0038371314310357376,0.017502781650265035,1.687887774191836,BH_from_pvalue
fluoroquinolone,ciprofloxacin,ciprofloxacin_vs_control,not_regulated,b2248,b2248,29.42589268726604,-1.1366406135378213,0.45481741031468187,0.011260122901165296,0.032769490592411264,1.6873774420903014,BH_from_pvalue
fluoroquinolone,ciprofloxacin,ciprofloxacin_vs_control,not_regulated,b0333,b0333,1626.8885871826394,-3.5756915267853513,0.08387057012021124,0.26431983065749487,0.33747107530440307,1.6868805517960652,BH_from_pvalue
fluoroquinolone,ciprofloxacin,ciprofloxacin_vs_control,not_regulated,b4713,b4713,3.865575144053226,1.3906352010695373,2.621940962315805,0.029472610342176377,0.061459342289804986,1.6846322976896457,BH_from_pvalue
fluoroquinolone,ciprofloxacin,ciprofloxacin_vs_control,not_regulated,b4535,b4535,31.777541056875563,-1.0234442532534445,0.4919405030301059,0.005978871860364526,0.02263717645447781,1.6837477075319027,BH_from_pvalue
fluoroquinolone,ciprofloxacin,ciprofloxacin_vs_control,not_regulated,b4385,b4385,393.7831631705654,0.8553540847115855,1.8092027383650688,0.0009861625964135967,0.01077088665422899,1.6831217550666178,BH_from_pvalue
fluoroquinolone,ciprofloxacin,ciprofloxacin_vs_control,not_regulated,b2366,b2366,389.63444232563694,1.8403694753593758,3.5810172676868066,0.07428364922177723,0.12189998329060706,1.6820909903300754,BH_from_pvalue
fluoroquinolone,ciprofloxacin,ciprofloxacin_vs_control,not_regulated,b1643,b1643,44.12439797663205,1.5562407663188873,2.940865422550149,0.04478620568443569,0.08307148584271824,1.6815928810820664,BH_from_pvalue
fluoroquinolone,ciprofloxacin,ciprofloxacin_vs_control,not_regulated,b3171,b3171,98.83678644903557,1.4914277388334138,2.81167089781052,0.0386041425242518,0.07458824444763085,1.6813306579268972,BH_from_pvalue
fluoroquinolone,ciprofloxacin,ciprofloxacin_vs_control,not_regulated,b4259,b4259,285.0567011392927,-0.8995339599033638,0.5360598690688275,0.0021116382884964107,0.013530126811477002,1.680957431393481,BH_from_pvalue
fluoroquinolone,ciprofloxacin,ciprofloxacin_vs_control,not_regulated,b3701,b3701,1294.0975621154598,0.905713598763997,1.8734709387303228,0.0022530687357721685,0.013939894323938396,1.6807694234199801,BH_from_pvalue
fluoroquinolone,ciprofloxacin,ciprofloxacin_vs_control,not_regulated,b2194,b2194,279.96125416238596,-1.0144041430494637,0.4950327427145066,0.005702731566574809,0.022036844146437706,1.6807161128864474,BH_from_pvalue
fluoroquinolone,ciprofloxacin,ciprofloxacin_vs_control,not_regulated,b2320,b2320,999.393128563077,-0.785720047799888,0.5800623763217596,0.0003478659647585322,0.0072776795789947805,1.6798750167703818,BH_from_pvalue
fluoroquinolone,ciprofloxacin,ciprofloxacin_vs_control,not_regulated,b0417,b0417,343.255984362301,-0.8837310176035968,0.5419640201542015,0.0016690737597038856,0.0125753664508343,1.6795125504276722,BH_from_pvalue
fluoroquinolone,ciprofloxacin,ciprofloxacin_vs_control,not_regulated,b4630,b4630,0.42547070433495665,0.8873158319880962,1.8497314515125736,0.001720498244046365,0.012802144094699389,1.6794380159234625,BH_from_pvalue
fluoroquinolone,ciprofloxacin,ciprofloxacin_vs_control,not_regulated,b3318,b3318,1938.08726864257,1.0939520956347941,2.134579796659842,0.00915136663715638,0.029276562684160314,1.67755356604004,BH_from_pvalue
fluoroquinolone,ciprofloxacin,ciprofloxacin_vs_control,not_regulated,b1775,b1775,26.301070961530087,1.1671670985917224,2.2457029351965514,0.013439632578414858,0.036579329838931134,1.6769439673250655,BH_from_pvalue
fluoroquinolone,ciprofloxacin,ciprofloxacin_vs_control,not_regulated,b2583,b2583,91.21366105428301,1.1569634104546198,2.229875882759397,0.012785525325906126,0.03560946929778685,1.6757857174852366,BH_from_pvalue
fluoroquinolone,ciprofloxacin,ciprofloxacin_vs_control,not_regulated,b3241,b3241,62.55891561098292,1.6063168849829994,3.0447354580855985,0.050117916025376595,0.09060706844137617,1.6751281604932806,BH_from_pvalue
fluoroquinolone,ciprofloxacin,ciprofloxacin_vs_control,not_regulated,b2163,b2163,17.62473097977342,1.3931658281892063,2.626544137258592,0.0303074385666796,0.0627926571501266,1.6747122969960895,BH_from_pvalue
fluoroquinolone,ciprofloxacin,ciprofloxacin_vs_control,not_regulated,b0932,b0932,3058.716472849872,-0.954494695646094,0.516022294960334,0.003915881624214748,0.017631266812530466,1.673913080092198,BH_from_pvalue
fluoroquinolone,ciprofloxacin,ciprofloxacin_vs_control,not_regulated,b2034,b2034,583.9651906287113,-0.9762239695380188,0.5083084187625262,0.004592820748785816,0.019344521053013083,1.6727031687919687,BH_from_pvalue
fluoroquinolone,ciprofloxacin,ciprofloxacin_vs_control,not_regulated,b0478,b0478,1612.0544990505105,-0.8912841773591111,0.5391340085305231,0.0019476801771538424,0.01332964759904712,1.6713194509285971,BH_from_pvalue
fluoroquinolone,ciprofloxacin,ciprofloxacin_vs_control,not_regulated,b0648,b0648,8.230854968670833,2.154173773131596,4.451136591039433,0.11182970065875372,0.16755829232614067,1.671281415395004,BH_from_pvalue
fluoroquinolone,ciprofloxacin,ciprofloxacin_vs_control,not_regulated,b0896,b0896,387.1323907910905,-1.182915533056872,0.4404604743987805,0.014844218372005263,0.03875929145265988,1.6698321584303937,BH_from_pvalue
fluoroquinolone,ciprofloxacin,ciprofloxacin_vs_control,not_regulated,b3333,b3333,14.431381874061797,1.09903421068072,2.142112441771997,0.00971571549934054,0.030348116886134546,1.6681891361600303,BH_from_pvalue
fluoroquinolone,ciprofloxacin,ciprofloxacin_vs_control,not_regulated,b0796,b0796,91.06335257687573,0.8800026454940353,1.8403786759798269,0.0017025706153800824,0.012763604379966017,1.6667484763991307,BH_from_pvalue
fluoroquinolone,ciprofloxacin,ciprofloxacin_vs_control,not_regulated,b1393,b1393,39.86811348040819,-1.032193949715432,0.48896599781951944,0.006690482583924838,0.024292484628419958,1.6665060986944729,BH_from_pvalue
fluoroquinolone,ciprofloxacin,ciprofloxacin_vs_control,not_regulated,b4452,b4452,44.84156148992165,-1.1289160835857874,0.4572591411063905,0.011696336597904712,0.03365970698488509,1.6627688366501072,BH_from_pvalue
fluoroquinolone,ciprofloxacin,ciprofloxacin_vs_control,not_regulated,b2758,b2758,26.13929450711566,1.4266199915060276,2.6881618283362503,0.03464831583446687,0.06874641580213144,1.6588023088188366,BH_from_pvalue
fluoroquinolone,ciprofloxacin,ciprofloxacin_vs_control,not_regulated,b2256,b2256,84.27500059685572,0.8617282764552305,1.8172139385782466,0.0013676579363355035,0.011903669143159264,1.658240226753987,BH_from_pvalue
fluoroquinolone,ciprofloxacin,ciprofloxacin_vs_control,not_regulated,b4143,b4143,10751.53532597234,-1.225968189750878,0.4275105151002861,0.018529920027164973,0.04440467782748431,1.6582093594331415,BH_from_pvalue
fluoroquinolone,ciprofloxacin,ciprofloxacin_vs_control,not_regulated,b0528,b0528,47.1976179730313,-1.0988655880318294,0.4668834686927597,0.010167279596884234,0.030994951247728775,1.6578684490656361,BH_from_pvalue
fluoroquinolone,ciprofloxacin,ciprofloxacin_vs_control,not_regulated,b2993,b2993,164.87859557899586,0.8313705012314099,1.7793748930223685,0.0008254644423772609,0.010174996788313113,1.6564772236457368,BH_from_pvalue
fluoroquinolone,ciprofloxacin,ciprofloxacin_vs_control,not_regulated,b2703,b2703,72.04243930105736,1.1963302824291766,2.2915603527571826,0.016446948561421475,0.04146769878322522,1.6536754636118598,BH_from_pvalue
fluoroquinolone,ciprofloxacin,ciprofloxacin_vs_control,not_regulated,b2559,b2559,245.78048782784228,0.9841628558703688,1.978165121545137,0.005264389242682347,0.020956808911664827,1.6520894310800978,BH_from_pvalue
fluoroquinolone,ciprofloxacin,ciprofloxacin_vs_control,not_regulated,b2352,b2352,145.20373893457872,1.0382139000603825,2.0536835566672003,0.007310824140642739,0.025690692956727372,1.6509928492610977,BH_from_pvalue
fluoroquinolone,ciprofloxacin,ciprofloxacin_vs_control,not_regulated,b2567,b2567,801.3443658452034,1.127052193457743,2.1841201066089906,0.012058116088051522,0.03430575974956088,1.6507177881110822,BH_from_pvalue
fluoroquinolone,ciprofloxacin,ciprofloxacin_vs_control,not_regulated,b4699,b4699,6.287354219456528,1.0780284332142673,2.111149042240576,0.009257214082626208,0.029495749943847852,1.6496428303247912,BH_from_pvalue
fluoroquinolone,ciprofloxacin,ciprofloxacin_vs_control,not_regulated,b1741,b1741,803.4049381121932,0.860226658059478,1.8153234889761365,0.0014879659208963994,0.012213267722978111,1.6457582205578727,BH_from_pvalue
fluoroquinolone,ciprofloxacin,ciprofloxacin_vs_control,not_regulated,b3348,b3348,225.39923973999655,0.869039937208222,1.82644705969519,0.0017277170862151383,0.012802144094699389,1.6448469139033763,BH_from_pvalue
fluoroquinolone,ciprofloxacin,ciprofloxacin_vs_control,not_regulated,b1705,b1705,15.028144909339531,1.6765960987476936,3.1967282304483846,0.06102049985302765,0.10479962135888446,1.642461082447812,BH_from_pvalue
fluoroquinolone,ciprofloxacin,ciprofloxacin_vs_control,not_regulated,b2910,b2910,1303.127247673231,-0.8904116835566338,0.5394601573942134,0.0024169776284564733,0.014304691279996338,1.6423835035958778,BH_from_pvalue
fluoroquinolone,ciprofloxacin,ciprofloxacin_vs_control,not_regulated,b2032,b2032,651.2417222603973,-0.8930258492130623,0.5384835398340316,0.002479645226839339,0.014525157991941063,1.641273575317487,BH_from_pvalue
fluoroquinolone,ciprofloxacin,ciprofloxacin_vs_control,not_regulated,b0825,b0825,117.12535992336574,-1.015027758179504,0.4948188075528356,0.006622674423519969,0.02415960223600391,1.641208756009339,BH_from_pvalue
fluoroquinolone,ciprofloxacin,ciprofloxacin_vs_control,not_regulated,b2266,b2266,6659.5262201119795,-1.190477130445819,0.43815792839189116,0.016786575447474174,0.04197110414827061,1.6393460628418732,BH_from_pvalue
fluoroquinolone,ciprofloxacin,ciprofloxacin_vs_control,not_regulated,b3979,b3979,10.000804907157196,2.267345546587289,4.814365076846917,0.13024160087987308,0.18934283153124407,1.6387265615747093,BH_from_pvalue
fluoroquinolone,ciprofloxacin,ciprofloxacin_vs_control,not_regulated,b4136,b4136,583.1749696860073,-0.895026612498901,0.5377372758318338,0.002591528459768617,0.014845605035194621,1.6364685360236553,BH_from_pvalue
fluoroquinolone,ciprofloxacin,ciprofloxacin_vs_control,not_regulated,b1641,b1641,4109.195400979148,-0.8984042254609115,0.5364798070726241,0.002709089969375342,0.015150207167770687,1.6347196439061316,BH_from_pvalue
fluoroquinolone,ciprofloxacin,ciprofloxacin_vs_control,not_regulated,b4129,b4129,6374.85589565311,-0.9010396677490977,0.5355006874867885,0.0028270589931299146,0.01534130101258515,1.6346101283699048,BH_from_pvalue
fluoroquinolone,ciprofloxacin,ciprofloxacin_vs_control,not_regulated,b0766,b0766,132.8862625308325,0.9222219732553949,1.8950316886027903,0.003511498671399865,0.016892749758242346,1.6344536816576354,BH_from_pvalue
fluoroquinolone,ciprofloxacin,ciprofloxacin_vs_control,not_regulated,b3586,b3586,27.30214206001973,1.25502682351443,2.386715861007819,0.022298697231757127,0.050174857502973264,1.630924742088247,BH_from_pvalue
fluoroquinolone,ciprofloxacin,ciprofloxacin_vs_control,not_regulated,b0067,b0067,226.38917413921408,0.9831695265691982,1.9768035773423525,0.005662613139566326,0.0219383582271915,1.6308775563620712,BH_from_pvalue
fluoroquinolone,ciprofloxacin,ciprofloxacin_vs_control,not_regulated,b0024,b0024,46.036327802472215,-1.6006421109499556,0.3297301895759233,0.05447729501367256,0.09635818834899691,1.626430654416819,BH_from_pvalue
fluoroquinolone,ciprofloxacin,ciprofloxacin_vs_control,not_regulated,b3813,b3813,3066.528125924264,0.8877485654722506,1.8502863579691522,0.0025974858076252038,0.014845605035194621,1.623161339571071,BH_from_pvalue
fluoroquinolone,ciprofloxacin,ciprofloxacin_vs_control,not_regulated,b4310,b4310,54.98974211478926,1.2344955316346402,2.35299055842097,0.021068808989507568,0.04847442600245782,1.6227287288634549,BH_from_pvalue
fluoroquinolone,ciprofloxacin,ciprofloxacin_vs_control,not_regulated,b1326,b1326,553.3542144473201,-0.9734155281584762,0.5092988878098325,0.005528441026084817,0.02156715328302646,1.6219119372943813,BH_from_pvalue
fluoroquinolone,ciprofloxacin,ciprofloxacin_vs_control,not_regulated,b3432,b3432,3346.311226108506,-1.0714609749899768,0.4758368888807123,0.009919440669244866,0.030638964502424773,1.62189824639882,BH_from_pvalue
fluoroquinolone,ciprofloxacin,ciprofloxacin_vs_control,not_regulated,b3170,b3170,1307.6878100370884,1.024348356532835,2.034040431471929,0.007588292709048617,0.02611487421981689,1.6216582384727032,BH_from_pvalue
fluoroquinolone,ciprofloxacin,ciprofloxacin_vs_control,not_regulated,b3102,b3102,929.1510408259478,-1.1353480289432731,0.4552250871974053,0.014004433868506468,0.03738394275403092,1.6204991550103582,BH_from_pvalue
fluoroquinolone,ciprofloxacin,ciprofloxacin_vs_control,not_regulated,b2555,b2555,168.04792505666765,0.9368081386060272,1.9142883217338138,0.004308432563156364,0.01863397083565127,1.6203919678736147,BH_from_pvalue
fluoroquinolone,ciprofloxacin,ciprofloxacin_vs_control,not_regulated,b2038,b2038,200.32268102523594,-0.8650981740790922,0.5490090460584943,0.0020432314616022178,0.013420943256177702,1.6196514734317988,BH_from_pvalue
fluoroquinolone,ciprofloxacin,ciprofloxacin_vs_control,not_regulated,b3430,b3430,2495.024359268916,-1.043711370553071,0.48507799147042774,0.008527071689573172,0.028087975641270455,1.619296858136013,BH_from_pvalue
fluoroquinolone,ciprofloxacin,ciprofloxacin_vs_control,not_regulated,b1251,b1251,369.37232689821667,-1.1483874078645142,0.451129205437236,0.014969248513615347,0.03889947190746649,1.6192908930314265,BH_from_pvalue
fluoroquinolone,ciprofloxacin,ciprofloxacin_vs_control,not_regulated,b4167,b4167,1693.331954951089,-1.068172747658,0.476922665348358,0.009938250157634002,0.030638964502424773,1.6169207714669462,BH_from_pvalue
fluoroquinolone,ciprofloxacin,ciprofloxacin_vs_control,not_regulated,b1131,b1131,1003.1043193166693,-0.8282379069647376,0.5632167295935472,0.0010868511098567981,0.01118685650374343,1.6161339461948137,BH_from_pvalue
fluoroquinolone,ciprofloxacin,ciprofloxacin_vs_control,not_regulated,b1731,b1731,43.26224028785102,1.0669002076733936,2.094927341450846,0.009915820619430676,0.030638964502424773,1.6149944947124195,BH_from_pvalue
fluoroquinolone,ciprofloxacin,ciprofloxacin_vs_control,not_regulated,b3155,b3155,77.1378504062334,0.9241997922577241,1.8976314064056923,0.004094827363443709,0.01802204841562603,1.6119854403111376,BH_from_pvalue
fluoroquinolone,ciprofloxacin,ciprofloxacin_vs_control,not_regulated,b3472,b3472,3044.0469400020975,-0.8526045405798488,0.5537840700667521,0.0018302239532746157,0.012903365739544235,1.6108231944702192,BH_from_pvalue
fluoroquinolone,ciprofloxacin,ciprofloxacin_vs_control,not_regulated,b1622,b1622,382.9326808683599,-0.9123372042030962,0.5313236352531431,0.003660641078315233,0.017224491706740116,1.609229248566711,BH_from_pvalue
fluoroquinolone,ciprofloxacin,ciprofloxacin_vs_control,not_regulated,b2755,b2755,50.75190558919537,1.1112246474332999,2.160289480220778,0.012815450636221916,0.03564866849828459,1.6090051586767002,BH_from_pvalue
fluoroquinolone,ciprofloxacin,ciprofloxacin_vs_control,not_regulated,b4384,b4384,4494.452155677761,-0.9137921831429843,0.5307880577505008,0.0037910633814245798,0.017471519559065327,1.606144486323811,BH_from_pvalue
fluoroquinolone,ciprofloxacin,ciprofloxacin_vs_control,not_regulated,b4324,b4324,870.841233767328,-1.0085348873387368,0.49705076579001467,0.0072514743699161974,0.025606413770921807,1.6052358051021527,BH_from_pvalue
fluoroquinolone,ciprofloxacin,ciprofloxacin_vs_control,not_regulated,b0535,b0535,6.365088243354328,1.5557695753965959,2.9399050790356642,0.05215550619887718,0.09327851565906543,1.6027824014401653,BH_from_pvalue
fluoroquinolone,ciprofloxacin,ciprofloxacin_vs_control,not_regulated,b3985,b3985,14718.719702233442,1.056947298244566,2.080524529942429,0.009761117757715664,0.030460197574357667,1.6026146092627813,BH_from_pvalue
fluoroquinolone,ciprofloxacin,ciprofloxacin_vs_control,not_regulated,b2393,b2393,722.5792646753362,0.9375545283542301,1.915278950247496,0.004703313223198504,0.01962477075876333,1.6005887852201606,BH_from_pvalue
fluoroquinolone,ciprofloxacin,ciprofloxacin_vs_control,not_regulated,b4244,b4244,363.88150645917193,-1.4448642389600064,0.36732672301288677,0.04129514847471412,0.07819346677536312,1.5992184088621175,BH_from_pvalue
fluoroquinolone,ciprofloxacin,ciprofloxacin_vs_control,not_regulated,b4686,b4686,416.16497603721496,0.9411903435153661,1.9201118373784667,0.004872476817608771,0.02005160176176052,1.5980008994352461,BH_from_pvalue
fluoroquinolone,ciprofloxacin,ciprofloxacin_vs_control,not_regulated,b4217,b4217,11596.20343585762,-1.197563394943021,0.43601105051057276,0.019723936942645626,0.04637651247674857,1.597192591378136,BH_from_pvalue
fluoroquinolone,ciprofloxacin,ciprofloxacin_vs_control,not_regulated,b1659,b1659,193.08203504561516,-1.0575761629036506,0.480438555199836,0.010132607819861503,0.030962275797375708,1.5960591774368538,BH_from_pvalue
fluoroquinolone,ciprofloxacin,ciprofloxacin_vs_control,not_regulated,b3973,b3973,471.8006005274762,0.9707830076619537,1.9599040239996857,0.006014781617060566,0.022696717880485256,1.5960031258836815,BH_from_pvalue
fluoroquinolone,ciprofloxacin,ciprofloxacin_vs_control,not_regulated,b3504,b3504,6.418108523102379,2.040322924323193,4.113375917319637,0.10990366019582336,0.1652780553529968,1.5950934608856768,BH_from_pvalue
fluoroquinolone,ciprofloxacin,ciprofloxacin_vs_control,not_regulated,b0161,b0161,1406.4026251736022,1.0546574030119302,2.0772248691482877,0.010006070363643555,0.030742694327642563,1.5949141720218292,BH_from_pvalue
fluoroquinolone,ciprofloxacin,ciprofloxacin_vs_control,not_regulated,b3897,b3897,26.293827749684834,1.445224827560005,2.7230525566041837,0.041897344744220674,0.07904960430348347,1.592782715533927,BH_from_pvalue
fluoroquinolone,ciprofloxacin,ciprofloxacin_vs_control,not_regulated,b3834,b3834,395.6343579299705,0.9877693807217618,1.9831164288241814,0.006877540797210716,0.024649544626178327,1.588521926372176,BH_from_pvalue
fluoroquinolone,ciprofloxacin,ciprofloxacin_vs_control,not_regulated,b1864,b1864,1026.1123898903172,-0.8388881268122361,0.5590742769846855,0.0018027642371101372,0.012843341724562704,1.586607537866784,BH_from_pvalue
fluoroquinolone,ciprofloxacin,ciprofloxacin_vs_control,not_regulated,b4330,b4330,42.04602018755755,1.6638339151549237,3.1685744524760198,0.06597320064456247,0.11141273397380269,1.5857421505729001,BH_from_pvalue
fluoroquinolone,ciprofloxacin,ciprofloxacin_vs_control,not_regulated,b3048,b3048,11.971003122594416,1.8333590613788298,3.5636584238635636,0.08646366728305334,0.1368931979722541,1.5833221256791659,BH_from_pvalue
fluoroquinolone,ciprofloxacin,ciprofloxacin_vs_control,not_regulated,b1847,b1847,2680.585074007468,1.0616086513706335,2.087257583960735,0.010979590115860038,0.03234197533800815,1.582044731986278,BH_from_pvalue
fluoroquinolone,ciprofloxacin,ciprofloxacin_vs_control,not_regulated,b2901,b2901,1146.23433658199,-1.0753246084869534,0.474564270809177,0.011821453066431321,0.03384652825767542,1.581249644177617,BH_from_pvalue
fluoroquinolone,ciprofloxacin,ciprofloxacin_vs_control,not_regulated,b3251,b3251,2957.3181625769466,0.829882091307498,1.777540081462439,0.0015932180722071404,0.012441484181923122,1.5810314497309168,BH_from_pvalue
fluoroquinolone,ciprofloxacin,ciprofloxacin_vs_control,not_regulated,b1938,b1938,19.203298324324933,1.7578965686769323,3.382046671306602,0.07805570114928982,0.12650058364071287,1.5784284618419495,BH_from_pvalue
fluoroquinolone,ciprofloxacin,ciprofloxacin_vs_control,not_regulated,b1750,b1750,14.30865367907961,1.7464026425996821,3.3552090143436972,0.07669235200761008,0.12489579990232808,1.5777912504945582,BH_from_pvalue
fluoroquinolone,ciprofloxacin,ciprofloxacin_vs_control,not_regulated,b4267,b4267,52.66399330327587,1.143454560846668,2.2090936205332867,0.01668523298331795,0.04181068409970147,1.5764953552536254,BH_from_pvalue
fluoroquinolone,ciprofloxacin,ciprofloxacin_vs_control,not_regulated,b4439,b4439,12.783935294354663,1.6591531557272963,3.1583108135782916,0.0665848593305294,0.1121673690205313,1.5764169397154213,BH_from_pvalue
fluoroquinolone,ciprofloxacin,ciprofloxacin_vs_control,not_regulated,b0424,b0424,323.1341339220269,-1.0044903482421512,0.4984461832482316,0.007973438022183475,0.026965807687053586,1.5762327612200986,BH_from_pvalue
fluoroquinolone,ciprofloxacin,ciprofloxacin_vs_control,not_regulated,b0827,b0827,959.5928036199421,-1.02039005900785,0.4929830472375959,0.00887416820945019,0.02863415251514129,1.5745798856610775,BH_from_pvalue
fluoroquinolone,ciprofloxacin,ciprofloxacin_vs_control,not_regulated,b2856,b2856,7.82360314575475,2.1513240759731533,4.442353118650658,0.12707047542715416,0.18551217087677357,1.5739680541839225,BH_from_pvalue
fluoroquinolone,ciprofloxacin,ciprofloxacin_vs_control,not_regulated,b3319,b3319,7225.692972795168,1.0130622148221065,2.0181902983088014,0.00839647001017583,0.027964617786930435,1.5736818405276092,BH_from_pvalue
fluoroquinolone,ciprofloxacin,ciprofloxacin_vs_control,not_regulated,b4063,b4063,91.34755357937995,1.0747669351943268,2.1063817622127448,0.012201316312787367,0.03449498477367541,1.5715715479756807,BH_from_pvalue
fluoroquinolone,ciprofloxacin,ciprofloxacin_vs_control,not_regulated,b4331,b4331,219.28456624608268,-0.8822065552722025,0.5425370036186239,0.003355404491329279,0.016567079475300873,1.570992891261767,BH_from_pvalue
fluoroquinolone,ciprofloxacin,ciprofloxacin_vs_control,not_regulated,b0237,b0237,3633.311005020638,-0.8708148105540392,0.5468379182896063,0.003090167181956347,0.01574130462563947,1.5700436408335885,BH_from_pvalue
fluoroquinolone,ciprofloxacin,ciprofloxacin_vs_control,not_regulated,b0686,b0686,270.66799025607367,-0.7969986754336249,0.5755452740829483,0.0009765477242928317,0.010724146152548323,1.5697982999979658,BH_from_pvalue
fluoroquinolone,ciprofloxacin,ciprofloxacin_vs_control,not_regulated,b3055,b3055,609.6521393678156,1.1852998730816875,2.2741065844600175,0.020402064359620324,0.04740107721568813,1.5695880649982408,BH_from_pvalue
fluoroquinolone,ciprofloxacin,ciprofloxacin_vs_control,not_regulated,b1693,b1693,125.69223983773178,-1.0524930001349073,0.48213430840547133,0.011033773115269464,0.03239550357211622,1.5677043897674467,BH_from_pvalue
fluoroquinolone,ciprofloxacin,ciprofloxacin_vs_control,not_regulated,b4253,b4253,57.529308513917904,1.0592878446938947,2.083902594157215,0.011439064345535016,0.03315264911483022,1.5671970478710027,BH_from_pvalue
fluoroquinolone,ciprofloxacin,ciprofloxacin_vs_control,not_regulated,b0432,b0432,4468.330203516708,1.1530531161787962,2.2238401893841813,0.01794464840222053,0.043762690673719726,1.56687924891975,BH_from_pvalue
fluoroquinolone,ciprofloxacin,ciprofloxacin_vs_control,not_regulated,b0946,b0946,324.4175736979692,0.9745891898019314,1.9650815566480182,0.006899909254563265,0.024685311296621847,1.566711954289192,BH_from_pvalue
fluoroquinolone,ciprofloxacin,ciprofloxacin_vs_control,not_regulated,b1633,b1633,140.9039046267292,1.0365436780765247,2.0513073631135894,0.010043039256780448,0.030802924336277397,1.5666404601962833,BH_from_pvalue
fluoroquinolone,ciprofloxacin,ciprofloxacin_vs_control,not_regulated,b1985,b1985,141.98981641160046,-0.8711182381864786,0.5467229194280002,0.0031840250062599323,0.015954781131563473,1.565494555794272,BH_from_pvalue
fluoroquinolone,ciprofloxacin,ciprofloxacin_vs_control,not_regulated,b3991,b3991,1119.4686409902104,-1.0076951819536202,0.4973401531387951,0.008414749259088654,0.027974532274486895,1.5651896086176604,BH_from_pvalue
fluoroquinolone,ciprofloxacin,ciprofloxacin_vs_control,not_regulated,b4113,b4113,196.56816964541233,-0.7850420902045991,0.5803350258407417,0.0008430595773890824,0.010191292132459772,1.5636238721761708,BH_from_pvalue
fluoroquinolone,ciprofloxacin,ciprofloxacin_vs_control,not_regulated,b1860,b1860,897.2461162882346,0.8561558683375985,1.8102084895811728,0.0026245160672024102,0.014940413510934633,1.5630301582590092,BH_from_pvalue
fluoroquinolone,ciprofloxacin,ciprofloxacin_vs_control,not_regulated,b2284,b2284,3319.0605025010464,-1.1176375734728694,0.46084785041714227,0.015707187048992932,0.04013537593419384,1.5607503204879856,BH_from_pvalue
fluoroquinolone,ciprofloxacin,ciprofloxacin_vs_control,not_regulated,b3158,b3158,140.29172168694654,1.0912469260920368,2.1305810375748777,0.013949558601275143,0.03730387312041355,1.5585691387114164,BH_from_pvalue
fluoroquinolone,ciprofloxacin,ciprofloxacin_vs_control,not_regulated,b4163,b4163,176.39577416349348,-1.0574072518713606,0.480494808337752,0.011633005483921828,0.033584890029961734,1.5584660960115035,BH_from_pvalue
fluoroquinolone,ciprofloxacin,ciprofloxacin_vs_control,not_regulated,b2992,b2992,99.90122701479419,0.9407381446231398,1.9195100910914145,0.00584764668063737,0.022319957881095715,1.5534471346230005,BH_from_pvalue
fluoroquinolone,ciprofloxacin,ciprofloxacin_vs_control,not_regulated,b2238,b2238,5.175423163767412,1.8503138038931413,3.6057860679142153,0.09295509343306345,0.1448759564317115,1.5524200978830374,BH_from_pvalue
fluoroquinolone,ciprofloxacin,ciprofloxacin_vs_control,not_regulated,b1640,b1640,291.0241073038221,-0.9456455242726101,0.5191971883493605,0.006084699367733355,0.022864643071064856,1.551648816424116,BH_from_pvalue
fluoroquinolone,ciprofloxacin,ciprofloxacin_vs_control,not_regulated,b3740,b3740,218.67498855402016,1.1099267337537064,2.1583468601082854,0.015687524360911722,0.040129111910385255,1.5500575818294917,BH_from_pvalue
fluoroquinolone,ciprofloxacin,ciprofloxacin_vs_control,not_regulated,b1961,b1961,491.21240421956117,-0.8271809289747605,0.5636295166321507,0.002035980376546406,0.013420943256177702,1.5486621640773084,BH_from_pvalue
fluoroquinolone,ciprofloxacin,ciprofloxacin_vs_control,not_regulated,b2696,b2696,7139.418438497948,-1.022459652498382,0.492276353849354,0.009937100855435027,0.030638964502424773,1.5477236745987746,BH_from_pvalue
fluoroquinolone,ciprofloxacin,ciprofloxacin_vs_control,not_regulated,b1626,b1626,233.07305612973968,0.9971779941456971,1.9960916928954462,0.008563808119310616,0.028151546976619986,1.546122221232415,BH_from_pvalue
fluoroquinolone,ciprofloxacin,ciprofloxacin_vs_control,not_regulated,b0197,b0197,1010.8600786023385,-1.1589430338121307,0.44784051810573555,0.019815386356168842,0.04647214187030396,1.5446477481661192,BH_from_pvalue
fluoroquinolone,ciprofloxacin,ciprofloxacin_vs_control,not_regulated,b2270,b2270,17.0043868090935,2.0509162885870897,4.1436906123935575,0.11989351218908159,0.17716196380633673,1.5415292138395307,BH_from_pvalue
fluoroquinolone,ciprofloxacin,ciprofloxacin_vs_control,not_regulated,b1536,b1536,457.65957039126266,-1.119788148289837,0.4601613924821443,0.0169952430087888,0.04237505712501775,1.5373456186916363,BH_from_pvalue
fluoroquinolone,ciprofloxacin,ciprofloxacin_vs_control,not_regulated,b2844,b2844,1065.852326802868,1.3009024401361344,2.4638295288647383,0.032850399264982885,0.06617341179550527,1.534175677742049,BH_from_pvalue
fluoroquinolone,ciprofloxacin,ciprofloxacin_vs_control,not_regulated,b1790,b1790,121.0426647455261,-0.8227493679072451,0.5653634927636848,0.0021734529151025603,0.01367299470228156,1.5337170073340956,BH_from_pvalue
fluoroquinolone,ciprofloxacin,ciprofloxacin_vs_control,not_regulated,b3003,b3003,666.1769701938612,-0.9362840329311162,0.5225771567471406,0.006146432955201228,0.02303094262818859,1.5333413935985878,BH_from_pvalue
fluoroquinolone,ciprofloxacin,ciprofloxacin_vs_control,not_regulated,b0794,b0794,387.36265312714073,-0.7958834403679944,0.5759903552722611,0.0014331351121670216,0.012009187398790117,1.5284833058000575,BH_from_pvalue
fluoroquinolone,ciprofloxacin,ciprofloxacin_vs_control,not_regulated,b1525,b1525,162.16096078127234,-0.9434078292336876,0.5200031150460109,0.006594419328913129,0.02412355140949729,1.526017594719191,BH_from_pvalue
fluoroquinolone,ciprofloxacin,ciprofloxacin_vs_control,not_regulated,b3904,b3904,32.60000194795047,-1.353730468297293,0.3912789847911874,0.0386353085641705,0.07461640958421593,1.5258784863508281,BH_from_pvalue
fluoroquinolone,ciprofloxacin,ciprofloxacin_vs_control,not_regulated,b2389,b2389,200.4009054732813,-1.114206581839552,0.4619451348153219,0.017253714630692512,0.04278323761217353,1.5250439116740426,BH_from_pvalue
fluoroquinolone,ciprofloxacin,ciprofloxacin_vs_control,not_regulated,b3809,b3809,1255.660737321656,-0.8242452964236797,0.5647775719533557,0.002342979629132005,0.014145936069578199,1.5243331300296874,BH_from_pvalue
fluoroquinolone,ciprofloxacin,ciprofloxacin_vs_control,not_regulated,b0087,b0087,1316.4722837310212,-0.9308946165086844,0.5245329775655584,0.006162852363878695,0.023049152952088186,1.524195673928203,BH_from_pvalue
fluoroquinolone,ciprofloxacin,ciprofloxacin_vs_control,not_regulated,b1907,b1907,190.29542500193804,1.0882496600514786,2.1261592512096383,0.015540481091442746,0.03987511919527066,1.5227855790503133,BH_from_pvalue
fluoroquinolone,ciprofloxacin,ciprofloxacin_vs_control,not_regulated,b2847,b2847,61.058716708931684,1.1902737044317533,2.2819603183768895,0.023732027805484727,0.05261907346569905,1.5221896248039406,BH_from_pvalue
fluoroquinolone,ciprofloxacin,ciprofloxacin_vs_control,not_regulated,b2936,b2936,2722.843960298299,-0.9084783777809236,0.5327466872881649,0.0053483028767221715,0.02112086596970705,1.521963178391419,BH_from_pvalue
fluoroquinolone,ciprofloxacin,ciprofloxacin_vs_control,not_regulated,b3030,b3030,1975.1282891031758,1.0096551317250864,2.0134297433321393,0.010271583824538123,0.031091240943992245,1.5219157217481831,BH_from_pvalue
fluoroquinolone,ciprofloxacin,ciprofloxacin_vs_control,not_regulated,b1082,b1082,100.73388503590094,1.3982131521207934,2.635749295568073,0.04385777631476607,0.0817539485552498,1.520544586169885,BH_from_pvalue
fluoroquinolone,ciprofloxacin,ciprofloxacin_vs_control,not_regulated,b2102,b2102,108.24025144007949,0.8529108667828638,1.8061414290353563,0.0034348267775084593,0.0166922224705911,1.5160369848484951,BH_from_pvalue
fluoroquinolone,ciprofloxacin,ciprofloxacin_vs_control,not_regulated,b3868,b3868,343.80172909780885,-1.1075415037275729,0.4640842032669794,0.017239431171859006,0.04278323761217353,1.515921243614836,BH_from_pvalue
fluoroquinolone,ciprofloxacin,ciprofloxacin_vs_control,not_regulated,b0547,b0547,1.4614302501711585,1.4675596392414265,2.765536990997871,0.05173711506094768,0.09282550600085467,1.5150097676803007,BH_from_pvalue
fluoroquinolone,ciprofloxacin,ciprofloxacin_vs_control,not_regulated,b1033,b1033,336.2515054697679,-0.8503296706166301,0.554657976513995,0.0033828242402259567,0.01662944637435667,1.5128404019848034,BH_from_pvalue
fluoroquinolone,ciprofloxacin,ciprofloxacin_vs_control,not_regulated,b3068,b3068,647.9760514242201,-0.9341309182806086,0.5233576464093096,0.006527639209063127,0.0240358942962117,1.5124884683977144,BH_from_pvalue
fluoroquinolone,ciprofloxacin,ciprofloxacin_vs_control,not_regulated,b2305,b2305,47.38455597832958,0.9529581374682996,1.9358378809663832,0.007439440673901918,0.02587981759567736,1.5123815284140099,BH_from_pvalue
fluoroquinolone,ciprofloxacin,ciprofloxacin_vs_control,not_regulated,b1246,b1246,4415.704871281757,-0.8998952862996017,0.5359256284137958,0.005210180964725559,0.020868560978927485,1.5122807754032643,BH_from_pvalue
fluoroquinolone,ciprofloxacin,ciprofloxacin_vs_control,not_regulated,b1875,b1875,174.94600540968415,-0.9074284007900459,0.5331345553748659,0.005527199898670766,0.02156715328302646,1.5119637122140868,BH_from_pvalue
fluoroquinolone,ciprofloxacin,ciprofloxacin_vs_control,not_regulated,b1688,b1688,844.4360309252228,-0.7748990576043369,0.5844295141775165,0.001135086105130205,0.011265989676341187,1.5096820955091748,BH_from_pvalue
fluoroquinolone,ciprofloxacin,ciprofloxacin_vs_control,not_regulated,b0596,b0596,113.79865178416735,-1.2678599989265589,0.41527530896650766,0.03154660984297286,0.06449847776076907,1.5093246141535093,BH_from_pvalue
fluoroquinolone,ciprofloxacin,ciprofloxacin_vs_control,not_regulated,b4340,b4340,135.95633461174887,1.2081586313866257,2.310425597752899,0.026115924845329423,0.05634025417472026,1.50920904660171,BH_from_pvalue
fluoroquinolone,ciprofloxacin,ciprofloxacin_vs_control,not_regulated,b4383,b4383,7493.238194807479,-0.8979577519118909,0.5366458581807612,0.005305281025469688,0.021034430202292925,1.5059373317425846,BH_from_pvalue
fluoroquinolone,ciprofloxacin,ciprofloxacin_vs_control,not_regulated,b0173,b0173,1120.4242480279897,-0.8294759986132938,0.562733595747021,0.0028340959067154085,0.01534130101258515,1.5047837704639047,BH_from_pvalue
fluoroquinolone,ciprofloxacin,ciprofloxacin_vs_control,not_regulated,b3896,b3896,29.874013755919517,1.1765149582272079,2.2603010812020723,0.02373590486036091,0.05261907346569905,1.504594158614197,BH_from_pvalue
fluoroquinolone,ciprofloxacin,ciprofloxacin_vs_control,not_regulated,b1243,b1243,29558.971771623565,-0.8759682948933936,0.5448880306007755,0.004551666711785906,0.019241914351140043,1.5029441110800308,BH_from_pvalue
fluoroquinolone,ciprofloxacin,ciprofloxacin_vs_control,not_regulated,b2007,b2007,1256.0716038796038,-0.8470490380900344,0.5559206823521614,0.0034787343490339305,0.01682510441070389,1.5027007661604268,BH_from_pvalue
fluoroquinolone,ciprofloxacin,ciprofloxacin_vs_control,not_regulated,b4643,b4643,2.267772471050233,1.7684206408208973,3.4068079955789785,0.09076370269688068,0.1419030708135451,1.499635215452727,BH_from_pvalue
fluoroquinolone,ciprofloxacin,ciprofloxacin_vs_control,not_regulated,b2376,b2376,1.2268756031257328,1.6337231000352634,3.1031277690862984,0.07368778413593678,0.12109888675317634,1.4978951152196487,BH_from_pvalue
fluoroquinolone,ciprofloxacin,ciprofloxacin_vs_control,not_regulated,b0266,b0266,44.3866659643731,-1.1930741686742028,0.4373698967727638,0.02572910699132294,0.055719558616740765,1.4961058596263113,BH_from_pvalue
fluoroquinolone,ciprofloxacin,ciprofloxacin_vs_control,not_regulated,b4279,b4279,66.18218110746801,1.0838292875325033,2.1196547356143873,0.016592866002088393,0.04167208893210139,1.4958521163453815,BH_from_pvalue
fluoroquinolone,ciprofloxacin,ciprofloxacin_vs_control,not_regulated,b3079,b3079,4.84047788772141,1.8602601202001312,3.63073118883907,0.10354019095367666,0.15728597734199176,1.4943655472927404,BH_from_pvalue
fluoroquinolone,ciprofloxacin,ciprofloxacin_vs_control,not_regulated,b2820,b2820,1553.0827534245248,-0.9458655156629803,0.5191180238689048,0.007696898065494719,0.02634752473256868,1.4937677437096157,BH_from_pvalue
fluoroquinolone,ciprofloxacin,ciprofloxacin_vs_control,not_regulated,b4586,b4586,3.4249644345833925,1.6445985824297358,3.1266084993702696,0.07581424458084897,0.12374515142445865,1.492426849957526,BH_from_pvalue
fluoroquinolone,ciprofloxacin,ciprofloxacin_vs_control,not_regulated,b3633,b3633,734.9311720294672,1.0817920747202656,2.116663708220573,0.01666938500374718,0.04179425515432264,1.491665145161227,BH_from_pvalue
fluoroquinolone,ciprofloxacin,ciprofloxacin_vs_control,not_regulated,b0493,b0493,282.7591012699239,-0.6659292918375703,0.630282585917332,0.00016418119585274326,0.005769429835512806,1.4909271850317267,BH_from_pvalue
fluoroquinolone,ciprofloxacin,ciprofloxacin_vs_control,not_regulated,b4020,b4020,551.3714725035671,-0.8240201052291223,0.5648657353274797,0.0029752951378327753,0.015525379965164529,1.4906175655479679,BH_from_pvalue
fluoroquinolone,ciprofloxacin,ciprofloxacin_vs_control,not_regulated,b3032,b3032,2552.228375281073,-0.9933735437320124,0.5023018369875196,0.010597953337068722,0.03159018827709418,1.4905051340635826,BH_from_pvalue
fluoroquinolone,ciprofloxacin,ciprofloxacin_vs_control,not_regulated,b2091,b2091,11178.438208125359,-1.1661528856398071,0.44560802336134786,0.023812346663860524,0.05271059807777787,1.4904624008161391,BH_from_pvalue
fluoroquinolone,ciprofloxacin,ciprofloxacin_vs_control,not_regulated,b1555,b1555,4.29059894762761,1.7033787471823383,3.2566275825001,0.08378588526877198,0.13349943745622966,1.48963974326748,BH_from_pvalue
fluoroquinolone,ciprofloxacin,ciprofloxacin_vs_control,not_regulated,b1219,b1219,779.4410037354583,-0.9850079399035572,0.5052229427302694,0.010064635164184887,0.030817378467327173,1.4885482422403076,BH_from_pvalue
fluoroquinolone,ciprofloxacin,ciprofloxacin_vs_control,not_regulated,b0392,b0392,77.65879182371283,1.0594801671404506,2.0841804130647077,0.015398166180430196,0.03964231667461582,1.4852227089300374,BH_from_pvalue
fluoroquinolone,ciprofloxacin,ciprofloxacin_vs_control,not_regulated,b3061,b3061,6.140440407350204,1.9804658924313656,3.94620496819282,0.12059764637016224,0.1779102044516201,1.4849516253928339,BH_from_pvalue
fluoroquinolone,ciprofloxacin,ciprofloxacin_vs_control,not_regulated,b1394,b1394,32.88413310510993,-1.130961821056827,0.45661120843472996,0.02133150909733197,0.0488516600412149,1.4828274248870206,BH_from_pvalue
fluoroquinolone,ciprofloxacin,ciprofloxacin_vs_control,not_regulated,b3184,b3184,1426.4320183028638,1.0602176191208201,2.085246040810462,0.015623044822617255,0.04001848269483623,1.4819079194286229,BH_from_pvalue
fluoroquinolone,ciprofloxacin,ciprofloxacin_vs_control,not_regulated,b0878,b0878,365.3966599792427,-0.9751501231215602,0.5086869106505106,0.009697365856083915,0.03033292880435706,1.480361412641754,BH_from_pvalue
fluoroquinolone,ciprofloxacin,ciprofloxacin_vs_control,not_regulated,b1549,b1549,2.38416211161711,1.4687236497600598,2.76776921128363,0.055907172196059986,0.098307451343971,1.4796121250563314,BH_from_pvalue
fluoroquinolone,ciprofloxacin,ciprofloxacin_vs_control,not_regulated,b2875,b2875,672.8298989884006,1.0872299274846,2.1246569602114445,0.01792121843988311,0.043762690673719726,1.4774323821488071,BH_from_pvalue
fluoroquinolone,ciprofloxacin,ciprofloxacin_vs_control,not_regulated,b1268,b1268,80.042157470869,1.2278404699651349,2.342161357081983,0.030260063752128405,0.06272339481892791,1.4765646592326431,BH_from_pvalue
fluoroquinolone,ciprofloxacin,ciprofloxacin_vs_control,not_regulated,b4188,b4188,2395.880460326449,-1.1107208052590334,0.46306261588172476,0.020133868919483437,0.04699644130764738,1.4749650622135824,BH_from_pvalue
fluoroquinolone,ciprofloxacin,ciprofloxacin_vs_control,not_regulated,b1753,b1753,37.42455400025493,-0.953198279340886,0.5164862047702057,0.008687137490772621,0.028372449792518784,1.4746960737314851,BH_from_pvalue
fluoroquinolone,ciprofloxacin,ciprofloxacin_vs_control,not_regulated,b0263,b0263,11.260505168783192,1.5510990726469962,2.9304029787295054,0.06649528912733663,0.1120628739208543,1.4743789887503345,BH_from_pvalue
fluoroquinolone,ciprofloxacin,ciprofloxacin_vs_control,not_regulated,b0445,b0445,304.21573725537917,-0.9734112826839167,0.5093003865455954,0.009891080721415264,0.030638964502424773,1.4734778860467967,BH_from_pvalue
fluoroquinolone,ciprofloxacin,ciprofloxacin_vs_control,not_regulated,b0345,b0345,397.71091017944326,0.8196156284665026,1.7649357050965606,0.0031769948258210732,0.01594879768587409,1.4730722616416183,BH_from_pvalue
fluoroquinolone,ciprofloxacin,ciprofloxacin_vs_control,not_regulated,b4245,b4245,499.6979004409105,-1.1848178600902806,0.43988006921105793,0.02675718029308578,0.05728405376406465,1.4715038021221134,BH_from_pvalue
fluoroquinolone,ciprofloxacin,ciprofloxacin_vs_control,not_regulated,b1511,b1511,2002.9601681358492,-1.2287973366919331,0.42667298194711073,0.030775614021677916,0.06347029430055354,1.471398165650306,BH_from_pvalue
fluoroquinolone,ciprofloxacin,ciprofloxacin_vs_control,not_regulated,b3165,b3165,6486.140581983212,1.0752670917274045,2.1071121336420005,0.017374359808166172,0.04289683058840462,1.470508171752083,BH_from_pvalue
fluoroquinolone,ciprofloxacin,ciprofloxacin_vs_control,not_regulated,b3151,b3151,300.54156419934367,0.983160150061277,1.9767907295445557,0.010877850677018741,0.032105362431253476,1.4682734135537088,BH_from_pvalue
fluoroquinolone,ciprofloxacin,ciprofloxacin_vs_control,not_regulated,b3677,b3677,97.29564706063748,1.019422530182859,2.02710740369511,0.013252157192739786,0.0363344702225427,1.4676434186208012,BH_from_pvalue
fluoroquinolone,ciprofloxacin,ciprofloxacin_vs_control,not_regulated,b4640,b4640,51.43483475356579,1.2639940766760542,2.401596994628636,0.03510163854768216,0.06940095392856016,1.4645072209335537,BH_from_pvalue
fluoroquinolone,ciprofloxacin,ciprofloxacin_vs_control,not_regulated,b1730,b1730,10.518349917135504,1.2721792794074793,2.4152613016395774,0.03592245520850424,0.07062175954304434,1.4643565465978128,BH_from_pvalue
fluoroquinolone,ciprofloxacin,ciprofloxacin_vs_control,not_regulated,b0792,b0792,128.6762240056399,-0.7900792121304825,0.5783123384574596,0.0023146368543465507,0.014069238609257816,1.463012909240207,BH_from_pvalue
fluoroquinolone,ciprofloxacin,ciprofloxacin_vs_control,not_regulated,b1237,b1237,11749.1692310516,-0.7813292662272957,0.5818304609053231,0.0020796792906971674,0.013420943256177702,1.4628179034449427,BH_from_pvalue
fluoroquinolone,ciprofloxacin,ciprofloxacin_vs_control,not_regulated,b1804,b1804,641.4976917461676,0.9234712176496966,1.8966733265806182,0.007561585896148807,0.02609188405830856,1.462311649439768,BH_from_pvalue
fluoroquinolone,ciprofloxacin,ciprofloxacin_vs_control,not_regulated,b3213,b3213,518.9041814871304,-0.7679664724360755,0.587244632741271,0.0016163570091299688,0.012492051249255325,1.4617214591784184,BH_from_pvalue
fluoroquinolone,ciprofloxacin,ciprofloxacin_vs_control,not_regulated,b2479,b2479,496.292647308653,-0.8838485652339649,0.5419198639124163,0.0058032865671256,0.022215474875685915,1.4613060747966309,BH_from_pvalue
fluoroquinolone,ciprofloxacin,ciprofloxacin_vs_control,not_regulated,b3964,b3964,950.9251179383368,0.788033384053179,1.7267190730735194,0.0022959443911083955,0.014040389266521111,1.4599270788378886,BH_from_pvalue
fluoroquinolone,ciprofloxacin,ciprofloxacin_vs_control,not_regulated,b2141,b2141,39.29173032136452,-1.3153690585783924,0.40182269119151903,0.04077416182621036,0.07764495436245868,1.4599107039125787,BH_from_pvalue
fluoroquinolone,ciprofloxacin,ciprofloxacin_vs_control,not_regulated,b0303,b0303,2.1050816762237847,1.3726915813086222,2.5895323494806672,0.047057005060139254,0.08643400575807593,1.459604041968035,BH_from_pvalue
fluoroquinolone,ciprofloxacin,ciprofloxacin_vs_control,not_regulated,b1304,b1304,741.6652919006023,1.1153222893877182,2.1664340053138376,0.02160970185578686,0.04914076792079338,1.4594639725034755,BH_from_pvalue
fluoroquinolone,ciprofloxacin,ciprofloxacin_vs_control,not_regulated,b4341,b4341,1.4673559187388214,1.405585461301079,2.6492526981673503,0.0508910799005937,0.09168561104537504,1.4585743693741557,BH_from_pvalue
fluoroquinolone,ciprofloxacin,ciprofloxacin_vs_control,not_regulated,b2913,b2913,583.9377827041322,-0.6829316621839325,0.6228982126309593,0.00035920116863503033,0.0073440311660016655,1.4574208914614357,BH_from_pvalue
fluoroquinolone,ciprofloxacin,ciprofloxacin_vs_control,not_regulated,b1712,b1712,3217.9341986629665,-1.0186443381298016,0.49357993824446444,0.013925423396411746,0.03726148390069008,1.4553777626924647,BH_from_pvalue
fluoroquinolone,ciprofloxacin,ciprofloxacin_vs_control,not_regulated,b2462,b2462,18.38288803665306,1.3444698716657615,2.5393686849201162,0.04457449775740342,0.08278121012089207,1.4548081333000467,BH_from_pvalue
fluoroquinolone,ciprofloxacin,ciprofloxacin_vs_control,not_regulated,b1443,b1443,877.5219589478338,-1.0274676030157366,0.4905705035669972,0.014565002810640604,0.03837925169435351,1.4547949724155749,BH_from_pvalue
fluoroquinolone,ciprofloxacin,ciprofloxacin_vs_control,not_regulated,b3249,b3249,174.01844504095587,0.9356847210510999,1.9127982576840876,0.008344421438639471,0.02788427510991903,1.4546534946098593,BH_from_pvalue
fluoroquinolone,ciprofloxacin,ciprofloxacin_vs_control,not_regulated,b4503,b4503,3.5074712676803803,1.8778829631756504,3.6753533633936346,0.11254679501136303,0.1684083446311081,1.4527986021406774,BH_from_pvalue
fluoroquinolone,ciprofloxacin,ciprofloxacin_vs_control,not_regulated,b3085,b3085,92.11037367158366,-1.0838967643190838,0.4717528817067237,0.01936261462820101,0.0458625806201412,1.45084081355227,BH_from_pvalue
fluoroquinolone,ciprofloxacin,ciprofloxacin_vs_control,not_regulated,b3932,b3932,698.2526497256493,-0.8154483092471683,0.5682318843665004,0.003378821810639408,0.01662944637435667,1.4507821972914556,BH_from_pvalue
fluoroquinolone,ciprofloxacin,ciprofloxacin_vs_control,not_regulated,b4328,b4328,317.2181022172464,0.8443951908193954,1.7955118702887518,0.004623222391198937,0.019434817117395156,1.4451144305249652,BH_from_pvalue
fluoroquinolone,ciprofloxacin,ciprofloxacin_vs_control,not_regulated,b1249,b1249,715.8909320496203,-0.726824911285167,0.6042322482299289,0.0008684895137611549,0.010280173244467564,1.4449276084997886,BH_from_pvalue
fluoroquinolone,ciprofloxacin,ciprofloxacin_vs_control,not_regulated,b0924,b0924,4929.771497965917,-0.8032844726438793,0.5730430882786133,0.0031755006258042664,0.01594879768587409,1.4437207317203746,BH_from_pvalue
fluoroquinolone,ciprofloxacin,ciprofloxacin_vs_control,not_regulated,b1987,b1987,47.661999970111815,-1.0264687261584555,0.4909102768283078,0.015189254873796887,0.039220016315923305,1.443720287677096,BH_from_pvalue
fluoroquinolone,ciprofloxacin,ciprofloxacin_vs_control,not_regulated,b0845,b0845,1944.8617815355417,-1.3265495146505852,0.39872072043581197,0.04379760837343707,0.08167563949573795,1.4431631083302707,BH_from_pvalue
fluoroquinolone,ciprofloxacin,ciprofloxacin_vs_control,not_regulated,b4565,b4565,7.38125558468279,-1.3972175297776515,0.37966067284370325,0.0518245685757548,0.0929082939233739,1.441852363064456,BH_from_pvalue
fluoroquinolone,ciprofloxacin,ciprofloxacin_vs_control,not_regulated,b1361,b1361,12.652732577391925,-1.3610692835910903,0.3892936497504137,0.047684662324488584,0.08723952519106608,1.4417625991058307,BH_from_pvalue
fluoroquinolone,ciprofloxacin,ciprofloxacin_vs_control,not_regulated,b1772,b1772,16.24882466751414,1.1094490541834143,2.157632344907645,0.02247142106497655,0.05046253217686696,1.4389897725492242,BH_from_pvalue
fluoroquinolone,ciprofloxacin,ciprofloxacin_vs_control,not_regulated,b1949,b1949,0.5544987014694663,1.0614534576166685,2.0870330653282387,0.01830435130158749,0.04417630380099532,1.4380684213093629,BH_from_pvalue
fluoroquinolone,ciprofloxacin,ciprofloxacin_vs_control,not_regulated,b4598,b4598,104.87456023626494,0.9135468061810696,1.8836707373394446,0.007859308872358396,0.02670028044400911,1.4374514445096929,BH_from_pvalue
fluoroquinolone,ciprofloxacin,ciprofloxacin_vs_control,not_regulated,b4117,b4117,144.66400133517348,1.1247390425934451,2.180620994807082,0.02395819209042918,0.05290326363414357,1.4357491104515636,BH_from_pvalue
fluoroquinolone,ciprofloxacin,ciprofloxacin_vs_control,not_regulated,b2321,b2321,368.5913939254829,0.7462484804048408,1.677425252812332,0.0013812088318437402,0.011970476542645749,1.4342064174519231,BH_from_pvalue
fluoroquinolone,ciprofloxacin,ciprofloxacin_vs_control,not_regulated,b3240,b3240,163.5069186558658,1.5382795431528695,2.9044792904050336,0.07052993182985295,0.11709809393767022,1.4328307482711435,BH_from_pvalue
fluoroquinolone,ciprofloxacin,ciprofloxacin_vs_control,not_regulated,b3428,b3428,5342.526301252885,-1.0932659110894676,0.468699151737905,0.021455595934227443,0.04892345912442294,1.4327062202340441,BH_from_pvalue
fluoroquinolone,ciprofloxacin,ciprofloxacin_vs_control,not_regulated,b3471,b3471,210.62161382434863,1.4399482445406182,2.7131113225849117,0.058523951214019,0.10140243935310381,1.4312388578637587,BH_from_pvalue
fluoroquinolone,ciprofloxacin,ciprofloxacin_vs_control,not_regulated,b2889,b2889,576.6130379338787,0.8972469249923218,1.8625083906799844,0.007180159196299247,0.02543020162594804,1.4307949852144097,BH_from_pvalue
fluoroquinolone,ciprofloxacin,ciprofloxacin_vs_control,not_regulated,b4484,b4484,2991.789362467002,1.429388253525362,2.69332486009768,0.05713965449771913,0.09992774725145438,1.4298369429513058,BH_from_pvalue
fluoroquinolone,ciprofloxacin,ciprofloxacin_vs_control,not_regulated,b4615,b4615,3.0744292466654763,1.8081924397625695,3.5020324205019118,0.10720482215186071,0.1619232001474377,1.4297213466888765,BH_from_pvalue
fluoroquinolone,ciprofloxacin,ciprofloxacin_vs_control,not_regulated,b2388,b2388,1141.4123805404276,-0.8084551337187289,0.5709929612006368,0.0035932042925747474,0.01710289196613885,1.4284839912668221,BH_from_pvalue
fluoroquinolone,ciprofloxacin,ciprofloxacin_vs_control,not_regulated,b2351,b2351,161.2942196213098,0.9334183318091878,1.909795722897954,0.00932118548567771,0.029546647156151056,1.4276556789763934,BH_from_pvalue
fluoroquinolone,ciprofloxacin,ciprofloxacin_vs_control,not_regulated,b2586,b2586,42.02064049886008,-0.9458463354159106,0.5191249254509168,0.010130436027752267,0.030962275797375708,1.427440194889409,BH_from_pvalue
fluoroquinolone,ciprofloxacin,ciprofloxacin_vs_control,not_regulated,b0447,b0447,352.5844504546642,-1.2639715983134394,0.41639608276145684,0.038389271748800226,0.07430075057061249,1.427032528321454,BH_from_pvalue
fluoroquinolone,ciprofloxacin,ciprofloxacin_vs_control,not_regulated,b0583,b0583,30.216037688310365,1.8622012636215248,3.63561961866652,0.11474018627570856,0.1713483923864997,1.4266695684428112,BH_from_pvalue
fluoroquinolone,ciprofloxacin,ciprofloxacin_vs_control,not_regulated,b0111,b0111,546.9638707466287,-0.9500941720121077,0.5175986745310054,0.010584951319736973,0.0315723547985258,1.425799697409279,BH_from_pvalue
fluoroquinolone,ciprofloxacin,ciprofloxacin_vs_control,not_regulated,b4478,b4478,87.42747065696877,-1.283729679018613,0.4107323029923569,0.04081599867656893,0.07764495436245868,1.42479457541371,BH_from_pvalue
fluoroquinolone,ciprofloxacin,ciprofloxacin_vs_control,not_regulated,b2217,b2217,2030.5423519362173,-0.7407791536791954,0.5984160795421132,0.0014046818683135503,0.012004644932831602,1.4227779858024487,BH_from_pvalue
fluoroquinolone,ciprofloxacin,ciprofloxacin_vs_control,not_regulated,b4281,b4281,18.83873613675182,1.477095751833783,2.7838775437997456,0.06396470481925122,0.10894102320219311,1.422160419090261,BH_from_pvalue
fluoroquinolone,ciprofloxacin,ciprofloxacin_vs_control,not_regulated,b1519,b1519,928.9691526776272,-1.0490912925514806,0.4832724664820761,0.018297280822779403,0.04417630380099532,1.4213200287428367,BH_from_pvalue
fluoroquinolone,ciprofloxacin,ciprofloxacin_vs_control,not_regulated,b1056,b1056,126.8396837898855,-0.7842567919589243,0.5806510040080404,0.002931922359687684,0.015437069030697092,1.4206303225465842,BH_from_pvalue
fluoroquinolone,ciprofloxacin,ciprofloxacin_vs_control,not_regulated,b0082,b0082,1306.3969742405245,-0.6785565903109543,0.6247900614055983,0.0004518626564722442,0.008097522823952806,1.4193014123269396,BH_from_pvalue
fluoroquinolone,ciprofloxacin,ciprofloxacin_vs_control,not_regulated,b3431,b3431,2812.0578489546074,-1.0034498803839682,0.49880579097935684,0.014706160887501178,0.038547967174813694,1.4188766452630919,BH_from_pvalue
fluoroquinolone,ciprofloxacin,ciprofloxacin_vs_control,not_regulated,b0852,b0852,495.58697789295485,0.7253356775003486,1.6532852679123158,0.0010732678545392323,0.011122114855401516,1.417170003614446,BH_from_pvalue
fluoroquinolone,ciprofloxacin,ciprofloxacin_vs_control,not_regulated,b0073,b0073,119.8992409031631,-0.934780611202692,0.5231220143464211,0.009783738413982748,0.030475938633029363,1.4171675176476002,BH_from_pvalue
fluoroquinolone,ciprofloxacin,ciprofloxacin_vs_control,not_regulated,b2230,b2230,87.41065714930369,1.0625128085595108,2.0885661075154522,0.019816266809080257,0.04647214187030396,1.4161248389756087,BH_from_pvalue
fluoroquinolone,ciprofloxacin,ciprofloxacin_vs_control,not_regulated,b0554,b0554,3.2806454035587085,1.869038820400184,3.65289129164105,0.1175354534010862,0.1747533988491209,1.4159359045005206,BH_from_pvalue
fluoroquinolone,ciprofloxacin,ciprofloxacin_vs_control,not_regulated,b4483,b4483,276.2960409287986,0.8376439020755679,1.7871291562673308,0.005026040824984985,0.020458942652291822,1.4148783999864532,BH_from_pvalue
fluoroquinolone,ciprofloxacin,ciprofloxacin_vs_control,not_regulated,b3986,b3986,10555.12373678158,0.9963568225028077,1.9949558551437025,0.014359749940890041,0.03801657165045521,1.4148536399577794,BH_from_pvalue
fluoroquinolone,ciprofloxacin,ciprofloxacin_vs_control,not_regulated,b2037,b2037,572.6030008183999,-0.7564559961393851,0.5919486776933925,0.0020998088273608117,0.01350965031940054,1.4140854734281898,BH_from_pvalue
fluoroquinolone,ciprofloxacin,ciprofloxacin_vs_control,not_regulated,b1982,b1982,695.451636251521,-0.8014828959617635,0.5737591272901605,0.0036965098897676755,0.017283681376481293,1.4125044008673369,BH_from_pvalue
fluoroquinolone,ciprofloxacin,ciprofloxacin_vs_control,not_regulated,b2914,b2914,1421.3856699226835,-0.778037926647233,0.5831593541630677,0.0028126146314823405,0.01534130101258515,1.4114680193054816,BH_from_pvalue
fluoroquinolone,ciprofloxacin,ciprofloxacin_vs_control,not_regulated,b1101,b1101,2822.610764702815,-0.6459159015578493,0.6390869345535348,0.00023167922359687915,0.0065367977868552056,1.4110904530114698,BH_from_pvalue
fluoroquinolone,ciprofloxacin,ciprofloxacin_vs_control,not_regulated,b3835,b3835,1786.0023959432417,1.005914926150684,2.008216661062887,0.015406440945905136,0.03964231667461582,1.4101327593540722,BH_from_pvalue
fluoroquinolone,ciprofloxacin,ciprofloxacin_vs_control,not_regulated,b3823,b3823,516.8601341268029,-0.6788431595334625,0.6246659687762477,0.0005093560676185596,0.008433404237097047,1.4079187321451083,BH_from_pvalue
fluoroquinolone,ciprofloxacin,ciprofloxacin_vs_control,not_regulated,b3492,b3492,372.93187408679654,1.1605293944608333,2.2353943997892562,0.029331041106137254,0.061249314250420316,1.4076046742933794,BH_from_pvalue
fluoroquinolone,ciprofloxacin,ciprofloxacin_vs_control,not_regulated,b4482,b4482,14.991227606470739,1.4128395235003852,2.6626070380126707,0.05805736301843209,0.10101243492116398,1.4066585766775246,BH_from_pvalue
fluoroquinolone,ciprofloxacin,ciprofloxacin_vs_control,not_regulated,b1515,b1515,482.1933844201087,-1.3359214815942817,0.39613896466429926,0.04897165122229596,0.0887845575162786,1.4049386125066927,BH_from_pvalue
fluoroquinolone,ciprofloxacin,ciprofloxacin_vs_control,not_regulated,b3181,b3181,752.230347761652,0.8449503684215589,1.7962029517513731,0.005611458543816097,0.02179649441285389,1.4039808118302064,BH_from_pvalue
fluoroquinolone,ciprofloxacin,ciprofloxacin_vs_control,not_regulated,b2921,b2921,44.57609503053655,0.9678446175783701,1.9559162777193002,0.012737363123765071,0.03554135194211867,1.4026643520062427,BH_from_pvalue
fluoroquinolone,ciprofloxacin,ciprofloxacin_vs_control,not_regulated,b0574,b0574,14.084242579948432,1.4364927892156016,2.7066208194616834,0.061698519577207685,0.10568162264214781,1.4020177195332275,BH_from_pvalue
fluoroquinolone,ciprofloxacin,ciprofloxacin_vs_control,not_regulated,b0482,b0482,247.37310058991906,-0.8358825147211748,0.5602402281726527,0.005334048396138981,0.02110162681251815,1.4006750074862302,BH_from_pvalue
fluoroquinolone,ciprofloxacin,ciprofloxacin_vs_control,not_regulated,b3873,b3873,138.0789221998662,-1.2281937397620162,0.42685153138193166,0.037058286224877064,0.07237871100282112,1.4006188217238542,BH_from_pvalue
fluoroquinolone,ciprofloxacin,ciprofloxacin_vs_control,not_regulated,b1854,b1854,3441.312443672403,-0.9014699380877715,0.5353410032151821,0.008476979989495745,0.028077655370214918,1.3987560582830085,BH_from_pvalue
fluoroquinolone,ciprofloxacin,ciprofloxacin_vs_control,not_regulated,b3434,b3434,176.9812163198934,0.923723924334297,1.8970055825286658,0.009851418959631576,0.030638964502424773,1.3982648439887861,BH_from_pvalue
fluoroquinolone,ciprofloxacin,ciprofloxacin_vs_control,not_regulated,b3339,b3339,245.12866848272108,-1.022470459256012,0.4922726663816858,0.01747335558695812,0.042989524619687594,1.3973463263616335,BH_from_pvalue
fluoroquinolone,ciprofloxacin,ciprofloxacin_vs_control,not_regulated,b1324,b1324,3845.831755631701,-0.7723011540512097,0.5854828617703551,0.0029925944360362665,0.015543521678165272,1.3966684674885668,BH_from_pvalue
fluoroquinolone,ciprofloxacin,ciprofloxacin_vs_control,not_regulated,b1667,b1667,1132.613227383378,-0.8716699854053882,0.5465138695825725,0.007016389158255078,0.02498790058102244,1.3966508685604082,BH_from_pvalue
fluoroquinolone,ciprofloxacin,ciprofloxacin_vs_control,not_regulated,b1235,b1235,1396.1156614948086,-0.817631378305057,0.5673726928287299,0.004688357370658783,0.019592786332675416,1.396435736086793,BH_from_pvalue
fluoroquinolone,ciprofloxacin,ciprofloxacin_vs_control,not_regulated,b4147,b4147,1498.4279436193735,0.7664810194170197,1.7011154068103638,0.002688707028156592,0.01511725526581044,1.3953994318319052,BH_from_pvalue
fluoroquinolone,ciprofloxacin,ciprofloxacin_vs_control,not_regulated,b1435,b1435,586.500613827733,0.9364100957826373,1.9137602381111551,0.0110734136815022,0.03242722313762819,1.3943991342377988,BH_from_pvalue
fluoroquinolone,ciprofloxacin,ciprofloxacin_vs_control,not_regulated,b0433,b0433,493.7226716604608,0.9303522039711094,1.905741186353632,0.01069548302707123,0.03179661775001083,1.3933132062613334,BH_from_pvalue
fluoroquinolone,ciprofloxacin,ciprofloxacin_vs_control,not_regulated,b2067,b2067,885.0024524776342,-0.7680306449180563,0.5872185121084098,0.0028940200266241,0.015388253923440346,1.3922941372115054,BH_from_pvalue
fluoroquinolone,ciprofloxacin,ciprofloxacin_vs_control,not_regulated,b3244,b3244,2218.870802303181,-0.792704898165244,0.5772607747998222,0.0038917387768905706,0.017593006048697273,1.3909275353850403,BH_from_pvalue
fluoroquinolone,ciprofloxacin,ciprofloxacin_vs_control,not_regulated,b1320,b1320,56.07012527288695,0.9789455129613378,1.971024231741957,0.01433238515161425,0.03796647138513598,1.3906897651122303,BH_from_pvalue
fluoroquinolone,ciprofloxacin,ciprofloxacin_vs_control,not_regulated,b1614,b1614,5106.388799469521,-0.895878298189908,0.5374199197910391,0.008568134239882784,0.028151546976619986,1.389057272105139,BH_from_pvalue
fluoroquinolone,ciprofloxacin,ciprofloxacin_vs_control,not_regulated,b3518,b3518,66.57537259151279,1.1260231509029142,2.182562777376825,0.02757059004584952,0.05846888921557338,1.3884711733093422,BH_from_pvalue
fluoroquinolone,ciprofloxacin,ciprofloxacin_vs_control,not_regulated,b0110,b0110,286.3772918697687,-0.9936749173129273,0.5021969189773273,0.015653767205156068,0.04007435679498691,1.3882964549403576,BH_from_pvalue
fluoroquinolone,ciprofloxacin,ciprofloxacin_vs_control,not_regulated,b1355,b1355,11.720131837305345,1.7607816318845684,3.3888167654435035,0.10832216142550041,0.1631724990260887,1.3863567619945676,BH_from_pvalue
fluoroquinolone,ciprofloxacin,ciprofloxacin_vs_control,not_regulated,b4315,b4315,305.72230228634584,1.4555661433496754,2.7426416680835644,0.06627610997078978,0.11173536081282326,1.3854214855338662,BH_from_pvalue
fluoroquinolone,ciprofloxacin,ciprofloxacin_vs_control,not_regulated,b0597,b0597,76.98504328649071,-1.233968943007186,0.4251462320850144,0.039374982989031734,0.07557955267706729,1.3840142392034542,BH_from_pvalue
fluoroquinolone,ciprofloxacin,ciprofloxacin_vs_control,not_regulated,b1217,b1217,189.72882797507245,-0.8711732660449574,0.5467020664987011,0.007414751470491418,0.025813894825286687,1.383550741776739,BH_from_pvalue
fluoroquinolone,ciprofloxacin,ciprofloxacin_vs_control,not_regulated,b2626,b2626,5.635859567009842,1.8241291709712566,3.540932079689738,0.11768075702845425,0.1747533988491209,1.3819135051844196,BH_from_pvalue
fluoroquinolone,ciprofloxacin,ciprofloxacin_vs_control,not_regulated,b2705,b2705,148.169546869237,0.9130114239526481,1.8829718392993005,0.009992104240096928,0.030742694327642563,1.3807088966723318,BH_from_pvalue
fluoroquinolone,ciprofloxacin,ciprofloxacin_vs_control,not_regulated,b2432,b2432,310.4941615590962,0.8340878103638625,1.7827294952248798,0.005732410708680002,0.022126397259128152,1.3804898056197703,BH_from_pvalue
fluoroquinolone,ciprofloxacin,ciprofloxacin_vs_control,not_regulated,b3157,b3157,1615.9588835878587,-1.0549640613203746,0.4813092111963689,0.021642044917061093,0.04917001189705227,1.3802091508303311,BH_from_pvalue
fluoroquinolone,ciprofloxacin,ciprofloxacin_vs_control,not_regulated,b2713,b2713,28.742693090068002,1.3453721708425181,2.5409573692009064,0.052909291582758956,0.09423443405126597,1.3800698214442777,BH_from_pvalue
fluoroquinolone,ciprofloxacin,ciprofloxacin_vs_control,not_regulated,b0020,b0020,751.3487436617921,-0.8257054315441525,0.564206256203837,0.00544273556841219,0.02136730426809894,1.379134716375641,BH_from_pvalue
fluoroquinolone,ciprofloxacin,ciprofloxacin_vs_control,not_regulated,b2290,b2290,769.1263102122894,-0.819965260631033,0.5664555824484145,0.0051501231978988565,0.020826198477142864,1.3786813871341803,BH_from_pvalue
fluoroquinolone,ciprofloxacin,ciprofloxacin_vs_control,not_regulated,b1103,b1103,522.8238490183694,-0.9383511286060493,0.521828943541211,0.011952581335787275,0.03407015896601468,1.3771483634081252,BH_from_pvalue
fluoroquinolone,ciprofloxacin,ciprofloxacin_vs_control,not_regulated,b3634,b3634,239.8945181694011,0.8515636742559698,1.8044556365105988,0.006621167096301007,0.02415960223600391,1.37690200807417,BH_from_pvalue
fluoroquinolone,ciprofloxacin,ciprofloxacin_vs_control,not_regulated,b1984,b1984,6.872480096512784,1.5471701089066168,2.9224333223776062,0.08017314124247299,0.12888441323440092,1.376671346062465,BH_from_pvalue
fluoroquinolone,ciprofloxacin,ciprofloxacin_vs_control,not_regulated,b3806,b3806,4829.888704177957,-0.6384149212961816,0.6424183816561554,0.0003125185890540213,0.006989911817078108,1.3761214320178976,BH_from_pvalue
fluoroquinolone,ciprofloxacin,ciprofloxacin_vs_control,not_regulated,b2466,b2466,1156.8676366196428,-1.1584262207947535,0.44800097562703933,0.031833759244441706,0.06487913415564059,1.376088662998277,BH_from_pvalue
fluoroquinolone,ciprofloxacin,ciprofloxacin_vs_control,not_regulated,b2329,b2329,747.0939337865284,-0.660407208739592,0.6326996887559573,0.0004810742976054285,0.008359645500844278,1.372202114912278,BH_from_pvalue
fluoroquinolone,ciprofloxacin,ciprofloxacin_vs_control,not_regulated,b0106,b0106,56.87315100577795,1.1202397267998725,2.173830911733225,0.028283573463347388,0.0595924267891002,1.372079619323953,BH_from_pvalue
fluoroquinolone,ciprofloxacin,ciprofloxacin_vs_control,not_regulated,b2995,b2995,237.09813409973415,1.1503054368173897,2.219608813700934,0.03141431889006304,0.06431570612995155,1.370799385352121,BH_from_pvalue
fluoroquinolone,ciprofloxacin,ciprofloxacin_vs_control,not_regulated,b0271,b0271,218.37427559111657,-1.146338053320048,0.4517704917916376,0.031116875690288655,0.06385205604695181,1.3696734950343203,BH_from_pvalue
fluoroquinolone,ciprofloxacin,ciprofloxacin_vs_control,not_regulated,b3101,b3101,101.69438034899053,0.623904943404205,1.5410406769578644,0.00022420308589887487,0.006382692913754045,1.3694688863403588,BH_from_pvalue
fluoroquinolone,ciprofloxacin,ciprofloxacin_vs_control,not_regulated,b0074,b0074,135.81239853041205,-1.0992939861022348,0.4667448515364698,0.02647647105872508,0.056818304781557916,1.3691835521381002,BH_from_pvalue
fluoroquinolone,ciprofloxacin,ciprofloxacin_vs_control,not_regulated,b1516,b1516,1415.9859878110071,-1.1314953415350537,0.4564423810774697,0.029624729799681535,0.06166220945810623,1.3690877718902679,BH_from_pvalue
fluoroquinolone,ciprofloxacin,ciprofloxacin_vs_control,not_regulated,b2129,b2129,134.16305980751662,-1.0198913167536903,0.49315350181966233,0.019121097843505498,0.04550618947094589,1.368622274599032,BH_from_pvalue
fluoroquinolone,ciprofloxacin,ciprofloxacin_vs_control,not_regulated,b3666,b3666,205.28534281399664,1.8594062019982216,3.628582827607015,0.12535488250319204,0.18366327736135435,1.3684814445477371,BH_from_pvalue
fluoroquinolone,ciprofloxacin,ciprofloxacin_vs_control,not_regulated,b1145,b1145,321.47176012433516,-0.7224217097960208,0.6060792224629343,0.0017298777269349188,0.012802144094699389,1.3673400600116208,BH_from_pvalue
fluoroquinolone,ciprofloxacin,ciprofloxacin_vs_control,not_regulated,b0838,b0838,571.3656358143471,-0.8058463598490313,0.5720264014457339,0.004913403626802313,0.020157296555988007,1.366367070819721,BH_from_pvalue
fluoroquinolone,ciprofloxacin,ciprofloxacin_vs_control,not_regulated,b4240,b4240,277.01744006810543,1.0082508354379707,2.0114708565397326,0.018453244433840495,0.04431537291159346,1.36461264863047,BH_from_pvalue
fluoroquinolone,ciprofloxacin,ciprofloxacin_vs_control,not_regulated,b0955,b0955,2080.6788758590574,-0.6788647184910204,0.6246566341309455,0.000758726668320472,0.009798835405099711,1.363720782867531,BH_from_pvalue
fluoroquinolone,ciprofloxacin,ciprofloxacin_vs_control,not_regulated,b0814,b0814,13477.899940286137,-0.7601663273508272,0.5904282567100835,0.00325107388264908,0.016140541196639692,1.3622803218299513,BH_from_pvalue
fluoroquinolone,ciprofloxacin,ciprofloxacin_vs_control,not_regulated,b4049,b4049,515.4641566183086,0.9666981397815917,1.9543625718018318,0.015080711883784825,0.03900692469997938,1.3619406862733912,BH_from_pvalue
fluoroquinolone,ciprofloxacin,ciprofloxacin_vs_control,not_regulated,b4456,b4456,180.84445089175242,1.0394387202306108,2.055427834587614,0.021684924127383185,0.04918748801057467,1.3597369348783133,BH_from_pvalue
fluoroquinolone,ciprofloxacin,ciprofloxacin_vs_control,not_regulated,b3317,b3317,13409.855163085917,0.9481443613275129,1.9293894212516258,0.013676843813274886,0.03685930056977144,1.3591202939124427,BH_from_pvalue
fluoroquinolone,ciprofloxacin,ciprofloxacin_vs_control,not_regulated,b2994,b2994,561.6479756572888,0.8734989011998024,1.8321008256796396,0.008385893487287738,0.027961266794529465,1.3569308903875055,BH_from_pvalue
fluoroquinolone,ciprofloxacin,ciprofloxacin_vs_control,not_regulated,b0568,b0568,421.6686984104893,-0.7705843866945283,0.5861799849439666,0.0037592253624331396,0.017429467064474093,1.3552390069894718,BH_from_pvalue
fluoroquinolone,ciprofloxacin,ciprofloxacin_vs_control,not_regulated,b1043,b1043,2.0666949632923566,1.3661752640643527,2.577862410449382,0.05885740371967347,0.10186248631438678,1.3552263632659605,BH_from_pvalue
fluoroquinolone,ciprofloxacin,ciprofloxacin_vs_control,not_regulated,b0376,b0376,528.5371525558058,0.8877034326065445,1.8502284750367741,0.009459851897482684,0.029797208567841117,1.3544795744410125,BH_from_pvalue
fluoroquinolone,ciprofloxacin,ciprofloxacin_vs_control,not_regulated,b2319,b2319,469.49077968959614,-0.6869052523579366,0.6211849352899464,0.0009397443434652757,0.010674166810370733,1.3543477412895848,BH_from_pvalue
fluoroquinolone,ciprofloxacin,ciprofloxacin_vs_control,not_regulated,b0406,b0406,1224.7701101642313,0.7727937075244178,1.708575153360035,0.003969187619815675,0.017764582998936226,1.3527328678957473,BH_from_pvalue
fluoroquinolone,ciprofloxacin,ciprofloxacin_vs_control,not_regulated,b3480,b3480,75.95665107750798,1.2038649101295036,2.303559575816538,0.03910947112977752,0.07524121155042159,1.3525954613895779,BH_from_pvalue
fluoroquinolone,ciprofloxacin,ciprofloxacin_vs_control,not_regulated,b2687,b2687,2663.074495208113,-0.8767769699374313,0.5445826896469925,0.008901396349634376,0.028701419914448335,1.3520747995119247,BH_from_pvalue
fluoroquinolone,ciprofloxacin,ciprofloxacin_vs_control,not_regulated,b4128,b4128,2.9520606251509514,1.4951871411252333,2.8190071578686102,0.07655962515396367,0.12472480765756196,1.351719684309805,BH_from_pvalue
fluoroquinolone,ciprofloxacin,ciprofloxacin_vs_control,not_regulated,b0075,b0075,2.250483598686051,1.5887939923828815,3.007977952112129,0.08999692176937786,0.14104744045946396,1.3514834447521857,BH_from_pvalue
fluoroquinolone,ciprofloxacin,ciprofloxacin_vs_control,not_regulated,b1106,b1106,207.17870686809727,-0.7818435863649951,0.5816230755744694,0.004355670443194857,0.01868446402664165,1.3514317720788243,BH_from_pvalue
fluoroquinolone,ciprofloxacin,ciprofloxacin_vs_control,not_regulated,b0947,b0947,404.3603817830777,-0.9228461502140579,0.5274674049466241,0.01209662823971959,0.03433753886968171,1.3512597899857508,BH_from_pvalue
fluoroquinolone,ciprofloxacin,ciprofloxacin_vs_control,not_regulated,b3793,b3793,194.93853963485194,1.125981859563784,2.18250031119541,0.03049252486151382,0.06308894978246972,1.3512308171572143,BH_from_pvalue
fluoroquinolone,ciprofloxacin,ciprofloxacin_vs_control,not_regulated,b2318,b2318,382.10257477422414,-0.9962281823965222,0.5013089226630493,0.018308048741802464,0.04417630380099532,1.349700525484788,BH_from_pvalue
fluoroquinolone,ciprofloxacin,ciprofloxacin_vs_control,not_regulated,b3159,b3159,118.12397037554149,1.126704289415227,2.1835934723722845,0.030877953717472213,0.06355486223232033,1.348497401519318,BH_from_pvalue
fluoroquinolone,ciprofloxacin,ciprofloxacin_vs_control,not_regulated,b1518,b1518,376.6647989929902,-1.0523146885585613,0.4821939020403793,0.02355020954209271,0.05236225532394118,1.347995812359995,BH_from_pvalue
fluoroquinolone,ciprofloxacin,ciprofloxacin_vs_control,not_regulated,b0343,b0343,20.747628503504647,0.846067846888813,1.7975947883057277,0.00726538189326442,0.025606413770921807,1.3466449385359245,BH_from_pvalue
fluoroquinolone,ciprofloxacin,ciprofloxacin_vs_control,not_regulated,b1189,b1189,4710.699139492557,-1.1011402339242498,0.4661479301558239,0.028599431799944723,0.05998685079965805,1.3455316327768412,BH_from_pvalue
fluoroquinolone,ciprofloxacin,ciprofloxacin_vs_control,not_regulated,b3039,b3039,125.48559173357496,-0.6891128277545135,0.6202351407026722,0.0010849982372387625,0.01118685650374343,1.3446603014993188,BH_from_pvalue
fluoroquinolone,ciprofloxacin,ciprofloxacin_vs_control,not_regulated,b2106,b2106,40.908244309578855,1.5913352247695718,3.0132810182189895,0.09163103174462134,0.143010541563951,1.3440925719774495,BH_from_pvalue
fluoroquinolone,ciprofloxacin,ciprofloxacin_vs_control,not_regulated,b4453,b4453,91.18602889133956,-0.8469172663590943,0.5559714609117608,0.007462589029644053,0.02588028176972934,1.3440839558314732,BH_from_pvalue
fluoroquinolone,ciprofloxacin,ciprofloxacin_vs_control,not_regulated,b0112,b0112,545.7694244974099,-0.8838643559772486,0.5419139324644126,0.00980073550990845,0.03050775662530672,1.3395757378395425,BH_from_pvalue
fluoroquinolone,ciprofloxacin,ciprofloxacin_vs_control,not_regulated,b3088,b3088,288.79835379894985,1.3936712037247796,2.627464375861976,0.06448027051533967,0.10948745065232081,1.3388102515856601,BH_from_pvalue
fluoroquinolone,ciprofloxacin,ciprofloxacin_vs_control,not_regulated,b0638,b0638,76.95327087461551,0.9385505997563852,1.9166017615602495,0.014062958234115719,0.03746271646329972,1.338749264991537,BH_from_pvalue
fluoroquinolone,ciprofloxacin,ciprofloxacin_vs_control,not_regulated,b1342,b1342,454.8048359426029,-0.7570415822622074,0.5917084560379035,0.00358518409151508,0.017100909908414456,1.337677926253193,BH_from_pvalue
fluoroquinolone,ciprofloxacin,ciprofloxacin_vs_control,not_regulated,b4702,b4702,43.84480051349188,1.140473335973125,2.2045334017738383,0.0334904431244472,0.06718612234574287,1.3374563735979903,BH_from_pvalue
fluoroquinolone,ciprofloxacin,ciprofloxacin_vs_control,not_regulated,b1001,b1001,13.75445588277187,1.5305231444498637,2.888905764879232,0.08422998356454815,0.13411202338879205,1.3354308566350757,BH_from_pvalue
fluoroquinolone,ciprofloxacin,ciprofloxacin_vs_control,not_regulated,b4506,b4506,2.2330643762554545,-1.3865114120307909,0.38248858241238265,0.06415780848267451,0.10918722003597046,1.3335857635594677,BH_from_pvalue
fluoroquinolone,ciprofloxacin,ciprofloxacin_vs_control,not_regulated,b4418,b4418,8.05610506406173,1.5653775473145366,2.959549418984904,0.08966099548454637,0.14085273165218437,1.332503727622178,BH_from_pvalue
fluoroquinolone,ciprofloxacin,ciprofloxacin_vs_control,not_regulated,b0770,b0770,11.61006610909172,1.2940321460671145,2.4521243576241147,0.05282504447098407,0.09413908479813247,1.3279746456665111,BH_from_pvalue
fluoroquinolone,ciprofloxacin,ciprofloxacin_vs_control,not_regulated,b2678,b2678,113.59883459134691,1.536956557746893,2.9018170352001826,0.08633948084642026,0.13678822748713024,1.3278555823502576,BH_from_pvalue
fluoroquinolone,ciprofloxacin,ciprofloxacin_vs_control,not_regulated,b4435,b4435,1.305165337052931,1.331830586559175,2.517218736561849,0.058454894695898596,0.1013608775413076,1.3240122591106402,BH_from_pvalue
fluoroquinolone,ciprofloxacin,ciprofloxacin_vs_control,not_regulated,b4485,b4485,553.182480242091,-0.9667336701688729,0.5116631821257006,0.01731164234529559,0.04285924634417712,1.3224486121910268,BH_from_pvalue
fluoroquinolone,ciprofloxacin,ciprofloxacin_vs_control,not_regulated,b0956,b0956,260.49426695739265,-0.9412966897281683,0.5207646084326076,0.015438428048267087,0.03964231667461582,1.3195482679003425,BH_from_pvalue
fluoroquinolone,ciprofloxacin,ciprofloxacin_vs_control,not_regulated,b2018,b2018,0.5656484984171762,1.0682622044818022,2.0969060213088935,0.02761904600152927,0.05854404755649324,1.316651599964312,BH_from_pvalue
fluoroquinolone,ciprofloxacin,ciprofloxacin_vs_control,not_regulated,b2581,b2581,1650.4259542208704,0.8762828101453408,1.8356395680452338,0.010521610257842465,0.03151385837224921,1.3157372558684397,BH_from_pvalue
fluoroquinolone,ciprofloxacin,ciprofloxacin_vs_control,not_regulated,b3546,b3546,1004.4556488552748,0.984580973352001,1.9787385104191497,0.019578956566297635,0.046180464937182364,1.3149489459464812,BH_from_pvalue
fluoroquinolone,ciprofloxacin,ciprofloxacin_vs_control,not_regulated,b0695,b0695,768.6071898241927,-0.7680558736279153,0.5872082433852824,0.004691291880900717,0.019592786332675416,1.311765543378179,BH_from_pvalue
fluoroquinolone,ciprofloxacin,ciprofloxacin_vs_control,not_regulated,b2207,b2207,12.665307875801739,2.209085522185407,4.62382091571001,0.1873829724808713,0.25493666594397885,1.311241808493499,BH_from_pvalue
fluoroquinolone,ciprofloxacin,ciprofloxacin_vs_control,not_regulated,b0913,b0913,304.4622968300596,-1.0211351368205106,0.4927285125730415,0.023414726074928477,0.05213833558664767,1.3099558958176227,BH_from_pvalue
fluoroquinolone,ciprofloxacin,ciprofloxacin_vs_control,not_regulated,b2923,b2923,47.56993115234585,1.207539600380123,2.3094344539238985,0.04427074688170725,0.08231906551216173,1.3095761753634414,BH_from_pvalue
fluoroquinolone,ciprofloxacin,ciprofloxacin_vs_control,not_regulated,b1777,b1777,364.43468622825566,-0.9289860254379576,0.5252273595578851,0.015078689909304095,0.03900692469997938,1.3088096614204894,BH_from_pvalue
fluoroquinolone,ciprofloxacin,ciprofloxacin_vs_control,not_regulated,b1439,b1439,249.63278029685466,0.845794230212614,1.7972538948676475,0.008692137797708067,0.028372449792518784,1.3085309295163194,BH_from_pvalue
fluoroquinolone,ciprofloxacin,ciprofloxacin_vs_control,not_regulated,b1975,b1975,87.13506704075644,-1.05996022808612,0.4796452822407743,0.027530090338171616,0.058410540726932046,1.3074702407196228,BH_from_pvalue
fluoroquinolone,ciprofloxacin,ciprofloxacin_vs_control,not_regulated,b3052,b3052,804.5296202562603,-0.7470617874423429,0.5958157692670756,0.003999139329953473,0.017827679589822322,1.3065402297834683,BH_from_pvalue
fluoroquinolone,ciprofloxacin,ciprofloxacin_vs_control,not_regulated,b2768,b2768,68.71807140385012,0.9609383988561673,1.9465756303725927,0.018382998091451268,0.04422907583506482,1.3013913158894121,BH_from_pvalue
fluoroquinolone,ciprofloxacin,ciprofloxacin_vs_control,not_regulated,b0070,b0070,226.25963969337354,0.903866443302408,1.871073774022465,0.013257610003349503,0.0363344702225427,1.3012794965273329,BH_from_pvalue
fluoroquinolone,ciprofloxacin,ciprofloxacin_vs_control,not_regulated,b4481,b4481,281.36597717078877,0.7453044510303171,1.6763279864566318,0.004082971710274589,0.018001149417783587,1.3003324992525378,BH_from_pvalue
fluoroquinolone,ciprofloxacin,ciprofloxacin_vs_control,not_regulated,b4678,b4678,3.0822873696371715,1.5068346339792664,2.841858325391882,0.08719532783981498,0.13771228392678644,1.2974257850347788,BH_from_pvalue
fluoroquinolone,ciprofloxacin,ciprofloxacin_vs_control,not_regulated,b4671,b4671,3.0100807705214443,1.7290929311293453,3.3151931590768244,0.12036575286080861,0.17774299289819998,1.2971785046775668,BH_from_pvalue
fluoroquinolone,ciprofloxacin,ciprofloxacin_vs_control,not_regulated,b1162,b1162,550.6590281786381,-0.9784348729315564,0.5075300421142258,0.020332069772708614,0.04733625767993962,1.2962364681489864,BH_from_pvalue
fluoroquinolone,ciprofloxacin,ciprofloxacin_vs_control,not_regulated,b0750,b0750,369.9075602359169,1.1734942003906177,2.2555733467547703,0.04169936837486064,0.07874213222087455,1.2952944836540226,BH_from_pvalue
fluoroquinolone,ciprofloxacin,ciprofloxacin_vs_control,not_regulated,b1119,b1119,984.9273236072509,-0.7823994304152357,0.5813990299891734,0.005756072668011131,0.022162411414849526,1.294388306953457,BH_from_pvalue
fluoroquinolone,ciprofloxacin,ciprofloxacin_vs_control,not_regulated,b3069,b3069,2.4668612060476285,1.6158768719609307,3.0649783260626693,0.10416425459687616,0.15818055947898343,1.2940699719088595,BH_from_pvalue
fluoroquinolone,ciprofloxacin,ciprofloxacin_vs_control,not_regulated,b0771,b0771,50.82006229368776,1.0432563804835286,2.060874111421221,0.026941099442378262,0.05762295068560029,1.2930166595787198,BH_from_pvalue
fluoroquinolone,ciprofloxacin,ciprofloxacin_vs_control,not_regulated,b3920,b3920,61.72356850270369,0.9428573903859991,1.9223318259381579,0.01737617281726839,0.04289683058840462,1.2894280016810444,BH_from_pvalue
fluoroquinolone,ciprofloxacin,ciprofloxacin_vs_control,not_regulated,b4358,b4358,12.181416391070401,1.4666435394797497,2.7637814546590973,0.08280721895035059,0.13208045065201313,1.2894164724638488,BH_from_pvalue
fluoroquinolone,ciprofloxacin,ciprofloxacin_vs_control,not_regulated,b1605,b1605,129.92641339042015,0.9667435442744159,1.9544240804611324,0.019836513694568347,0.04647888724563904,1.288421926894706,BH_from_pvalue
fluoroquinolone,ciprofloxacin,ciprofloxacin_vs_control,not_regulated,b2066,b2066,238.3876823187278,1.1535151097464151,2.2245524427386583,0.03997719705296431,0.07648550929146469,1.2878083044828352,BH_from_pvalue
fluoroquinolone,ciprofloxacin,ciprofloxacin_vs_control,not_regulated,b3774,b3774,292.94010440978604,-0.9632309130711896,0.5129069718783312,0.019482269715028495,0.04604900114461281,1.2876276135625353,BH_from_pvalue
fluoroquinolone,ciprofloxacin,ciprofloxacin_vs_control,not_regulated,b2301,b2301,406.79957466492596,-0.793882297182348,0.5767898582280283,0.00653532652829411,0.0240358942962117,1.285406356063565,BH_from_pvalue
fluoroquinolone,ciprofloxacin,ciprofloxacin_vs_control,not_regulated,b4025,b4025,5131.346544127663,-0.7824683571937641,0.5813712534988125,0.006051248040028942,0.02276981062856574,1.2853142771097281,BH_from_pvalue
fluoroquinolone,ciprofloxacin,ciprofloxacin_vs_control,not_regulated,b2523,b2523,1369.4489029345768,-0.6732983246817561,0.6270714211985066,0.0015522701684976973,0.012356213827294552,1.2847303532019592,BH_from_pvalue
fluoroquinolone,ciprofloxacin,ciprofloxacin_vs_control,not_regulated,b3819,b3819,137.93460137898157,0.88184592074444,1.8427315588914952,0.012427629674964073,0.03497646406573574,1.2841652800680843,BH_from_pvalue
fluoroquinolone,ciprofloxacin,ciprofloxacin_vs_control,not_regulated,b1094,b1094,11682.489754961296,-0.6503179798432956,0.6371398682028313,0.0009279666015065091,0.01062084929663175,1.2836241313423888,BH_from_pvalue
fluoroquinolone,ciprofloxacin,ciprofloxacin_vs_control,not_regulated,b4388,b4388,522.9697323848123,0.6645562380593972,1.5850806395684325,0.0013354051255508067,0.011731742685014705,1.283017174828692,BH_from_pvalue
fluoroquinolone,ciprofloxacin,ciprofloxacin_vs_control,not_regulated,b0739,b0739,1765.6639788309813,0.8034183059369937,1.7452313638000934,0.007122492360429404,0.02529705877953439,1.2830027713029875,BH_from_pvalue
fluoroquinolone,ciprofloxacin,ciprofloxacin_vs_control,not_regulated,b0876,b0876,678.3188933026211,-0.8069684209500068,0.5715816788811434,0.0074024971472144135,0.025813894825286687,1.281584044084026,BH_from_pvalue
fluoroquinolone,ciprofloxacin,ciprofloxacin_vs_control,not_regulated,b1947,b1947,2.0061701633781563,1.5517437319544265,2.9317127036768817,0.09685183162406598,0.1493962752555037,1.2812130869456977,BH_from_pvalue
fluoroquinolone,ciprofloxacin,ciprofloxacin_vs_control,not_regulated,b0088,b0088,1730.8545534130956,-0.6987716528716987,0.6160965436384099,0.0026062735789609314,0.014876927104271914,1.2769959473742742,BH_from_pvalue
fluoroquinolone,ciprofloxacin,ciprofloxacin_vs_control,not_regulated,b3662,b3662,154.9690570678358,1.368505699779078,2.582029886713575,0.0702096070519569,0.11667314564376015,1.2768556316803243,BH_from_pvalue
fluoroquinolone,ciprofloxacin,ciprofloxacin_vs_control,not_regulated,b2494,b2494,718.99446493525,-0.6170242259577616,0.6520144188106145,0.0005257933804998805,0.008534807061083172,1.2765036010726853,BH_from_pvalue
fluoroquinolone,ciprofloxacin,ciprofloxacin_vs_control,not_regulated,b3866,b3866,1068.0201554997786,-0.6676297660911423,0.6295401227593425,0.0015456249753410458,0.012356213827294552,1.273914093880792,BH_from_pvalue
fluoroquinolone,ciprofloxacin,ciprofloxacin_vs_control,not_regulated,b2426,b2426,5355.620943227198,-0.9585822173282139,0.5145623418479741,0.020262427273438004,0.04724110223444975,1.2707732527165592,BH_from_pvalue
fluoroquinolone,ciprofloxacin,ciprofloxacin_vs_control,not_regulated,b4465,b4465,14.409257105772207,1.5468150355932297,2.921714147244722,0.09832369883648553,0.15134331017305896,1.2684452077379187,BH_from_pvalue
fluoroquinolone,ciprofloxacin,ciprofloxacin_vs_control,not_regulated,b3363,b3363,587.967417064153,0.6946049416476701,1.6184411888602677,0.002639447601648071,0.014940413510934633,1.2680967473587883,BH_from_pvalue
fluoroquinolone,ciprofloxacin,ciprofloxacin_vs_control,not_regulated,b3316,b3316,1448.7161119976874,0.8777462267014968,1.8375025177082438,0.01300010605129904,0.03594005963045058,1.2678352639140593,BH_from_pvalue
fluoroquinolone,ciprofloxacin,ciprofloxacin_vs_control,not_regulated,b0895,b0895,211.71243390195457,-1.130043970508642,0.4569017994338674,0.03938605412962333,0.07557955267706729,1.2674524387125203,BH_from_pvalue
fluoroquinolone,ciprofloxacin,ciprofloxacin_vs_control,not_regulated,b0586,b0586,399.1280115504681,-1.231484682179648,0.4258789468767837,0.05268294168170947,0.09398286142353673,1.2646748402231938,BH_from_pvalue
fluoroquinolone,ciprofloxacin,ciprofloxacin_vs_control,not_regulated,b1831,b1831,2469.4783105728407,0.6781876355457026,1.6001283543055227,0.0021881496833835515,0.013712470117172576,1.2633851026797014,BH_from_pvalue
fluoroquinolone,ciprofloxacin,ciprofloxacin_vs_control,not_regulated,b4001,b4001,154.9831512503896,0.8506024371601733,1.8032537664402117,0.011230427591680314,0.03273782456732213,1.263102244627499,BH_from_pvalue
fluoroquinolone,ciprofloxacin,ciprofloxacin_vs_control,not_regulated,b2966,b2966,441.75722719609365,-1.0224401455357128,0.49228301005950675,0.027381682335600746,0.05817799109377995,1.2629602732454874,BH_from_pvalue
fluoroquinolone,ciprofloxacin,ciprofloxacin_vs_control,not_regulated,b0342,b0342,13.055816927477437,1.2676270796068692,2.407652331053524,0.05795793138943901,0.10100533722963839,1.2621200981648344,BH_from_pvalue
fluoroquinolone,ciprofloxacin,ciprofloxacin_vs_control,not_regulated,b3140,b3140,10.965882680785278,1.4098877257387832,2.6571648327034554,0.07888192577310203,0.12730925802921167,1.2620469170930595,BH_from_pvalue
fluoroquinolone,ciprofloxacin,ciprofloxacin_vs_control,not_regulated,b0439,b0439,5021.596134611344,-0.727902993278196,0.6037808925667704,0.004258213798062593,0.018505744602594725,1.261232738364325,BH_from_pvalue
fluoroquinolone,ciprofloxacin,ciprofloxacin_vs_control,not_regulated,b4611,b4611,20.404227144717805,1.3953590243647587,2.6305400665517187,0.07674161423098329,0.12493079291022904,1.260470370234529,BH_from_pvalue
fluoroquinolone,ciprofloxacin,ciprofloxacin_vs_control,not_regulated,b1270,b1270,213.1012786536917,-0.665870344609174,0.6303083392259184,0.0017447354455121223,0.012802144094699389,1.2603043134112657,BH_from_pvalue
fluoroquinolone,ciprofloxacin,ciprofloxacin_vs_control,not_regulated,b3066,b3066,2003.4794962962922,0.8100814941542964,1.753310479861152,0.0083086114513161,0.027819655697177977,1.2602018581267425,BH_from_pvalue
fluoroquinolone,ciprofloxacin,ciprofloxacin_vs_control,not_regulated,b2905,b2905,3739.1175251988248,-1.0137076343380418,0.4952717938319357,0.026669265451581305,0.057177481411445526,1.259810483596241,BH_from_pvalue
fluoroquinolone,ciprofloxacin,ciprofloxacin_vs_control,not_regulated,b1865,b1865,543.4467702978375,-0.8362757677321362,0.5600875374612118,0.010329700801940962,0.031204159977925083,1.2592536011313018,BH_from_pvalue
fluoroquinolone,ciprofloxacin,ciprofloxacin_vs_control,not_regulated,b3450,b3450,642.5224293344221,-1.100233692521991,0.46644093400101105,0.03679876324170028,0.07196558133094255,1.2574297596544806,BH_from_pvalue
fluoroquinolone,ciprofloxacin,ciprofloxacin_vs_control,not_regulated,b4087,b4087,16.572571252652732,1.309924529540948,2.4792856997550787,0.0647627648571719,0.10984272863030137,1.2565171868301614,BH_from_pvalue
fluoroquinolone,ciprofloxacin,ciprofloxacin_vs_control,not_regulated,b2467,b2467,316.53746455682693,-0.8381989357330735,0.559341416637327,0.010648087954839645,0.03169761722095879,1.2564378946739658,BH_from_pvalue
fluoroquinolone,ciprofloxacin,ciprofloxacin_vs_control,not_regulated,b0618,b0618,0.6835266986039761,1.1890252652494002,2.2799864733833797,0.04870209669303393,0.08850991148495621,1.2520532277681131,BH_from_pvalue
fluoroquinolone,ciprofloxacin,ciprofloxacin_vs_control,not_regulated,b2645,b2645,0.6835266986039761,1.1890252652494002,2.2799864733833797,0.04870209669303393,0.08850991148495621,1.2520532277681131,BH_from_pvalue
fluoroquinolone,ciprofloxacin,ciprofloxacin_vs_control,not_regulated,b3730,b3730,3526.2163085009597,0.7725299192505943,1.708262779035571,0.006535283299224799,0.0240358942962117,1.2508338729537123,BH_from_pvalue
fluoroquinolone,ciprofloxacin,ciprofloxacin_vs_control,not_regulated,b1794,b1794,533.0659180250117,-0.7767050574086891,0.5836983692045458,0.006861568845715217,0.02462441812561256,1.249434181243515,BH_from_pvalue
fluoroquinolone,ciprofloxacin,ciprofloxacin_vs_control,not_regulated,b1944,b1944,8.389587344423374,1.762408639575442,3.3926406789994985,0.13577858519024283,0.19568474084771298,1.2485661317741235,BH_from_pvalue
fluoroquinolone,ciprofloxacin,ciprofloxacin_vs_control,not_regulated,b3336,b3336,3256.179604796027,-1.0285878551466894,0.4901897236210916,0.029234911968485756,0.06113372107589444,1.248416796638282,BH_from_pvalue
fluoroquinolone,ciprofloxacin,ciprofloxacin_vs_control,not_regulated,b1713,b1713,4229.931360952766,-0.6880400857992299,0.6206964992485712,0.0028130364911837734,0.01534130101258515,1.248199533524972,BH_from_pvalue
fluoroquinolone,ciprofloxacin,ciprofloxacin_vs_control,not_regulated,b2185,b2185,2953.756971688233,0.9858820690021091,1.9805238422216123,0.02469672824611865,0.0542099946576532,1.2480484553376792,BH_from_pvalue
fluoroquinolone,ciprofloxacin,ciprofloxacin_vs_control,not_regulated,b1245,b1245,2729.116950901445,-0.8019414190790144,0.5735768018411153,0.008405575330659706,0.027964702542387098,1.2457276172716978,BH_from_pvalue
fluoroquinolone,ciprofloxacin,ciprofloxacin_vs_control,not_regulated,b1337,b1337,27.407845695329797,-0.9278967618479603,0.5256240664536714,0.019101772620870986,0.04548426323381562,1.2453662796091116,BH_from_pvalue
fluoroquinolone,ciprofloxacin,ciprofloxacin_vs_control,not_regulated,b0870,b0870,1039.3683550870612,-0.8108700182320483,0.5700379924588889,0.009065271032597827,0.029125420789017878,1.245275622259427,BH_from_pvalue
fluoroquinolone,ciprofloxacin,ciprofloxacin_vs_control,not_regulated,b3429,b3429,3373.2998207569585,-1.0048274553370753,0.49832972751070087,0.026997400236493368,0.05766111408535003,1.2450987525840584,BH_from_pvalue
fluoroquinolone,ciprofloxacin,ciprofloxacin_vs_control,not_regulated,b2692,b2692,7.238718423991724,1.8741211733417387,3.665782458360178,0.15405177044908552,0.21667444136334793,1.2447768797264587,BH_from_pvalue
fluoroquinolone,ciprofloxacin,ciprofloxacin_vs_control,not_regulated,b1533,b1533,223.34809585313712,-0.8569807175089394,0.5521068027732969,0.012584958109666852,0.03529437946159532,1.2445883392604995,BH_from_pvalue
fluoroquinolone,ciprofloxacin,ciprofloxacin_vs_control,not_regulated,b0391,b0391,920.7729477223543,-0.9146866978796364,0.5304590550422688,0.01785336339839143,0.04366744348339568,1.2438296018916728,BH_from_pvalue
fluoroquinolone,ciprofloxacin,ciprofloxacin_vs_control,not_regulated,b2742,b2742,4323.929150041839,-0.7046689034799947,0.6135832889872094,0.0036906059916649433,0.017283681376481293,1.2418829301721472,BH_from_pvalue
fluoroquinolone,ciprofloxacin,ciprofloxacin_vs_control,not_regulated,b3722,b3722,16.083654947520177,1.3830080171842876,2.6081159640085625,0.07807150293166272,0.12650058364071287,1.241813230753549,BH_from_pvalue
fluoroquinolone,ciprofloxacin,ciprofloxacin_vs_control,not_regulated,b3657,b3657,20.99539370725738,0.8125304162391571,1.7562891877057087,0.00939017403952344,0.029651667735837516,1.241506560493293,BH_from_pvalue
fluoroquinolone,ciprofloxacin,ciprofloxacin_vs_control,not_regulated,b3153,b3153,433.4545700641329,-0.9537182261007437,0.516300096871401,0.022164141948007164,0.0500222330567668,1.2406318842797974,BH_from_pvalue
fluoroquinolone,ciprofloxacin,ciprofloxacin_vs_control,not_regulated,b4346,b4346,139.70702357759447,0.6784204038371096,1.6003865441383713,0.002593185161392386,0.014845605035194621,1.2404252896751211,BH_from_pvalue
fluoroquinolone,ciprofloxacin,ciprofloxacin_vs_control,not_regulated,b4500,b4500,112.25133722582014,0.639728596034951,1.5580360295041216,0.001252461998511431,0.011520601368720688,1.240129780925653,BH_from_pvalue
fluoroquinolone,ciprofloxacin,ciprofloxacin_vs_control,not_regulated,b0292,b0292,3.838530489403038,1.6423789341670896,3.121801776575648,0.11883645933662525,0.1760047395772606,1.2391348926273704,BH_from_pvalue
fluoroquinolone,ciprofloxacin,ciprofloxacin_vs_control,not_regulated,b2747,b2747,200.777849393953,0.9346361115497812,1.9114084631633161,0.02029191685114048,0.04726724080602272,1.2388038527351566,BH_from_pvalue
fluoroquinolone,ciprofloxacin,ciprofloxacin_vs_control,not_regulated,b3713,b3713,627.5100758678087,-0.668503663139381,0.6291589010538807,0.0022922626639010906,0.014040389266521111,1.238483825519812,BH_from_pvalue
fluoroquinolone,ciprofloxacin,ciprofloxacin_vs_control,not_regulated,b0811,b0811,2306.427157917498,-1.0882419674525323,0.4703341631387923,0.037320937172217114,0.07279686704277215,1.2382967260697622,BH_from_pvalue
fluoroquinolone,ciprofloxacin,ciprofloxacin_vs_control,not_regulated,b1092,b1092,1838.367956434755,-0.6795595582625822,0.6243558555493208,0.0027152068792014434,0.015150207167770687,1.2365139517527235,BH_from_pvalue
fluoroquinolone,ciprofloxacin,ciprofloxacin_vs_control,not_regulated,b1462,b1462,119.17739765082429,-0.9380831492137185,0.5219258818320882,0.020901253599641092,0.048311325123939174,1.2344715053388753,BH_from_pvalue
fluoroquinolone,ciprofloxacin,ciprofloxacin_vs_control,not_regulated,b3562,b3562,9.03483789833802,1.9688925808108457,3.9146751145670904,0.17047133126956457,0.23615030737619386,1.2341244819971997,BH_from_pvalue
fluoroquinolone,ciprofloxacin,ciprofloxacin_vs_control,not_regulated,b2848,b2848,9.137550364013748,1.3337973907792766,2.5206527628494313,0.07203421728353405,0.11907751170207137,1.2326558669465353,BH_from_pvalue
fluoroquinolone,ciprofloxacin,ciprofloxacin_vs_control,not_regulated,b3438,b3438,926.3438755921517,-0.7252637267693736,0.6048864603703736,0.004849792245013003,0.019976525199696418,1.2325712364741988,BH_from_pvalue
fluoroquinolone,ciprofloxacin,ciprofloxacin_vs_control,not_regulated,b3257,b3257,20.11452429759062,1.00686461969654,2.009539059917501,0.02841961138163545,0.059768168709433245,1.2319291191862516,BH_from_pvalue
fluoroquinolone,ciprofloxacin,ciprofloxacin_vs_control,not_regulated,b2580,b2580,282.9377600068189,-0.6810070704090778,0.6237297291535956,0.0029868445220505176,0.015543521678165272,1.2315676292697306,BH_from_pvalue
fluoroquinolone,ciprofloxacin,ciprofloxacin_vs_control,not_regulated,b3874,b3874,32.62645465286901,0.8572964506836662,1.8116401907836799,0.01346691324800835,0.03660071044685291,1.2315153397718062,BH_from_pvalue
fluoroquinolone,ciprofloxacin,ciprofloxacin_vs_control,not_regulated,b4360,b4360,213.4054037443608,0.8151156089810128,1.7594391371607858,0.010205322626154142,0.031044218040969844,1.2292100496406373,BH_from_pvalue
fluoroquinolone,ciprofloxacin,ciprofloxacin_vs_control,not_regulated,b0164,b0164,46.53165662286417,0.7930925401124265,1.7327848568453281,0.008626912666950561,0.02826209262632456,1.2283383036000135,BH_from_pvalue
fluoroquinolone,ciprofloxacin,ciprofloxacin_vs_control,not_regulated,b2700,b2700,166.91292719807626,0.803914359283791,1.745831543801082,0.009474064727310353,0.02980023996044893,1.2265966431153685,BH_from_pvalue
fluoroquinolone,ciprofloxacin,ciprofloxacin_vs_control,not_regulated,b0133,b0133,1212.7903953148004,-0.7790610894743573,0.5827459227532827,0.007837427598754871,0.026648040071692577,1.2265029278094113,BH_from_pvalue
fluoroquinolone,ciprofloxacin,ciprofloxacin_vs_control,not_regulated,b0108,b0108,5.854536083447783,1.2531135815303622,2.3835527958161946,0.061258267578851174,0.10516781968308114,1.2256918595402708,BH_from_pvalue
fluoroquinolone,ciprofloxacin,ciprofloxacin_vs_control,not_regulated,b0163,b0163,1655.550537946536,-0.80406959690999,0.5727313192480349,0.009536870366866412,0.02993499156326945,1.2252580245970566,BH_from_pvalue
fluoroquinolone,ciprofloxacin,ciprofloxacin_vs_control,not_regulated,b1157,b1157,2.4492442948134645,1.420936888266949,2.677593378145083,0.08679473614064559,0.1373317410262511,1.2251730975670725,BH_from_pvalue
fluoroquinolone,ciprofloxacin,ciprofloxacin_vs_control,not_regulated,b1283,b1283,3772.135317471573,-0.8237861563020026,0.5649573419694582,0.011167236973725028,0.03261703370637349,1.2246038724319284,BH_from_pvalue
fluoroquinolone,ciprofloxacin,ciprofloxacin_vs_control,not_regulated,b4581,b4581,363.4057756639085,-0.7528284290823759,0.5934389687072357,0.006448534597512522,0.02381404648572358,1.2219661144055305,BH_from_pvalue
fluoroquinolone,ciprofloxacin,ciprofloxacin_vs_control,not_regulated,b0807,b0807,292.0358651544784,0.8176754541581062,1.7625637683303772,0.010860491174583707,0.032075173541219644,1.2214689292725858,BH_from_pvalue
fluoroquinolone,ciprofloxacin,ciprofloxacin_vs_control,not_regulated,b0853,b0853,411.99540354582115,0.9024672783668208,1.869260035375355,0.018485419916468116,0.04434529001827924,1.2211758543146676,BH_from_pvalue
fluoroquinolone,ciprofloxacin,ciprofloxacin_vs_control,not_regulated,b2051,b2051,8.199676903900277,1.8696944988985764,3.6545518412104903,0.1591275793284228,0.22235347990656906,1.22082837080666,BH_from_pvalue
fluoroquinolone,ciprofloxacin,ciprofloxacin_vs_control,not_regulated,b3156,b3156,1414.2722721959399,-0.9276743392666233,0.5257051089962559,0.020963746432204028,0.04835637510361729,1.2203985095852545,BH_from_pvalue
fluoroquinolone,ciprofloxacin,ciprofloxacin_vs_control,not_regulated,b4350,b4350,4445.705320266073,-0.8404492275691453,0.558469645221505,0.012618916120530912,0.03534239396646827,1.2200835359580688,BH_from_pvalue
fluoroquinolone,ciprofloxacin,ciprofloxacin_vs_control,not_regulated,b0319,b0319,6.193921474417991,1.1864177600676045,2.2758693820438936,0.05252686184622046,0.09379349923949966,1.2194325169912503,BH_from_pvalue
fluoroquinolone,ciprofloxacin,ciprofloxacin_vs_control,not_regulated,b4165,b4165,11.311293738394026,1.471795449191725,2.773668649056921,0.09632490080610302,0.14894101197176052,1.2171537893532247,BH_from_pvalue
fluoroquinolone,ciprofloxacin,ciprofloxacin_vs_control,not_regulated,b2408,b2408,34.78795269930802,1.2646277858872494,2.4026521368424274,0.06413084904631589,0.10918264913335686,1.2163776483892914,BH_from_pvalue
fluoroquinolone,ciprofloxacin,ciprofloxacin_vs_control,not_regulated,b3789,b3789,397.4383314481839,0.7834619942535763,1.7212563709295143,0.008494066819028782,0.028087975641270455,1.2155252702588835,BH_from_pvalue
fluoroquinolone,ciprofloxacin,ciprofloxacin_vs_control,not_regulated,b4656,b4656,308.4591496139304,-0.884001155106743,0.5418625495750989,0.01690624926951724,0.042223381018483365,1.2150127300621894,BH_from_pvalue
fluoroquinolone,ciprofloxacin,ciprofloxacin_vs_control,not_regulated,b4547,b4547,237.81739993724582,-0.9337750011813091,0.5234867762038484,0.022148966705450086,0.05001307843429442,1.2147632247882554,BH_from_pvalue
fluoroquinolone,ciprofloxacin,ciprofloxacin_vs_control,not_regulated,b3742,b3742,985.305398561145,1.1004466142980718,2.1442106044191456,0.0416891027669888,0.07874213222087455,1.214665081925048,BH_from_pvalue
fluoroquinolone,ciprofloxacin,ciprofloxacin_vs_control,not_regulated,b4284,b4284,3.5612743138810834,1.5539739332205404,2.936248219119347,0.11008497598941541,0.16544010090223538,1.214211850585533,BH_from_pvalue
fluoroquinolone,ciprofloxacin,ciprofloxacin_vs_control,not_regulated,b4505,b4505,67.7696269816462,-0.8685632120043101,0.5476920286424769,0.015622389634300972,0.04001848269483623,1.21402500692348,BH_from_pvalue
fluoroquinolone,ciprofloxacin,ciprofloxacin_vs_control,not_regulated,b4599,b4599,61.2362090049071,1.1120766204419024,2.161565600143629,0.04329620241596935,0.08097560019419132,1.2139937990057657,BH_from_pvalue
fluoroquinolone,ciprofloxacin,ciprofloxacin_vs_control,not_regulated,b0096,b0096,25300.399504842764,-0.6420662825010481,0.6407945210423067,0.0018195553272505516,0.012881315989836857,1.2135308063469603,BH_from_pvalue
fluoroquinolone,ciprofloxacin,ciprofloxacin_vs_control,not_regulated,b3683,b3683,12.37649701532653,1.0707112248840933,2.1004686084616098,0.037903664350050555,0.07359958406307408,1.2132492712463083,BH_from_pvalue
fluoroquinolone,ciprofloxacin,ciprofloxacin_vs_control,not_regulated,b0909,b0909,26.450550355071382,0.8724198409894521,1.8307310227037792,0.016152708547636868,0.04097100090879745,1.2105029668879297,BH_from_pvalue
fluoroquinolone,ciprofloxacin,ciprofloxacin_vs_control,not_regulated,b1692,b1692,11.884247826749965,1.4060843151324343,2.650168912846598,0.08729096668155965,0.1377665853100545,1.2104362681003142,BH_from_pvalue
fluoroquinolone,ciprofloxacin,ciprofloxacin_vs_control,not_regulated,b4415,b4415,2.8989778018687566,1.4654500178769712,2.761495962093023,0.09690873662957794,0.14943280677402865,1.2098081917374834,BH_from_pvalue
fluoroquinolone,ciprofloxacin,ciprofloxacin_vs_control,not_regulated,b1799,b1799,559.677203434567,-1.027895304931521,0.49042509040622734,0.033533313620763165,0.06718612234574287,1.2054338173536294,BH_from_pvalue
fluoroquinolone,ciprofloxacin,ciprofloxacin_vs_control,not_regulated,b2813,b2813,645.3428170145279,0.8276788262239059,1.7748275172159351,0.012427829063989194,0.03497646406573574,1.2052858517358478,BH_from_pvalue
fluoroquinolone,ciprofloxacin,ciprofloxacin_vs_control,not_regulated,b0207,b0207,76.19967216203754,-1.063142983866043,0.4785882944050913,0.03791245804227271,0.07359958406307408,1.2046735108672573,BH_from_pvalue
fluoroquinolone,ciprofloxacin,ciprofloxacin_vs_control,not_regulated,b0085,b0085,1692.0282785673232,-0.7316219180962555,0.6022264932698665,0.005974722880329362,0.02263717645447781,1.2036480965706355,BH_from_pvalue
fluoroquinolone,ciprofloxacin,ciprofloxacin_vs_control,not_regulated,b1338,b1338,33.96739499797248,-0.8572577691079335,0.5520007877237546,0.015549557119259007,0.039875660161018824,1.1995540359077559,BH_from_pvalue
fluoroquinolone,ciprofloxacin,ciprofloxacin_vs_control,not_regulated,b1702,b1702,9057.015900576806,-0.8614530901779762,0.5503979149354556,0.01588975056856484,0.040563052245973126,1.1990301725895955,BH_from_pvalue
fluoroquinolone,ciprofloxacin,ciprofloxacin_vs_control,not_regulated,b1590,b1590,117.87570956165473,-0.6110692392702823,0.6547112892255984,0.0010267073814517389,0.010917564543191304,1.1988409944358365,BH_from_pvalue
fluoroquinolone,ciprofloxacin,ciprofloxacin_vs_control,not_regulated,b0059,b0059,1616.547726560135,0.7834117238456351,1.721196395155027,0.009253038578803512,0.029495749943847852,1.1988083928185889,BH_from_pvalue
fluoroquinolone,ciprofloxacin,ciprofloxacin_vs_control,not_regulated,b1589,b1589,37.45011279987589,-1.3195030669638363,0.40067292590975395,0.07584823976817084,0.12374515142445865,1.1974118345819915,BH_from_pvalue
fluoroquinolone,ciprofloxacin,ciprofloxacin_vs_control,not_regulated,b3981,b3981,2422.5869033984814,0.6913216555858313,1.614762127623653,0.004357492833247463,0.01868446402664165,1.1949628626213107,BH_from_pvalue
fluoroquinolone,ciprofloxacin,ciprofloxacin_vs_control,not_regulated,b2374,b2374,11.907211768923608,1.376135422556564,2.5957211769840183,0.08528203358060381,0.1354514784765381,1.1947831363461152,BH_from_pvalue
fluoroquinolone,ciprofloxacin,ciprofloxacin_vs_control,not_regulated,b2537,b2537,335.9517847866503,0.970522196706459,1.9595497438328973,0.02783301237854902,0.058886589688952724,1.1937263818296386,BH_from_pvalue
fluoroquinolone,ciprofloxacin,ciprofloxacin_vs_control,not_regulated,b3523,b3523,83.63679942187035,-0.8297730471610381,0.5626177417481336,0.013376339624653988,0.036486825731772976,1.1931007243039333,BH_from_pvalue
fluoroquinolone,ciprofloxacin,ciprofloxacin_vs_control,not_regulated,b0314,b0314,634.8344873134785,-0.9759660624708424,0.5083992959391797,0.02871768254717666,0.060192048507549216,1.191128395686532,BH_from_pvalue
fluoroquinolone,ciprofloxacin,ciprofloxacin_vs_control,not_regulated,b0894,b0894,1520.449889804154,-1.0758927502848206,0.47437742139996886,0.04130693656227658,0.07819346677536312,1.1908298688707486,BH_from_pvalue
fluoroquinolone,ciprofloxacin,ciprofloxacin_vs_control,not_regulated,b4679,b4679,156.4102487808714,-1.10951347330571,0.4634502960728888,0.04576470078690138,0.08460732599238899,1.1900553092824357,BH_from_pvalue
fluoroquinolone,ciprofloxacin,ciprofloxacin_vs_control,not_regulated,b1921,b1921,16.933970843670426,1.53342104509498,2.894714459950013,0.11178235513553947,0.16754316341208148,1.1897404294118197,BH_from_pvalue
fluoroquinolone,ciprofloxacin,ciprofloxacin_vs_control,not_regulated,b2869,b2869,2811.0057389000153,-0.9373350956603144,0.5221965764263903,0.024522190386183754,0.05385781853371803,1.1892450661388434,BH_from_pvalue
fluoroquinolone,ciprofloxacin,ciprofloxacin_vs_control,not_regulated,b4138,b4138,8714.33469728469,-0.8431786571257902,0.5574140773366262,0.01498805266424618,0.03889947190746649,1.1889293729031751,BH_from_pvalue
fluoroquinolone,ciprofloxacin,ciprofloxacin_vs_control,not_regulated,b1869,b1869,368.55999099254245,-0.7767397334458224,0.5836843398341598,0.009269102873316754,0.029495749943847852,1.188598642511512,BH_from_pvalue
fluoroquinolone,ciprofloxacin,ciprofloxacin_vs_control,not_regulated,b3736,b3736,3259.098288907318,0.8233964204746229,1.7695670414879172,0.013123431904559996,0.03610377630954447,1.1877060013995855,BH_from_pvalue
fluoroquinolone,ciprofloxacin,ciprofloxacin_vs_control,not_regulated,b3100,b3100,2326.325085392558,-0.8288055599300801,0.5629951659589094,0.014021256483296258,0.03739518519605136,1.1828582925269495,BH_from_pvalue
fluoroquinolone,ciprofloxacin,ciprofloxacin_vs_control,not_regulated,b3859,b3859,596.422025908441,0.8703537668205676,1.8281111211531282,0.017925274485148187,0.043762690673719726,1.1827202383960431,BH_from_pvalue
fluoroquinolone,ciprofloxacin,ciprofloxacin_vs_control,not_regulated,b3984,b3984,17046.259973414166,0.8718859016076514,1.8300535971221055,0.018110331403391727,0.044032578731057294,1.182474223908876,BH_from_pvalue
fluoroquinolone,ciprofloxacin,ciprofloxacin_vs_control,not_regulated,b3642,b3642,46.575660369566144,1.1180643499155272,2.1705555569831763,0.04801216050876885,0.08764557547420547,1.182095898678871,BH_from_pvalue
fluoroquinolone,ciprofloxacin,ciprofloxacin_vs_control,not_regulated,b0397,b0397,403.41037098112633,-0.6582940678352092,0.633627094191309,0.003237947670626014,0.016110005253358647,1.1802582767094651,BH_from_pvalue
fluoroquinolone,ciprofloxacin,ciprofloxacin_vs_control,not_regulated,b3931,b3931,2235.085989632315,-0.823040752113176,0.5652493166193091,0.013639125045290572,0.03685930056977144,1.1797901612237518,BH_from_pvalue
fluoroquinolone,ciprofloxacin,ciprofloxacin_vs_control,not_regulated,b4376,b4376,10006.220426889146,-0.904424099689626,0.5342459237161252,0.02196169463647228,0.04964005149490066,1.1795207672415788,BH_from_pvalue
fluoroquinolone,ciprofloxacin,ciprofloxacin_vs_control,not_regulated,b4304,b4304,136.2200209527975,-0.849477759568467,0.5549855986264042,0.016097192951375756,0.040930002201971814,1.1790396492857713,BH_from_pvalue
fluoroquinolone,ciprofloxacin,ciprofloxacin_vs_control,not_regulated,b3399,b3399,397.5645917767688,0.5917947220059077,1.5071204493534256,0.0008330102662824663,0.010191292132459772,1.1787194168342399,BH_from_pvalue
fluoroquinolone,ciprofloxacin,ciprofloxacin_vs_control,not_regulated,b2814,b2814,24.130048128815947,-1.0788940036057997,0.473391594942762,0.04320417797090594,0.08090440987224601,1.1781822511998519,BH_from_pvalue
fluoroquinolone,ciprofloxacin,ciprofloxacin_vs_control,not_regulated,b3946,b3946,43.64813080585524,-0.9933312166489179,0.5023165741862207,0.03218264819666634,0.06523978606988429,1.1775817126255383,BH_from_pvalue
fluoroquinolone,ciprofloxacin,ciprofloxacin_vs_control,not_regulated,b3433,b3433,3324.376062733177,-0.8184713265728707,0.5670424601777441,0.01332312732899728,0.03644158232150819,1.177291426491424,BH_from_pvalue
fluoroquinolone,ciprofloxacin,ciprofloxacin_vs_control,not_regulated,b0619,b0619,156.61126711833825,0.798724055223694,1.739561946983442,0.011649926805877828,0.03359062229028107,1.1771450959934417,BH_from_pvalue
fluoroquinolone,ciprofloxacin,ciprofloxacin_vs_control,not_regulated,b0034,b0034,94.6415387109631,1.0604322107670088,2.0855562308708664,0.0408594057305335,0.07764495436245868,1.176959671641973,BH_from_pvalue
fluoroquinolone,ciprofloxacin,ciprofloxacin_vs_control,not_regulated,b1638,b1638,443.47855751610786,-0.7773291709144772,0.5834459144311477,0.009897815458162665,0.030638964502424773,1.1766633116923677,BH_from_pvalue
fluoroquinolone,ciprofloxacin,ciprofloxacin_vs_control,not_regulated,b3141,b3141,4.291171147767286,1.5976870141551227,3.0265769132076836,0.1252817730586021,0.1836159710712259,1.1760407092085148,BH_from_pvalue
fluoroquinolone,ciprofloxacin,ciprofloxacin_vs_control,not_regulated,b3486,b3486,816.7068621032089,-0.9687920661902432,0.5109336762744767,0.029248565218806245,0.06113385053633387,1.175840610379738,BH_from_pvalue
fluoroquinolone,ciprofloxacin,ciprofloxacin_vs_control,not_regulated,b1289,b1289,136.92793178085546,-0.8766873924753504,0.5446165040348825,0.019238893043104097,0.045665720795716215,1.1751202698221874,BH_from_pvalue
fluoroquinolone,ciprofloxacin,ciprofloxacin_vs_control,not_regulated,b1948,b1948,5.548499100873978,1.7085939720386925,3.2684213293601236,0.14419409205347747,0.20529240993570028,1.1748755301229439,BH_from_pvalue
fluoroquinolone,ciprofloxacin,ciprofloxacin_vs_control,not_regulated,b0426,b0426,1554.587362892449,-0.8306942787015767,0.5622585974043008,0.014751148148128397,0.0386433688819345,1.1737087298008666,BH_from_pvalue
fluoroquinolone,ciprofloxacin,ciprofloxacin_vs_control,not_regulated,b0673,b0673,6.35587090081065,1.7705178257334473,3.411763929869941,0.15536699180512123,0.21818318112377,1.1706287283404286,BH_from_pvalue
fluoroquinolone,ciprofloxacin,ciprofloxacin_vs_control,not_regulated,b0351,b0351,25.9265855396972,-0.8002065937745577,0.5742669366467061,0.012189724195611745,0.03449498477367541,1.170097324450391,BH_from_pvalue
fluoroquinolone,ciprofloxacin,ciprofloxacin_vs_control,not_regulated,b3391,b3391,50.492451301642376,0.7364213417076799,1.6660380401526393,0.0074061059739584335,0.025813894825286687,1.1695449496579275,BH_from_pvalue
fluoroquinolone,ciprofloxacin,ciprofloxacin_vs_control,not_regulated,b1881,b1881,56.28593854822176,1.1422672679379797,2.2072763534367477,0.05330955701244658,0.09477722823793862,1.1688775221023144,BH_from_pvalue
fluoroquinolone,ciprofloxacin,ciprofloxacin_vs_control,not_regulated,b3611,b3611,992.6587996367889,0.7936318411022807,1.7334327188310088,0.011726423274014172,0.03370316414473849,1.1684874324857537,BH_from_pvalue
fluoroquinolone,ciprofloxacin,ciprofloxacin_vs_control,not_regulated,b0767,b0767,1756.7847994435704,-0.8391869103759966,0.5589585041400843,0.015906275200697283,0.04058220411386068,1.1678665222013662,BH_from_pvalue
fluoroquinolone,ciprofloxacin,ciprofloxacin_vs_control,not_regulated,b1763,b1763,1396.7398780518415,-0.7448319510284538,0.5967373770311449,0.008049410587834411,0.027138716008606966,1.1667127404758393,BH_from_pvalue
fluoroquinolone,ciprofloxacin,ciprofloxacin_vs_control,not_regulated,b3358,b3358,850.1091166586012,-0.7832570758708659,0.581053505787219,0.011029887709375632,0.03239550357211622,1.1666733707509482,BH_from_pvalue
fluoroquinolone,ciprofloxacin,ciprofloxacin_vs_control,not_regulated,b1446,b1446,471.3716723142974,-0.8110936467898888,0.5699496391401782,0.013353369098911662,0.03646839963989354,1.1664202238202463,BH_from_pvalue
fluoroquinolone,ciprofloxacin,ciprofloxacin_vs_control,not_regulated,b4190,b4190,159.02665140033844,-0.9874236950885598,0.5043776679940495,0.03272063370402007,0.06600629373656809,1.1655693976762023,BH_from_pvalue
fluoroquinolone,ciprofloxacin,ciprofloxacin_vs_control,not_regulated,b4327,b4327,169.60861797496037,0.8888190007327603,1.8516597228603178,0.021341376607600552,0.0488516600412149,1.1653489671434192,BH_from_pvalue
fluoroquinolone,ciprofloxacin,ciprofloxacin_vs_control,not_regulated,b3455,b3455,21.553793737379277,1.1349735055934542,2.196145296042531,0.05297222638691937,0.09425200723432094,1.1641529844578082,BH_from_pvalue
fluoroquinolone,ciprofloxacin,ciprofloxacin_vs_control,not_regulated,b1327,b1327,69.26510128357256,-0.9308970592375774,0.5245320894424703,0.026219758450747022,0.056449513964173824,1.1620758422709296,BH_from_pvalue
fluoroquinolone,ciprofloxacin,ciprofloxacin_vs_control,not_regulated,b1647,b1647,789.232235892396,-0.911228380457926,0.5317321559079756,0.024103188116653358,0.053093114666359846,1.1617813728454311,BH_from_pvalue
fluoroquinolone,ciprofloxacin,ciprofloxacin_vs_control,not_regulated,b0602,b0602,14.06066395805369,1.1133338612373218,2.1634501237992656,0.05000487368804967,0.09047543115400138,1.1617297478446347,BH_from_pvalue
fluoroquinolone,ciprofloxacin,ciprofloxacin_vs_control,not_regulated,b1202,b1202,168.1592646405342,0.6646607401740328,1.5851954595916549,0.0040361077613425425,0.017886120897062815,1.1614839012481428,BH_from_pvalue
fluoroquinolone,ciprofloxacin,ciprofloxacin_vs_control,not_regulated,b2070,b2070,141.63331495118135,-0.7306230607513768,0.6026435922590399,0.0073785518276066496,0.025807718600757937,1.1604123577764143,BH_from_pvalue
fluoroquinolone,ciprofloxacin,ciprofloxacin_vs_control,not_regulated,b1906,b1906,77.91861213352804,-0.8030220436796682,0.5731473353843133,0.01297554963820488,0.03591632139855111,1.1601324917715221,BH_from_pvalue
fluoroquinolone,ciprofloxacin,ciprofloxacin_vs_control,not_regulated,b3747,b3747,535.9595160613247,0.9063687127853264,1.8743218571496156,0.0236509069462208,0.05250828205533127,1.1599454730083145,BH_from_pvalue
fluoroquinolone,ciprofloxacin,ciprofloxacin_vs_control,not_regulated,b1247,b1247,5138.21637374218,-0.7536396725417518,0.5931053651813754,0.008998531626921625,0.028942388529336834,1.159448734141015,BH_from_pvalue
fluoroquinolone,ciprofloxacin,ciprofloxacin_vs_control,not_regulated,b0431,b0431,8150.3285035928575,0.749508529802716,1.6812200065496041,0.008721430455149701,0.028405737563952267,1.1591853424114211,BH_from_pvalue
fluoroquinolone,ciprofloxacin,ciprofloxacin_vs_control,not_regulated,b3080,b3080,51.67374463349603,1.0530067470130149,2.074849576501627,0.04205335984906008,0.07930542196999484,1.1590414934931033,BH_from_pvalue
fluoroquinolone,ciprofloxacin,ciprofloxacin_vs_control,not_regulated,b4109,b4109,149.57366276115184,0.9057386904128002,1.8735035228054726,0.0237500746776729,0.052624549704518575,1.1582691504739806,BH_from_pvalue
fluoroquinolone,ciprofloxacin,ciprofloxacin_vs_control,not_regulated,b1957,b1957,162.68355732637264,-0.9033732484421249,0.5346352073098413,0.023601009814742203,0.052423378837881694,1.156746852128873,BH_from_pvalue
fluoroquinolone,ciprofloxacin,ciprofloxacin_vs_control,not_regulated,b2754,b2754,27.661961993619524,1.2116535603577665,2.3160293889912413,0.0655860146955823,0.11099821202958242,1.1567462879922532,BH_from_pvalue
fluoroquinolone,ciprofloxacin,ciprofloxacin_vs_control,not_regulated,b0109,b0109,704.474378144915,-0.6507594459252175,0.6369449326118986,0.003465103090392369,0.01679529493597508,1.154975911444498,BH_from_pvalue
fluoroquinolone,ciprofloxacin,ciprofloxacin_vs_control,not_regulated,b2219,b2219,276.8614187228005,-0.881332854191144,0.5428656654041879,0.021492386667376552,0.04892345912442294,1.154971585126963,BH_from_pvalue
fluoroquinolone,ciprofloxacin,ciprofloxacin_vs_control,not_regulated,b1147,b1147,23.73380289899895,1.2419513227240526,2.3651821966728597,0.07093425828242454,0.11756164102960413,1.1546848185438336,BH_from_pvalue
fluoroquinolone,ciprofloxacin,ciprofloxacin_vs_control,not_regulated,b3574,b3574,257.7139666581068,0.6513023655487666,1.570585372149183,0.0035176235449647553,0.016904135368858406,1.1541123756820773,BH_from_pvalue
fluoroquinolone,ciprofloxacin,ciprofloxacin_vs_control,not_regulated,b2250,b2250,67.1298016765105,0.911230311686472,1.880648607603831,0.02486059769420935,0.05441506979491662,1.1520509960526855,BH_from_pvalue
fluoroquinolone,ciprofloxacin,ciprofloxacin_vs_control,not_regulated,b1926,b1926,4.039730290563553,1.2363062103908524,2.3559455729099934,0.07055043009583956,0.11709809393767022,1.1515576348989702,BH_from_pvalue
fluoroquinolone,ciprofloxacin,ciprofloxacin_vs_control,not_regulated,b0923,b0923,301.5901153830413,-0.6214578829227833,0.6500137390052516,0.0023130114741825537,0.014069238609257816,1.1507718356662264,BH_from_pvalue
fluoroquinolone,ciprofloxacin,ciprofloxacin_vs_control,not_regulated,b0311,b0311,280.6260304946153,-1.0082609607032316,0.4971451505123049,0.03710660548549856,0.07243470409932005,1.1494712452534812,BH_from_pvalue
fluoroquinolone,ciprofloxacin,ciprofloxacin_vs_control,not_regulated,b2486,b2486,51.99284647582721,-0.71641042641573,0.6086098437740799,0.006981392885768504,0.024922464444592642,1.1486989360915174,BH_from_pvalue
fluoroquinolone,ciprofloxacin,ciprofloxacin_vs_control,not_regulated,b0935,b0935,17.94681289600291,-1.0187569813011987,0.49354140186806605,0.038671094897313525,0.07462144352128539,1.1482780294801371,BH_from_pvalue
fluoroquinolone,ciprofloxacin,ciprofloxacin_vs_control,not_regulated,b3578,b3578,6.398684244532468,1.4188703511475296,2.673760700538779,0.10178250460302189,0.15519244261165846,1.1480497603845377,BH_from_pvalue
fluoroquinolone,ciprofloxacin,ciprofloxacin_vs_control,not_regulated,b4260,b4260,3118.701220488257,-0.6062734968285977,0.6568912725560129,0.001814102442986185,0.012870398720113344,1.146104267748484,BH_from_pvalue
fluoroquinolone,ciprofloxacin,ciprofloxacin_vs_control,not_regulated,b0741,b0741,3939.094569983627,-0.5295910723412636,0.692751064477686,0.00028479247234664457,0.006890571931878038,1.1448407092895758,BH_from_pvalue
fluoroquinolone,ciprofloxacin,ciprofloxacin_vs_control,not_regulated,b3684,b3684,23.607056721742552,1.2889048819919044,2.4434251011155945,0.08064006819183633,0.12940386254972522,1.144615538224377,BH_from_pvalue
fluoroquinolone,ciprofloxacin,ciprofloxacin_vs_control,not_regulated,b1900,b1900,366.85017349370924,1.2780959909892173,2.4251869947148443,0.07887732560244294,0.12730925802921167,1.1440748619410224,BH_from_pvalue
fluoroquinolone,ciprofloxacin,ciprofloxacin_vs_control,not_regulated,b2988,b2988,1338.884277690472,-0.7076851678330289,0.6123018011998481,0.006641459654596462,0.024188895163056588,1.1438909594997606,BH_from_pvalue
fluoroquinolone,ciprofloxacin,ciprofloxacin_vs_control,not_regulated,b2314,b2314,1027.5352402476549,-0.6009568196549608,0.659316540515416,0.0016241102939701785,0.01250898647650319,1.1434873414697575,BH_from_pvalue
fluoroquinolone,ciprofloxacin,ciprofloxacin_vs_control,not_regulated,b2849,b2849,2.0988414529199524,1.9073888736071067,3.751295398651471,0.18438479872976168,0.25178953766667395,1.1424540641407,BH_from_pvalue
fluoroquinolone,ciprofloxacin,ciprofloxacin_vs_control,not_regulated,b4272,b4272,0.9415826928729957,1.37299181660976,2.5900713060215845,0.09489943681415855,0.14724307236636258,1.1422813140475958,BH_from_pvalue
fluoroquinolone,ciprofloxacin,ciprofloxacin_vs_control,not_regulated,b0434,b0434,565.3328027556043,1.0987525477289868,2.141694269668756,0.05065233128669191,0.09135292146252615,1.1419088661557666,BH_from_pvalue
fluoroquinolone,ciprofloxacin,ciprofloxacin_vs_control,not_regulated,b3098,b3098,1026.4924815795619,-0.9027977496210422,0.5348485187158866,0.025096695352761853,0.05479851247413729,1.13863671659279,BH_from_pvalue
fluoroquinolone,ciprofloxacin,ciprofloxacin_vs_control,not_regulated,b2603,b2603,130.6371004553754,0.9797567613707301,1.9721328790163755,0.034730229781306604,0.06884820341838568,1.1385825709263306,BH_from_pvalue
fluoroquinolone,ciprofloxacin,ciprofloxacin_vs_control,not_regulated,b0763,b0763,248.78448554735277,1.0155656339107457,2.021695378764328,0.03954708787184107,0.0757592850287654,1.13800642366094,BH_from_pvalue
fluoroquinolone,ciprofloxacin,ciprofloxacin_vs_control,not_regulated,b4248,b4248,96.58128761361782,1.1668877046047363,2.2452680718832307,0.06210504213891296,0.1061514317580695,1.1366351417099054,BH_from_pvalue
fluoroquinolone,ciprofloxacin,ciprofloxacin_vs_control,not_regulated,b4366,b4366,15.00528269856742,0.8669606403811554,1.8238165729809426,0.021508467345971123,0.04893529899958427,1.1360459365359465,BH_from_pvalue
fluoroquinolone,ciprofloxacin,ciprofloxacin_vs_control,not_regulated,b0312,b0312,503.1496939506009,-1.0066110771093104,0.4977140169717025,0.03865577924488472,0.07462144352128539,1.134587939313685,BH_from_pvalue
fluoroquinolone,ciprofloxacin,ciprofloxacin_vs_control,not_regulated,b0697,b0697,100.1641424049808,-0.6720520310391027,0.627613360251838,0.005059086699844653,0.020574839037885394,1.1335256669415756,BH_from_pvalue
fluoroquinolone,ciprofloxacin,ciprofloxacin_vs_control,not_regulated,b2783,b2783,30.680633921534238,-0.8033501553986779,0.5730169994720458,0.014986668805664582,0.03889947190746649,1.132768943340708,BH_from_pvalue
fluoroquinolone,ciprofloxacin,ciprofloxacin_vs_control,not_regulated,b0285,b0285,79.91153509257151,-0.9540733623369224,0.5161730192132132,0.032368180313765225,0.06549351104422671,1.1294336938636644,BH_from_pvalue
fluoroquinolone,ciprofloxacin,ciprofloxacin_vs_control,not_regulated,b4329,b4329,17.64680368268622,1.34539439065406,2.5409965043105904,0.09317089519801497,0.14511173358749008,1.1278407132070938,BH_from_pvalue
fluoroquinolone,ciprofloxacin,ciprofloxacin_vs_control,not_regulated,b1542,b1542,42.43245872820218,1.014042207496452,2.019561678640033,0.04055329724506709,0.07735739228511948,1.1271060667871406,BH_from_pvalue
fluoroquinolone,ciprofloxacin,ciprofloxacin_vs_control,not_regulated,b2882,b2882,29.04395922064219,1.0772993757493001,2.1100824549918173,0.049632476716127055,0.0899101410669108,1.127061256958971,BH_from_pvalue
fluoroquinolone,ciprofloxacin,ciprofloxacin_vs_control,not_regulated,b4106,b4106,1.3373395751249475,1.2611772242804795,2.396912467339091,0.07919319775305875,0.12774520916121263,1.127057809427993,BH_from_pvalue
fluoroquinolone,ciprofloxacin,ciprofloxacin_vs_control,not_regulated,b3833,b3833,2106.0335750784725,0.7804777757986425,1.7176996274715917,0.013046714945586345,0.03602463095472522,1.126541980226522,BH_from_pvalue
fluoroquinolone,ciprofloxacin,ciprofloxacin_vs_control,not_regulated,b2791,b2791,175.8121567609265,0.7858384830702612,1.7240940582719722,0.013683599147067379,0.03685930056977144,1.1264624604029372,BH_from_pvalue
fluoroquinolone,ciprofloxacin,ciprofloxacin_vs_control,not_regulated,b1751,b1751,23.260183499294527,-0.9912248088010207,0.5030505174991595,0.0376387721470137,0.07319742806933083,1.1255399121620535,BH_from_pvalue
fluoroquinolone,ciprofloxacin,ciprofloxacin_vs_control,not_regulated,b0126,b0126,713.9657643514973,0.708702476095393,1.6343335771111445,0.007459747185292302,0.02588028176972934,1.1247327990759972,BH_from_pvalue
fluoroquinolone,ciprofloxacin,ciprofloxacin_vs_control,not_regulated,b2805,b2805,567.5700215395303,-0.9219049316783181,0.5278116385277746,0.029101074041693143,0.060910484429751395,1.1203983893668585,BH_from_pvalue
fluoroquinolone,ciprofloxacin,ciprofloxacin_vs_control,not_regulated,b3726,b3726,296.58663177442287,0.7453289286272788,1.6763564282463084,0.010500180246022872,0.03150754552809265,1.1191750579347801,BH_from_pvalue
fluoroquinolone,ciprofloxacin,ciprofloxacin_vs_control,not_regulated,b2186,b2186,533.9790590633344,0.6062432935605404,1.5222900755220137,0.002377012884467007,0.0142641776424173,1.1189755361740628,BH_from_pvalue
fluoroquinolone,ciprofloxacin,ciprofloxacin_vs_control,not_regulated,b2128,b2128,199.53797045474786,-0.7738204462738052,0.5848666183342445,0.013086764971875104,0.036046704741882554,1.1167269292326674,BH_from_pvalue
fluoroquinolone,ciprofloxacin,ciprofloxacin_vs_control,not_regulated,b0159,b0159,1136.3372636657316,-0.6841706671186465,0.6223634893335247,0.006295720673450514,0.02334554953765904,1.1164268885665631,BH_from_pvalue
fluoroquinolone,ciprofloxacin,ciprofloxacin_vs_control,not_regulated,b1880,b1880,12.78165607705894,0.7305149843745462,1.6592312650695273,0.009481898992016827,0.029804040297757996,1.1145648708518674,BH_from_pvalue
fluoroquinolone,ciprofloxacin,ciprofloxacin_vs_control,not_regulated,b3064,b3064,856.0119269104767,0.810290640421556,1.7535646742078943,0.01698540014391682,0.04237400435237818,1.1124484198208797,BH_from_pvalue
fluoroquinolone,ciprofloxacin,ciprofloxacin_vs_control,not_regulated,b1812,b1812,140.05317843070995,0.586125366978635,1.5012095436048556,0.001768409304344125,0.012802144094699389,1.10936961554656,BH_from_pvalue
fluoroquinolone,ciprofloxacin,ciprofloxacin_vs_control,not_regulated,b2552,b2552,1105.3629358026453,-2.118818122657358,0.2302354477406022,0.22962145099535586,0.300243397260788,1.1071386909004668,BH_from_pvalue
fluoroquinolone,ciprofloxacin,ciprofloxacin_vs_control,not_regulated,b3225,b3225,471.04843045281063,0.8677486524087961,1.8248130288699884,0.024045831549696525,0.052992724306974506,1.1070596326337225,BH_from_pvalue
fluoroquinolone,ciprofloxacin,ciprofloxacin_vs_control,not_regulated,b2208,b2208,392.0237760134249,2.0243159510928654,4.067989487798087,0.2144138499753472,0.2839910180179952,1.1066842094394347,BH_from_pvalue
fluoroquinolone,ciprofloxacin,ciprofloxacin_vs_control,not_regulated,b4498,b4498,904.3662785865487,-1.0171854411580483,0.4940793136939367,0.04393903873578639,0.08187149802550421,1.1055455565283159,BH_from_pvalue
fluoroquinolone,ciprofloxacin,ciprofloxacin_vs_control,not_regulated,b0299,b0299,2.5914798426788184,1.3453884136095318,2.5409859770561387,0.09806978841247425,0.15101605897956494,1.1045327654726897,BH_from_pvalue
fluoroquinolone,ciprofloxacin,ciprofloxacin_vs_control,not_regulated,b1423,b1423,2377.5105943789927,-0.9706077374268318,0.5102910567060734,0.03740098343413832,0.07288978487294376,1.1039045316330705,BH_from_pvalue
fluoroquinolone,ciprofloxacin,ciprofloxacin_vs_control,not_regulated,b0287,b0287,94.34148418397199,-0.8264429550531336,0.5639179007146048,0.019853726765515403,0.04648727901680806,1.1013723222649696,BH_from_pvalue
fluoroquinolone,ciprofloxacin,ciprofloxacin_vs_control,not_regulated,b0086,b0086,1551.8387676791135,-0.6072356158161991,0.6564533443346873,0.0029014542973932736,0.015388253923440346,1.100803195030214,BH_from_pvalue
fluoroquinolone,ciprofloxacin,ciprofloxacin_vs_control,not_regulated,b2269,b2269,10.997216587045001,0.9923760518867009,1.9894588407258993,0.04143373016906346,0.07837212712382147,1.097407511419838,BH_from_pvalue
fluoroquinolone,ciprofloxacin,ciprofloxacin_vs_control,not_regulated,b4496,b4496,247.23720880518837,-0.8372764453080004,0.5596991860122753,0.021444222042513776,0.04892345912442294,1.0972364171245568,BH_from_pvalue
fluoroquinolone,ciprofloxacin,ciprofloxacin_vs_control,not_regulated,b0046,b0046,64.33850260352114,0.7695295704384444,1.7047138250574327,0.014123879888441424,0.037546815448114376,1.0969081438929231,BH_from_pvalue
fluoroquinolone,ciprofloxacin,ciprofloxacin_vs_control,not_regulated,b1007,b1007,7.440166360157335,-1.3427540055122775,0.3942673079677524,0.09951094500621059,0.1525709275070511,1.096396529429908,BH_from_pvalue
fluoroquinolone,ciprofloxacin,ciprofloxacin_vs_control,not_regulated,b0514,b0514,72.58425410001595,0.9365754731393814,1.9139796266452886,0.03388398793506894,0.06758766196538364,1.0959174716423392,BH_from_pvalue
fluoroquinolone,ciprofloxacin,ciprofloxacin_vs_control,not_regulated,b2822,b2822,1219.2247610255076,-0.5625211564711528,0.6771178437682941,0.0011950481615351945,0.011302412504039409,1.0951324140762264,BH_from_pvalue
fluoroquinolone,ciprofloxacin,ciprofloxacin_vs_control,not_regulated,b4445,b4445,10.699736983009165,-1.1210702359601878,0.45975263999884736,0.0615592565473751,0.10552345120049285,1.0948943820406516,BH_from_pvalue
fluoroquinolone,ciprofloxacin,ciprofloxacin_vs_control,not_regulated,b0176,b0176,2744.4953996150184,0.6103855409911478,1.5266671358642085,0.0032361149600015167,0.016110005253358647,1.0943628720636258,BH_from_pvalue
fluoroquinolone,ciprofloxacin,ciprofloxacin_vs_control,not_regulated,b0010,b0010,232.15100668722025,0.8745697274523145,1.833461189354726,0.026073484503199018,0.05627568776170306,1.0929315874245127,BH_from_pvalue
fluoroquinolone,ciprofloxacin,ciprofloxacin_vs_control,not_regulated,b2917,b2917,48.11429248790529,0.7295139783099467,1.6580804158313256,0.010742804772188664,0.03181634304732002,1.0923375653007157,BH_from_pvalue
fluoroquinolone,ciprofloxacin,ciprofloxacin_vs_control,not_regulated,b4608,b4608,2.1072731884751454,1.8728395093274333,3.662527290079172,0.19287199892842516,0.2610707948179526,1.0923181154282384,BH_from_pvalue
fluoroquinolone,ciprofloxacin,ciprofloxacin_vs_control,not_regulated,b1594,b1594,566.2974772845477,-0.7536917886292294,0.5930839401595089,0.012736890243796976,0.03554135194211867,1.0922999261546653,BH_from_pvalue
fluoroquinolone,ciprofloxacin,ciprofloxacin_vs_control,not_regulated,b2896,b2896,475.0837279943624,-0.7402798200955854,0.5986232341753978,0.011587574271236084,0.03348134648866394,1.092058632470157,BH_from_pvalue
fluoroquinolone,ciprofloxacin,ciprofloxacin_vs_control,not_regulated,b1399,b1399,529.2665156411688,-0.8058488780880779,0.5720254029686325,0.018397643594354442,0.04422907583506482,1.0913547976762896,BH_from_pvalue
fluoroquinolone,ciprofloxacin,ciprofloxacin_vs_control,not_regulated,b2854,b2854,0.7380005305714118,1.2128411577184055,2.31793668242782,0.077685815239716,0.12597429102462535,1.0912151143075133,BH_from_pvalue
fluoroquinolone,ciprofloxacin,ciprofloxacin_vs_control,not_regulated,b4590,b4590,0.7380005305714118,1.2128411577184055,2.31793668242782,0.077685815239716,0.12597429102462535,1.0912151143075133,BH_from_pvalue
fluoroquinolone,ciprofloxacin,ciprofloxacin_vs_control,not_regulated,b2471,b2471,101.74523130616875,0.942663387176764,1.9220733420181604,0.035362737518184056,0.06973327196702844,1.090246726265061,BH_from_pvalue
fluoroquinolone,ciprofloxacin,ciprofloxacin_vs_control,not_regulated,b1559,b1559,22.775626271020247,1.2805614306597501,2.42933497047636,0.0902103412362042,0.14128346618399948,1.0883602481114678,BH_from_pvalue
fluoroquinolone,ciprofloxacin,ciprofloxacin_vs_control,not_regulated,b1940,b1940,11.095858826513293,1.3448394553604541,2.5400192932996757,0.10189439238010432,0.1553103954339916,1.0877054448428443,BH_from_pvalue
fluoroquinolone,ciprofloxacin,ciprofloxacin_vs_control,not_regulated,b3020,b3020,480.8695605019722,0.8622714618206135,1.8178982619000634,0.025071475490419826,0.05477721216481093,1.0876692862079755,BH_from_pvalue
fluoroquinolone,ciprofloxacin,ciprofloxacin_vs_control,not_regulated,b2575,b2575,204.90759781428082,0.7562592682321005,1.6891052984502364,0.013343533306440065,0.03646367728576392,1.0876063529447888,BH_from_pvalue
fluoroquinolone,ciprofloxacin,ciprofloxacin_vs_control,not_regulated,b4231,b4231,317.4601250147815,-0.8778696518850255,0.5441703846417502,0.02711238929725473,0.057796932255474776,1.0868862131473156,BH_from_pvalue
fluoroquinolone,ciprofloxacin,ciprofloxacin_vs_control,not_regulated,b0839,b0839,1381.8275652342843,-0.730192167185594,0.6028236123061137,0.011115610048872371,0.032508461638379664,1.0865285600651635,BH_from_pvalue
fluoroquinolone,ciprofloxacin,ciprofloxacin_vs_control,not_regulated,b1206,b1206,271.75715700051245,0.862258418157535,1.8178818260320697,0.02525488557450573,0.05503705199327847,1.0858806868211666,BH_from_pvalue
fluoroquinolone,ciprofloxacin,ciprofloxacin_vs_control,not_regulated,b2536,b2536,409.43838176627315,0.7176886894297301,1.644545232513984,0.010265818568585078,0.031091240943992245,1.0818166178165491,BH_from_pvalue
fluoroquinolone,ciprofloxacin,ciprofloxacin_vs_control,not_regulated,b4527,b4527,6.168026673159813,1.7911097344445455,3.4608099888766444,0.1814294358634242,0.2490294789483314,1.0813811411170493,BH_from_pvalue
fluoroquinolone,ciprofloxacin,ciprofloxacin_vs_control,not_regulated,b3011,b3011,460.6054762201508,-0.7628327239255484,0.5893380318856126,0.014484639901036407,0.03825714050197403,1.0811532796901655,BH_from_pvalue
fluoroquinolone,ciprofloxacin,ciprofloxacin_vs_control,not_regulated,b3421,b3421,168.57396661078974,-0.7857373591848162,0.5800554159992052,0.016854140250067415,0.04211662380266846,1.0808182354241773,BH_from_pvalue
fluoroquinolone,ciprofloxacin,ciprofloxacin_vs_control,not_regulated,b2594,b2594,771.167064691685,0.6151713054291807,1.5317398648971643,0.0038523241071059104,0.017502781650265035,1.0807901142112661,BH_from_pvalue
fluoroquinolone,ciprofloxacin,ciprofloxacin_vs_control,not_regulated,b1152,b1152,16.5525385976316,1.3426322139106768,2.53613617931453,0.10327148385823565,0.15693078864673782,1.079868137428488,BH_from_pvalue
fluoroquinolone,ciprofloxacin,ciprofloxacin_vs_control,not_regulated,b1187,b1187,1888.855229243615,-0.7130530057259854,0.6100278418320354,0.009937000811690433,0.030638964502424773,1.079366814631025,BH_from_pvalue
fluoroquinolone,ciprofloxacin,ciprofloxacin_vs_control,not_regulated,b1650,b1650,390.1659914776366,0.6639510905805004,1.5844159069804515,0.0064267420585365585,0.023772603436922234,1.0782056156901425,BH_from_pvalue
fluoroquinolone,ciprofloxacin,ciprofloxacin_vs_control,not_regulated,b3190,b3190,198.59347281952114,0.9493490516845879,1.9310011877508428,0.03764020700852873,0.07319742806933083,1.0779898149812124,BH_from_pvalue
fluoroquinolone,ciprofloxacin,ciprofloxacin_vs_control,not_regulated,b3743,b3743,65.33845858773822,0.9053825514242151,1.87304109292059,0.03204401043447963,0.06520541487090084,1.0735268829440825,BH_from_pvalue
fluoroquinolone,ciprofloxacin,ciprofloxacin_vs_control,not_regulated,b1593,b1593,581.1382531546504,-0.8138537213981092,0.5688602892363124,0.02074361509428035,0.0480209885198523,1.0731222095740967,BH_from_pvalue
fluoroquinolone,ciprofloxacin,ciprofloxacin_vs_control,not_regulated,b2519,b2519,334.486772649114,0.6072164737199142,1.5233172934954515,0.003640618860838273,0.017206741518526386,1.071312853594075,BH_from_pvalue
fluoroquinolone,ciprofloxacin,ciprofloxacin_vs_control,not_regulated,b4579,b4579,3.929150462650211,1.5559742237278045,2.9403221383070393,0.14373944993450563,0.20492552957382132,1.071138776700007,BH_from_pvalue
fluoroquinolone,ciprofloxacin,ciprofloxacin_vs_control,not_regulated,b1811,b1811,214.4504384541401,-0.7997923939148777,0.5744318331953634,0.019311694345068773,0.04579019565847092,1.0711039688269224,BH_from_pvalue
fluoroquinolone,ciprofloxacin,ciprofloxacin_vs_control,not_regulated,b0308,b0308,63.9254705941025,1.0765838602175766,2.109036203087361,0.05835173554589599,0.10122102062685698,1.0709094966907775,BH_from_pvalue
fluoroquinolone,ciprofloxacin,ciprofloxacin_vs_control,not_regulated,b1971,b1971,403.36498323036153,-0.698740555279489,0.616109823870908,0.009285196912777002,0.029495749943847852,1.0692411366527186,BH_from_pvalue
fluoroquinolone,ciprofloxacin,ciprofloxacin_vs_control,not_regulated,b2709,b2709,340.96299776683526,1.0870126541142513,2.124337005816482,0.060820684254629186,0.10453627733180057,1.0660691484091527,BH_from_pvalue
fluoroquinolone,ciprofloxacin,ciprofloxacin_vs_control,not_regulated,b2419,b2419,43.58828213571073,0.7843688784080349,1.7223387000472057,0.017974955277812166,0.04379695600541622,1.065609103206766,BH_from_pvalue
fluoroquinolone,ciprofloxacin,ciprofloxacin_vs_control,not_regulated,b0324,b0324,220.91764859641296,-0.8093016909672492,0.5706580072264846,0.020888635684544528,0.04830698370646853,1.0650329962822351,BH_from_pvalue
fluoroquinolone,ciprofloxacin,ciprofloxacin_vs_control,not_regulated,b3531,b3531,82.7939314223744,0.7856198672773331,1.723832821057635,0.01828033104965377,0.04417630380099532,1.0643661426488948,BH_from_pvalue
fluoroquinolone,ciprofloxacin,ciprofloxacin_vs_control,not_regulated,b4578,b4578,6.898066945963933,1.3961510888910735,2.631984675060048,0.11609666936550077,0.17285760304734277,1.064302049641178,BH_from_pvalue
fluoroquinolone,ciprofloxacin,ciprofloxacin_vs_control,not_regulated,b1058,b1058,1.835334439288264,1.171528843376096,2.2525027125306964,0.07565764888833953,0.12356866546831927,1.0638555529579645,BH_from_pvalue
fluoroquinolone,ciprofloxacin,ciprofloxacin_vs_control,not_regulated,b0453,b0453,1938.46795429338,-0.7311152422746208,0.6024380329109633,0.01249875635093745,0.035093262213805654,1.0636090967501375,BH_from_pvalue
fluoroquinolone,ciprofloxacin,ciprofloxacin_vs_control,not_regulated,b3803,b3803,1471.5859890930133,-0.5677719994307733,0.6746578802946849,0.001996371632867877,0.013402506872596582,1.0633313274277385,BH_from_pvalue
fluoroquinolone,ciprofloxacin,ciprofloxacin_vs_control,not_regulated,b3242,b3242,10.27550575767161,1.6248042700171976,3.0840032166849105,0.15862047186733755,0.2217826802795413,1.0627395834310753,BH_from_pvalue
fluoroquinolone,ciprofloxacin,ciprofloxacin_vs_control,not_regulated,b0151,b0151,253.84098804262496,-0.8057102833626892,0.5720803581113191,0.020755766804907438,0.04802440282328892,1.0623596472165573,BH_from_pvalue
fluoroquinolone,ciprofloxacin,ciprofloxacin_vs_control,not_regulated,b1122,b1122,5.218245573202758,1.235444352004898,2.3545385637988065,0.08777689532716491,0.13836682962278304,1.0612071763437139,BH_from_pvalue
fluoroquinolone,ciprofloxacin,ciprofloxacin_vs_control,not_regulated,b4569,b4569,11.532833702666542,1.1456108531504006,2.2123978622511427,0.07159725080661332,0.11852941999563735,1.0610348038589712,BH_from_pvalue
fluoroquinolone,ciprofloxacin,ciprofloxacin_vs_control,not_regulated,b3099,b3099,2206.071756749699,-0.852118801447066,0.5539705543029366,0.026589686970746394,0.057034054360714015,1.059921396116683,BH_from_pvalue
fluoroquinolone,ciprofloxacin,ciprofloxacin_vs_control,not_regulated,b4265,b4265,71.02106474045975,0.7747302912341851,1.7108701779296756,0.01741427569997072,0.04295362583682764,1.0590564400242637,BH_from_pvalue
fluoroquinolone,ciprofloxacin,ciprofloxacin_vs_control,not_regulated,b0971,b0971,30.63318218964339,1.3045902414786363,2.4701355993787786,0.10124223253657116,0.15468327511871505,1.0574442842194332,BH_from_pvalue
fluoroquinolone,ciprofloxacin,ciprofloxacin_vs_control,not_regulated,b0114,b0114,11455.318353084615,-1.2694905618976655,0.41480622159035235,0.09465280814922597,0.14693356231649207,1.0573320196297187,BH_from_pvalue
fluoroquinolone,ciprofloxacin,ciprofloxacin_vs_control,not_regulated,b2957,b2957,1028.6822242163723,1.2233171608484419,2.334829434134039,0.08684440959566689,0.13735096848147316,1.0547052450739114,BH_from_pvalue
fluoroquinolone,ciprofloxacin,ciprofloxacin_vs_control,not_regulated,b2702,b2702,40.91502660472694,0.8894394072937111,1.8524561689910939,0.03214348266157428,0.06523978606988429,1.0544192742185405,BH_from_pvalue
fluoroquinolone,ciprofloxacin,ciprofloxacin_vs_control,not_regulated,b4067,b4067,3377.813509476913,-1.1592095644207827,0.44775778947820727,0.07520488887519006,0.12318703210510011,1.0542257594132871,BH_from_pvalue
fluoroquinolone,ciprofloxacin,ciprofloxacin_vs_control,not_regulated,b2431,b2431,2210.5396209482733,-0.6812245215238253,0.623635724183687,0.008674584827918724,0.028356309997077344,1.0540929571858626,BH_from_pvalue
fluoroquinolone,ciprofloxacin,ciprofloxacin_vs_control,not_regulated,b2982,b2982,0.8942654436896392,1.3185735922985125,2.494193842720731,0.10511286327400793,0.1591375493121803,1.0525214836263694,BH_from_pvalue
fluoroquinolone,ciprofloxacin,ciprofloxacin_vs_control,not_regulated,b3327,b3327,12.561892085322503,0.8276887011378316,1.7748396655414305,0.02432475614145925,0.05350256876493091,1.05250994763002,BH_from_pvalue
fluoroquinolone,ciprofloxacin,ciprofloxacin_vs_control,not_regulated,b0083,b0083,228.57870086771769,-0.5784136485541413,0.6696997578187355,0.0027501811370287304,0.015182678880259974,1.0519329035738023,BH_from_pvalue
fluoroquinolone,ciprofloxacin,ciprofloxacin_vs_control,not_regulated,b4169,b4169,1176.2736056809463,-0.709138413927251,0.6116853319115533,0.011312911299723196,0.032893002602556516,1.051578858271405,BH_from_pvalue
fluoroquinolone,ciprofloxacin,ciprofloxacin_vs_control,not_regulated,b1539,b1539,1127.1400174668224,-0.7030801092255654,0.6142593809979836,0.010796255114245572,0.03194839177886617,1.0514921593859525,BH_from_pvalue
fluoroquinolone,ciprofloxacin,ciprofloxacin_vs_control,not_regulated,b4118,b4118,399.9338533574114,-0.8402791373325051,0.5585354913159314,0.026254420456436556,0.056449513964173824,1.0489538843941641,BH_from_pvalue
fluoroquinolone,ciprofloxacin,ciprofloxacin_vs_control,not_regulated,b2806,b2806,491.2312136044777,0.8132129399715105,1.7571202660767409,0.022971126246248242,0.05140503773911671,1.0482268586839738,BH_from_pvalue
fluoroquinolone,ciprofloxacin,ciprofloxacin_vs_control,not_regulated,b3978,b3978,12.447695369450807,1.142213144344935,2.207193547658106,0.0735394676751239,0.12089931491327022,1.048067551004453,BH_from_pvalue
fluoroquinolone,ciprofloxacin,ciprofloxacin_vs_control,not_regulated,b0423,b0423,806.0053350474042,0.7421386073697356,1.6726534928074128,0.01485770746855171,0.03875929145265988,1.0476207962171986,BH_from_pvalue
fluoroquinolone,ciprofloxacin,ciprofloxacin_vs_control,not_regulated,b4006,b4006,697.3791393002163,-0.5967085018003981,0.6612608976025618,0.0038838660411288865,0.01759034535146537,1.0470597041050365,BH_from_pvalue
fluoroquinolone,ciprofloxacin,ciprofloxacin_vs_control,not_regulated,b1109,b1109,1217.9851124354589,-1.3235340370062172,0.3995549860298177,0.10718769309607348,0.1619232001474377,1.0465063475354242,BH_from_pvalue
fluoroquinolone,ciprofloxacin,ciprofloxacin_vs_control,not_regulated,b1604,b1604,1042.432280779499,-0.5745766076826762,0.671483284819018,0.00271697763845583,0.015150207167770687,1.04548892457172,BH_from_pvalue
fluoroquinolone,ciprofloxacin,ciprofloxacin_vs_control,not_regulated,b2015,b2015,632.0049983134076,-1.1638152743867245,0.4463306311615462,0.0782077093043777,0.12663004911846326,1.044481409068562,BH_from_pvalue
fluoroquinolone,ciprofloxacin,ciprofloxacin_vs_control,not_regulated,b3271,b3271,28.42582946416979,0.8808286063484845,1.8414326173300397,0.032095328707019664,0.06520541487090084,1.0444128691168173,BH_from_pvalue
fluoroquinolone,ciprofloxacin,ciprofloxacin_vs_control,not_regulated,b0738,b0738,234.36349699297645,0.6208890000361906,1.5378225077128056,0.005203592369066834,0.020868560978927485,1.0434086195462977,BH_from_pvalue
fluoroquinolone,ciprofloxacin,ciprofloxacin_vs_control,not_regulated,b1776,b1776,43.07552255792544,0.8969999444374812,1.8621895679419438,0.034695898783398654,0.06881047298400668,1.042623810278132,BH_from_pvalue
fluoroquinolone,ciprofloxacin,ciprofloxacin_vs_control,not_regulated,b2824,b2824,44.221513636920214,-0.8116024328021023,0.5697486740930018,0.023323313004052864,0.051986254654226856,1.0421879931647586,BH_from_pvalue
fluoroquinolone,ciprofloxacin,ciprofloxacin_vs_control,not_regulated,b1976,b1976,2195.138772255255,-0.9418992360476679,0.5205471547977497,0.04175444629337947,0.07881305053613967,1.0392933712261034,BH_from_pvalue
fluoroquinolone,ciprofloxacin,ciprofloxacin_vs_control,not_regulated,b3706,b3706,710.3645082608713,0.645522497782995,1.564305724942867,0.006865055653516708,0.02462441812561256,1.0384094525953091,BH_from_pvalue
fluoroquinolone,ciprofloxacin,ciprofloxacin_vs_control,not_regulated,b1174,b1174,268.41894571055286,-0.8630731139337788,0.5497802117954567,0.03021177928758513,0.06265218222017423,1.0383320180728515,BH_from_pvalue
fluoroquinolone,ciprofloxacin,ciprofloxacin_vs_control,not_regulated,b4567,b4567,12.858469797994365,1.5653937345672921,2.9595826257554916,0.15446836594948907,0.21719246953448007,1.0380990524455511,BH_from_pvalue
fluoroquinolone,ciprofloxacin,ciprofloxacin_vs_control,not_regulated,b0259,b0259,1.4188710790499863,-1.3085499380740753,0.4037264637758989,0.10657834078887221,0.1611934690209641,1.0372254559773997,BH_from_pvalue
fluoroquinolone,ciprofloxacin,ciprofloxacin_vs_control,not_regulated,b1341,b1341,577.7409411628411,-0.8854920445780046,0.5413028748907454,0.03370022609300671,0.06740045218601343,1.0372097630832053,BH_from_pvalue
fluoroquinolone,ciprofloxacin,ciprofloxacin_vs_control,not_regulated,b3781,b3781,4802.02464233716,-0.6788875819491125,0.6246467348125138,0.009430333420768806,0.029725045358527043,1.0365781562584866,BH_from_pvalue
fluoroquinolone,ciprofloxacin,ciprofloxacin_vs_control,not_regulated,b2711,b2711,47.77931996146325,1.0808201906837978,2.11523827952162,0.06502851683477576,0.11019631690716344,1.0352451599632821,BH_from_pvalue
fluoroquinolone,ciprofloxacin,ciprofloxacin_vs_control,not_regulated,b2110,b2110,2.947123303062653,1.383223837286916,2.6085061545502195,0.12117140611376177,0.17863945745647344,1.0346827034940904,BH_from_pvalue
fluoroquinolone,ciprofloxacin,ciprofloxacin_vs_control,not_regulated,b2368,b2368,8.409837995733605,1.8003490345718638,3.483044812404118,0.19893400149762688,0.26726557309926097,1.0317025803360746,BH_from_pvalue
fluoroquinolone,ciprofloxacin,ciprofloxacin_vs_control,not_regulated,b3352,b3352,759.5142711453651,0.6756094480726791,1.597271377083652,0.009490690721460424,0.029810842782911302,1.0307271681165775,BH_from_pvalue
fluoroquinolone,ciprofloxacin,ciprofloxacin_vs_control,not_regulated,b2272,b2272,22.296685192001096,-1.0878010857105833,0.4704779173120208,0.06730484620891429,0.11300484301003097,1.030042050227224,BH_from_pvalue
fluoroquinolone,ciprofloxacin,ciprofloxacin_vs_control,not_regulated,b3536,b3536,1375.7904970622624,0.43797804195185996,1.3547043585125065,3.235224034284922e-05,0.004459540839808195,1.0295592992784035,BH_from_pvalue
fluoroquinolone,ciprofloxacin,ciprofloxacin_vs_control,not_regulated,b2216,b2216,2105.732209762415,-0.5435200513501908,0.6860948529753974,0.0017557412794547466,0.012802144094699389,1.0287297980573264,BH_from_pvalue
fluoroquinolone,ciprofloxacin,ciprofloxacin_vs_control,not_regulated,b2675,b2675,177.89093939463143,-1.085512089000754,0.4712249755294785,0.06730546341126567,0.11300484301003097,1.0278745925045507,BH_from_pvalue
fluoroquinolone,ciprofloxacin,ciprofloxacin_vs_control,not_regulated,b4168,b4168,212.61700384372466,-0.869712584907874,0.5472558646102021,0.03255629563431438,0.06581492933175104,1.0277181238022368,BH_from_pvalue
fluoroquinolone,ciprofloxacin,ciprofloxacin_vs_control,not_regulated,b3481,b3481,45.103506154058245,0.8015351810678313,1.742954829587996,0.023483609994257935,0.0522658474785612,1.027393370046056,BH_from_pvalue
fluoroquinolone,ciprofloxacin,ciprofloxacin_vs_control,not_regulated,b0559,b0559,9.033150030739264,1.0978902446515972,2.1404145551751177,0.06978205799667848,0.11616569092119165,1.0264418752444637,BH_from_pvalue
fluoroquinolone,ciprofloxacin,ciprofloxacin_vs_control,not_regulated,b3982,b3982,2595.359634221695,0.7689677104567636,1.704050050687143,0.019839809584621376,0.04647888724563904,1.0248373160537827,BH_from_pvalue
fluoroquinolone,ciprofloxacin,ciprofloxacin_vs_control,not_regulated,b0810,b0810,437.4549857789703,-0.8762598972424289,0.5447779071384287,0.03399872668113178,0.06772642719740068,1.0245597295936726,BH_from_pvalue
fluoroquinolone,ciprofloxacin,ciprofloxacin_vs_control,not_regulated,b4170,b4170,1679.2214206825777,-0.6547740684332943,0.6351749543106329,0.00812352196830313,0.02724802521508388,1.0245020464978067,BH_from_pvalue
fluoroquinolone,ciprofloxacin,ciprofloxacin_vs_control,not_regulated,b2445,b2445,2.558764158888011,1.3399165273417792,2.5313667217671068,0.11538640739557184,0.1719708616518496,1.024426659229461,BH_from_pvalue
fluoroquinolone,ciprofloxacin,ciprofloxacin_vs_control,not_regulated,b2598,b2598,6.770937150367089,-1.2519428446411776,0.4198823806546797,0.09901469427671589,0.15204253217891292,1.0241329473456453,BH_from_pvalue
fluoroquinolone,ciprofloxacin,ciprofloxacin_vs_control,not_regulated,b2176,b2176,308.98067704476335,0.7144117435442503,1.6408140420602504,0.01364880520945213,0.03685930056977144,1.0240755927724852,BH_from_pvalue
fluoroquinolone,ciprofloxacin,ciprofloxacin_vs_control,not_regulated,b2823,b2823,52.5807108514907,-0.951063623191768,0.5172509793662071,0.04538659533362426,0.08404648242513048,1.0228503412995,BH_from_pvalue
fluoroquinolone,ciprofloxacin,ciprofloxacin_vs_control,not_regulated,b3771,b3771,404.48728481651597,-0.5798869333229533,0.6690162073753003,0.003678932540806475,0.017273317921239584,1.0221227614046584,BH_from_pvalue
fluoroquinolone,ciprofloxacin,ciprofloxacin_vs_control,not_regulated,b3441,b3441,112.97333752281922,-0.7497819138655686,0.5946934480114053,0.01768788884724178,0.04333340089046488,1.0220856289560776,BH_from_pvalue
fluoroquinolone,ciprofloxacin,ciprofloxacin_vs_control,not_regulated,b3179,b3179,3867.935603060274,-0.6184531701679106,0.6513689386858298,0.005868237040699333,0.0223499832422232,1.0208947475912686,BH_from_pvalue
fluoroquinolone,ciprofloxacin,ciprofloxacin_vs_control,not_regulated,b2920,b2920,44.06896581464724,0.7029889395115188,1.6278738899223082,0.012608260533676193,0.035334551950452035,1.0205996314938341,BH_from_pvalue
fluoroquinolone,ciprofloxacin,ciprofloxacin_vs_control,not_regulated,b1517,b1517,1251.5600600310374,-0.9862493042798057,0.5047884115223963,0.05157729829152934,0.09258465377178188,1.019250185517094,BH_from_pvalue
fluoroquinolone,ciprofloxacin,ciprofloxacin_vs_control,not_regulated,b1805,b1805,2124.686551902199,0.8652952677404002,1.8217124679969747,0.03304369845598438,0.06647162596378253,1.0187672361242046,BH_from_pvalue
fluoroquinolone,ciprofloxacin,ciprofloxacin_vs_control,not_regulated,b3935,b3935,479.6904154698468,0.6711245168686251,1.5923136218534077,0.009706169122915772,0.030339366723332272,1.0187626465975979,BH_from_pvalue
fluoroquinolone,ciprofloxacin,ciprofloxacin_vs_control,not_regulated,b0642,b0642,5351.804152476891,-0.5828937435106223,0.667623321220181,0.00405546358146772,0.017936553775262345,1.0178846091536429,BH_from_pvalue
fluoroquinolone,ciprofloxacin,ciprofloxacin_vs_control,not_regulated,b0504,b0504,13.73427271096552,0.8786131353592017,1.8386069961246796,0.035257835981859505,0.06958742704976044,1.0169676613151755,BH_from_pvalue
fluoroquinolone,ciprofloxacin,ciprofloxacin_vs_control,not_regulated,b3960,b3960,485.3558742949405,-0.6909499023787244,0.6194458587913818,0.011808430574918103,0.03383077753247237,1.0161717443397777,BH_from_pvalue
fluoroquinolone,ciprofloxacin,ciprofloxacin_vs_control,not_regulated,b2576,b2576,1030.6022879567745,0.7195661452369073,1.6466867598533266,0.014915117774141978,0.03882418966903392,1.0152341473668747,BH_from_pvalue
fluoroquinolone,ciprofloxacin,ciprofloxacin_vs_control,not_regulated,b0636,b0636,232.51699469455514,0.8562874105911193,1.8103735485529322,0.03212225909097411,0.06523066428496684,1.0151699972476491,BH_from_pvalue
fluoroquinolone,ciprofloxacin,ciprofloxacin_vs_control,not_regulated,b1325,b1325,1005.4118709470112,-0.5753601974912215,0.6711186723559213,0.0036608746268660627,0.017224491706740116,1.0148511471399784,BH_from_pvalue
fluoroquinolone,ciprofloxacin,ciprofloxacin_vs_control,not_regulated,b0184,b0184,2591.9358655575397,0.6616564172649415,1.5818978231555394,0.009150930133098546,0.029276562684160314,1.0146368261509602,BH_from_pvalue
fluoroquinolone,ciprofloxacin,ciprofloxacin_vs_control,not_regulated,b2076,b2076,385.37759572854225,-0.6130771277112128,0.6538007205881659,0.00577464343668378,0.022162411414849526,1.0142643699891833,BH_from_pvalue
fluoroquinolone,ciprofloxacin,ciprofloxacin_vs_control,not_regulated,b0525,b0525,1140.2504456389777,-0.7477773260020673,0.5955203336838031,0.01815448195134238,0.04407180097893275,1.013865812835738,BH_from_pvalue
fluoroquinolone,ciprofloxacin,ciprofloxacin_vs_control,not_regulated,b4273,b4273,1.970829550709228,1.4140674103750777,2.6648741643502785,0.13239367065627083,0.1919750904616074,1.0135400551285294,BH_from_pvalue
fluoroquinolone,ciprofloxacin,ciprofloxacin_vs_control,not_regulated,b0228,b0228,144.6827190300755,-0.8433447685820985,0.557349900548617,0.030490082353043575,0.06308894978246972,1.0120531082427247,BH_from_pvalue
fluoroquinolone,ciprofloxacin,ciprofloxacin_vs_control,not_regulated,b3498,b3498,2604.010869796043,-0.6504844235860716,0.63706636560929,0.008367151260178543,0.027919470599616535,1.0109131728210659,BH_from_pvalue
fluoroquinolone,ciprofloxacin,ciprofloxacin_vs_control,not_regulated,b1931,b1931,66.04910461708796,-0.8235716680030158,0.5650413415286738,0.02806150327415411,0.05927444972259583,1.010631534458949,BH_from_pvalue
fluoroquinolone,ciprofloxacin,ciprofloxacin_vs_control,not_regulated,b0772,b0772,660.988135914139,0.562398538743837,1.4767222879772737,0.0031973966110447997,0.015962142016070487,1.0105789000049765,BH_from_pvalue
fluoroquinolone,ciprofloxacin,ciprofloxacin_vs_control,not_regulated,b3711,b3711,84.52428418812636,0.99067222130794,1.9871106660442577,0.05385438165273418,0.09551932518690787,1.0103952712070017,BH_from_pvalue
fluoroquinolone,ciprofloxacin,ciprofloxacin_vs_control,not_regulated,b2642,b2642,189.34895865894407,-0.7576380785838221,0.5914638589804214,0.01976578038704067,0.04641496791244419,1.010190629643418,BH_from_pvalue
fluoroquinolone,ciprofloxacin,ciprofloxacin_vs_control,not_regulated,b0824,b0824,13.134681489769328,1.1653734526906456,2.242912676088605,0.08565549088290833,0.13594862314443248,1.0099419857641152,BH_from_pvalue
fluoroquinolone,ciprofloxacin,ciprofloxacin_vs_control,not_regulated,b2961,b2961,559.7030770503388,0.7298389696828309,1.6584539684629154,0.016414646703190032,0.041432705314786065,1.009116747827478,BH_from_pvalue
fluoroquinolone,ciprofloxacin,ciprofloxacin_vs_control,not_regulated,b1767,b1767,274.0616590836938,0.7272178735244443,1.6554436157577768,0.016161532309967783,0.04097100090879745,1.0090318354943446,BH_from_pvalue
fluoroquinolone,ciprofloxacin,ciprofloxacin_vs_control,not_regulated,b2118,b2118,74.0061063380059,0.6767365620612056,1.5985197423271016,0.011070772535974969,0.03242722313762819,1.00772180959511,BH_from_pvalue
fluoroquinolone,ciprofloxacin,ciprofloxacin_vs_control,not_regulated,b0349,b0349,20.291880653473104,-1.0851325757513255,0.4713489515887654,0.07183667185328352,0.11883830452227631,1.0037948932905156,BH_from_pvalue
fluoroquinolone,ciprofloxacin,ciprofloxacin_vs_control,not_regulated,b2614,b2614,1823.4236690882733,-0.4714795313163105,0.7212245787917452,0.0003675119625223318,0.007431987728474534,1.0037304244175405,BH_from_pvalue
fluoroquinolone,ciprofloxacin,ciprofloxacin_vs_control,not_regulated,b0656,b0656,3.637444924981386,-1.1148660713273426,0.46173401719760937,0.0775322812620534,0.12585355507640425,1.0035294271844333,BH_from_pvalue
fluoroquinolone,ciprofloxacin,ciprofloxacin_vs_control,not_regulated,b0951,b0951,680.802511771009,-0.6194937267305534,0.6508993024607456,0.006553912519921911,0.024057464711517665,1.0028055584690627,BH_from_pvalue
fluoroquinolone,ciprofloxacin,ciprofloxacin_vs_control,not_regulated,b3983,b3983,6464.373410927826,0.7633105433214862,1.6973811291611498,0.021455437489926704,0.04892345912442294,1.0003053715423367,BH_from_pvalue
fluoroquinolone,ciprofloxacin,ciprofloxacin_vs_control,not_regulated,b1185,b1185,419.4650894265117,0.6285777846829976,1.546040148673237,0.007326171461959193,0.02572452711623142,0.9992203096953977,BH_from_pvalue
fluoroquinolone,ciprofloxacin,ciprofloxacin_vs_control,not_regulated,b4356,b4356,162.7421580269971,0.7227369153977472,1.6503098451038603,0.01651203385807561,0.04156190727119423,0.998319775911604,BH_from_pvalue
fluoroquinolone,ciprofloxacin,ciprofloxacin_vs_control,not_regulated,b3195,b3195,1033.548343032114,0.722701851739707,1.65026973600579,0.01652475636520976,0.04157066785834089,0.9982051914676574,BH_from_pvalue
fluoroquinolone,ciprofloxacin,ciprofloxacin_vs_control,not_regulated,b3878,b3878,17.207982225687214,1.075641966314366,2.107659723675056,0.0716798368651196,0.1186224820527255,0.9958648211174707,BH_from_pvalue
fluoroquinolone,ciprofloxacin,ciprofloxacin_vs_control,not_regulated,b0773,b0773,722.4915187564052,-0.7148230718869826,0.6092798476443946,0.016225733017984422,0.041071101358972385,0.9910762060590976,BH_from_pvalue
fluoroquinolone,ciprofloxacin,ciprofloxacin_vs_control,not_regulated,b1920,b1920,1078.7021586271217,-0.756177184500995,0.5920630872704962,0.02147862323580003,0.04892345912442294,0.9909572271891531,BH_from_pvalue
fluoroquinolone,ciprofloxacin,ciprofloxacin_vs_control,not_regulated,b2996,b2996,370.773525052829,0.7285081305139425,1.6569248041238394,0.01790983792574728,0.043762690673719726,0.9899667728703445,BH_from_pvalue
fluoroquinolone,ciprofloxacin,ciprofloxacin_vs_control,not_regulated,b3096,b3096,224.35896829355966,0.8361796495963079,1.7853162431305294,0.03238789663500796,0.06550393842817707,0.9898131000155377,BH_from_pvalue
fluoroquinolone,ciprofloxacin,ciprofloxacin_vs_control,not_regulated,b2841,b2841,210.75738972859116,0.6060299569650995,1.5220649855603607,0.006238416292099631,0.023267327099389834,0.989800551145826,BH_from_pvalue
fluoroquinolone,ciprofloxacin,ciprofloxacin_vs_control,not_regulated,b4227,b4227,1465.1927946248559,-0.9014619905981949,0.5353439522991127,0.04249933072167998,0.07985045513204535,0.9895552038386745,BH_from_pvalue
fluoroquinolone,ciprofloxacin,ciprofloxacin_vs_control,not_regulated,b4054,b4054,553.9181513572977,-0.5739580150957906,0.6717712622740072,0.0044649986240600705,0.019000533406832734,0.9879161688590852,BH_from_pvalue
fluoroquinolone,ciprofloxacin,ciprofloxacin_vs_control,not_regulated,b4325,b4325,7.574531772182678,1.3353520635376528,2.5233705253070524,0.12398114623722985,0.1821109395679981,0.9877118019353488,BH_from_pvalue
fluoroquinolone,ciprofloxacin,ciprofloxacin_vs_control,not_regulated,b0575,b0575,97.72202170723473,0.5750138201888841,1.4896917334445252,0.004514221529747561,0.019173719018701157,0.9874675770627149,BH_from_pvalue
fluoroquinolone,ciprofloxacin,ciprofloxacin_vs_control,not_regulated,b1843,b1843,170.81634378444357,0.610356921713044,1.5266368511008113,0.00660206575924659,0.02412355140949729,0.9872881830430855,BH_from_pvalue
fluoroquinolone,ciprofloxacin,ciprofloxacin_vs_control,not_regulated,b2008,b2008,934.3169721666969,0.7531444196442685,1.6854623722037358,0.021489471335004368,0.04892345912442294,0.9869828408750226,BH_from_pvalue
fluoroquinolone,ciprofloxacin,ciprofloxacin_vs_control,not_regulated,b2766,b2766,318.40958873185247,0.9745003955090228,1.9649606144857155,0.05509017184313126,0.09728920021609909,0.9861314151673645,BH_from_pvalue
fluoroquinolone,ciprofloxacin,ciprofloxacin_vs_control,not_regulated,b1774,b1774,11.297254667048835,0.8496102539347028,1.8020140428668463,0.03489741271806105,0.06914914643429014,0.9857290114037562,BH_from_pvalue
fluoroquinolone,ciprofloxacin,ciprofloxacin_vs_control,not_regulated,b0474,b0474,1683.9649897304844,0.6436378457184091,1.5622635420077875,0.009317126558150375,0.029546647156151056,0.9844388034065968,BH_from_pvalue
fluoroquinolone,ciprofloxacin,ciprofloxacin_vs_control,not_regulated,b3595,b3595,8.352581934084872,1.1718346538996416,2.252980229973144,0.09287434063583533,0.14480027181282054,0.9834395265271231,BH_from_pvalue
fluoroquinolone,ciprofloxacin,ciprofloxacin_vs_control,not_regulated,b0270,b0270,76.73875911984086,-0.8019496290198402,0.5735735377984245,0.028240317940238627,0.059579750399882024,0.9823091595821366,BH_from_pvalue
fluoroquinolone,ciprofloxacin,ciprofloxacin_vs_control,not_regulated,b3387,b3387,375.7106475331762,0.7226350238616597,1.6501932947154876,0.017950681256783656,0.043762690673719726,0.9819858318269247,BH_from_pvalue
fluoroquinolone,ciprofloxacin,ciprofloxacin_vs_control,not_regulated,b4219,b4219,769.5528361897346,-0.6619629291129527,0.6320177890819464,0.011424552348083428,0.03314661005572441,0.9794144544652251,BH_from_pvalue
fluoroquinolone,ciprofloxacin,ciprofloxacin_vs_control,not_regulated,b1759,b1759,38.633342036781784,0.7778350294869947,1.7145560045579777,0.025334468619753563,0.05513795021222142,0.9789437965137208,BH_from_pvalue
fluoroquinolone,ciprofloxacin,ciprofloxacin_vs_control,not_regulated,b4232,b4232,3153.97683990447,0.6225724320611477,1.5396179880987833,0.007892889926980328,0.026794127465326424,0.978659197458831,BH_from_pvalue
fluoroquinolone,ciprofloxacin,ciprofloxacin_vs_control,not_regulated,b2489,b2489,15.656842629392218,-0.6914100016383617,0.6192483387811798,0.01460655117755026,0.03842680832453878,0.978597991216035,BH_from_pvalue
fluoroquinolone,ciprofloxacin,ciprofloxacin_vs_control,not_regulated,b1491,b1491,409.59605949380165,-0.633404967230037,0.6446531445698376,0.008843392257044261,0.028575846531742163,0.9779778364204893,BH_from_pvalue
fluoroquinolone,ciprofloxacin,ciprofloxacin_vs_control,not_regulated,b2297,b2297,3370.58804549363,-0.6746796078369819,0.6264713299438874,0.01271999254653578,0.03554135194211867,0.977790254500079,BH_from_pvalue
fluoroquinolone,ciprofloxacin,ciprofloxacin_vs_control,not_regulated,b3927,b3927,829.2501883909918,-1.0742561296127704,0.47491586951724435,0.07531896185669527,0.1232459796405624,0.9767429344617201,BH_from_pvalue
fluoroquinolone,ciprofloxacin,ciprofloxacin_vs_control,not_regulated,b1269,b1269,778.6166046312111,0.7900825742767861,1.7291734309737647,0.027285481668417,0.05811084116692219,0.976338882598813,BH_from_pvalue
fluoroquinolone,ciprofloxacin,ciprofloxacin_vs_control,not_regulated,b3459,b3459,292.43584855872655,0.7473317392288719,1.6786852336208213,0.021832122821902476,0.04944657021798456,0.9759134851491135,BH_from_pvalue
fluoroquinolone,ciprofloxacin,ciprofloxacin_vs_control,not_regulated,b4137,b4137,108.9678940077563,-0.6163302643028441,0.6523281246413432,0.007577524468027567,0.026097783351598774,0.9758951084257076,BH_from_pvalue
fluoroquinolone,ciprofloxacin,ciprofloxacin_vs_control,not_regulated,b3994,b3994,2147.1637330129206,0.6911201222613741,1.6145365736141701,0.014882851691414033,0.03876263283612063,0.9755759951225131,BH_from_pvalue
fluoroquinolone,ciprofloxacin,ciprofloxacin_vs_control,not_regulated,b1427,b1427,321.1857242241299,-0.7825244482886466,0.5813486505818394,0.026413879760607595,0.05671104112802528,0.9752855577761521,BH_from_pvalue
fluoroquinolone,ciprofloxacin,ciprofloxacin_vs_control,not_regulated,b3930,b3930,191.9917144185763,0.8112562816798965,1.7547387831993155,0.030384194144023633,0.06292270039586478,0.9744750807357364,BH_from_pvalue
fluoroquinolone,ciprofloxacin,ciprofloxacin_vs_control,not_regulated,b1308,b1308,1431.2447003538925,-0.8293656307135322,0.5627766471882791,0.03364142018365526,0.06734272718561699,0.9717754225425275,BH_from_pvalue
fluoroquinolone,ciprofloxacin,ciprofloxacin_vs_control,not_regulated,b2867,b2867,56.525280383901084,0.9574239979634926,1.9418395487227842,0.0546443295308523,0.09661564238591731,0.9717399321915895,BH_from_pvalue
fluoroquinolone,ciprofloxacin,ciprofloxacin_vs_control,not_regulated,b3057,b3057,266.7320060549532,0.668183493660222,1.5890708982690456,0.012586079292218517,0.03529437946159532,0.9703991790074079,BH_from_pvalue
fluoroquinolone,ciprofloxacin,ciprofloxacin_vs_control,not_regulated,b1663,b1663,894.9841923192274,0.6584057547961812,1.5783375232322534,0.011669883148845154,0.03360507964372952,0.9702234749778237,BH_from_pvalue
fluoroquinolone,ciprofloxacin,ciprofloxacin_vs_control,not_regulated,b2369,b2369,423.833350963222,-0.7303193665934558,0.6027704649505385,0.020149109199939393,0.04700762094467188,0.9697412264596289,BH_from_pvalue
fluoroquinolone,ciprofloxacin,ciprofloxacin_vs_control,not_regulated,b4076,b4076,12.602373572926455,1.6161975558748751,3.0656596886963983,0.18357786047415162,0.2513485531683614,0.9692718332442539,BH_from_pvalue
fluoroquinolone,ciprofloxacin,ciprofloxacin_vs_control,not_regulated,b4480,b4480,158.0876957572508,-0.7266022669242398,0.6043255037552389,0.01970501349945648,0.04636207779625216,0.9691690668296234,BH_from_pvalue
fluoroquinolone,ciprofloxacin,ciprofloxacin_vs_control,not_regulated,b2684,b2684,523.2913508116912,0.9472812728760953,1.928235514383514,0.053367781473468226,0.09484325605201899,0.9690626271940704,BH_from_pvalue
fluoroquinolone,ciprofloxacin,ciprofloxacin_vs_control,not_regulated,b1749,b1749,371.40625728536565,0.6755882492191478,1.5972479070693777,0.013577731582732485,0.03682609040073256,0.9686884177614002,BH_from_pvalue
fluoroquinolone,ciprofloxacin,ciprofloxacin_vs_control,not_regulated,b3289,b3289,1657.4151943833474,-0.5333195636826424,0.6909630347762422,0.002789338473244241,0.01534130101258515,0.9675151845769986,BH_from_pvalue
fluoroquinolone,ciprofloxacin,ciprofloxacin_vs_control,not_regulated,b1095,b1095,6884.0063184525425,0.609604377295792,1.5258407282737567,0.007454555180764692,0.02588028176972934,0.9674610442769038,BH_from_pvalue
fluoroquinolone,ciprofloxacin,ciprofloxacin_vs_control,not_regulated,b4139,b4139,48572.258631727054,-0.8228530266348901,0.5653228724293075,0.0332405892014305,0.06680794022700375,0.9669937694489189,BH_from_pvalue
fluoroquinolone,ciprofloxacin,ciprofloxacin_vs_control,not_regulated,b2170,b2170,164.59163303171522,0.9108149689669229,1.8801072587691707,0.0474845535902526,0.08703566505662437,0.9657396143356923,BH_from_pvalue
fluoroquinolone,ciprofloxacin,ciprofloxacin_vs_control,not_regulated,b1168,b1168,46.151194731634014,-0.8238685099621916,0.5649250933127892,0.03375935113039625,0.06745871229876603,0.9647186796039597,BH_from_pvalue
fluoroquinolone,ciprofloxacin,ciprofloxacin_vs_control,not_regulated,b3965,b3965,1130.3893350618096,0.6064696598730155,1.5225289494468166,0.007335330268472911,0.025736595590944735,0.9639525347614382,BH_from_pvalue
fluoroquinolone,ciprofloxacin,ciprofloxacin_vs_control,not_regulated,b2078,b2078,126.08734041277584,-0.7948108140715746,0.57641875636376,0.029403718815706498,0.06134412209325039,0.9634911640186563,BH_from_pvalue
fluoroquinolone,ciprofloxacin,ciprofloxacin_vs_control,not_regulated,b2048,b2048,41.15293247141782,0.8591513977779179,1.8139710077063198,0.03943947605993352,0.0756497924595228,0.9632738965826239,BH_from_pvalue
fluoroquinolone,ciprofloxacin,ciprofloxacin_vs_control,not_regulated,b3947,b3947,68.04558959010343,-0.973776149534654,0.5091715974900894,0.059497017935936744,0.10277173067428705,0.9622138527824917,BH_from_pvalue
fluoroquinolone,ciprofloxacin,ciprofloxacin_vs_control,not_regulated,b3117,b3117,1507.9259754177983,1.1568758339812746,2.229740525852237,0.09509826313104656,0.14739903086266282,0.9619484706004752,BH_from_pvalue
fluoroquinolone,ciprofloxacin,ciprofloxacin_vs_control,not_regulated,b3857,b3857,126.19801613276309,-0.5038634366644086,0.7052157317398662,0.001570372544538112,0.012378960344990524,0.9610267080455752,BH_from_pvalue
fluoroquinolone,ciprofloxacin,ciprofloxacin_vs_control,not_regulated,b0906,b0906,270.94154190862815,-0.6907946273703889,0.6195125323671814,0.01614703822834768,0.04097100090879745,0.9584937281959497,BH_from_pvalue
fluoroquinolone,ciprofloxacin,ciprofloxacin_vs_control,not_regulated,b3650,b3650,1833.153098226282,0.7233587150613587,1.651021279777497,0.020399362175977143,0.04740107721568813,0.9578801378936156,BH_from_pvalue
fluoroquinolone,ciprofloxacin,ciprofloxacin_vs_control,not_regulated,b0888,b0888,708.988664056298,0.6995358667204385,1.6239822529897998,0.017221222304542014,0.04278323761217353,0.9574731759152847,BH_from_pvalue
fluoroquinolone,ciprofloxacin,ciprofloxacin_vs_control,not_regulated,b0245,b0245,1.4264645512636864,1.5973595633148452,3.02589004407518,0.18439189352468296,0.25178953766667395,0.9567581892998724,BH_from_pvalue
fluoroquinolone,ciprofloxacin,ciprofloxacin_vs_control,not_regulated,b1429,b1429,221.6330543375125,-0.7113199652819988,0.6107610793699905,0.018989323708800025,0.04530678771846221,0.9558978950601492,BH_from_pvalue
fluoroquinolone,ciprofloxacin,ciprofloxacin_vs_control,not_regulated,b1110,b1110,1490.6284659038522,-1.1157215813510852,0.4614602926957405,0.08908857433888787,0.14006305745414807,0.9524651803096942,BH_from_pvalue
fluoroquinolone,ciprofloxacin,ciprofloxacin_vs_control,not_regulated,b3712,b3712,413.9128983660298,0.5702362296465253,1.4847666692612456,0.005442896284915058,0.02136730426809894,0.9524372140437144,BH_from_pvalue
fluoroquinolone,ciprofloxacin,ciprofloxacin_vs_control,not_regulated,b1882,b1882,17.1550637498535,1.2579026981359287,2.391478296024579,0.11799989187616511,0.17505392930705496,0.952016154928655,BH_from_pvalue
fluoroquinolone,ciprofloxacin,ciprofloxacin_vs_control,not_regulated,b3676,b3676,115.08178808425787,-0.6216173758003265,0.6499418826334313,0.009219580455022369,0.029452892675206403,0.9516166633915907,BH_from_pvalue
fluoroquinolone,ciprofloxacin,ciprofloxacin_vs_control,not_regulated,b1238,b1238,62.620013573622884,0.916559185489839,1.8876079928109148,0.0509216775953237,0.09169163563801681,0.9510862266937455,BH_from_pvalue
fluoroquinolone,ciprofloxacin,ciprofloxacin_vs_control,not_regulated,b0033,b0033,3004.2017588878066,0.7552727867580007,1.687950722127078,0.025362179395093165,0.05516396659532353,0.9503933671787146,BH_from_pvalue
fluoroquinolone,ciprofloxacin,ciprofloxacin_vs_control,not_regulated,b2211,b2211,392.1269330452663,1.0440744409068703,2.0620430331817983,0.0753655638222074,0.12327065675355958,0.9492101402025328,BH_from_pvalue
fluoroquinolone,ciprofloxacin,ciprofloxacin_vs_control,not_regulated,b3116,b3116,1448.0035640642416,1.1691449545232846,2.2487837823504475,0.10084894689316416,0.154239565836604,0.9491167914114617,BH_from_pvalue
fluoroquinolone,ciprofloxacin,ciprofloxacin_vs_control,not_regulated,b2155,b2155,314.452198662527,1.4190898073154328,2.674167451717299,0.1523937770236531,0.2148126634448109,0.9478670162973598,BH_from_pvalue
fluoroquinolone,ciprofloxacin,ciprofloxacin_vs_control,not_regulated,b2273,b2273,8.443345511690593,0.853401310538823,1.8067555306602743,0.04068400537362672,0.07754095600448009,0.9476755709362711,BH_from_pvalue
fluoroquinolone,ciprofloxacin,ciprofloxacin_vs_control,not_regulated,b4593,b4593,1.463907156270446,1.602709158584106,3.0371310447201227,0.18892087896045853,0.25640237162494833,0.9473260632547748,BH_from_pvalue
fluoroquinolone,ciprofloxacin,ciprofloxacin_vs_control,not_regulated,b2385,b2385,20.384979990024572,-0.5433880669717572,0.6861576229596389,0.004113572831313232,0.01806919003442082,0.9471587183497582,BH_from_pvalue
fluoroquinolone,ciprofloxacin,ciprofloxacin_vs_control,not_regulated,b0543,b0543,52.23716957136759,0.8555218722651192,1.809413163538604,0.041264619280320124,0.07819346677536312,0.9469168731695867,BH_from_pvalue
fluoroquinolone,ciprofloxacin,ciprofloxacin_vs_control,not_regulated,b3772,b3772,364.03342808343996,-0.5944230263939101,0.6623092780179589,0.0072561377249954215,0.025606413770921807,0.9461141476846133,BH_from_pvalue
fluoroquinolone,ciprofloxacin,ciprofloxacin_vs_control,not_regulated,b2124,b2124,597.5980657975867,-0.5983824898586612,0.6604940682596133,0.007731044806117834,0.026424194177749254,0.9442465205705131,BH_from_pvalue
fluoroquinolone,ciprofloxacin,ciprofloxacin_vs_control,not_regulated,b3397,b3397,562.3857183070133,0.7484901502153516,1.6800336740617472,0.02548291075787865,0.05534543995316547,0.9407908593187971,BH_from_pvalue
fluoroquinolone,ciprofloxacin,ciprofloxacin_vs_control,not_regulated,b2156,b2156,1098.8614821192637,-0.6591236875781341,0.6332628325710071,0.014025272882556391,0.03739518519605136,0.9406909863376294,BH_from_pvalue
fluoroquinolone,ciprofloxacin,ciprofloxacin_vs_control,not_regulated,b2646,b2646,2.892478520717597,1.326836240481674,2.5085196521989337,0.13593615281874505,0.1958490760341817,0.939504179083317,BH_from_pvalue
fluoroquinolone,ciprofloxacin,ciprofloxacin_vs_control,not_regulated,b1445,b1445,80.31218979176153,0.8353615251288105,1.7843041118099725,0.03931063046902816,0.07550867051179146,0.9372782845768374,BH_from_pvalue
fluoroquinolone,ciprofloxacin,ciprofloxacin_vs_control,not_regulated,b0844,b0844,1131.778918490683,-0.9846794936129744,0.5053379756978144,0.06626099008483284,0.11173536081282326,0.937227162811451,BH_from_pvalue
fluoroquinolone,ciprofloxacin,ciprofloxacin_vs_control,not_regulated,b1209,b1209,368.20919384360855,-0.6017487469113298,0.6589547263787692,0.008343350902750308,0.02788427510991903,0.9355030576841764,BH_from_pvalue
fluoroquinolone,ciprofloxacin,ciprofloxacin_vs_control,not_regulated,b2061,b2061,2.6146957960544857,1.6246688236631242,3.0837136909210443,0.19762057987398046,0.26590322469180805,0.934633625263574,BH_from_pvalue
fluoroquinolone,ciprofloxacin,ciprofloxacin_vs_control,not_regulated,b1471,b1471,2.473060196773227,1.2311999235698918,2.3476216591186647,0.11791323587496981,0.17498308642877405,0.9320231776311425,BH_from_pvalue
fluoroquinolone,ciprofloxacin,ciprofloxacin_vs_control,not_regulated,b0092,b0092,1545.2402181735258,-0.513750246669936,0.700399400163127,0.002803379640956121,0.01534130101258515,0.9320137466945113,BH_from_pvalue
fluoroquinolone,ciprofloxacin,ciprofloxacin_vs_control,not_regulated,b3038,b3038,2726.7116518568105,-0.6390840552614439,0.6421204917521466,0.012385393717549998,0.03490570234432324,0.9312116897968177,BH_from_pvalue
fluoroquinolone,ciprofloxacin,ciprofloxacin_vs_control,not_regulated,b1010,b1010,1.3196514489567,-0.9831589135408825,0.505870875528331,0.06723694836514142,0.11297414783205309,0.9310720645914796,BH_from_pvalue
fluoroquinolone,ciprofloxacin,ciprofloxacin_vs_control,not_regulated,b1866,b1866,3425.2827394362575,-0.6449079388732475,0.6395335991974247,0.013131564704849878,0.03610377630954447,0.9302457604910125,BH_from_pvalue
fluoroquinolone,ciprofloxacin,ciprofloxacin_vs_control,not_regulated,b0095,b0095,6693.803955596325,-0.6530189475393708,0.635948151134192,0.0142130077061517,0.03773914324809347,0.9293817663813274,BH_from_pvalue
fluoroquinolone,ciprofloxacin,ciprofloxacin_vs_control,not_regulated,b2689,b2689,310.7698756259979,0.783690603710423,1.7215291428259947,0.032091648082144764,0.06520541487090084,0.9292347523932138,BH_from_pvalue
fluoroquinolone,ciprofloxacin,ciprofloxacin_vs_control,not_regulated,b1296,b1296,327.16476592293924,-1.1218381248627223,0.45950799715849006,0.09622971041889604,0.14884499225041073,0.9280582826483124,BH_from_pvalue
fluoroquinolone,ciprofloxacin,ciprofloxacin_vs_control,not_regulated,b3524,b3524,1039.8725252759689,-0.6524981334046274,0.6361777704006121,0.01432880631363575,0.03796647138513598,0.9269386946119926,BH_from_pvalue
fluoroquinolone,ciprofloxacin,ciprofloxacin_vs_control,not_regulated,b3147,b3147,1292.2286468264763,-0.45927476010519364,0.7273518050619385,0.0007230439515066,0.009632181690988798,0.9260243703062266,BH_from_pvalue
fluoroquinolone,ciprofloxacin,ciprofloxacin_vs_control,not_regulated,b4624,b4624,203.17040731081286,-0.7313797033973017,0.6023276098262075,0.024777263540187177,0.05428549995312319,0.9254265564121953,BH_from_pvalue
fluoroquinolone,ciprofloxacin,ciprofloxacin_vs_control,not_regulated,b0826,b0826,418.5990641130427,-0.8215362744807866,0.5658390798715323,0.038810418306977595,0.07476199637892302,0.9253120056033449,BH_from_pvalue
fluoroquinolone,ciprofloxacin,ciprofloxacin_vs_control,not_regulated,b2406,b2406,108.97175409279298,-0.8244585040599413,0.5646941128781929,0.03925828766859387,0.07546315296296377,0.9252609669904547,BH_from_pvalue
fluoroquinolone,ciprofloxacin,ciprofloxacin_vs_control,not_regulated,b0480,b0480,1174.4302072374564,-0.7367868457352209,0.6000743439880569,0.025869309314143444,0.055942381391835196,0.9226479956695536,BH_from_pvalue
fluoroquinolone,ciprofloxacin,ciprofloxacin_vs_control,not_regulated,b3590,b3590,1241.3893701806303,-0.6111515204373372,0.6546739501682998,0.010270905528047332,0.031091240943992245,0.9212265436958601,BH_from_pvalue
fluoroquinolone,ciprofloxacin,ciprofloxacin_vs_control,not_regulated,b3880,b3880,43.90272136841386,-0.8367985144134495,0.5598846318880685,0.04206819404633341,0.07930542196999484,0.9210617146089256,BH_from_pvalue
fluoroquinolone,ciprofloxacin,ciprofloxacin_vs_control,not_regulated,b1564,b1564,168.45692281515713,-0.655346231208604,0.6349230983062177,0.01525162818007798,0.039335908001141486,0.920899615232213,BH_from_pvalue
fluoroquinolone,ciprofloxacin,ciprofloxacin_vs_control,not_regulated,b3169,b3169,5055.751882653868,0.7678938436355391,1.7027821168003756,0.030713867830277877,0.06337200802779352,0.9200155579435608,BH_from_pvalue
fluoroquinolone,ciprofloxacin,ciprofloxacin_vs_control,not_regulated,b3239,b3239,175.55983731139452,-0.9671756081592751,0.5115064693335807,0.06660716822006205,0.1121673690205313,0.9189459135335218,BH_from_pvalue
fluoroquinolone,ciprofloxacin,ciprofloxacin_vs_control,not_regulated,b2898,b2898,2941.936360394391,-0.7192374072130434,0.6074184320801922,0.023873184023242473,0.05276736203270007,0.9189226090849254,BH_from_pvalue
fluoroquinolone,ciprofloxacin,ciprofloxacin_vs_control,not_regulated,b4429,b4429,121.26133640890806,-0.726148340066672,0.6045156775129051,0.02483426922363724,0.054383906021382815,0.9182360723629809,BH_from_pvalue
fluoroquinolone,ciprofloxacin,ciprofloxacin_vs_control,not_regulated,b1118,b1118,816.1772687490219,-0.4910752206602975,0.7114946330396262,0.0021041027718305587,0.01350965031940054,0.9179943571606178,BH_from_pvalue
fluoroquinolone,ciprofloxacin,ciprofloxacin_vs_control,not_regulated,b1193,b1193,284.5572754321101,0.7453172993128074,1.676342915482387,0.027711320623401838,0.0586843315273359,0.9178417364543564,BH_from_pvalue
fluoroquinolone,ciprofloxacin,ciprofloxacin_vs_control,not_regulated,b2233,b2233,319.2517795583711,-0.5248427714040798,0.6950348524698825,0.004042020482703658,0.017894693042520723,0.9170450454108658,BH_from_pvalue
fluoroquinolone,ciprofloxacin,ciprofloxacin_vs_control,not_regulated,b0798,b0798,136.66541243520246,-0.6623154302316454,0.6318633837805885,0.01633425080417376,0.04127610118942336,0.9168441319645927,BH_from_pvalue
fluoroquinolone,ciprofloxacin,ciprofloxacin_vs_control,not_regulated,b2989,b2989,1562.8562930077023,-0.7402019972476541,0.5986555263924817,0.027056591990739995,0.05774080295915425,0.9167528909997313,BH_from_pvalue
fluoroquinolone,ciprofloxacin,ciprofloxacin_vs_control,not_regulated,b1248,b1248,188.22792063539842,-0.7045098296334,0.6136509473851804,0.022213280044832213,0.05006595142326977,0.9161851103333971,BH_from_pvalue
fluoroquinolone,ciprofloxacin,ciprofloxacin_vs_control,not_regulated,b0981,b0981,306.29564315654403,-0.6223609003295971,0.6496070071303786,0.011903775120904075,0.03401726842047429,0.9138128603924476,BH_from_pvalue
fluoroquinolone,ciprofloxacin,ciprofloxacin_vs_control,not_regulated,b2324,b2324,463.7580202801177,-0.6299687119967725,0.6461904292221892,0.012728287972705907,0.03554135194211867,0.9129922708131494,BH_from_pvalue
fluoroquinolone,ciprofloxacin,ciprofloxacin_vs_control,not_regulated,b2661,b2661,3952.7445457617837,-1.2079557498774758,0.43288155983347304,0.11848015286349359,0.17565053644693282,0.91243000321429,BH_from_pvalue
fluoroquinolone,ciprofloxacin,ciprofloxacin_vs_control,not_regulated,b2017,b2017,111.40462026059741,-0.9645696799969166,0.5124312341996905,0.06755407314893151,0.11330587549329887,0.9122394301296789,BH_from_pvalue
fluoroquinolone,ciprofloxacin,ciprofloxacin_vs_control,not_regulated,b0008,b0008,10690.878441599029,-0.6228099543382832,0.6494048415802269,0.012099821944963429,0.03433753886968171,0.9119375400818177,BH_from_pvalue
fluoroquinolone,ciprofloxacin,ciprofloxacin_vs_control,not_regulated,b1104,b1104,266.9970446404441,-0.7607612281115523,0.590184841573678,0.030901241845240675,0.06355486223232033,0.9105180027472158,BH_from_pvalue
fluoroquinolone,ciprofloxacin,ciprofloxacin_vs_control,not_regulated,b0066,b0066,154.93128934500444,0.6456441974687195,1.564437688760286,0.014995928031913495,0.03889947190746649,0.9103946646748907,BH_from_pvalue
fluoroquinolone,ciprofloxacin,ciprofloxacin_vs_control,not_regulated,b4402,b4402,47.433607023707545,-0.9089135481476598,0.5325860153491035,0.05710059316078398,0.09989827617160883,0.9093152932296723,BH_from_pvalue
fluoroquinolone,ciprofloxacin,ciprofloxacin_vs_control,not_regulated,b2296,b2296,3035.8003219044454,-0.6774189061226554,0.6252829542866868,0.019161991970209145,0.04555530649154373,0.9087310616021441,BH_from_pvalue
fluoroquinolone,ciprofloxacin,ciprofloxacin_vs_control,not_regulated,b2954,b2954,182.06033335461055,0.7082467560378856,1.6338174035962034,0.023516699528222936,0.05231360755585894,0.9075370031459018,BH_from_pvalue
fluoroquinolone,ciprofloxacin,ciprofloxacin_vs_control,not_regulated,b1861,b1861,681.3295952691356,0.7396853105945134,1.6698115696875897,0.028446729896704773,0.05979130424083087,0.9049028810536456,BH_from_pvalue
fluoroquinolone,ciprofloxacin,ciprofloxacin_vs_control,not_regulated,b3476,b3476,283.0392998859042,1.7155897181367257,3.2843086597137887,0.22637886405365976,0.2969235648563835,0.9047253887465244,BH_from_pvalue
fluoroquinolone,ciprofloxacin,ciprofloxacin_vs_control,not_regulated,b2353,b2353,29.77590956741771,-1.059095814689698,0.4799327553595867,0.08978597520783058,0.1409132297574396,0.9013416194163446,BH_from_pvalue
fluoroquinolone,ciprofloxacin,ciprofloxacin_vs_control,not_regulated,b0186,b0186,1121.916291565296,-0.6698706767754672,0.6285630291434575,0.018898657777552355,0.045167992924245746,0.9010894072254761,BH_from_pvalue
fluoroquinolone,ciprofloxacin,ciprofloxacin_vs_control,not_regulated,b0192,b0192,662.3305401223408,-0.4816821671293674,0.7161421228835531,0.002105439056002619,0.01350965031940054,0.900435397198624,BH_from_pvalue
fluoroquinolone,ciprofloxacin,ciprofloxacin_vs_control,not_regulated,b1331,b1331,1.2974365541291766,1.5141201619136133,2.8562458458701965,0.1879028733257129,0.2552664222950941,0.8978828077910214,BH_from_pvalue
fluoroquinolone,ciprofloxacin,ciprofloxacin_vs_control,not_regulated,b1453,b1453,71.01008705699076,0.9412635358710366,1.9202092530273431,0.06589949267257475,0.11135083322360678,0.8973126741137537,BH_from_pvalue
fluoroquinolone,ciprofloxacin,ciprofloxacin_vs_control,not_regulated,b1740,b1740,649.9960534705712,-0.6108362616178002,0.6548170256506047,0.011914860805633648,0.03402732946269216,0.8968127776969,BH_from_pvalue
fluoroquinolone,ciprofloxacin,ciprofloxacin_vs_control,not_regulated,b0045,b0045,12.650570326141297,0.795399305627631,1.73555767126816,0.03857564224683244,0.07456520791845822,0.8967838972426172,BH_from_pvalue
fluoroquinolone,ciprofloxacin,ciprofloxacin_vs_control,not_regulated,b0537,b0537,255.11532832676235,0.49447404791891536,1.4088070637059706,0.0028557792222065653,0.015380922837962855,0.8964901548716293,BH_from_pvalue
fluoroquinolone,ciprofloxacin,ciprofloxacin_vs_control,not_regulated,b1901,b1901,857.7811406741351,1.0389601736530398,2.0547461556386803,0.0868017207064544,0.1373317410262511,0.8958216685864373,BH_from_pvalue
fluoroquinolone,ciprofloxacin,ciprofloxacin_vs_control,not_regulated,b0781,b0781,1242.6683547139185,0.9186900539546805,1.8903980601038768,0.061962857882068074,0.10601328822881027,0.8953917937188618,BH_from_pvalue
fluoroquinolone,ciprofloxacin,ciprofloxacin_vs_control,not_regulated,b2286,b2286,4169.4568537971845,-0.7914082437809355,0.5777798340348766,0.03851120900198671,0.07447266469945667,0.892710957437893,BH_from_pvalue
fluoroquinolone,ciprofloxacin,ciprofloxacin_vs_control,not_regulated,b0643,b0643,3880.339413122389,-0.8471875809121077,0.5558672995373343,0.0487691253409515,0.08857836808440862,0.8918109206478406,BH_from_pvalue
fluoroquinolone,ciprofloxacin,ciprofloxacin_vs_control,not_regulated,b1359,b1359,19.92468516954008,-1.0691222811387262,0.47660887412314706,0.09428925381108906,0.1465490890263575,0.8916660259013296,BH_from_pvalue
fluoroquinolone,ciprofloxacin,ciprofloxacin_vs_control,not_regulated,b3056,b3056,2016.367039598343,-0.47605937042145996,0.718938679733644,0.0020257454765164086,0.013420943256177702,0.8912864271906766,BH_from_pvalue
fluoroquinolone,ciprofloxacin,ciprofloxacin_vs_control,not_regulated,b3992,b3992,919.0365250016174,-0.7825753138639993,0.5813281541418645,0.03751485792978896,0.07304841167454146,0.8893101526207604,BH_from_pvalue
fluoroquinolone,ciprofloxacin,ciprofloxacin_vs_control,not_regulated,b1098,b1098,277.81662828504903,-0.537422287961836,0.6890008711016362,0.005784488639539811,0.022175396417900672,0.8889655809723662,BH_from_pvalue
fluoroquinolone,ciprofloxacin,ciprofloxacin_vs_control,not_regulated,b0253,b0253,225.1452130858445,0.5405226692283787,1.4544993676581057,0.006005381102215103,0.022696717880485256,0.8886392354323994,BH_from_pvalue
fluoroquinolone,ciprofloxacin,ciprofloxacin_vs_control,not_regulated,b1087,b1087,493.8055479320133,-0.8391944150905584,0.5589555965172006,0.047836948976863476,0.08739666795204383,0.888291589056339,BH_from_pvalue
fluoroquinolone,ciprofloxacin,ciprofloxacin_vs_control,not_regulated,b3315,b3315,3365.912068027704,0.749981961530386,1.6817718026544493,0.03235353551432763,0.06549334056860742,0.8878307889685682,BH_from_pvalue
fluoroquinolone,ciprofloxacin,ciprofloxacin_vs_control,not_regulated,b2569,b2569,3178.287979289844,0.5900596973972068,1.5053090344291835,0.01043144944510914,0.03138505659137185,0.8870232212435686,BH_from_pvalue
fluoroquinolone,ciprofloxacin,ciprofloxacin_vs_control,not_regulated,b2928,b2928,228.9268404897167,0.5046386196165074,1.4187679248011575,0.0037873646091256662,0.017471519559065327,0.8869878200263472,BH_from_pvalue
fluoroquinolone,ciprofloxacin,ciprofloxacin_vs_control,not_regulated,b1734,b1734,48.06355664716026,0.9036512965923329,1.8707947647095706,0.060815469545052556,0.10453627733180057,0.8862406197120138,BH_from_pvalue
fluoroquinolone,ciprofloxacin,ciprofloxacin_vs_control,not_regulated,b2251,b2251,36.458157780960086,0.6577079652741693,1.5775743119832843,0.018845618985965425,0.04506517501269138,0.8853794560420404,BH_from_pvalue
fluoroquinolone,ciprofloxacin,ciprofloxacin_vs_control,not_regulated,b4200,b4200,5968.075611918506,0.7797838700050335,1.7168736489447416,0.03770421692968215,0.07325856058302821,0.8851651245115739,BH_from_pvalue
fluoroquinolone,ciprofloxacin,ciprofloxacin_vs_control,not_regulated,b2620,b2620,1283.0586885429354,-0.6397567016338019,0.6418211773905019,0.016769205466678525,0.04196595996793299,0.8810107694405829,BH_from_pvalue
fluoroquinolone,ciprofloxacin,ciprofloxacin_vs_control,not_regulated,b1833,b1833,453.10546006067693,-0.6695677634251549,0.6286950183148242,0.0209248898800421,0.048341116939100856,0.8809391374663433,BH_from_pvalue
fluoroquinolone,ciprofloxacin,ciprofloxacin_vs_control,not_regulated,b4198,b4198,70.19404583474962,0.7345420694040863,1.663869251363509,0.030639980176902355,0.06327760828085711,0.8805322648093302,BH_from_pvalue
fluoroquinolone,ciprofloxacin,ciprofloxacin_vs_control,not_regulated,b3468,b3468,563.2041346086846,-0.6134665335103104,0.6536242734330026,0.013621261693127076,0.03685930056977144,0.8793753876915942,BH_from_pvalue
fluoroquinolone,ciprofloxacin,ciprofloxacin_vs_control,not_regulated,b1415,b1415,6942.710586901347,-0.932992932864515,0.523770629268106,0.06859469568706203,0.11465586815325345,0.8775766167841544,BH_from_pvalue
fluoroquinolone,ciprofloxacin,ciprofloxacin_vs_control,not_regulated,b3680,b3680,38.091872667642086,-0.9554320455422447,0.5156871331056708,0.07338412976646473,0.12080064677895616,0.87702044501598,BH_from_pvalue
fluoroquinolone,ciprofloxacin,ciprofloxacin_vs_control,not_regulated,b0042,b0042,14.519514250741516,0.9256724084859456,1.8995693831993283,0.0675855188858428,0.11330587549329887,0.8754524301517396,BH_from_pvalue
fluoroquinolone,ciprofloxacin,ciprofloxacin_vs_control,not_regulated,b0970,b0970,3038.7744132028456,-0.7608326192490935,0.5901556372556953,0.03620255456367029,0.07104672357215923,0.8737827450506932,BH_from_pvalue
fluoroquinolone,ciprofloxacin,ciprofloxacin_vs_control,not_regulated,b4373,b4373,102.95467818007465,0.9907983465712773,1.987284393550408,0.08240901017084225,0.13172556067819774,0.8722294531655967,BH_from_pvalue
fluoroquinolone,ciprofloxacin,ciprofloxacin_vs_control,not_regulated,b2549,b2549,100.62392910453941,-0.6115844675482318,0.6544775145654654,0.014159384286578775,0.03761896663971136,0.8712590359682754,BH_from_pvalue
fluoroquinolone,ciprofloxacin,ciprofloxacin_vs_control,not_regulated,b0729,b0729,7851.279787257197,-0.7386810079486636,0.5992870034365794,0.03286082446375261,0.06617341179550527,0.8711386811498555,BH_from_pvalue
fluoroquinolone,ciprofloxacin,ciprofloxacin_vs_control,not_regulated,b2263,b2263,53.11692897899874,0.7865424998955799,1.7249355995517044,0.04127215715041352,0.07819346677536312,0.8705684667583905,BH_from_pvalue
fluoroquinolone,ciprofloxacin,ciprofloxacin_vs_control,not_regulated,b2662,b2662,5857.744391938365,-1.2594515460417828,0.4177027231155916,0.14248351537259946,0.20371610049140254,0.8702490857118264,BH_from_pvalue
fluoroquinolone,ciprofloxacin,ciprofloxacin_vs_control,not_regulated,b2980,b2980,727.4716667449271,0.7335913676883195,1.6627731622919029,0.03207532076589059,0.06520541487090084,0.8698312697437135,BH_from_pvalue
fluoroquinolone,ciprofloxacin,ciprofloxacin_vs_control,not_regulated,b2395,b2395,348.67336395980374,0.9742831979579618,1.9646648121874273,0.07945741628975941,0.1281001643266444,0.8694993451073812,BH_from_pvalue
fluoroquinolone,ciprofloxacin,ciprofloxacin_vs_control,not_regulated,b1484,b1484,161.07773169432014,-1.0731162525767495,0.47529125003356826,0.10139705859247734,0.1548146536147193,0.869425840251177,BH_from_pvalue
fluoroquinolone,ciprofloxacin,ciprofloxacin_vs_control,not_regulated,b4466,b4466,335.5209646031937,0.5402547661434802,1.4542292976300548,0.006835030531601978,0.024595173864916556,0.8693510126061627,BH_from_pvalue
fluoroquinolone,ciprofloxacin,ciprofloxacin_vs_control,not_regulated,b1418,b1418,270.1778734259402,0.739948750784337,1.6701165098377548,0.0338476248312318,0.06756807616771776,0.8659312754715961,BH_from_pvalue
fluoroquinolone,ciprofloxacin,ciprofloxacin_vs_control,not_regulated,b3997,b3997,1348.565162823644,-0.47634827308053573,0.7187947251935073,0.0028207791977881494,0.01534130101258515,0.864161412287319,BH_from_pvalue
fluoroquinolone,ciprofloxacin,ciprofloxacin_vs_control,not_regulated,b1507,b1507,160.8539086424192,-0.6024507862924295,0.6586341460648134,0.013610489656164067,0.03685930056977144,0.863584832785515,BH_from_pvalue
fluoroquinolone,ciprofloxacin,ciprofloxacin_vs_control,not_regulated,b3933,b3933,854.6390064103986,0.45907319623738907,1.3746584381510547,0.0019598170653746423,0.013336243812488867,0.8607468517629618,BH_from_pvalue
fluoroquinolone,ciprofloxacin,ciprofloxacin_vs_control,not_regulated,b0280,b0280,138.4880769823567,-0.7196513403745453,0.6072441786458499,0.03107708680138565,0.06382864677289163,0.859972098503778,BH_from_pvalue
fluoroquinolone,ciprofloxacin,ciprofloxacin_vs_control,not_regulated,b0069,b0069,305.5507951803672,-0.6428364241191717,0.6404525424413935,0.01942205875778174,0.04595498174250514,0.8599013294276752,BH_from_pvalue
fluoroquinolone,ciprofloxacin,ciprofloxacin_vs_control,not_regulated,b0385,b0385,59.36227617163282,0.8792150453443099,1.8393742454530164,0.061986835976783394,0.10601398791770789,0.8569153632498132,BH_from_pvalue
fluoroquinolone,ciprofloxacin,ciprofloxacin_vs_control,not_regulated,b3575,b3575,20.790722344790172,-0.8659403997333044,0.5486886356128998,0.05956895187422294,0.10277757787888561,0.8556371130013851,BH_from_pvalue
fluoroquinolone,ciprofloxacin,ciprofloxacin_vs_control,not_regulated,b4409,b4409,113.7956135373355,1.0474060592328458,2.066810415515534,0.09964077760615515,0.15265130029716822,0.8549970340601359,BH_from_pvalue
fluoroquinolone,ciprofloxacin,ciprofloxacin_vs_control,not_regulated,b0415,b0415,910.9094022486973,-0.5646986712516409,0.6760966148038211,0.009946700306603507,0.030644012314453822,0.8547586124946993,BH_from_pvalue
fluoroquinolone,ciprofloxacin,ciprofloxacin_vs_control,not_regulated,b0154,b0154,2129.4911010283754,-0.5076554133211726,0.7033645780215165,0.005112789224936781,0.02073508562296092,0.8545333960545438,BH_from_pvalue
fluoroquinolone,ciprofloxacin,ciprofloxacin_vs_control,not_regulated,b2513,b2513,1115.0751223229047,-0.467892470654931,0.7230200345957785,0.002645911140099674,0.014951392346945144,0.8540527180462367,BH_from_pvalue
fluoroquinolone,ciprofloxacin,ciprofloxacin_vs_control,not_regulated,b3791,b3791,500.12506907258063,0.5942015201799933,1.509636824612544,0.013402050215770376,0.03653480113365767,0.8540418354405444,BH_from_pvalue
fluoroquinolone,ciprofloxacin,ciprofloxacin_vs_control,not_regulated,b0304,b0304,143.0768016258712,0.8050684015422318,1.7472286300607247,0.04767657435523851,0.08723952519106608,0.8527982557971107,BH_from_pvalue
fluoroquinolone,ciprofloxacin,ciprofloxacin_vs_control,not_regulated,b1902,b1902,351.3568303719806,-0.740801824450859,0.5984066759971355,0.03589610617474406,0.07062175954304434,0.8527084342007727,BH_from_pvalue
fluoroquinolone,ciprofloxacin,ciprofloxacin_vs_control,not_regulated,b3800,b3800,233.10350458318996,1.2254712264811234,2.3383181356340534,0.14075055400756845,0.20155873668450902,0.8524357904992745,BH_from_pvalue
fluoroquinolone,ciprofloxacin,ciprofloxacin_vs_control,not_regulated,b1380,b1380,358.6305023679775,-0.8157541455951884,0.5681114378824472,0.04984353121002815,0.09025612052443906,0.8520742428823143,BH_from_pvalue
fluoroquinolone,ciprofloxacin,ciprofloxacin_vs_control,not_regulated,b2514,b2514,3223.522404499883,-0.5671214723766465,0.6749621595459989,0.010551327414096779,0.03151385837224921,0.8515319953442378,BH_from_pvalue
fluoroquinolone,ciprofloxacin,ciprofloxacin_vs_control,not_regulated,b1520,b1520,35.00368715422318,1.1628999568085963,2.2390705043508574,0.12689578919933678,0.18537747964229193,0.8511765141638287,BH_from_pvalue
fluoroquinolone,ciprofloxacin,ciprofloxacin_vs_control,not_regulated,b3779,b3779,2278.02170295115,0.6329798010828274,1.5507647005607221,0.01899702126212088,0.04530678771846221,0.8506215050927081,BH_from_pvalue
fluoroquinolone,ciprofloxacin,ciprofloxacin_vs_control,not_regulated,b2139,b2139,21.68118150829216,1.1960397530691456,2.291098925697002,0.1349102937243463,0.19468286851848238,0.8499922783704597,BH_from_pvalue
fluoroquinolone,ciprofloxacin,ciprofloxacin_vs_control,not_regulated,b1815,b1815,245.25041120386962,-0.6463111263970607,0.6389118813166967,0.021147974093431405,0.04860684081362006,0.8488020858355597,BH_from_pvalue
fluoroquinolone,ciprofloxacin,ciprofloxacin_vs_control,not_regulated,b0833,b0833,41.04837990925503,0.8162368495317072,1.7608070778877587,0.05062117735300421,0.09133335568945565,0.8483725722818486,BH_from_pvalue
fluoroquinolone,ciprofloxacin,ciprofloxacin_vs_control,not_regulated,b2748,b2748,313.0700822882141,0.4447026437368944,1.3610335627071075,0.0015600085824056707,0.01237551781950742,0.8482421077439527,BH_from_pvalue
fluoroquinolone,ciprofloxacin,ciprofloxacin_vs_control,not_regulated,b3417,b3417,992.013158654077,0.7006269954756217,1.6252109561710633,0.029601019823083774,0.06166220945810623,0.8477452950540275,BH_from_pvalue
fluoroquinolone,ciprofloxacin,ciprofloxacin_vs_control,not_regulated,b1410,b1410,69.40384151982761,0.753776083234313,1.6862004896066958,0.03931554164931427,0.07550867051179146,0.8457391596290771,BH_from_pvalue
fluoroquinolone,ciprofloxacin,ciprofloxacin_vs_control,not_regulated,b1311,b1311,14.635974932690088,1.337525810392456,2.5271754203043195,0.16809581775544122,0.23329064741251918,0.845453638161506,BH_from_pvalue
fluoroquinolone,ciprofloxacin,ciprofloxacin_vs_control,not_regulated,b0171,b0171,1073.7117678597876,-0.671438202383964,0.627880449984458,0.02543064305993357,0.05525943598240638,0.8443963539645026,BH_from_pvalue
fluoroquinolone,ciprofloxacin,ciprofloxacin_vs_control,not_regulated,b4194,b4194,7.156160067741298,-0.6573849573458133,0.6340264984684467,0.023300994304466915,0.05196225700619345,0.8442873849966007,BH_from_pvalue
fluoroquinolone,ciprofloxacin,ciprofloxacin_vs_control,not_regulated,b2572,b2572,4657.240843960151,-0.5959286998939479,0.6616184172991751,0.014608679909951383,0.03842680832453878,0.8434570330806801,BH_from_pvalue
fluoroquinolone,ciprofloxacin,ciprofloxacin_vs_control,not_regulated,b3867,b3867,1256.3908536295428,-0.4495302214382111,0.7322812587412946,0.00196816190822659,0.013372797980669487,0.842319711651685,BH_from_pvalue
fluoroquinolone,ciprofloxacin,ciprofloxacin_vs_control,not_regulated,b0634,b0634,451.16701038694447,0.6700210628104273,1.5910961967523154,0.025517499411540346,0.055367926846651455,0.8420434346825599,BH_from_pvalue
fluoroquinolone,ciprofloxacin,ciprofloxacin_vs_control,not_regulated,b0817,b0817,246.85366842907868,-0.6054855942567015,0.6572501201738691,0.015990464299011242,0.04077387098466699,0.841393714181956,BH_from_pvalue
fluoroquinolone,ciprofloxacin,ciprofloxacin_vs_control,not_regulated,b1063,b1063,806.3608605652463,-0.833373549044703,0.5612153798295422,0.055608817356421106,0.09791029442555635,0.8410169541103647,BH_from_pvalue
fluoroquinolone,ciprofloxacin,ciprofloxacin_vs_control,not_regulated,b3995,b3995,1132.1127042451826,-0.630765476712325,0.6458336527916717,0.01995601354375269,0.04667818456567842,0.8394769694412212,BH_from_pvalue
fluoroquinolone,ciprofloxacin,ciprofloxacin_vs_control,not_regulated,b2516,b2516,2814.742035028841,-0.5876173615092739,0.6654409885845923,0.013967939257800821,0.03733083231229239,0.8390778264769215,BH_from_pvalue
fluoroquinolone,ciprofloxacin,ciprofloxacin_vs_control,not_regulated,b2029,b2029,3268.1040019504903,-0.6393967609077809,0.6419813265522594,0.02130435448060834,0.048816600333049576,0.8385256727226511,BH_from_pvalue
fluoroquinolone,ciprofloxacin,ciprofloxacin_vs_control,not_regulated,b4099,b4099,3.8034899373179925,-1.0104399596706954,0.49639484564784797,0.09568651181798671,0.14815763516602554,0.8379335702506308,BH_from_pvalue
fluoroquinolone,ciprofloxacin,ciprofloxacin_vs_control,not_regulated,b2647,b2647,140.7580238596098,0.941418446163679,1.92041544778053,0.08020175025413254,0.12888441323440092,0.8376737580614744,BH_from_pvalue
fluoroquinolone,ciprofloxacin,ciprofloxacin_vs_control,not_regulated,b0222,b0222,1099.2634411366412,-0.6142764017863573,0.6532574592421835,0.017984210258337876,0.04379695600541622,0.8345289361265585,BH_from_pvalue
fluoroquinolone,ciprofloxacin,ciprofloxacin_vs_control,not_regulated,b2664,b2664,475.2681564808856,-1.1278986704057559,0.4575817217927413,0.12430308637808513,0.1823053785991072,0.8337432814856305,BH_from_pvalue
fluoroquinolone,ciprofloxacin,ciprofloxacin_vs_control,not_regulated,b0214,b0214,337.67381161325835,-0.5262772805314366,0.6943441047460789,0.007549523908661668,0.026081227758187542,0.8334505767339947,BH_from_pvalue
fluoroquinolone,ciprofloxacin,ciprofloxacin_vs_control,not_regulated,b0941,b0941,36.71908868812927,0.7116497746033579,1.6376757889769409,0.03392119071018343,0.06763187757730721,0.8325224609449091,BH_from_pvalue
fluoroquinolone,ciprofloxacin,ciprofloxacin_vs_control,not_regulated,b2240,b2240,277.0928306530578,1.270442336886683,2.4123551811177553,0.15815931082000886,0.2212132423931661,0.8323796900376267,BH_from_pvalue
fluoroquinolone,ciprofloxacin,ciprofloxacin_vs_control,not_regulated,b4698,b4698,2.311799458701397,1.7148691670746345,3.2826687280930926,0.2544878497796578,0.3270532423739717,0.8323658388551978,BH_from_pvalue
fluoroquinolone,ciprofloxacin,ciprofloxacin_vs_control,not_regulated,b0080,b0080,2393.663590582265,-0.6331163885226552,0.6447821058353953,0.02117997399851331,0.04863069068162985,0.8313385214792346,BH_from_pvalue
fluoroquinolone,ciprofloxacin,ciprofloxacin_vs_control,not_regulated,b1303,b1303,142.5707454501635,-0.6059859122847389,0.6570222292735217,0.017201301619651315,0.04277029004156529,0.8295085455192417,BH_from_pvalue
fluoroquinolone,ciprofloxacin,ciprofloxacin_vs_control,not_regulated,b2560,b2560,398.65683279729274,-0.6004321956890966,0.6595563390498649,0.016644975084883582,0.04177963054230265,0.8280172560426173,BH_from_pvalue
fluoroquinolone,ciprofloxacin,ciprofloxacin_vs_control,not_regulated,b0043,b0043,14.642674916733036,0.7751607373917717,1.711380713661034,0.04650802922731186,0.08566466644735822,0.827250199303448,BH_from_pvalue
fluoroquinolone,ciprofloxacin,ciprofloxacin_vs_control,not_regulated,b2780,b2780,6106.6532521482295,-0.5705611090927221,0.6733548487982235,0.01268927792290648,0.03549525627937397,0.8272164324004572,BH_from_pvalue
fluoroquinolone,ciprofloxacin,ciprofloxacin_vs_control,not_regulated,b1619,b1619,1186.9288205115552,-0.740399493947228,0.5985735794841005,0.03990500649709258,0.07637988052081805,0.8270418018741739,BH_from_pvalue
fluoroquinolone,ciprofloxacin,ciprofloxacin_vs_control,not_regulated,b3414,b3414,1103.3357628104598,-0.7351351138277131,0.6007617585258966,0.03912609911436996,0.07524121155042159,0.825956808031319,BH_from_pvalue
fluoroquinolone,ciprofloxacin,ciprofloxacin_vs_control,not_regulated,b4303,b4303,72.83692787737965,-0.7845810850450059,0.5805204982955738,0.048836122040787966,0.08864603589163207,0.8256465930069541,BH_from_pvalue
fluoroquinolone,ciprofloxacin,ciprofloxacin_vs_control,not_regulated,b0185,b0185,1696.4496253697328,0.49170727054823793,1.4061078652205063,0.0053975767084260854,0.02127808942550441,0.8221676827890144,BH_from_pvalue
fluoroquinolone,ciprofloxacin,ciprofloxacin_vs_control,not_regulated,b1916,b1916,176.9169152175083,0.768689091090601,1.7037209891123557,0.04636087343929516,0.08549865056578501,0.8209912654733432,BH_from_pvalue
fluoroquinolone,ciprofloxacin,ciprofloxacin_vs_control,not_regulated,b2600,b2600,516.4855856349649,0.5909853922476405,1.5062752150344803,0.016050699871400138,0.04085797850682389,0.8207150803771347,BH_from_pvalue
fluoroquinolone,ciprofloxacin,ciprofloxacin_vs_control,not_regulated,b0789,b0789,327.2404883837519,-0.8237582890109056,0.5649682548667204,0.05809674725234575,0.10101243492116398,0.8201544783200408,BH_from_pvalue
fluoroquinolone,ciprofloxacin,ciprofloxacin_vs_control,not_regulated,b2159,b2159,476.5948798764578,-0.65372528630804,0.6356368692089999,0.02575056185814332,0.05573918538880108,0.8196665094122445,BH_from_pvalue
fluoroquinolone,ciprofloxacin,ciprofloxacin_vs_control,not_regulated,b3017,b3017,1073.9692231216902,-0.4593304511386709,0.7273237283092218,0.0033344952156141978,0.016500065434359362,0.8187631129675824,BH_from_pvalue
fluoroquinolone,ciprofloxacin,ciprofloxacin_vs_control,not_regulated,b0676,b0676,990.2435354906775,-0.5152828674121768,0.6996557387227244,0.007378287089349099,0.025807718600757937,0.8183982127263134,BH_from_pvalue
fluoroquinolone,ciprofloxacin,ciprofloxacin_vs_control,not_regulated,b0384,b0384,732.0466021934302,-0.7281390114354593,0.6036821249174621,0.03952145629340786,0.0757592850287654,0.8159264597609496,BH_from_pvalue
fluoroquinolone,ciprofloxacin,ciprofloxacin_vs_control,not_regulated,b2354,b2354,5.269138296677414,1.0343822695675364,2.0482364482742033,0.10795225745093782,0.16281945461565214,0.8153970309553058,BH_from_pvalue
fluoroquinolone,ciprofloxacin,ciprofloxacin_vs_control,not_regulated,b2317,b2317,383.6623540166459,-0.6171385657390012,0.6519627459138996,0.02056299602302791,0.047750312912534607,0.8152547197213517,BH_from_pvalue
fluoroquinolone,ciprofloxacin,ciprofloxacin_vs_control,not_regulated,b0908,b0908,330.6654733702128,-0.6219677486635611,0.6497840569378676,0.021392596689276906,0.0489191153575839,0.8151020479985531,BH_from_pvalue
fluoroquinolone,ciprofloxacin,ciprofloxacin_vs_control,not_regulated,b3538,b3538,623.5482909564471,0.5713182924769153,1.4858807047517073,0.014077043274747,0.03746659210048048,0.8149031645886317,BH_from_pvalue
fluoroquinolone,ciprofloxacin,ciprofloxacin_vs_control,not_regulated,b2132,b2132,670.0255735777708,0.3664592778047151,1.2891849734833618,0.00017227107238446292,0.005974846661051763,0.8148856881402617,BH_from_pvalue
fluoroquinolone,ciprofloxacin,ciprofloxacin_vs_control,not_regulated,b2495,b2495,341.6452559366159,-0.4706496936602669,0.7216395462368933,0.004295022998642222,0.01859385317410271,0.8145207630276371,BH_from_pvalue
fluoroquinolone,ciprofloxacin,ciprofloxacin_vs_control,not_regulated,b2183,b2183,642.2479608528912,0.4789902612343262,1.3937678301681837,0.004831525279878041,0.0199561071706992,0.8142471234288109,BH_from_pvalue
fluoroquinolone,ciprofloxacin,ciprofloxacin_vs_control,not_regulated,b2506,b2506,33.30916095750654,1.1300337064078807,2.188638536184065,0.13126151358944482,0.1906407129884801,0.8133805727936474,BH_from_pvalue
fluoroquinolone,ciprofloxacin,ciprofloxacin_vs_control,not_regulated,b4134,b4134,7.137751176431188,1.044210987318718,2.062238208110861,0.11120064401986356,0.1670051742241557,0.8116339504979782,BH_from_pvalue
fluoroquinolone,ciprofloxacin,ciprofloxacin_vs_control,not_regulated,b3569,b3569,111.02999621735762,0.6189081478192744,1.5357124922592766,0.021465302136092667,0.04892345912442294,0.811068509627793,BH_from_pvalue
fluoroquinolone,ciprofloxacin,ciprofloxacin_vs_control,not_regulated,b2798,b2798,291.7546160861553,0.7790631305430775,1.7160161499497961,0.05058349301120634,0.09133335568945565,0.809735302207899,BH_from_pvalue
fluoroquinolone,ciprofloxacin,ciprofloxacin_vs_control,not_regulated,b2196,b2196,242.08820767087127,-0.5735590491229958,0.6719570610253255,0.014870712664951123,0.03875929145265988,0.8096498171000769,BH_from_pvalue
fluoroquinolone,ciprofloxacin,ciprofloxacin_vs_control,not_regulated,b3237,b3237,788.4638810726918,-0.8594317750353824,0.5511696007986492,0.06829874571048669,0.11433113442715637,0.8094433446322339,BH_from_pvalue
fluoroquinolone,ciprofloxacin,ciprofloxacin_vs_control,not_regulated,b3871,b3871,4431.172020790644,0.9114171284815331,1.8808921514465002,0.0810437709840746,0.12995895967428434,0.8076921846448167,BH_from_pvalue
fluoroquinolone,ciprofloxacin,ciprofloxacin_vs_control,not_regulated,b1584,b1584,143.54512743146296,0.522098445551606,1.436042498880563,0.008762179191894422,0.028435989902699216,0.8072329303818925,BH_from_pvalue
fluoroquinolone,ciprofloxacin,ciprofloxacin_vs_control,not_regulated,b1760,b1760,66.48276731861814,-0.5366892532759451,0.6893510420356591,0.010482877379816966,0.03147662380134627,0.8061136216559865,BH_from_pvalue
fluoroquinolone,ciprofloxacin,ciprofloxacin_vs_control,not_regulated,b3709,b3709,4455.181077711841,0.7629618181428484,1.696970891385524,0.048245887882230075,0.08797375208591184,0.8054182666567382,BH_from_pvalue
fluoroquinolone,ciprofloxacin,ciprofloxacin_vs_control,not_regulated,b2197,b2197,78.86740849960661,-0.8497765194180822,0.5548706815840676,0.06712949464179296,0.11283574996217667,0.8052085284247095,BH_from_pvalue
fluoroquinolone,ciprofloxacin,ciprofloxacin_vs_control,not_regulated,b1013,b1013,127.336595185313,-0.4716635946201668,0.7211325686946621,0.004723352619084331,0.019642502218568867,0.8050369274945257,BH_from_pvalue
fluoroquinolone,ciprofloxacin,ciprofloxacin_vs_control,not_regulated,b3248,b3248,273.30284270351945,0.5710555088077074,1.4856100795582228,0.015061945463331085,0.03900692469997938,0.8045362865200992,BH_from_pvalue
fluoroquinolone,ciprofloxacin,ciprofloxacin_vs_control,not_regulated,b0464,b0464,102.08244908172573,-0.5694256375016904,0.6738850206209954,0.01481985166529358,0.0387585406443219,0.8038197838251034,BH_from_pvalue
fluoroquinolone,ciprofloxacin,ciprofloxacin_vs_control,not_regulated,b2255,b2255,265.84815104982,0.6743877820431914,1.5959193891925296,0.031393933139339344,0.06430323827902931,0.8037132088251664,BH_from_pvalue
fluoroquinolone,ciprofloxacin,ciprofloxacin_vs_control,not_regulated,b1135,b1135,186.39515540518616,-0.4302817905418017,0.7421168191789193,0.00214739291903955,0.013613438931790699,0.8029196557866858,BH_from_pvalue
fluoroquinolone,ciprofloxacin,ciprofloxacin_vs_control,not_regulated,b0194,b0194,3793.4210695731076,-0.47667350662160146,0.7186327021751291,0.005107274753994557,0.020733322963418337,0.8023993321618366,BH_from_pvalue
fluoroquinolone,ciprofloxacin,ciprofloxacin_vs_control,not_regulated,b2803,b2803,107.47997439962637,0.8493746110693783,1.801719734600985,0.06789344325982104,0.11373732133432962,0.8018920257353787,BH_from_pvalue
fluoroquinolone,ciprofloxacin,ciprofloxacin_vs_control,not_regulated,b2468,b2468,192.97912131711462,0.6494932001120342,1.5686170643496142,0.027521581002048188,0.058410540726932046,0.8011555605530172,BH_from_pvalue
fluoroquinolone,ciprofloxacin,ciprofloxacin_vs_control,not_regulated,b1277,b1277,1064.4388637737538,-0.5652324402862039,0.6758465185075258,0.014629430504761688,0.038436435987393734,0.7999491050157643,BH_from_pvalue
fluoroquinolone,ciprofloxacin,ciprofloxacin_vs_control,not_regulated,b0193,b0193,82.93879572494352,0.6331033718553751,1.550897533483601,0.025113136964150528,0.054807806921275626,0.7984431134473924,BH_from_pvalue
fluoroquinolone,ciprofloxacin,ciprofloxacin_vs_control,not_regulated,b2946,b2946,407.68208706089484,0.5360128045344545,1.4499597018331651,0.0111760969587695,0.032621728825791826,0.7967792961910868,BH_from_pvalue
fluoroquinolone,ciprofloxacin,ciprofloxacin_vs_control,not_regulated,b1739,b1739,2467.0062732679858,-0.7910919643085386,0.5779065135674364,0.056082160045179685,0.09853810776688213,0.7961516158672621,BH_from_pvalue
fluoroquinolone,ciprofloxacin,ciprofloxacin_vs_control,not_regulated,b0498,b0498,3.201841972357139,1.2909482127646557,2.4468882467556936,0.1750148812962846,0.24177424326495336,0.7959857163526985,BH_from_pvalue
fluoroquinolone,ciprofloxacin,ciprofloxacin_vs_control,not_regulated,b2469,b2469,341.036207410375,-0.5821307909230917,0.667976479466106,0.017418277795992355,0.04295362583682764,0.795772890306622,BH_from_pvalue
fluoroquinolone,ciprofloxacin,ciprofloxacin_vs_control,not_regulated,b1358,b1358,11.606879911379679,-0.7145412313570172,0.6093988863356686,0.04046555046432474,0.07722276028363713,0.7947518277904482,BH_from_pvalue
fluoroquinolone,ciprofloxacin,ciprofloxacin_vs_control,not_regulated,b3243,b3243,371.11848657690183,-0.5140563884109142,0.7002507902788335,0.008809174041207367,0.02854730896062733,0.7939265881075617,BH_from_pvalue
fluoroquinolone,ciprofloxacin,ciprofloxacin_vs_control,not_regulated,b1266,b1266,253.28649832485107,-0.519421710889115,0.6976514233605919,0.009387804584732552,0.029651667735837516,0.7936508576703911,BH_from_pvalue
fluoroquinolone,ciprofloxacin,ciprofloxacin_vs_control,not_regulated,b2300,b2300,514.590718023582,-0.46195145274343474,0.7260035698470867,0.004593141059274783,0.019344521053013083,0.7915270295992295,BH_from_pvalue
fluoroquinolone,ciprofloxacin,ciprofloxacin_vs_control,not_regulated,b1928,b1928,602.0771025721282,-0.543321397145176,0.6861893324099781,0.01245380989366469,0.03501077306356486,0.7909663660938268,BH_from_pvalue
fluoroquinolone,ciprofloxacin,ciprofloxacin_vs_control,not_regulated,b2069,b2069,229.89145118176725,0.9298874938792583,1.9051274221707677,0.09017178396373227,0.14127226898950462,0.7903514401641633,BH_from_pvalue
fluoroquinolone,ciprofloxacin,ciprofloxacin_vs_control,not_regulated,b1582,b1582,47.60380836340397,0.7597866086184526,1.6932401562828374,0.05070793722500758,0.09141655376275915,0.7893994093403932,BH_from_pvalue
fluoroquinolone,ciprofloxacin,ciprofloxacin_vs_control,not_regulated,b0240,b0240,1333.1510134870082,-0.4768986375686133,0.718520569095325,0.0057709019051583495,0.022162411414849526,0.7889729926608431,BH_from_pvalue
fluoroquinolone,ciprofloxacin,ciprofloxacin_vs_control,not_regulated,b0762,b0762,146.77581100526865,-0.6745826685430121,0.6265134259704574,0.03412044371780615,0.06790874152331507,0.787962690325793,BH_from_pvalue
fluoroquinolone,ciprofloxacin,ciprofloxacin_vs_control,not_regulated,b1076,b1076,34.9981486365476,1.1483898054717105,2.2166635408293818,0.14506368164203753,0.20602982002711867,0.7878756983340217,BH_from_pvalue
fluoroquinolone,ciprofloxacin,ciprofloxacin_vs_control,not_regulated,b4301,b4301,56.144869959873716,-0.5374670776163475,0.6889794808347632,0.012026531643634831,0.034237556539917384,0.7876565175172132,BH_from_pvalue
fluoroquinolone,ciprofloxacin,ciprofloxacin_vs_control,not_regulated,b0373,b0373,4.245083400356523,1.365586374597665,2.576810375064415,0.1966599982238736,0.26500199880496805,0.787603102761672,BH_from_pvalue
fluoroquinolone,ciprofloxacin,ciprofloxacin_vs_control,not_regulated,b4059,b4059,1610.0129294522542,0.547368824750345,1.4614179420498699,0.013327346135811687,0.03644158232150819,0.7873368358615238,BH_from_pvalue
fluoroquinolone,ciprofloxacin,ciprofloxacin_vs_control,not_regulated,b4130,b4130,66.93333887944097,0.7813970831382164,1.718794520743011,0.05590345487270406,0.098307451343971,0.7871900196363243,BH_from_pvalue
fluoroquinolone,ciprofloxacin,ciprofloxacin_vs_control,not_regulated,b1735,b1735,92.36771669089437,-0.5754121162795363,0.6710945210000641,0.01732283456063006,0.04285924634417712,0.7871381519988314,BH_from_pvalue
fluoroquinolone,ciprofloxacin,ciprofloxacin_vs_control,not_regulated,b4216,b4216,780.5364543544806,-0.6430387828414119,0.6403627160638965,0.028422435053240932,0.059768168709433245,0.7867772745725987,BH_from_pvalue
fluoroquinolone,ciprofloxacin,ciprofloxacin_vs_control,not_regulated,b0604,b0604,223.5823819995521,0.602077467630691,1.5179007566979419,0.02185714313698776,0.04947832402122342,0.7860633224052889,BH_from_pvalue
fluoroquinolone,ciprofloxacin,ciprofloxacin_vs_control,not_regulated,b3283,b3283,816.8662579597761,-0.5676464347117509,0.6747166015846193,0.01633010163279244,0.04127610118942336,0.7857937154115006,BH_from_pvalue
fluoroquinolone,ciprofloxacin,ciprofloxacin_vs_control,not_regulated,b3349,b3349,5007.268710594108,0.3809535732423477,1.302202283274983,0.0005534188482223855,0.008764125939899345,0.7837325063294238,BH_from_pvalue
fluoroquinolone,ciprofloxacin,ciprofloxacin_vs_control,not_regulated,b0963,b0963,943.8450671602404,-0.6932151325210061,0.6184740065505672,0.03827282857325173,0.07415485844933233,0.7832363198215709,BH_from_pvalue
fluoroquinolone,ciprofloxacin,ciprofloxacin_vs_control,not_regulated,b1819,b1819,3241.333221316432,-0.654918190878039,0.6351115047302774,0.03102183688317096,0.0637442769760178,0.7829932067315464,BH_from_pvalue
fluoroquinolone,ciprofloxacin,ciprofloxacin_vs_control,not_regulated,b2781,b2781,586.9221100710906,-0.5216276339650783,0.6965855089656564,0.01070316349553303,0.03179843421592309,0.7811865528557629,BH_from_pvalue
fluoroquinolone,ciprofloxacin,ciprofloxacin_vs_control,not_regulated,b0761,b0761,305.9266210227051,-0.5922832092745125,0.6632923494417647,0.02100993321487355,0.04838846881746095,0.7790053005094694,BH_from_pvalue
fluoroquinolone,ciprofloxacin,ciprofloxacin_vs_control,not_regulated,b4410,b4410,6.643923885210932,0.66590301937444,1.586561031234371,0.03398232356845901,0.06772374453297679,0.778613123301339,BH_from_pvalue
fluoroquinolone,ciprofloxacin,ciprofloxacin_vs_control,not_regulated,b0942,b0942,10.598510176668757,1.414124158118157,2.6649789880062587,0.21322135232732176,0.28266125634196676,0.7759776028530264,BH_from_pvalue
fluoroquinolone,ciprofloxacin,ciprofloxacin_vs_control,not_regulated,b1616,b1616,44.368962393824496,-0.7099184521096582,0.6113546945041537,0.04305007976377631,0.08071665643079026,0.7759670190037667,BH_from_pvalue
fluoroquinolone,ciprofloxacin,ciprofloxacin_vs_control,not_regulated,b3074,b3074,103.46394512050806,-0.8061887904604212,0.571890644338228,0.06424492599284079,0.10925280798328843,0.7752048527881547,BH_from_pvalue
fluoroquinolone,ciprofloxacin,ciprofloxacin_vs_control,not_regulated,b0175,b0175,1218.5501784810388,0.4981221877649862,1.412374019072541,0.008312498278569854,0.027819655697177977,0.77490290930659,BH_from_pvalue
fluoroquinolone,ciprofloxacin,ciprofloxacin_vs_control,not_regulated,b3734,b3734,11681.290035223175,0.5707651947683399,1.4853111597871411,0.018101404256938045,0.044032578731057294,0.7740865283788048,BH_from_pvalue
fluoroquinolone,ciprofloxacin,ciprofloxacin_vs_control,not_regulated,b0472,b0472,712.6596780403978,-0.40281571310803344,0.756380610972104,0.0014207396260553825,0.012009187398790117,0.7736020899177062,BH_from_pvalue
fluoroquinolone,ciprofloxacin,ciprofloxacin_vs_control,not_regulated,b2825,b2825,82.95983212106117,-0.7336219933150678,0.601392177138671,0.048469641157842844,0.0882300469154096,0.7735189175361171,BH_from_pvalue
fluoroquinolone,ciprofloxacin,ciprofloxacin_vs_control,not_regulated,b4286,b4286,7.375121601244441,1.2728821408573054,2.416438270854563,0.17969579771458788,0.24702680260397805,0.7729652191740995,BH_from_pvalue
fluoroquinolone,ciprofloxacin,ciprofloxacin_vs_control,not_regulated,b1483,b1483,164.62370663442897,-0.7625363761761914,0.5894591017813222,0.054841388784161685,0.09692595943071092,0.7728762866216987,BH_from_pvalue
fluoroquinolone,ciprofloxacin,ciprofloxacin_vs_control,not_regulated,b3334,b3334,5.496270865602921,0.8512907669957781,1.8041143291269577,0.0759964673758796,0.12394202692411402,0.77193463840667,BH_from_pvalue
fluoroquinolone,ciprofloxacin,ciprofloxacin_vs_control,not_regulated,b4150,b4150,90.94184671516022,0.8214802708380926,1.7672183091585592,0.068994801718726,0.11519622053854103,0.7710099765282538,BH_from_pvalue
fluoroquinolone,ciprofloxacin,ciprofloxacin_vs_control,not_regulated,b2979,b2979,1963.5183576811169,0.8259463458581209,1.7726974701599096,0.07004069648222386,0.11655310868555048,0.7710012055870425,BH_from_pvalue
fluoroquinolone,ciprofloxacin,ciprofloxacin_vs_control,not_regulated,b2287,b2287,2303.171817071659,-0.6955262924157406,0.6174840204718118,0.041116518743337285,0.07796884540789677,0.770698006884721,BH_from_pvalue
fluoroquinolone,ciprofloxacin,ciprofloxacin_vs_control,not_regulated,b2330,b2330,542.5155308533539,0.5107720673747895,1.4248124890198728,0.010358399845069114,0.03122793733453142,0.7689452314161134,BH_from_pvalue
fluoroquinolone,ciprofloxacin,ciprofloxacin_vs_control,not_regulated,b1207,b1207,2982.0913980209734,0.5610134535891778,1.4753052147080916,0.01712258593941636,0.04261697619610713,0.768822580503363,BH_from_pvalue
fluoroquinolone,ciprofloxacin,ciprofloxacin_vs_control,not_regulated,b0822,b0822,116.62875797360878,0.8123962845126247,1.7561259077721945,0.06756312362219971,0.11330587549329887,0.7683218112616129,BH_from_pvalue
fluoroquinolone,ciprofloxacin,ciprofloxacin_vs_control,not_regulated,b4197,b4197,64.04462543646484,0.5207989289522059,1.434749557000239,0.011589696861460594,0.03348134648866394,0.7682810617072232,BH_from_pvalue
fluoroquinolone,ciprofloxacin,ciprofloxacin_vs_control,not_regulated,b0567,b0567,69.35591510128494,-0.709905617198582,0.6113601334346426,0.044728871623646894,0.08299936656896194,0.7673548868988477,BH_from_pvalue
fluoroquinolone,ciprofloxacin,ciprofloxacin_vs_control,not_regulated,b0116,b0116,8246.275732984908,-0.6055014716946907,0.6572428869122942,0.024763934575162173,0.05428273767986328,0.7661641770339108,BH_from_pvalue
fluoroquinolone,ciprofloxacin,ciprofloxacin_vs_control,not_regulated,b3591,b3591,1021.9037808410172,-0.7589606809341873,0.5909218781732689,0.055668386484847274,0.09796416369673046,0.7657402980871649,BH_from_pvalue
fluoroquinolone,ciprofloxacin,ciprofloxacin_vs_control,not_regulated,b0213,b0213,246.33580451477312,-0.6110746804191383,0.654708819975505,0.025823821063328922,0.055870874046586576,0.7655632412716429,BH_from_pvalue
fluoroquinolone,ciprofloxacin,ciprofloxacin_vs_control,not_regulated,b1814,b1814,6310.532033169515,-0.48182470151824575,0.716071373463373,0.007366809118401057,0.02580678147552021,0.765265866377172,BH_from_pvalue
fluoroquinolone,ciprofloxacin,ciprofloxacin_vs_control,not_regulated,b2360,b2360,15.476573026752282,1.0408953634280396,2.0575041825910225,0.12563309971508366,0.1840109679317637,0.7652207738594051,BH_from_pvalue
fluoroquinolone,ciprofloxacin,ciprofloxacin_vs_control,not_regulated,b4666,b4666,3.3158487849565508,-1.2415809846332513,0.42290895524265637,0.17517938161506172,0.24192719020710704,0.7652053800124732,BH_from_pvalue
fluoroquinolone,ciprofloxacin,ciprofloxacin_vs_control,not_regulated,b3737,b3737,1339.3983727671712,0.509948829171476,1.4239996869767386,0.01061065774611888,0.03160711161724683,0.7650329795911851,BH_from_pvalue
fluoroquinolone,ciprofloxacin,ciprofloxacin_vs_control,not_regulated,b4332,b4332,48.98030872995091,0.8021062006862243,1.7436448287645314,0.06580508085986272,0.11123309045759583,0.7650216196672971,BH_from_pvalue
fluoroquinolone,ciprofloxacin,ciprofloxacin_vs_control,not_regulated,b0479,b0479,239.73531666373898,-0.6553521040552459,0.6349205137001226,0.0342781216060975,0.06819238875905642,0.7643136292518379,BH_from_pvalue
fluoroquinolone,ciprofloxacin,ciprofloxacin_vs_control,not_regulated,b0355,b0355,133.61784506494607,0.9166347966322688,1.887706924277981,0.09501949155597753,0.14732770528051944,0.7623794374036921,BH_from_pvalue
fluoroquinolone,ciprofloxacin,ciprofloxacin_vs_control,not_regulated,b3794,b3794,219.89164316024141,0.4772733751288696,1.3921101566796552,0.007269762202193674,0.025606413770921807,0.7596527598568739,BH_from_pvalue
fluoroquinolone,ciprofloxacin,ciprofloxacin_vs_control,not_regulated,b3146,b3146,223.10854557286157,0.39527695553033393,1.3151952152405977,0.0014041251894671132,0.012004644932831602,0.7591889537257739,BH_from_pvalue
fluoroquinolone,ciprofloxacin,ciprofloxacin_vs_control,not_regulated,b2833,b2833,680.5739899354982,-0.5792468023950264,0.6693131190424425,0.02175839786492064,0.049304419947815134,0.7571416895407184,BH_from_pvalue
fluoroquinolone,ciprofloxacin,ciprofloxacin_vs_control,not_regulated,b0993,b0993,122.34903768306494,0.6189233530844573,1.5357286779659447,0.0284762894305663,0.05982547868224531,0.7570137053015563,BH_from_pvalue
fluoroquinolone,ciprofloxacin,ciprofloxacin_vs_control,not_regulated,b4362,b4362,373.89692880397047,-0.459041181723137,0.7274695759053859,0.00591647665815312,0.022457647264449564,0.756791700056661,BH_from_pvalue
fluoroquinolone,ciprofloxacin,ciprofloxacin_vs_control,not_regulated,b2223,b2223,12.592112723475205,0.7168409356857186,1.6435791518114191,0.048347232792053926,0.08807851482327199,0.7563603886795901,BH_from_pvalue
fluoroquinolone,ciprofloxacin,ciprofloxacin_vs_control,not_regulated,b0872,b0872,389.06752399667613,-1.9061555388365532,0.2668025686259999,0.32640283721148866,0.40113660157849074,0.7561865970990327,BH_from_pvalue
fluoroquinolone,ciprofloxacin,ciprofloxacin_vs_control,not_regulated,b1562,b1562,343.9693906687596,-0.7916821026278331,0.5776701676829451,0.06579667737123995,0.11123309045759583,0.7550794693966988,BH_from_pvalue
fluoroquinolone,ciprofloxacin,ciprofloxacin_vs_control,not_regulated,b3899,b3899,20.61136867051552,1.1422380103801122,2.20723159078145,0.1560517537972326,0.2190764009300725,0.7531967726773111,BH_from_pvalue
fluoroquinolone,ciprofloxacin,ciprofloxacin_vs_control,not_regulated,b1212,b1212,236.56019063118595,0.6753094733043215,1.5969392962986544,0.040905037375129516,0.07769884210867084,0.7493135679439615,BH_from_pvalue
fluoroquinolone,ciprofloxacin,ciprofloxacin_vs_control,not_regulated,b4142,b4142,711.1985316141994,-0.547363568391404,0.6842694445329951,0.017254066924962824,0.04278323761217353,0.7491909409378227,BH_from_pvalue
fluoroquinolone,ciprofloxacin,ciprofloxacin_vs_control,not_regulated,b2845,b2845,200.0118984143963,0.4402034829451891,1.356795681340456,0.004847380587143399,0.019976525199696418,0.7481170383232693,BH_from_pvalue
fluoroquinolone,ciprofloxacin,ciprofloxacin_vs_control,not_regulated,b0885,b0885,245.22054729990919,-0.5220268131211574,0.6963927974481549,0.013810936156393165,0.037021210269044376,0.7473071647014784,BH_from_pvalue
fluoroquinolone,ciprofloxacin,ciprofloxacin_vs_control,not_regulated,b3770,b3770,314.9589164017703,-0.48102175775149014,0.7164700197884933,0.008439343847831803,0.02801728826995932,0.7468218270895559,BH_from_pvalue
fluoroquinolone,ciprofloxacin,ciprofloxacin_vs_control,not_regulated,b0078,b0078,37.416161037025965,-0.7676479124563951,0.5873743159301278,0.062310780959638074,0.10644659808448614,0.7468202532460779,BH_from_pvalue
fluoroquinolone,ciprofloxacin,ciprofloxacin_vs_control,not_regulated,b3554,b3554,2659.7062236403845,0.3860508378382015,1.3068113026347052,0.001282299002123631,0.011630606346377973,0.746775830911774,BH_from_pvalue
fluoroquinolone,ciprofloxacin,ciprofloxacin_vs_control,not_regulated,b0651,b0651,910.8540267644089,-0.7018085394817888,0.6148010186525131,0.04706022234360337,0.08643400575807593,0.7462437993090559,BH_from_pvalue
fluoroquinolone,ciprofloxacin,ciprofloxacin_vs_control,not_regulated,b3034,b3034,295.77776393163526,0.5156564268072268,1.4296444805743918,0.012957564766980286,0.03588862458243678,0.7451458056246665,BH_from_pvalue
fluoroquinolone,ciprofloxacin,ciprofloxacin_vs_control,not_regulated,b0286,b0286,78.8720153880639,-0.7795617259923837,0.5825437363815781,0.06551493898565196,0.11095112784543015,0.7443787634384337,BH_from_pvalue
fluoroquinolone,ciprofloxacin,ciprofloxacin_vs_control,not_regulated,b2499,b2499,504.7231764867724,0.6331527207522569,1.550950584467545,0.03352342512837779,0.06718612234574287,0.7425111268458183,BH_from_pvalue
fluoroquinolone,ciprofloxacin,ciprofloxacin_vs_control,not_regulated,b0267,b0267,24.786196270825318,-0.7453394747742852,0.596527488513156,0.05801821119876626,0.10101243492116398,0.742078733846579,BH_from_pvalue
fluoroquinolone,ciprofloxacin,ciprofloxacin_vs_control,not_regulated,b0038,b0038,66.67218068042747,0.6482720773004251,1.567289920629946,0.036596776555534005,0.07172649278727318,0.7418309656299472,BH_from_pvalue
fluoroquinolone,ciprofloxacin,ciprofloxacin_vs_control,not_regulated,b1873,b1873,22.601744612108487,1.0817033564462855,2.116533548365836,0.14533648117905948,0.20635211248213686,0.7413898325518646,BH_from_pvalue
fluoroquinolone,ciprofloxacin,ciprofloxacin_vs_control,not_regulated,b1244,b1244,2321.476324170252,-0.6083648038122647,0.6559397436071017,0.02886490688225559,0.060472450468740405,0.7412574914208426,BH_from_pvalue
fluoroquinolone,ciprofloxacin,ciprofloxacin_vs_control,not_regulated,b3718,b3718,19.122491741334702,0.8551187462809162,1.8089076377402382,0.08570127631513479,0.1359733124745948,0.7410000047899721,BH_from_pvalue
fluoroquinolone,ciprofloxacin,ciprofloxacin_vs_control,not_regulated,b0621,b0621,786.8574910055298,1.0193195456382256,2.026962706946232,0.12886848379038743,0.18770566325261145,0.7405587111105981,BH_from_pvalue
fluoroquinolone,ciprofloxacin,ciprofloxacin_vs_control,not_regulated,b4386,b4386,270.4541403803566,-0.48333632591452425,0.7153214824253007,0.009194703007140334,0.029394295754170022,0.7403441050564133,BH_from_pvalue
fluoroquinolone,ciprofloxacin,ciprofloxacin_vs_control,not_regulated,b1332,b1332,1262.221303636142,-0.6214608659456893,0.6500123949901873,0.03148126542091044,0.0644234448877412,0.7401325818957561,BH_from_pvalue
fluoroquinolone,ciprofloxacin,ciprofloxacin_vs_control,not_regulated,b0551,b0551,8.104752939794803,1.5992961669544339,3.0299545790754947,0.2717194489728566,0.3450576175832606,0.7390481617347572,BH_from_pvalue
fluoroquinolone,ciprofloxacin,ciprofloxacin_vs_control,not_regulated,b2311,b2311,134.64475985511191,0.4156565625991755,1.3339055920966758,0.0034168577267207362,0.016687274970470407,0.7388771650159461,BH_from_pvalue
fluoroquinolone,ciprofloxacin,ciprofloxacin_vs_control,not_regulated,b1130,b1130,470.2108966119361,-0.5448756200811697,0.6854504950905095,0.01816271227145305,0.04407180097893275,0.7387637258293183,BH_from_pvalue
fluoroquinolone,ciprofloxacin,ciprofloxacin_vs_control,not_regulated,b0233,b0233,31.750786979063818,0.8677149833332871,1.8247704425651952,0.08973931386758349,0.140889156640974,0.7385316856306682,BH_from_pvalue
fluoroquinolone,ciprofloxacin,ciprofloxacin_vs_control,not_regulated,b0728,b0728,10889.425566547417,-0.6966145638406029,0.617018407984408,0.04768217336268153,0.08723952519106608,0.7379145472212,BH_from_pvalue
fluoroquinolone,ciprofloxacin,ciprofloxacin_vs_control,not_regulated,b0884,b0884,1743.844359884646,0.5005176824536992,1.414721115871363,0.011662899654617337,0.03360507964372952,0.7375603898061365,BH_from_pvalue
fluoroquinolone,ciprofloxacin,ciprofloxacin_vs_control,not_regulated,b1084,b1084,6476.393997790466,0.5143228928233441,1.4283236202373448,0.01375859123407608,0.03694695126619356,0.7367271142089777,BH_from_pvalue
fluoroquinolone,ciprofloxacin,ciprofloxacin_vs_control,not_regulated,b1036,b1036,333.1460041341681,0.6424927191029823,1.5610240009391918,0.03670400550730304,0.0718427401095949,0.7347656678162318,BH_from_pvalue
fluoroquinolone,ciprofloxacin,ciprofloxacin_vs_control,not_regulated,b1220,b1220,193.03048831761853,-0.5981893456352338,0.6605824993902868,0.027968173713911814,0.059144732188610875,0.7346267227001966,BH_from_pvalue
fluoroquinolone,ciprofloxacin,ciprofloxacin_vs_control,not_regulated,b4302,b4302,46.49223598066715,-0.8819099963105765,0.5426485384500586,0.09466728848225744,0.14693356231649207,0.7345243088194513,BH_from_pvalue
fluoroquinolone,ciprofloxacin,ciprofloxacin_vs_control,not_regulated,b4352,b4352,252.78607245699484,-0.5692230149385571,0.6739796725712351,0.02292740655652385,0.05133274001555215,0.7340731612721114,BH_from_pvalue
fluoroquinolone,ciprofloxacin,ciprofloxacin_vs_control,not_regulated,b2876,b2876,409.25582816479704,0.8591654474931119,1.8139886731861359,0.08894359059500727,0.1398840106630569,0.7339265535697057,BH_from_pvalue
fluoroquinolone,ciprofloxacin,ciprofloxacin_vs_control,not_regulated,b0661,b0661,1751.3078090840747,0.5135848913161265,1.4275931571871052,0.013920317102374551,0.03726148390069008,0.7337792025120657,BH_from_pvalue
fluoroquinolone,ciprofloxacin,ciprofloxacin_vs_control,not_regulated,b2072,b2072,9.576306839368122,0.9450514165845938,1.9252574997346699,0.11161822482614628,0.1673529250893353,0.7337064424366211,BH_from_pvalue
fluoroquinolone,ciprofloxacin,ciprofloxacin_vs_control,not_regulated,b2220,b2220,181.45782925764692,-0.6249301101553577,0.6484511901008482,0.03345042592220108,0.06716713589997764,0.7329450115647711,BH_from_pvalue
fluoroquinolone,ciprofloxacin,ciprofloxacin_vs_control,not_regulated,b4525,b4525,4.351167921695457,-1.1025304708048567,0.4656989482987647,0.15382853595313156,0.2164281372277716,0.732836875530246,BH_from_pvalue
fluoroquinolone,ciprofloxacin,ciprofloxacin_vs_control,not_regulated,b2625,b2625,4.912572039324821,0.7955909817322633,1.735788272347552,0.07281676251723727,0.11997428490935284,0.7326691468723195,BH_from_pvalue
fluoroquinolone,ciprofloxacin,ciprofloxacin_vs_control,not_regulated,b4199,b4199,42.49789210768049,-0.9731559306546558,0.5093905389294874,0.11938651543781623,0.176703042592727,0.7325489389275454,BH_from_pvalue
fluoroquinolone,ciprofloxacin,ciprofloxacin_vs_control,not_regulated,b3467,b3467,120.27067811834532,0.45179035025969316,1.367736532549983,0.006541168111003374,0.024037723989618606,0.7314967631625395,BH_from_pvalue
fluoroquinolone,ciprofloxacin,ciprofloxacin_vs_control,not_regulated,b2821,b2821,954.3853363716827,-0.4834513232948954,0.7152644663436777,0.010205156134818486,0.031044218040969844,0.7290539140196896,BH_from_pvalue
fluoroquinolone,ciprofloxacin,ciprofloxacin_vs_control,not_regulated,b1773,b1773,14.094571507991537,0.7896125354638008,1.7286101475256497,0.07256390874464373,0.11975764063610815,0.7277833224492172,BH_from_pvalue
fluoroquinolone,ciprofloxacin,ciprofloxacin_vs_control,not_regulated,b3355,b3355,339.4080571716742,-0.515341960865431,0.6996270810883848,0.014870601088966104,0.03875929145265988,0.7274691681644371,BH_from_pvalue
fluoroquinolone,ciprofloxacin,ciprofloxacin_vs_control,not_regulated,b2260,b2260,443.75061001416447,-0.5302278707604398,0.6924453550758726,0.017062906392076884,0.04249665168967986,0.7272845597817338,BH_from_pvalue
fluoroquinolone,ciprofloxacin,ciprofloxacin_vs_control,not_regulated,b1607,b1607,103.79440072450016,-0.7226217039147116,0.6059952103360757,0.056162814948385376,0.09860795979982982,0.727021044116936,BH_from_pvalue
fluoroquinolone,ciprofloxacin,ciprofloxacin_vs_control,not_regulated,b3189,b3189,1439.922420804832,0.569666468635667,1.4841804087493484,0.024014266752214675,0.052975072021315156,0.7268536510275039,BH_from_pvalue
fluoroquinolone,ciprofloxacin,ciprofloxacin_vs_control,not_regulated,b2064,b2064,1050.4085298592893,-0.40166859515062114,0.7569822646792553,0.0029868115147544025,0.015543521678165272,0.7263978025728873,BH_from_pvalue
fluoroquinolone,ciprofloxacin,ciprofloxacin_vs_control,not_regulated,b2694,b2694,3.66597271178146,1.2542853583918374,2.385489536773615,0.19513051030438,0.2637310803332636,0.726028888974717,BH_from_pvalue
fluoroquinolone,ciprofloxacin,ciprofloxacin_vs_control,not_regulated,b2585,b2585,2024.8114912374142,-0.5395486855443554,0.6879860962720539,0.019022463434779133,0.045319407060188846,0.7250000833273286,BH_from_pvalue
fluoroquinolone,ciprofloxacin,ciprofloxacin_vs_control,not_regulated,b3963,b3963,1040.0067550339993,0.41371999705837226,1.3321162585488948,0.004034837959614713,0.017886120897062815,0.7229690083423734,BH_from_pvalue
fluoroquinolone,ciprofloxacin,ciprofloxacin_vs_control,not_regulated,b1191,b1191,531.7998211378252,-0.47529873046647,0.7193178296267939,0.009635435448429798,0.030160186949921525,0.7227230755073523,BH_from_pvalue
fluoroquinolone,ciprofloxacin,ciprofloxacin_vs_control,not_regulated,b1596,b1596,247.285471078927,-0.6365042527675406,0.6432697478208544,0.037691842929069526,0.07325856058302821,0.7225224678595745,BH_from_pvalue
fluoroquinolone,ciprofloxacin,ciprofloxacin_vs_control,not_regulated,b2619,b2619,276.32714303904453,-0.498563362122896,0.7078112698829035,0.01283153275876944,0.035649310901139555,0.7218942521302614,BH_from_pvalue
fluoroquinolone,ciprofloxacin,ciprofloxacin_vs_control,not_regulated,b0091,b0091,2327.356755458198,-0.5392775100544895,0.6881154254069617,0.019443181778791323,0.045980773733440256,0.7212425363007849,BH_from_pvalue
fluoroquinolone,ciprofloxacin,ciprofloxacin_vs_control,not_regulated,b4210,b4210,176.45967514395758,0.6016213723862096,1.5174209616787397,0.030631539702360013,0.06327760828085711,0.7211935866582777,BH_from_pvalue
fluoroquinolone,ciprofloxacin,ciprofloxacin_vs_control,not_regulated,b2397,b2397,1.095817600652509,0.992024299766674,1.9889738379766961,0.12890680164235588,0.18770566325261145,0.720728097454086,BH_from_pvalue
fluoroquinolone,ciprofloxacin,ciprofloxacin_vs_control,not_regulated,b1956,b1956,730.2511984264511,-0.5019828774898674,0.7061355828560525,0.013699636491700532,0.03687669954498444,0.7194659326687425,BH_from_pvalue
fluoroquinolone,ciprofloxacin,ciprofloxacin_vs_control,not_regulated,b3021,b3021,307.8164568951091,0.632660108043603,1.5504210979693998,0.03750103492500584,0.07304841167454146,0.7189481284086362,BH_from_pvalue
fluoroquinolone,ciprofloxacin,ciprofloxacin_vs_control,not_regulated,b0243,b0243,1038.6480107262958,-0.37979194722479015,0.7685484159378176,0.0017886779391075827,0.012816039820698753,0.7186598506442796,BH_from_pvalue
fluoroquinolone,ciprofloxacin,ciprofloxacin_vs_control,not_regulated,b2852,b2852,4.202801189636777,1.3452574595623148,2.5407553411375248,0.22218800580173442,0.29230817493308026,0.7185814313132864,BH_from_pvalue
fluoroquinolone,ciprofloxacin,ciprofloxacin_vs_control,not_regulated,b0050,b0050,216.81833007643934,-0.5382212514680988,0.6886194085369247,0.019735081163526163,0.04637847182525636,0.7178168376879032,BH_from_pvalue
fluoroquinolone,ciprofloxacin,ciprofloxacin_vs_control,not_regulated,b3335,b3335,36.400520574792836,0.936282376931886,1.9135908243178927,0.11499856540637321,0.17150701973128493,0.716928362459531,BH_from_pvalue
fluoroquinolone,ciprofloxacin,ciprofloxacin_vs_control,not_regulated,b0889,b0889,1286.9118146337125,-0.5852644771525704,0.6665271385284267,0.028362304214188613,0.05969754064362208,0.7163892142189092,BH_from_pvalue
fluoroquinolone,ciprofloxacin,ciprofloxacin_vs_control,not_regulated,b3801,b3801,86.5925182316488,0.6954788710306152,1.6194218755276488,0.052352259753003456,0.09359318933585435,0.7154778898022789,BH_from_pvalue
fluoroquinolone,ciprofloxacin,ciprofloxacin_vs_control,not_regulated,b3521,b3521,53.8290201965872,-0.6052728237434941,0.6573470594119363,0.032583843441500795,0.0658410277627451,0.7151318982784162,BH_from_pvalue
fluoroquinolone,ciprofloxacin,ciprofloxacin_vs_control,not_regulated,b1069,b1069,322.1653143796901,0.6028951653359389,1.5187613237193573,0.03218915487115112,0.06523978606988429,0.7147246652783681,BH_from_pvalue
fluoroquinolone,ciprofloxacin,ciprofloxacin_vs_control,not_regulated,b0865,b0865,818.1689305561363,-0.7162810198914791,0.6086644371667188,0.05762504413068519,0.10058108207210786,0.7144786394254878,BH_from_pvalue
fluoroquinolone,ciprofloxacin,ciprofloxacin_vs_control,not_regulated,b3886,b3886,420.422055346497,-0.5955167988236596,0.6618073416620552,0.030536141649280625,0.06315014489124793,0.7143972260799185,BH_from_pvalue
fluoroquinolone,ciprofloxacin,ciprofloxacin_vs_control,not_regulated,b4174,b4174,5636.579647126405,-0.526544130975763,0.6942156861317456,0.01809155860068848,0.044032578731057294,0.7141127772352948,BH_from_pvalue
fluoroquinolone,ciprofloxacin,ciprofloxacin_vs_control,not_regulated,b4555,b4555,28.69454435305597,0.8155906554133407,1.7600185755617181,0.08361980343182815,0.1332820254558338,0.7138281174542647,BH_from_pvalue
fluoroquinolone,ciprofloxacin,ciprofloxacin_vs_control,not_regulated,b1694,b1694,11.034560236785019,1.3074827982414483,2.4750931092986477,0.2148630829526158,0.2845022511394954,0.713773547250387,BH_from_pvalue
fluoroquinolone,ciprofloxacin,ciprofloxacin_vs_control,not_regulated,b4364,b4364,74.25217447021201,0.7065578060445592,1.6319058275377973,0.05544303613036203,0.09775883046427612,0.7135131630256284,BH_from_pvalue
fluoroquinolone,ciprofloxacin,ciprofloxacin_vs_control,not_regulated,b3900,b3900,2.317242184415573,1.1097341280355866,2.158058731164258,0.16347592782830148,0.22765161714294116,0.7132585952380276,BH_from_pvalue
fluoroquinolone,ciprofloxacin,ciprofloxacin_vs_control,not_regulated,b2289,b2289,466.37032061911685,-0.5672430901889491,0.6749052632795973,0.025494831387941057,0.05534543995316547,0.7129781388679202,BH_from_pvalue
fluoroquinolone,ciprofloxacin,ciprofloxacin_vs_control,not_regulated,b3972,b3972,188.42990816776955,0.5973659443841539,1.5129517138387834,0.03162981760103057,0.0645805354377828,0.7108047566850917,BH_from_pvalue
fluoroquinolone,ciprofloxacin,ciprofloxacin_vs_control,not_regulated,b1019,b1019,165.81453499897336,0.7567054209555941,1.6896277342005985,0.06891495238643004,0.11514838626826238,0.710351269258905,BH_from_pvalue
fluoroquinolone,ciprofloxacin,ciprofloxacin_vs_control,not_regulated,b3384,b3384,1282.286889086385,-0.40584433392779395,0.7547944218066707,0.004020289647724537,0.017886120897062815,0.7092064143076707,BH_from_pvalue
fluoroquinolone,ciprofloxacin,ciprofloxacin_vs_control,not_regulated,b4180,b4180,884.4722070216312,0.5612986757349656,1.4755969127489827,0.02533795977960464,0.05513795021222142,0.706422102080578,BH_from_pvalue
fluoroquinolone,ciprofloxacin,ciprofloxacin_vs_control,not_regulated,b3145,b3145,75.58512335134101,0.6613949286515686,1.5816111300070064,0.04639632096814141,0.08552895562077871,0.7062949344190106,BH_from_pvalue
fluoroquinolone,ciprofloxacin,ciprofloxacin_vs_control,not_regulated,b3571,b3571,134.34726863159426,0.6861270159684869,1.6089583895684936,0.05269559282128938,0.09398286142353673,0.7046190560461877,BH_from_pvalue
fluoroquinolone,ciprofloxacin,ciprofloxacin_vs_control,not_regulated,b3291,b3291,579.0095715482572,0.6257951018849752,1.5430610069494137,0.03894594458176756,0.0749909497982836,0.7040139487093584,BH_from_pvalue
fluoroquinolone,ciprofloxacin,ciprofloxacin_vs_control,not_regulated,b1125,b1125,127.81141601134568,0.5592480139368154,1.4735009738341736,0.025308680005353794,0.055127575139990975,0.7038869486155693,BH_from_pvalue
fluoroquinolone,ciprofloxacin,ciprofloxacin_vs_control,not_regulated,b1658,b1658,898.139873133801,0.5856124946429446,1.5006759644449708,0.03069969041431132,0.06337182537107496,0.7016245453294184,BH_from_pvalue
fluoroquinolone,ciprofloxacin,ciprofloxacin_vs_control,not_regulated,b3919,b3919,5368.670406975901,-0.6026111438484687,0.6585609420338331,0.03451690302946521,0.06853154504127446,0.7015053434506405,BH_from_pvalue
fluoroquinolone,ciprofloxacin,ciprofloxacin_vs_control,not_regulated,b0216,b0216,16.770562485372484,1.3023728618301962,2.4663419900307515,0.21935203592572713,0.28933884386918496,0.7014492430568418,BH_from_pvalue
fluoroquinolone,ciprofloxacin,ciprofloxacin_vs_control,not_regulated,b3033,b3033,113.68490979490679,0.5658084522842346,1.4802167554504946,0.026973693693586875,0.057637849992282074,0.7012020172338622,BH_from_pvalue
fluoroquinolone,ciprofloxacin,ciprofloxacin_vs_control,not_regulated,b0200,b0200,11.427189513265184,-0.7411199181381143,0.5982747504012673,0.06761384879188886,0.11331113705883611,0.7008974150153734,BH_from_pvalue
fluoroquinolone,ciprofloxacin,ciprofloxacin_vs_control,not_regulated,b1631,b1631,126.49432929129722,0.6614039689577371,1.581621040828939,0.04797653626617972,0.08761610236511423,0.6993791858549104,BH_from_pvalue
fluoroquinolone,ciprofloxacin,ciprofloxacin_vs_control,not_regulated,b2938,b2938,4598.089154938053,0.5216827273762163,1.4356287572744604,0.01922571955150602,0.045665720795716215,0.6992685792195314,BH_from_pvalue
fluoroquinolone,ciprofloxacin,ciprofloxacin_vs_control,not_regulated,b4266,b4266,40.80919324190043,0.9186038671442152,1.8902851308235111,0.11690408085371927,0.17388708851852822,0.6978933632172752,BH_from_pvalue
fluoroquinolone,ciprofloxacin,ciprofloxacin_vs_control,not_regulated,b0443,b0443,246.63609422632248,0.6467289170065316,1.565614385284122,0.045087409528223765,0.08352684022156116,0.6972862693632481,BH_from_pvalue
fluoroquinolone,ciprofloxacin,ciprofloxacin_vs_control,not_regulated,b0765,b0765,347.44338682995334,0.5744900891420368,1.489151039679519,0.029267398055225817,0.06114480095327716,0.6972244186013099,BH_from_pvalue
fluoroquinolone,ciprofloxacin,ciprofloxacin_vs_control,not_regulated,b3802,b3802,1805.8533253637618,-0.45271288155537626,0.7306675888628841,0.009001867841827976,0.028942388529336834,0.6964832088502251,BH_from_pvalue
fluoroquinolone,ciprofloxacin,ciprofloxacin_vs_control,not_regulated,b2544,b2544,73.52504074895067,-0.5860383866472887,0.6661696871360678,0.0317967260498716,0.0648330343482876,0.6963329511401224,BH_from_pvalue
fluoroquinolone,ciprofloxacin,ciprofloxacin_vs_control,not_regulated,b3208,b3208,138.35866567774139,-0.5613104105016591,0.6776863366091517,0.027107270289578232,0.057796932255474776,0.6949557319361754,BH_from_pvalue
fluoroquinolone,ciprofloxacin,ciprofloxacin_vs_control,not_regulated,b1621,b1621,150.8217283809348,0.6558451504901281,1.575538654942809,0.047714422006279324,0.08723952519106608,0.6947280496160863,BH_from_pvalue
fluoroquinolone,ciprofloxacin,ciprofloxacin_vs_control,not_regulated,b3691,b3691,49.87801585266226,0.8489040689090732,1.8011321905722564,0.09905109104474735,0.15204253217891292,0.6944331602891489,BH_from_pvalue
fluoroquinolone,ciprofloxacin,ciprofloxacin_vs_control,not_regulated,b2874,b2874,164.0290146397853,0.5734746262895625,1.4881032468612698,0.02961414899717894,0.06166220945810623,0.6938933546798501,BH_from_pvalue
fluoroquinolone,ciprofloxacin,ciprofloxacin_vs_control,not_regulated,b0320,b0320,29.007699857252714,0.7556906671467329,1.688439712280017,0.07339888120206474,0.12080064677895616,0.6936716936465228,BH_from_pvalue
fluoroquinolone,ciprofloxacin,ciprofloxacin_vs_control,not_regulated,b1201,b1201,158.4878220877521,0.5987235253715149,1.514376076656682,0.03551970701555344,0.06997507053685702,0.6915595925335767,BH_from_pvalue
fluoroquinolone,ciprofloxacin,ciprofloxacin_vs_control,not_regulated,b3199,b3199,499.1008630175845,-0.3926795201549247,0.7617135578812718,0.0037163658288778476,0.01734047043391344,0.6914847304768397,BH_from_pvalue
fluoroquinolone,ciprofloxacin,ciprofloxacin_vs_control,not_regulated,b4361,b4361,355.5429048531248,-0.47283270844882175,0.7205484226889134,0.01231161779496018,0.034741315459053256,0.6899356155315911,BH_from_pvalue
fluoroquinolone,ciprofloxacin,ciprofloxacin_vs_control,not_regulated,b2512,b2512,3466.6642312768145,-0.5309580311895843,0.6920949911655697,0.022404509033049243,0.05038774081532774,0.6890110232466925,BH_from_pvalue
fluoroquinolone,ciprofloxacin,ciprofloxacin_vs_control,not_regulated,b0136,b0136,5.949506447506575,0.8067064925213536,1.7492136268002723,0.09065475992042149,0.14188069245722196,0.6841489805258146,BH_from_pvalue
fluoroquinolone,ciprofloxacin,ciprofloxacin_vs_control,not_regulated,b1018,b1018,175.38782872927584,0.7154388703799714,1.6419826356735667,0.06559517693955563,0.11099821202958242,0.6830180545609438,BH_from_pvalue
fluoroquinolone,ciprofloxacin,ciprofloxacin_vs_control,not_regulated,b3354,b3354,14.528755029928282,-0.8524645261046921,0.5538378177725323,0.10459173809891822,0.1586155219045631,0.6816769370735549,BH_from_pvalue
fluoroquinolone,ciprofloxacin,ciprofloxacin_vs_control,not_regulated,b4249,b4249,40.6357902946654,0.790952616350407,1.730216553275719,0.08824936017248047,0.1389865623444738,0.6778678955760988,BH_from_pvalue
fluoroquinolone,ciprofloxacin,ciprofloxacin_vs_control,not_regulated,b2545,b2545,88.27868433170738,-0.5748177935422616,0.6713710374403002,0.032884866807128,0.06618171404852874,0.677860774630515,BH_from_pvalue
fluoroquinolone,ciprofloxacin,ciprofloxacin_vs_control,not_regulated,b0316,b0316,117.40789813185336,0.6635569601967788,1.5839831189411535,0.05372387212002315,0.09540070145908572,0.6771256595875856,BH_from_pvalue
fluoroquinolone,ciprofloxacin,ciprofloxacin_vs_control,not_regulated,b1862,b1862,18.006339611771672,1.0540330053903277,2.0763260418853986,0.1636959756273836,0.2278874956273511,0.6769837961737747,BH_from_pvalue
fluoroquinolone,ciprofloxacin,ciprofloxacin_vs_control,not_regulated,b3182,b3182,402.0777937337328,0.5449823618179082,1.459002506576313,0.02695722896576676,0.05763004557415347,0.6754244552526921,BH_from_pvalue
fluoroquinolone,ciprofloxacin,ciprofloxacin_vs_control,not_regulated,b4520,b4520,7.528528091572785,0.9772166565753495,1.9686636657275869,0.1428134617692319,0.20405811659402956,0.6745200115574648,BH_from_pvalue
fluoroquinolone,ciprofloxacin,ciprofloxacin_vs_control,not_regulated,b0448,b0448,492.34372129792683,-0.6189806061892611,0.6511308477248048,0.043655833705661215,0.08147881328135441,0.674042214812371,BH_from_pvalue
fluoroquinolone,ciprofloxacin,ciprofloxacin_vs_control,not_regulated,b4175,b4175,3500.78303277538,-0.5140515942603017,0.7002531172524752,0.02146922772805152,0.04892345912442294,0.6736557951249345,BH_from_pvalue
fluoroquinolone,ciprofloxacin,ciprofloxacin_vs_control,not_regulated,b3735,b3735,1840.6647484354364,0.5332800331991159,1.4472157693009031,0.025000950971910737,0.05466907023415386,0.6731371546162175,BH_from_pvalue
fluoroquinolone,ciprofloxacin,ciprofloxacin_vs_control,not_regulated,b4336,b4336,393.38252013453274,-0.6036338436624966,0.658094265798857,0.04020187036942485,0.07688265855513307,0.6725516899006169,BH_from_pvalue
fluoroquinolone,ciprofloxacin,ciprofloxacin_vs_control,not_regulated,b0393,b0393,377.5817120599586,0.5657265487514493,1.480132724150143,0.03187867018805374,0.06494124026533774,0.6717886347579796,BH_from_pvalue
fluoroquinolone,ciprofloxacin,ciprofloxacin_vs_control,not_regulated,b2743,b2743,477.66982402733856,-0.45173771551107755,0.7311616385859696,0.011154474320833444,0.03260092624763407,0.6716301107170283,BH_from_pvalue
fluoroquinolone,ciprofloxacin,ciprofloxacin_vs_control,not_regulated,b2902,b2902,216.13574931749622,-0.7179050672976013,0.6079796467557129,0.06970641841701361,0.11608273603840327,0.6714080533938455,BH_from_pvalue
fluoroquinolone,ciprofloxacin,ciprofloxacin_vs_control,not_regulated,b3564,b3564,207.80496744196333,-0.40995805445728184,0.752645256122753,0.006140023293703673,0.02303094262818859,0.6713835037542948,BH_from_pvalue
fluoroquinolone,ciprofloxacin,ciprofloxacin_vs_control,not_regulated,b2663,b2663,898.3100236821557,-1.1409089858111496,0.45347377151412643,0.19064591246333634,0.2584464479385433,0.6704316996998536,BH_from_pvalue
fluoroquinolone,ciprofloxacin,ciprofloxacin_vs_control,not_regulated,b0465,b0465,1888.8297607898155,0.49939467547177685,1.413620312541149,0.019140532956533562,0.0455283539071856,0.670046850888358,BH_from_pvalue
fluoroquinolone,ciprofloxacin,ciprofloxacin_vs_control,not_regulated,b3449,b3449,649.218908147887,-0.6471979879862513,0.6385192465143563,0.05141531175523436,0.09243248292367871,0.6693162256640633,BH_from_pvalue
fluoroquinolone,ciprofloxacin,ciprofloxacin_vs_control,not_regulated,b2101,b2101,227.16390676594776,0.6449993816703286,1.5637386160488864,0.05117046539632939,0.09206590134107584,0.6681556274511256,BH_from_pvalue
fluoroquinolone,ciprofloxacin,ciprofloxacin_vs_control,not_regulated,b4105,b4105,4.624403979187205,1.310759587684658,2.4807211708342445,0.23800012798532877,0.3097582684253498,0.6671466033916622,BH_from_pvalue
fluoroquinolone,ciprofloxacin,ciprofloxacin_vs_control,not_regulated,b2958,b2958,355.5092691833088,0.4985446681644543,1.4127876807963164,0.019393835710724956,0.04591235422465308,0.6670878822758632,BH_from_pvalue
fluoroquinolone,ciprofloxacin,ciprofloxacin_vs_control,not_regulated,b0460,b0460,304.6000884373725,0.6313766235509535,1.5490423890440936,0.048251778438278006,0.08797375208591184,0.6665107658805318,BH_from_pvalue
fluoroquinolone,ciprofloxacin,ciprofloxacin_vs_control,not_regulated,b0389,b0389,529.8165163315288,-0.5379229877949587,0.6887617888606047,0.027060385201844634,0.05774080295915425,0.666226862437454,BH_from_pvalue
fluoroquinolone,ciprofloxacin,ciprofloxacin_vs_control,not_regulated,b4561,b4561,10.683255629634404,-1.0104200302764603,0.49640170289530844,0.15623667661203844,0.21923373874899799,0.6659603746937384,BH_from_pvalue
fluoroquinolone,ciprofloxacin,ciprofloxacin_vs_control,not_regulated,b0842,b0842,453.58221064470155,0.6775391189165649,1.5994092302926806,0.0605664642388158,0.10421880495263713,0.6653799416362057,BH_from_pvalue
fluoroquinolone,ciprofloxacin,ciprofloxacin_vs_control,not_regulated,b3266,b3266,167.1632931309962,0.3682798014075992,1.2908128110046868,0.0030235250394218005,0.015605733594242261,0.665376940150946,BH_from_pvalue
fluoroquinolone,ciprofloxacin,ciprofloxacin_vs_control,not_regulated,b2120,b2120,38.46917537687333,0.6883910354061857,1.6114853080878404,0.06326015266054502,0.10802739812723292,0.665306588179424,BH_from_pvalue
fluoroquinolone,ciprofloxacin,ciprofloxacin_vs_control,not_regulated,b2041,b2041,873.473163433946,0.44664038366321,1.3628628481372735,0.011071307998592388,0.03242722313762819,0.6650878360886272,BH_from_pvalue
fluoroquinolone,ciprofloxacin,ciprofloxacin_vs_control,not_regulated,b0467,b0467,180.60337410197985,-0.428600771276745,0.7429820330418252,0.008530052184520997,0.028087975641270455,0.6649653361113926,BH_from_pvalue
fluoroquinolone,ciprofloxacin,ciprofloxacin_vs_control,not_regulated,b2686,b2686,345.1011394531251,0.768810640681771,1.703864536645115,0.08630836347836808,0.13678822748713024,0.6642149355842007,BH_from_pvalue
fluoroquinolone,ciprofloxacin,ciprofloxacin_vs_control,not_regulated,b4667,b4667,9.260091683841631,-1.0764191745783114,0.4742043576293346,0.1757048484629498,0.24250396084269657,0.6623004422842487,BH_from_pvalue
fluoroquinolone,ciprofloxacin,ciprofloxacin_vs_control,not_regulated,b2774,b2774,4.506157911884251,1.294471222930994,2.4528707627191353,0.2364608717773651,0.30802229981308665,0.6620156778774865,BH_from_pvalue
fluoroquinolone,ciprofloxacin,ciprofloxacin_vs_control,not_regulated,b4258,b4258,5352.222250551482,-0.4213919862426234,0.7467038184587246,0.007943293733910966,0.026904318686093012,0.6616604267531141,BH_from_pvalue
fluoroquinolone,ciprofloxacin,ciprofloxacin_vs_control,not_regulated,b0129,b0129,305.08711384277893,-0.6578698173349986,0.6338134510672248,0.05648556623741146,0.09901483902411408,0.660698469568126,BH_from_pvalue
fluoroquinolone,ciprofloxacin,ciprofloxacin_vs_control,not_regulated,b2718,b2718,19.882802821781187,-0.5885665080482942,0.6650033401042841,0.039530919335201725,0.0757592850287654,0.6595265185681861,BH_from_pvalue
fluoroquinolone,ciprofloxacin,ciprofloxacin_vs_control,not_regulated,b0089,b0089,1167.377364420751,-0.49357828361610956,0.7102612664823394,0.019556552081593657,0.046165908819214396,0.6592619560456805,BH_from_pvalue
fluoroquinolone,ciprofloxacin,ciprofloxacin_vs_control,not_regulated,b0195,b0195,129.26594562703167,0.6405326470108479,1.558904604990651,0.052932592330672774,0.09423443405126597,0.6570522231301343,BH_from_pvalue
fluoroquinolone,ciprofloxacin,ciprofloxacin_vs_control,not_regulated,b2714,b2714,181.66887793858345,0.5417633926996661,1.4557507809304138,0.029590000224177068,0.06166220945810623,0.6555233671546845,BH_from_pvalue
fluoroquinolone,ciprofloxacin,ciprofloxacin_vs_control,not_regulated,b0820,b0820,1259.6214320002002,0.5781827554922536,1.4929674951471932,0.038035031205746174,0.07375682138626573,0.6546172483025952,BH_from_pvalue
fluoroquinolone,ciprofloxacin,ciprofloxacin_vs_control,not_regulated,b2955,b2955,417.7339669049117,0.5514410169134152,1.4655488092167697,0.03206102472186103,0.06520541487090084,0.6538526229419233,BH_from_pvalue
fluoroquinolone,ciprofloxacin,ciprofloxacin_vs_control,not_regulated,b3912,b3912,1049.0846003223833,-0.3715817883752468,0.7729345771579345,0.0037651331285050004,0.017429467064474093,0.6535067963850003,BH_from_pvalue
fluoroquinolone,ciprofloxacin,ciprofloxacin_vs_control,not_regulated,b0183,b0183,268.1802435229011,0.5637535109551814,1.4781098699177941,0.03509454582924676,0.06940095392856016,0.6531843011413911,BH_from_pvalue
fluoroquinolone,ciprofloxacin,ciprofloxacin_vs_control,not_regulated,b3148,b3148,63.273384602913126,-0.6407781897934761,0.6413669021147367,0.05416075945139909,0.09598703546587593,0.6521759813434495,BH_from_pvalue
fluoroquinolone,ciprofloxacin,ciprofloxacin_vs_control,not_regulated,b2573,b2573,2871.7826865278657,-0.5052463586095328,0.7045400580824146,0.022843799194791417,0.05119651658105221,0.652151581416133,BH_from_pvalue
fluoroquinolone,ciprofloxacin,ciprofloxacin_vs_control,not_regulated,b2254,b2254,38.364966571625764,0.9636952871158782,1.9502989551989862,0.14890520468412935,0.21055504893719393,0.6520693246491214,BH_from_pvalue
fluoroquinolone,ciprofloxacin,ciprofloxacin_vs_control,not_regulated,b2077,b2077,123.7962407674258,-0.5859309370681345,0.66621930421808,0.040583290872149104,0.07738178988678536,0.6511809263345193,BH_from_pvalue
fluoroquinolone,ciprofloxacin,ciprofloxacin_vs_control,not_regulated,b3660,b3660,234.03951804979,-0.5922897389922506,0.6632893473506121,0.04245124258983431,0.07979343467157322,0.6503535845159222,BH_from_pvalue
fluoroquinolone,ciprofloxacin,ciprofloxacin_vs_control,not_regulated,b1904,b1904,7.636949206366499,1.173374858326223,2.255386769800824,0.2095016067362896,0.27962558667650755,0.6493727418300624,BH_from_pvalue
fluoroquinolone,ciprofloxacin,ciprofloxacin_vs_control,not_regulated,b3870,b3870,1499.2105870302128,-0.7154613922728839,0.6090103314186807,0.07584267831978937,0.12374515142445865,0.6492610436028182,BH_from_pvalue
fluoroquinolone,ciprofloxacin,ciprofloxacin_vs_control,not_regulated,b0641,b0641,787.2865423070531,-0.45338802654778654,0.7303257348048671,0.013805416854836787,0.037021210269044376,0.6490473518079388,BH_from_pvalue
fluoroquinolone,ciprofloxacin,ciprofloxacin_vs_control,not_regulated,b1420,b1420,3.824836824401613,1.2366900831922536,2.35657252713898,0.23012725818428473,0.30072992658713327,0.6453337642626943,BH_from_pvalue
fluoroquinolone,ciprofloxacin,ciprofloxacin_vs_control,not_regulated,b3406,b3406,196.24006049731156,0.49099398618241086,1.405412841786302,0.02112709595444879,0.048583679756191545,0.6449253117258891,BH_from_pvalue
fluoroquinolone,ciprofloxacin,ciprofloxacin_vs_control,not_regulated,b4173,b4173,4033.2717824764095,-0.5164615326376367,0.6990843614818177,0.02623733473744813,0.056449513964173824,0.6447194827664035,BH_from_pvalue
fluoroquinolone,ciprofloxacin,ciprofloxacin_vs_control,not_regulated,b0157,b0157,128.46015981441374,0.6990532473424746,1.6234390791366076,0.07255332921811389,0.11975764063610815,0.6443151192134845,BH_from_pvalue
fluoroquinolone,ciprofloxacin,ciprofloxacin_vs_control,not_regulated,b1306,b1306,76.13476216141486,0.5903909285754478,1.5056546809540692,0.04348397063651303,0.08122545677866927,0.6437078567221599,BH_from_pvalue
fluoroquinolone,ciprofloxacin,ciprofloxacin_vs_control,not_regulated,b3998,b3998,531.396423361621,-0.34474003750848503,0.7874498561615701,0.0021594641146526154,0.013661419954581524,0.6427692334209488,BH_from_pvalue
fluoroquinolone,ciprofloxacin,ciprofloxacin_vs_control,not_regulated,b4086,b4086,8.056438104866164,1.4656879154979272,2.761951364980802,0.2909602178680235,0.3649579085249218,0.6416154685724048,BH_from_pvalue
fluoroquinolone,ciprofloxacin,ciprofloxacin_vs_control,not_regulated,b0412,b0412,334.66130254742467,-0.7920276762935474,0.5775318129475839,0.10170065160018193,0.1551728395175096,0.6408963549718747,BH_from_pvalue
fluoroquinolone,ciprofloxacin,ciprofloxacin_vs_control,not_regulated,b0001,b0001,50.68416624332275,0.6108162896777145,1.5271230243415046,0.049421615250065554,0.08956423263287464,0.6400532500220526,BH_from_pvalue
fluoroquinolone,ciprofloxacin,ciprofloxacin_vs_control,not_regulated,b3176,b3176,2331.398896365356,0.46649669308867203,1.3817500771344216,0.01750007906750605,0.04300531523880578,0.6374574049719421,BH_from_pvalue
fluoroquinolone,ciprofloxacin,ciprofloxacin_vs_control,not_regulated,b2525,b2525,160.33936318926848,-0.6029604653899252,0.6584015031586347,0.048270168996894264,0.08797375208591184,0.6365133370356534,BH_from_pvalue
fluoroquinolone,ciprofloxacin,ciprofloxacin_vs_control,not_regulated,b3907,b3907,84.68051843064255,-0.6387110569879271,0.6422865287817701,0.058493517994155954,0.10138876452320365,0.6348852857151115,BH_from_pvalue
fluoroquinolone,ciprofloxacin,ciprofloxacin_vs_control,not_regulated,b1672,b1672,35.971739489035436,-0.7457263638794496,0.5963675385328335,0.08992892060049565,0.14100235583760928,0.6344443264669404,BH_from_pvalue
fluoroquinolone,ciprofloxacin,ciprofloxacin_vs_control,not_regulated,b1363,b1363,191.5330536789609,0.5480951316449989,1.4621538599853323,0.03525289349158711,0.06958742704976044,0.6344032450406845,BH_from_pvalue
fluoroquinolone,ciprofloxacin,ciprofloxacin_vs_control,not_regulated,b4463,b4463,27.124754244299954,0.6875683379570043,1.6105666198844046,0.07264438713682084,0.11982194842002938,0.6335692115082165,BH_from_pvalue
fluoroquinolone,ciprofloxacin,ciprofloxacin_vs_control,not_regulated,b0580,b0580,100.612490984133,-0.6730657597630394,0.6271725143367026,0.06852682401432984,0.11460193834294921,0.6332256760660878,BH_from_pvalue
fluoroquinolone,ciprofloxacin,ciprofloxacin_vs_control,not_regulated,b2178,b2178,156.72931927516075,-0.5588823197977231,0.6788278594668655,0.03803358286197931,0.07375682138626573,0.632765337318778,BH_from_pvalue
fluoroquinolone,ciprofloxacin,ciprofloxacin_vs_control,not_regulated,b2732,b2732,147.9203907860569,-1.425308548481408,0.3723397251500735,0.2862828388933583,0.3600951368406951,0.6322422767339176,BH_from_pvalue
fluoroquinolone,ciprofloxacin,ciprofloxacin_vs_control,not_regulated,b1143,b1143,86.1495429626997,-0.6937147495709608,0.6182598610441299,0.07532307648552825,0.1232459796405624,0.6307443462478175,BH_from_pvalue
fluoroquinolone,ciprofloxacin,ciprofloxacin_vs_control,not_regulated,b3748,b3748,2583.324959961492,0.6183993720155652,1.5351710087298962,0.05401495942348504,0.09576637267908385,0.6300172174818868,BH_from_pvalue
fluoroquinolone,ciprofloxacin,ciprofloxacin_vs_control,not_regulated,b2058,b2058,4.627820574790875,0.7495990809212749,1.6813255320594993,0.09263250321106309,0.1444733007778647,0.6298224464049736,BH_from_pvalue
fluoroquinolone,ciprofloxacin,ciprofloxacin_vs_control,not_regulated,b4112,b4112,289.5604597680333,-0.45356093528648334,0.7302382096308149,0.016073895349602706,0.040893880815901,0.6296975477419858,BH_from_pvalue
fluoroquinolone,ciprofloxacin,ciprofloxacin_vs_control,not_regulated,b3869,b3869,200.41313110252895,-0.6762428491195838,0.6257928806307339,0.07063906766016877,0.11720196471244526,0.6296261213303632,BH_from_pvalue
fluoroquinolone,ciprofloxacin,ciprofloxacin_vs_control,not_regulated,b2778,b2778,3.4473863218814507,1.1668525770312999,2.245213403462909,0.2187415117782642,0.28894850288710866,0.6291430490076957,BH_from_pvalue
fluoroquinolone,ciprofloxacin,ciprofloxacin_vs_control,not_regulated,b2151,b2151,404.26582492316084,0.6753909690554973,1.597029507632118,0.07068002602810144,0.11722668033716824,0.6287711168411716,BH_from_pvalue
fluoroquinolone,ciprofloxacin,ciprofloxacin_vs_control,not_regulated,b3751,b3751,5050.859165398592,-0.6159241452253301,0.6525117810483744,0.053815588100187155,0.0954881717059731,0.6282736842166348,BH_from_pvalue
fluoroquinolone,ciprofloxacin,ciprofloxacin_vs_control,not_regulated,b2298,b2298,50.60937372463986,0.6296583829601152,1.547198587635791,0.057810537717031395,0.10078751885705707,0.6275132917058686,BH_from_pvalue
fluoroquinolone,ciprofloxacin,ciprofloxacin_vs_control,not_regulated,b0809,b0809,745.491233438082,-0.6159683446627859,0.6524917905368308,0.05433689249283578,0.0961695365800031,0.6264166933688495,BH_from_pvalue
fluoroquinolone,ciprofloxacin,ciprofloxacin_vs_control,not_regulated,b3827,b3827,294.03686224576234,-0.8790724890148152,0.5437168753842507,0.13451489635740385,0.19429929473847224,0.6254853719358098,BH_from_pvalue
fluoroquinolone,ciprofloxacin,ciprofloxacin_vs_control,not_regulated,b0146,b0146,2214.6740771962795,-0.5323278466782071,0.6914381700920852,0.033464106614461954,0.06716713589997764,0.6243370792980556,BH_from_pvalue
fluoroquinolone,ciprofloxacin,ciprofloxacin_vs_control,not_regulated,b0912,b0912,2315.7713630653966,-0.4653660533697277,0.7242872813742063,0.019238324059164334,0.045665720795716215,0.6237811640678942,BH_from_pvalue
fluoroquinolone,ciprofloxacin,ciprofloxacin_vs_control,not_regulated,b2057,b2057,21.720246865034415,1.0402349985090527,2.0565626165413438,0.18425743752404672,0.25176405475129104,0.6231072921729931,BH_from_pvalue
fluoroquinolone,ciprofloxacin,ciprofloxacin_vs_control,not_regulated,b3566,b3566,168.42523430285206,-0.7287597560577446,0.6034224360601617,0.08880514938166421,0.13971513183586065,0.6229121785909905,BH_from_pvalue
fluoroquinolone,ciprofloxacin,ciprofloxacin_vs_control,not_regulated,b4234,b4234,1271.0280080880646,-0.34077479302225555,0.7896171375645616,0.0026397102378953076,0.014940413510934633,0.6221312010656296,BH_from_pvalue
fluoroquinolone,ciprofloxacin,ciprofloxacin_vs_control,not_regulated,b0921,b0921,422.9815379259321,0.35379131384115325,1.277914499216256,0.0038078264172720995,0.01750071149726008,0.6215916303208748,BH_from_pvalue
fluoroquinolone,ciprofloxacin,ciprofloxacin_vs_control,not_regulated,b3644,b3644,1505.7880651378657,0.5421254653715835,1.4561161760464867,0.036381256474745216,0.07136628505163715,0.6215505919784302,BH_from_pvalue
fluoroquinolone,ciprofloxacin,ciprofloxacin_vs_control,not_regulated,b0788,b0788,117.3020659938184,-0.5746478330309666,0.6714501347430113,0.04484896214840473,0.08315359923475865,0.6206880128610264,BH_from_pvalue
fluoroquinolone,ciprofloxacin,ciprofloxacin_vs_control,not_regulated,b1841,b1841,378.77546045078066,-0.3855429324465014,0.7654908655529706,0.006857610119899741,0.02462441812561256,0.6201974784902815,BH_from_pvalue
fluoroquinolone,ciprofloxacin,ciprofloxacin_vs_control,not_regulated,b3845,b3845,2039.7765622329089,0.721046123044415,1.6483768677684896,0.08779433787092547,0.13836682962278304,0.6193555533341513,BH_from_pvalue
fluoroquinolone,ciprofloxacin,ciprofloxacin_vs_control,not_regulated,b2968,b2968,25.55732858930932,0.71930748372354,1.646391551027793,0.08833721069150177,0.1390762246028614,0.6162646059341841,BH_from_pvalue
fluoroquinolone,ciprofloxacin,ciprofloxacin_vs_control,not_regulated,b0196,b0196,190.88633242767798,0.44436894307425323,1.3607187870501365,0.016567882353149637,0.04165586071798047,0.6133730669673827,BH_from_pvalue
fluoroquinolone,ciprofloxacin,ciprofloxacin_vs_control,not_regulated,b2782,b2782,46.07339823958589,-0.5937312290372683,0.6626269429893737,0.05193088184320436,0.09302473378364524,0.6123753183197147,BH_from_pvalue
fluoroquinolone,ciprofloxacin,ciprofloxacin_vs_control,not_regulated,b1054,b1054,1100.0387741762065,-0.6172213701168427,0.6519253271810496,0.059036931646305156,0.10209462458480606,0.6116646023375758,BH_from_pvalue
fluoroquinolone,ciprofloxacin,ciprofloxacin_vs_control,not_regulated,b3529,b3529,717.2953956345146,0.334615278274045,1.2610410837026627,0.002750974496979075,0.015182678880259974,0.6085486090012697,BH_from_pvalue
fluoroquinolone,ciprofloxacin,ciprofloxacin_vs_control,not_regulated,b4000,b4000,2501.7201469736124,0.480298228058059,1.3950320118969004,0.024708446080875166,0.0542099946576532,0.6080194381017823,BH_from_pvalue
fluoroquinolone,ciprofloxacin,ciprofloxacin_vs_control,not_regulated,b3495,b3495,3307.5297457211623,-0.5856141652629603,0.6663656017073407,0.05089794815035604,0.09168561104537504,0.607691126090861,BH_from_pvalue
fluoroquinolone,ciprofloxacin,ciprofloxacin_vs_control,not_regulated,b3258,b3258,214.41521160555112,0.6086330455247912,1.5248137622715545,0.05767313868618985,0.10062598053160664,0.6069835737095093,BH_from_pvalue
fluoroquinolone,ciprofloxacin,ciprofloxacin_vs_control,not_regulated,b1913,b1913,1173.9539042235365,-0.5213290717143373,0.6967296805700859,0.034524784585043995,0.06853154504127446,0.606884112975733,BH_from_pvalue
fluoroquinolone,ciprofloxacin,ciprofloxacin_vs_control,not_regulated,b1818,b1818,2146.8223170816077,-0.6001499412922868,0.659685389807885,0.05541467156820254,0.09774713439755883,0.6060890045461697,BH_from_pvalue
fluoroquinolone,ciprofloxacin,ciprofloxacin_vs_control,not_regulated,b1465,b1465,239.622621203244,-0.7505027347589026,0.5943963925842258,0.10235796628099565,0.155805797743458,0.6059682055423704,BH_from_pvalue
fluoroquinolone,ciprofloxacin,ciprofloxacin_vs_control,not_regulated,b2246,b2246,24.04739429107036,-0.782370972759824,0.5814104983979256,0.11269340041691742,0.16857163787006801,0.6049413577928032,BH_from_pvalue
fluoroquinolone,ciprofloxacin,ciprofloxacin_vs_control,not_regulated,b3001,b3001,2032.4064667956475,-0.6439231353240977,0.6399703026929978,0.06894576229207025,0.11515708829919495,0.6044566514653298,BH_from_pvalue
fluoroquinolone,ciprofloxacin,ciprofloxacin_vs_control,not_regulated,b4157,b4157,11.302215959540058,1.0175591474425616,2.0244908849374603,0.18834801667707618,0.2557938946296765,0.6025067693431023,BH_from_pvalue
fluoroquinolone,ciprofloxacin,ciprofloxacin_vs_control,not_regulated,b1879,b1879,82.91847651714902,-0.7466098030612249,0.5960024626451917,0.10272027043389871,0.15623720202384717,0.6019284309344201,BH_from_pvalue
fluoroquinolone,ciprofloxacin,ciprofloxacin_vs_control,not_regulated,b0398,b0398,114.44629396251035,0.5870825712004875,1.5022059017253535,0.05341766634183408,0.09489441674785531,0.6004441825613733,BH_from_pvalue
fluoroquinolone,ciprofloxacin,ciprofloxacin_vs_control,not_regulated,b1080,b1080,17.02289553303386,0.9927757674076907,1.9900101199129787,0.1811840083126714,0.24876851934993774,0.5998396643044964,BH_from_pvalue
fluoroquinolone,ciprofloxacin,ciprofloxacin_vs_control,not_regulated,b1829,b1829,2961.788351933002,-0.601209656135385,0.6592010035083192,0.05808679450152224,0.10101243492116398,0.5985794600995632,BH_from_pvalue
fluoroquinolone,ciprofloxacin,ciprofloxacin_vs_control,not_regulated,b1941,b1941,21.426710062139733,0.9364652417213701,1.9138333915627814,0.16519573686942837,0.22969101219124846,0.5982664369804033,BH_from_pvalue
fluoroquinolone,ciprofloxacin,ciprofloxacin_vs_control,not_regulated,b1037,b1037,103.16680865805633,-0.6621299627081925,0.6319446190151434,0.07735516780284983,0.12565675145439456,0.5964560541718933,BH_from_pvalue
fluoroquinolone,ciprofloxacin,ciprofloxacin_vs_control,not_regulated,b3830,b3830,978.7089297144652,-0.5989129705060989,0.6602512484664602,0.05813353989501669,0.10103735025030335,0.5962286736381429,BH_from_pvalue
fluoroquinolone,ciprofloxacin,ciprofloxacin_vs_control,not_regulated,b0526,b0526,741.8978990341284,0.529640154221573,1.4435690868258269,0.03908741202008224,0.07523114217643556,0.5951049190630685,BH_from_pvalue
fluoroquinolone,ciprofloxacin,ciprofloxacin_vs_control,not_regulated,b2288,b2288,2023.778846658657,-0.5975119497157362,0.6608927388699752,0.05806294614601745,0.10101243492116398,0.5948979305537675,BH_from_pvalue
fluoroquinolone,ciprofloxacin,ciprofloxacin_vs_control,not_regulated,b0632,b0632,878.1465937146841,0.4628086460191039,1.3782223383028898,0.023337634380506057,0.051992411809567235,0.5942740867458144,BH_from_pvalue
fluoroquinolone,ciprofloxacin,ciprofloxacin_vs_control,not_regulated,b3416,b3416,1305.937878263013,0.5356091167442347,1.4495540380395187,0.040988996480752556,0.07779261863731013,0.5940235088883183,BH_from_pvalue
fluoroquinolone,ciprofloxacin,ciprofloxacin_vs_control,not_regulated,b4442,b4442,25.72460390923794,0.8415907169893426,1.7920249414335823,0.13709960109034247,0.1971459793336341,0.5934999363834776,BH_from_pvalue
fluoroquinolone,ciprofloxacin,ciprofloxacin_vs_control,not_regulated,b1830,b1830,3779.1742923820275,0.430488617920302,1.3476899407799818,0.016714361006433618,0.041860354012771946,0.5932981661593381,BH_from_pvalue
fluoroquinolone,ciprofloxacin,ciprofloxacin_vs_control,not_regulated,b1651,b1651,346.1801684285788,0.4835426281476245,1.398172755339182,0.028339438793516174,0.059677338807694644,0.5919483166754994,BH_from_pvalue
fluoroquinolone,ciprofloxacin,ciprofloxacin_vs_control,not_regulated,b0031,b0031,504.82615615461077,-0.5957622244510077,0.6616947671659329,0.05871736491777896,0.10169838559883318,0.5914047845035255,BH_from_pvalue
fluoroquinolone,ciprofloxacin,ciprofloxacin_vs_control,not_regulated,b1737,b1737,181.2442420228848,0.5772399919623741,1.4919921985815614,0.05318953727966097,0.09460124107707199,0.5911533033312404,BH_from_pvalue
fluoroquinolone,ciprofloxacin,ciprofloxacin_vs_control,not_regulated,b3609,b3609,1751.490838041831,0.497600595139426,1.4118634810187314,0.03219927191532751,0.06523978606988429,0.5898992714681547,BH_from_pvalue
fluoroquinolone,ciprofloxacin,ciprofloxacin_vs_control,not_regulated,b2701,b2701,336.65422986947397,0.4946728233365505,1.409001183389747,0.031326950945635736,0.06419527350955333,0.589895831321977,BH_from_pvalue
fluoroquinolone,ciprofloxacin,ciprofloxacin_vs_control,not_regulated,b0905,b0905,856.7043181525628,0.5910135915362442,1.5063046573652754,0.05753117415662091,0.10049523159474985,0.5897455982488571,BH_from_pvalue
fluoroquinolone,ciprofloxacin,ciprofloxacin_vs_control,not_regulated,b0037,b0037,53.32207146618945,0.6743591744629862,1.5958877436000933,0.08440716588114458,0.13429905629055122,0.5879919982628999,BH_from_pvalue
fluoroquinolone,ciprofloxacin,ciprofloxacin_vs_control,not_regulated,b4651,b4651,2.5763675859883617,1.0779294703993045,2.1110042312579553,0.21527575977936833,0.2848809554244186,0.5878343738964023,BH_from_pvalue
fluoroquinolone,ciprofloxacin,ciprofloxacin_vs_control,not_regulated,b1099,b1099,380.68694484289534,-0.48067953609231573,0.7166399937852234,0.028606446190588376,0.05998685079965805,0.5873634448318605,BH_from_pvalue
fluoroquinolone,ciprofloxacin,ciprofloxacin_vs_control,not_regulated,b4524,b4524,8.28720731039529,0.8326249324572381,1.7809227420544649,0.13714312346263696,0.1971459793336341,0.58717715686368,BH_from_pvalue
fluoroquinolone,ciprofloxacin,ciprofloxacin_vs_control,not_regulated,b2457,b2457,59.19135663160683,-0.5674190593378086,0.6748229484044589,0.051322923689423615,0.09230328298881545,0.5871555124831382,BH_from_pvalue
fluoroquinolone,ciprofloxacin,ciprofloxacin_vs_control,not_regulated,b4068,b4068,550.0935915071055,-0.841294109914811,0.5581426856106475,0.13982723457680507,0.20049183969603737,0.5871419348138592,BH_from_pvalue
fluoroquinolone,ciprofloxacin,ciprofloxacin_vs_control,not_regulated,b1431,b1431,1012.4582304456134,-0.5289795804099953,0.6930447519595977,0.04109778455716872,0.07796618934548498,0.5861589361015277,BH_from_pvalue
fluoroquinolone,ciprofloxacin,ciprofloxacin_vs_control,not_regulated,b3778,b3778,556.1147688752902,0.5986618968659521,1.5143113874892165,0.0612890508322741,0.10518052294680234,0.5855300531437545,BH_from_pvalue
fluoroquinolone,ciprofloxacin,ciprofloxacin_vs_control,not_regulated,b2527,b2527,254.11815399632368,0.7120995579274583,1.6381864402750577,0.097859420212326,0.15075272091296196,0.585157016726227,BH_from_pvalue
fluoroquinolone,ciprofloxacin,ciprofloxacin_vs_control,not_regulated,b1153,b1153,3.857409069274503,1.1907372155718494,2.282693587660406,0.25057565194478937,0.32313339519715095,0.5841972972074969,BH_from_pvalue
fluoroquinolone,ciprofloxacin,ciprofloxacin_vs_control,not_regulated,b4078,b4078,562.2790547952526,-0.40009601070238965,0.7578078498074344,0.01243382971122976,0.03497646406573574,0.5826294520975102,BH_from_pvalue
fluoroquinolone,ciprofloxacin,ciprofloxacin_vs_control,not_regulated,b0727,b0727,12491.035908936328,-0.5785862085464046,0.6696196601745413,0.05618768362982744,0.09860795979982982,0.5821086568121037,BH_from_pvalue
fluoroquinolone,ciprofloxacin,ciprofloxacin_vs_control,not_regulated,b3610,b3610,534.4612117178518,0.4102582394327303,1.3289236674000986,0.014446078611864756,0.03817770951596221,0.5818241862423756,BH_from_pvalue
fluoroquinolone,ciprofloxacin,ciprofloxacin_vs_control,not_regulated,b1307,b1307,42.91244039201292,0.6678957402074976,1.5887539809538123,0.08504574523789894,0.13521942809475768,0.5803752870082401,BH_from_pvalue
fluoroquinolone,ciprofloxacin,ciprofloxacin_vs_control,not_regulated,b4323,b4323,411.12163156946343,-0.5430009184870794,0.6863417786700675,0.04628336813225519,0.08539072594704014,0.5802449682819257,BH_from_pvalue
fluoroquinolone,ciprofloxacin,ciprofloxacin_vs_control,not_regulated,b3629,b3629,275.88415072237285,-0.4796913159675986,0.7171310474388428,0.029719391708368997,0.06177348609253408,0.5800417267469005,BH_from_pvalue
fluoroquinolone,ciprofloxacin,ciprofloxacin_vs_control,not_regulated,b0496,b0496,490.39999405183545,-0.5698029954742267,0.6737087791954726,0.05434925788936591,0.0961695365800031,0.5794682655194489,BH_from_pvalue
fluoroquinolone,ciprofloxacin,ciprofloxacin_vs_control,not_regulated,b1591,b1591,172.14477420717503,-0.5304121580127132,0.6923569090090981,0.04322740414056009,0.08090829856715646,0.5792137531419311,BH_from_pvalue
fluoroquinolone,ciprofloxacin,ciprofloxacin_vs_control,not_regulated,b0167,b0167,803.8489846140857,-0.3835023704596079,0.7665743493902543,0.010141607903458253,0.030968738866093158,0.5787344072743014,BH_from_pvalue
fluoroquinolone,ciprofloxacin,ciprofloxacin_vs_control,not_regulated,b0090,b0090,1461.461714538732,-0.4049592162962572,0.7552576429404657,0.014113628623414929,0.037541751359030366,0.5772634791714734,BH_from_pvalue
fluoroquinolone,ciprofloxacin,ciprofloxacin_vs_control,not_regulated,b2690,b2690,517.9388365597611,0.656915747262758,1.5767082663748777,0.08300469584752355,0.13234850121310207,0.5769566013718088,BH_from_pvalue
fluoroquinolone,ciprofloxacin,ciprofloxacin_vs_control,not_regulated,b4696,b4696,347.45482048050076,-0.518896454350692,0.6979054705966397,0.04071670879836327,0.07757041769378992,0.5761327413958875,BH_from_pvalue
fluoroquinolone,ciprofloxacin,ciprofloxacin_vs_control,not_regulated,b0944,b0944,31.843309071294772,-0.6468376343429814,0.6386787545661029,0.0801178785447589,0.1288416938485254,0.5756489962712971,BH_from_pvalue
fluoroquinolone,ciprofloxacin,ciprofloxacin_vs_control,not_regulated,b3359,b3359,157.01933828448685,0.6658391820372191,1.5864908295715512,0.08710057541693984,0.13761095476831592,0.5735185765559478,BH_from_pvalue
fluoroquinolone,ciprofloxacin,ciprofloxacin_vs_control,not_regulated,b4089,b4089,470.24758324821056,-0.5845005481478971,0.6668801682623725,0.06087761159128593,0.10459415467440951,0.5730984537820358,BH_from_pvalue
fluoroquinolone,ciprofloxacin,ciprofloxacin_vs_control,not_regulated,b1968,b1968,64.7549865855093,0.5690853725384022,1.483582723340627,0.056177507948103285,0.09860795979982982,0.5725499794611436,BH_from_pvalue
fluoroquinolone,ciprofloxacin,ciprofloxacin_vs_control,not_regulated,b2357,b2357,0.5705858205054745,0.9577357488089998,1.9422592046553855,0.18499819292552114,0.252464160127122,0.5725346851263259,BH_from_pvalue
fluoroquinolone,ciprofloxacin,ciprofloxacin_vs_control,not_regulated,b2851,b2851,0.8685448357702646,0.8299194639700629,1.7775861288003927,0.14458748781399616,0.20556267559415112,0.5702009299590678,BH_from_pvalue
fluoroquinolone,ciprofloxacin,ciprofloxacin_vs_control,not_regulated,b2660,b2660,1570.0862037372817,-0.9912747196049292,0.5030331144994111,0.1979540335135152,0.26618751651533373,0.5697969170083446,BH_from_pvalue
fluoroquinolone,ciprofloxacin,ciprofloxacin_vs_control,not_regulated,b3351,b3351,141.033284009263,-0.4838737621134328,0.7150550587873732,0.033060860111463204,0.06647641876681336,0.5696802503916608,BH_from_pvalue
fluoroquinolone,ciprofloxacin,ciprofloxacin_vs_control,not_regulated,b3194,b3194,702.1534532036708,0.4764300848312324,1.3912966722495237,0.031179988838684423,0.06395238932804494,0.5689257580764254,BH_from_pvalue
fluoroquinolone,ciprofloxacin,ciprofloxacin_vs_control,not_regulated,b4176,b4176,16.727783822022815,0.5524154883206909,1.466539051643068,0.05266698980496146,0.09398286142353673,0.5673038240250498,BH_from_pvalue
fluoroquinolone,ciprofloxacin,ciprofloxacin_vs_control,not_regulated,b1181,b1181,190.24977858597114,-0.5948497637891013,0.6621134013204678,0.06598566547492449,0.11141273397380269,0.5669305903112812,BH_from_pvalue
fluoroquinolone,ciprofloxacin,ciprofloxacin_vs_control,not_regulated,b1521,b1521,213.81352280804344,-0.6486938235508299,0.6378575510130925,0.08428112926802395,0.1341459729113842,0.5659349967207505,BH_from_pvalue
fluoroquinolone,ciprofloxacin,ciprofloxacin_vs_control,not_regulated,b0306,b0306,48.798280415012776,0.602363147790844,1.5182013587348107,0.06920152053416367,0.11543325438220389,0.5648172866929128,BH_from_pvalue
fluoroquinolone,ciprofloxacin,ciprofloxacin_vs_control,not_regulated,b2738,b2738,33.62065674785844,-0.5659598093043856,0.6755058602934518,0.05771772745743726,0.10066472978036167,0.5643313549924924,BH_from_pvalue
fluoroquinolone,ciprofloxacin,ciprofloxacin_vs_control,not_regulated,b4024,b4024,247.7107452565521,-0.3578274067174716,0.7803388285115515,0.007772330647706508,0.026484805494987784,0.5642949698013514,BH_from_pvalue
fluoroquinolone,ciprofloxacin,ciprofloxacin_vs_control,not_regulated,b4135,b4135,1337.6107979248818,-0.5703907219043316,0.6734343789910595,0.05952910493293706,0.10277757787888561,0.563603997138035,BH_from_pvalue
fluoroquinolone,ciprofloxacin,ciprofloxacin_vs_control,not_regulated,b3810,b3810,489.2643291382239,-0.32349435543360094,0.7991319520176886,0.004167100785902012,0.0181976886747449,0.5628749278606,BH_from_pvalue
fluoroquinolone,ciprofloxacin,ciprofloxacin_vs_control,not_regulated,b2231,b2231,6392.780064614355,-0.37351386539446274,0.7719001453704819,0.010414806920336157,0.03135595818451943,0.5616453005008338,BH_from_pvalue
fluoroquinolone,ciprofloxacin,ciprofloxacin_vs_control,not_regulated,b3478,b3478,81.84003691683955,1.0134422061134458,2.0187219392453217,0.2096333383355278,0.27971840873129755,0.5607162407477346,BH_from_pvalue
fluoroquinolone,ciprofloxacin,ciprofloxacin_vs_control,not_regulated,b4428,b4428,2.6501069832787087,1.1073983024893532,2.154567508121613,0.24136011004617824,0.3129541006018189,0.5587038757080652,BH_from_pvalue
fluoroquinolone,ciprofloxacin,ciprofloxacin_vs_control,not_regulated,b1071,b1071,55.643177581563315,-0.7428872988375348,0.5975422797075877,0.11980623484980205,0.17712042650091486,0.5584516725696104,BH_from_pvalue
fluoroquinolone,ciprofloxacin,ciprofloxacin_vs_control,not_regulated,b2850,b2850,0.9304328959252858,1.1504128451314786,2.219774069218322,0.25458540974100924,0.3270851679563152,0.5583403912533453,BH_from_pvalue
fluoroquinolone,ciprofloxacin,ciprofloxacin_vs_control,not_regulated,b1151,b1151,9.517710453189116,1.135842341430744,2.1974682813955395,0.25006309672201565,0.32265743231658817,0.5579920079318967,BH_from_pvalue
fluoroquinolone,ciprofloxacin,ciprofloxacin_vs_control,not_regulated,b1166,b1166,86.85550011782408,-0.9174032719060445,0.5294611480828949,0.17954694223924814,0.2469836105598279,0.5571682399703317,BH_from_pvalue
fluoroquinolone,ciprofloxacin,ciprofloxacin_vs_control,not_regulated,b0369,b0369,1567.3313853558893,0.4793735734499496,1.3941381920248974,0.034969843008550584,0.06920121154969666,0.5560188413885087,BH_from_pvalue
fluoroquinolone,ciprofloxacin,ciprofloxacin_vs_control,not_regulated,b4090,b4090,21.47515289753706,-0.606441154034691,0.6568149389211997,0.07378893642805565,0.12120410027431966,0.5557928189364217,BH_from_pvalue
fluoroquinolone,ciprofloxacin,ciprofloxacin_vs_control,not_regulated,b2327,b2327,236.93773968048265,-0.40609407467821423,0.7546637728439188,0.01775473124093956,0.043473479108190605,0.5530090032465131,BH_from_pvalue
fluoroquinolone,ciprofloxacin,ciprofloxacin_vs_control,not_regulated,b1379,b1379,716.5825332295464,-0.6620542245752361,0.6319777955081453,0.09427122352244008,0.1465490890263575,0.5521643966950377,BH_from_pvalue
fluoroquinolone,ciprofloxacin,ciprofloxacin_vs_control,not_regulated,b1834,b1834,945.853224975334,-0.5044515859410001,0.7049282922074004,0.04300752441382737,0.08067049408398479,0.5515094949547739,BH_from_pvalue
fluoroquinolone,ciprofloxacin,ciprofloxacin_vs_control,not_regulated,b0996,b0996,8.870987197497795,0.889155489279029,1.852091647096988,0.17333597973972145,0.2398232042046346,0.551373142440116,BH_from_pvalue
fluoroquinolone,ciprofloxacin,ciprofloxacin_vs_control,not_regulated,b2453,b2453,41.73096786588748,-0.6701924787070581,0.6284228399601863,0.09779807064644186,0.1507524749032541,0.5507209846385601,BH_from_pvalue
fluoroquinolone,ciprofloxacin,ciprofloxacin_vs_control,not_regulated,b0700,b0700,33.370569368437536,-0.515498854097113,0.6995510007094711,0.04644733843697278,0.08558792637833001,0.5503401306143609,BH_from_pvalue
fluoroquinolone,ciprofloxacin,ciprofloxacin_vs_control,not_regulated,b0502,b0502,44.29285311605653,-0.6401649871806967,0.6416395664286011,0.0876874520815092,0.13829528732911234,0.5500250319511015,BH_from_pvalue
fluoroquinolone,ciprofloxacin,ciprofloxacin_vs_control,not_regulated,b0649,b0649,51.760294710448306,0.6778928519771874,1.5998014360405464,0.10113798759357553,0.15462905105231228,0.5495737746765101,BH_from_pvalue
fluoroquinolone,ciprofloxacin,ciprofloxacin_vs_control,not_regulated,b3368,b3368,564.5524372289356,0.46034183877837087,1.3758677839419806,0.03124449665920256,0.06405549041617735,0.5493920394634979,BH_from_pvalue
fluoroquinolone,ciprofloxacin,ciprofloxacin_vs_control,not_regulated,b4179,b4179,5771.020807136833,-0.4159877391390516,0.7495061705897558,0.021280004667928426,0.04878565800017434,0.5456543758837619,BH_from_pvalue
fluoroquinolone,ciprofloxacin,ciprofloxacin_vs_control,not_regulated,b0823,b0823,123.18746787733842,-0.502069918949295,0.7060929811863516,0.044019522307107456,0.08195356429526876,0.5454649032524541,BH_from_pvalue
fluoroquinolone,ciprofloxacin,ciprofloxacin_vs_control,not_regulated,b2001,b2001,33.694288210711086,-0.5847502782996239,0.6667647414620494,0.07043839521192417,0.1169984865816968,0.5448818616319335,BH_from_pvalue
fluoroquinolone,ciprofloxacin,ciprofloxacin_vs_control,not_regulated,b0347,b0347,33.04853287180122,0.6634359234254861,1.583850234197682,0.09848645731354133,0.1513985252892375,0.5439367536118462,BH_from_pvalue
fluoroquinolone,ciprofloxacin,ciprofloxacin_vs_control,not_regulated,b3412,b3412,261.79687275966705,-0.36822197360226827,0.7747367205049637,0.011552697176313204,0.03341738385791434,0.5435057785331107,BH_from_pvalue
fluoroquinolone,ciprofloxacin,ciprofloxacin_vs_control,not_regulated,b4357,b4357,243.79519568685964,-0.5965691900743773,0.6613247543722262,0.07547021818818964,0.12336968490924619,0.542157035630122,BH_from_pvalue
fluoroquinolone,ciprofloxacin,ciprofloxacin_vs_control,not_regulated,b1632,b1632,132.18515831224826,0.6392384133530697,1.5575067474812536,0.0912200021262859,0.14251739130393679,0.540880163944126,BH_from_pvalue
fluoroquinolone,ciprofloxacin,ciprofloxacin_vs_control,not_regulated,b1154,b1154,2.41237388994638,1.059463422204315,2.0841562227373074,0.23807063841857576,0.3097604083328764,0.539239433191152,BH_from_pvalue
fluoroquinolone,ciprofloxacin,ciprofloxacin_vs_control,not_regulated,b3035,b3035,4850.987863775922,0.39746698854111706,1.317193217692562,0.01816565562804387,0.04407180097893275,0.5389013244987032,BH_from_pvalue
fluoroquinolone,ciprofloxacin,ciprofloxacin_vs_control,not_regulated,b4514,b4514,0.6202966891640439,-0.9766613356755518,0.5081543437929725,0.21067284135293293,0.2807722786386644,0.5387710978926518,BH_from_pvalue
fluoroquinolone,ciprofloxacin,ciprofloxacin_vs_control,not_regulated,b1845,b1845,800.7271480292487,-0.5753950037172242,0.6711024812512554,0.07008854260602476,0.11658959491194502,0.5370392916711256,BH_from_pvalue
fluoroquinolone,ciprofloxacin,ciprofloxacin_vs_control,not_regulated,b0134,b0134,1046.0195930769776,-0.40531999455195766,0.7550687974393668,0.020988215022012577,0.048363212689043325,0.5331923152270783,BH_from_pvalue
fluoroquinolone,ciprofloxacin,ciprofloxacin_vs_control,not_regulated,b1391,b1391,24.218027464220242,-0.7191518544577624,0.607454453456747,0.12347617112817989,0.18156123495735638,0.5328748915379821,BH_from_pvalue
fluoroquinolone,ciprofloxacin,ciprofloxacin_vs_control,not_regulated,b2564,b2564,491.5498842950251,-0.38553169369926366,0.7654968288311526,0.01650247251035747,0.04156109818118023,0.5325399348177297,BH_from_pvalue
fluoroquinolone,ciprofloxacin,ciprofloxacin_vs_control,not_regulated,b2964,b2964,751.5809582750029,0.5156629997048672,1.4296509940287065,0.05179600424680118,0.0928941096898372,0.5321703125100291,BH_from_pvalue
fluoroquinolone,ciprofloxacin,ciprofloxacin_vs_control,not_regulated,b3162,b3162,10536.486971050106,0.6432128244288009,1.5618033633498933,0.09681876958852104,0.1493962752555037,0.5310752486891231,BH_from_pvalue
fluoroquinolone,ciprofloxacin,ciprofloxacin_vs_control,not_regulated,b0466,b0466,78.72434384415695,-0.4191455142884557,0.7478674433585174,0.02490514478983522,0.0544860609264002,0.5296803010314665,BH_from_pvalue
fluoroquinolone,ciprofloxacin,ciprofloxacin_vs_control,not_regulated,b0093,b0093,1275.3572834296058,-0.3681049070308422,0.7747995885740162,0.013362294851340077,0.03647063242799009,0.529355729931166,BH_from_pvalue
fluoroquinolone,ciprofloxacin,ciprofloxacin_vs_control,not_regulated,b0900,b0900,23.247078049253133,0.6759310029634635,1.5976274243777098,0.10994425829300479,0.16528384819583408,0.5284222992104135,BH_from_pvalue
fluoroquinolone,ciprofloxacin,ciprofloxacin_vs_control,not_regulated,b3343,b3343,90.03151941302734,0.8025957650563118,1.7442366178878699,0.156904352773736,0.21965632703898677,0.5283137048049157,BH_from_pvalue
fluoroquinolone,ciprofloxacin,ciprofloxacin_vs_control,not_regulated,b0313,b0313,249.32569903004844,-0.6726822246940722,0.6273392679632398,0.10890968583704515,0.1639477131509468,0.5282537433051351,BH_from_pvalue
fluoroquinolone,ciprofloxacin,ciprofloxacin_vs_control,not_regulated,b0028,b0028,493.6267163671796,-0.36600359625957957,0.7759289200855709,0.0131289501851251,0.03610377630954447,0.5279409249323196,BH_from_pvalue
fluoroquinolone,ciprofloxacin,ciprofloxacin_vs_control,not_regulated,b1943,b1943,11.99184268549113,0.8642153365853025,1.8203493331303886,0.17804391694994043,0.2453380418925243,0.527374536894261,BH_from_pvalue
fluoroquinolone,ciprofloxacin,ciprofloxacin_vs_control,not_regulated,b4641,b4641,40.39785788524247,0.6234717123585636,1.54057798289349,0.09155025585744908,0.14293406832586114,0.5267489574218126,BH_from_pvalue
fluoroquinolone,ciprofloxacin,ciprofloxacin_vs_control,not_regulated,b1782,b1782,849.4634337188544,0.6043388530133313,1.5202818906961764,0.08511658629592514,0.1352842421056789,0.5250210628671232,BH_from_pvalue
fluoroquinolone,ciprofloxacin,ciprofloxacin_vs_control,not_regulated,b3200,b3200,610.0044429274718,-0.3620248358747311,0.7780717819993315,0.01276088419826689,0.0355712267099635,0.5245382037312984,BH_from_pvalue
fluoroquinolone,ciprofloxacin,ciprofloxacin_vs_control,not_regulated,b2641,b2641,83.33557364137916,0.6436522263761404,1.562279114591472,0.10006577060202423,0.15319803817832028,0.5244135892754825,BH_from_pvalue
fluoroquinolone,ciprofloxacin,ciprofloxacin_vs_control,not_regulated,b2332,b2332,281.7078383598991,0.37092089198946177,1.2931780204735173,0.014819166744070222,0.0387585406443219,0.5236040170641221,BH_from_pvalue
fluoroquinolone,ciprofloxacin,ciprofloxacin_vs_control,not_regulated,b2682,b2682,377.12980288352577,-0.426499721822827,0.7440648531831212,0.02828586731763649,0.0595924267891002,0.5223806672453235,BH_from_pvalue
fluoroquinolone,ciprofloxacin,ciprofloxacin_vs_control,not_regulated,b0251,b0251,2.8911287446105898,1.253411525627397,2.384045095853122,0.30918444260695577,0.38322172026621304,0.5221084255094718,BH_from_pvalue
fluoroquinolone,ciprofloxacin,ciprofloxacin_vs_control,not_regulated,b3844,b3844,1740.3267576251726,-0.40019916154498425,0.7577536694563489,0.02192030913206126,0.0495963533581547,0.5220799180243324,BH_from_pvalue
fluoroquinolone,ciprofloxacin,ciprofloxacin_vs_control,not_regulated,b0709,b0709,66.26804371550297,0.6286548687089253,1.5461227566945988,0.09668711006680998,0.14929578478562008,0.5192390315066233,BH_from_pvalue
fluoroquinolone,ciprofloxacin,ciprofloxacin_vs_control,not_regulated,b3689,b3689,284.1607327867144,-0.3616222645874769,0.7782889263409856,0.01358196163186833,0.03682609040073256,0.518510053594652,BH_from_pvalue
fluoroquinolone,ciprofloxacin,ciprofloxacin_vs_control,not_regulated,b0330,b0330,151.27763839532807,0.7388155669873262,1.6688052099127715,0.13861318963530703,0.1990048282730964,0.5180104769795799,BH_from_pvalue
fluoroquinolone,ciprofloxacin,ciprofloxacin_vs_control,not_regulated,b4178,b4178,489.64775445538356,0.6300610649451368,1.54763049870375,0.0978652612418517,0.15075272091296196,0.5177431287721762,BH_from_pvalue
fluoroquinolone,ciprofloxacin,ciprofloxacin_vs_control,not_regulated,b2150,b2150,3744.0511211707744,-0.6691343993624557,0.6288838972838664,0.11252113248722186,0.1684083446311081,0.5176667231668628,BH_from_pvalue
fluoroquinolone,ciprofloxacin,ciprofloxacin_vs_control,not_regulated,b0507,b0507,75.20795296514515,-0.6907176155231722,0.6195456031663106,0.12074402597341251,0.17806774715685558,0.5176339593415042,BH_from_pvalue
fluoroquinolone,ciprofloxacin,ciprofloxacin_vs_control,not_regulated,b0337,b0337,475.6701390930439,-0.4295894863012908,0.7424730232950046,0.03012765753883454,0.06250655148047868,0.5172577290374594,BH_from_pvalue
fluoroquinolone,ciprofloxacin,ciprofloxacin_vs_control,not_regulated,b1352,b1352,0.6723769016562664,0.9962384333528016,1.9947921535775923,0.23211740929708408,0.3028906605797169,0.5167629399010095,BH_from_pvalue
fluoroquinolone,ciprofloxacin,ciprofloxacin_vs_control,not_regulated,b1580,b1580,15.514157445922322,0.6913207200700522,1.6147610805312895,0.12161001656515295,0.1792273442038198,0.5161370980455062,BH_from_pvalue
fluoroquinolone,ciprofloxacin,ciprofloxacin_vs_control,not_regulated,b0637,b0637,400.3417468069119,0.4756903858088233,1.3905835090559273,0.044184361670919235,0.08222642068506195,0.5161186524689441,BH_from_pvalue
fluoroquinolone,ciprofloxacin,ciprofloxacin_vs_control,not_regulated,b3136,b3136,7.223569582016277,1.0435212675621997,2.061252534459744,0.24872390287872526,0.321113695507608,0.5148120044858756,BH_from_pvalue
fluoroquinolone,ciprofloxacin,ciprofloxacin_vs_control,not_regulated,b2983,b2983,11.247082166492689,0.8547689245612493,1.8084690707185287,0.18221456736194888,0.2498783914615994,0.5148027900226337,BH_from_pvalue
fluoroquinolone,ciprofloxacin,ciprofloxacin_vs_control,not_regulated,b1085,b1085,1.5277419351401071,0.8544087092140628,1.8080175844541417,0.1829742397258367,0.2506908712417952,0.5133812818233043,BH_from_pvalue
fluoroquinolone,ciprofloxacin,ciprofloxacin_vs_control,not_regulated,b1460,b1460,0.785317779754768,1.0549041712103513,2.077580201956202,0.25362147969240556,0.3261261908680504,0.513331478088799,BH_from_pvalue
fluoroquinolone,ciprofloxacin,ciprofloxacin_vs_control,not_regulated,b4146,b4146,671.7845428813614,0.5686175503443067,1.4831017205041952,0.07690842218122691,0.12511178407636842,0.5132920764760652,BH_from_pvalue
fluoroquinolone,ciprofloxacin,ciprofloxacin_vs_control,not_regulated,b2111,b2111,22.863447616489708,0.7367101696250975,1.6663716147855743,0.14134226189255772,0.2022772809394606,0.5113158244516915,BH_from_pvalue
fluoroquinolone,ciprofloxacin,ciprofloxacin_vs_control,not_regulated,b3203,b3203,474.6232368987783,-0.43258443387584755,0.7409332929890082,0.032607510213923836,0.0658592640063895,0.511047951160218,BH_from_pvalue
fluoroquinolone,ciprofloxacin,ciprofloxacin_vs_control,not_regulated,b2027,b2027,2772.2682700546848,0.42673992641916136,1.3441926556823593,0.03090139699912952,0.06355486223232033,0.5107442008581093,BH_from_pvalue
fluoroquinolone,ciprofloxacin,ciprofloxacin_vs_control,not_regulated,b4714,b4714,1.5596750179188934,1.1427859387390562,2.208070045507559,0.28400826524946177,0.3576341481220826,0.5103236544282276,BH_from_pvalue
fluoroquinolone,ciprofloxacin,ciprofloxacin_vs_control,not_regulated,b2478,b2478,2992.220320230987,-0.3753551119848808,0.7709156324192334,0.018653067256943434,0.04467598323840872,0.50670158011134,BH_from_pvalue
fluoroquinolone,ciprofloxacin,ciprofloxacin_vs_control,not_regulated,b4394,b4394,196.19014587171526,0.46617746294381224,1.3814443663175615,0.0446205588751409,0.08283255213387691,0.5043102934188431,BH_from_pvalue
fluoroquinolone,ciprofloxacin,ciprofloxacin_vs_control,not_regulated,b4237,b4237,118.98972772218451,-0.47757369223913937,0.7181844431700549,0.04820955905116966,0.08797022174935541,0.5041575038619637,BH_from_pvalue
fluoroquinolone,ciprofloxacin,ciprofloxacin_vs_control,not_regulated,b1302,b1302,619.4179627167335,-1.0328968328010522,0.4887278309089602,0.2525444971285594,0.325020070982621,0.5041464283550959,BH_from_pvalue
fluoroquinolone,ciprofloxacin,ciprofloxacin_vs_control,not_regulated,b0555,b0555,5.860362788636944,1.0269473196054615,2.0377079844239177,0.2506496237223455,0.32313614431158216,0.5038352060595304,BH_from_pvalue
fluoroquinolone,ciprofloxacin,ciprofloxacin_vs_control,not_regulated,b1284,b1284,175.7671347789121,0.43116390302079477,1.348320904313376,0.034097400929756105,0.06789292137319299,0.5036751095501011,BH_from_pvalue
fluoroquinolone,ciprofloxacin,ciprofloxacin_vs_control,not_regulated,b3584,b3584,36.0137333302257,0.7080148807338382,1.6335548314976849,0.1347713375810397,0.19458808366465058,0.5033162797832949,BH_from_pvalue
fluoroquinolone,ciprofloxacin,ciprofloxacin_vs_control,not_regulated,b1795,b1795,889.7671449609153,-0.6384565088476979,0.6423998633818714,0.10797919811438202,0.16281945461565214,0.5032912464036704,BH_from_pvalue
fluoroquinolone,ciprofloxacin,ciprofloxacin_vs_control,not_regulated,b2105,b2105,31.564441393907952,0.5781219685495094,1.4929045913350945,0.08483231418657204,0.13492777553437096,0.5029075139108867,BH_from_pvalue
fluoroquinolone,ciprofloxacin,ciprofloxacin_vs_control,not_regulated,b3966,b3966,711.2687900648735,0.45414923467965984,1.369974685006222,0.04132189206870568,0.07819346677536312,0.5026657847059204,BH_from_pvalue
fluoroquinolone,ciprofloxacin,ciprofloxacin_vs_control,not_regulated,b1787,b1787,192.003684201374,-0.32707646056623396,0.7971502277137035,0.009273848407514124,0.029495749943847852,0.500505665265561,BH_from_pvalue
fluoroquinolone,ciprofloxacin,ciprofloxacin_vs_control,not_regulated,b3655,b3655,565.5553451491676,-0.4272855307104795,0.7436596853885592,0.03381149848260892,0.06753291304386098,0.5001310978246617,BH_from_pvalue
fluoroquinolone,ciprofloxacin,ciprofloxacin_vs_control,not_regulated,b4160,b4160,1097.3392003321778,-0.27588105955736353,0.825945755766816,0.002937779255286063,0.015437069030697092,0.49974064954479597,BH_from_pvalue
fluoroquinolone,ciprofloxacin,ciprofloxacin_vs_control,not_regulated,b0928,b0928,2021.3707071144647,-0.5111982280505174,0.7016394502835892,0.06168264051216115,0.10568162264214781,0.49892974005958834,BH_from_pvalue
fluoroquinolone,ciprofloxacin,ciprofloxacin_vs_control,not_regulated,b1257,b1257,90.75168303062829,-0.8952935085813527,0.537637804568964,0.20752909556289664,0.2774044195666892,0.49857697956478964,BH_from_pvalue
fluoroquinolone,ciprofloxacin,ciprofloxacin_vs_control,not_regulated,b0149,b0149,2335.3724002035597,0.37251580725349065,1.2946084335470494,0.019996522978218908,0.04674862804367393,0.4955321232520142,BH_from_pvalue
fluoroquinolone,ciprofloxacin,ciprofloxacin_vs_control,not_regulated,b1115,b1115,7.548392011947151,0.7528509458899482,1.6851195494659603,0.15701036556870618,0.2197363485774861,0.49544977448161065,BH_from_pvalue
fluoroquinolone,ciprofloxacin,ciprofloxacin_vs_control,not_regulated,b1258,b1258,52.010268613202264,-0.6987610573044609,0.6161010684452052,0.13557942348143323,0.19552300314828042,0.4952833333334422,BH_from_pvalue
fluoroquinolone,ciprofloxacin,ciprofloxacin_vs_control,not_regulated,b2299,b2299,556.1101853699378,-0.38394833500565184,0.7663374232631109,0.023071590291714596,0.05155291263394548,0.4944282370577309,BH_from_pvalue
fluoroquinolone,ciprofloxacin,ciprofloxacin_vs_control,not_regulated,b3022,b3022,200.88427714347048,0.5382685224918422,1.4522285516732,0.07345941604713171,0.12081186595246743,0.49407151366728497,BH_from_pvalue
fluoroquinolone,ciprofloxacin,ciprofloxacin_vs_control,not_regulated,b2103,b2103,292.06690210931623,0.5713369594754614,1.485899930652964,0.0862060662563234,0.13667778851637033,0.4938077092112106,BH_from_pvalue
fluoroquinolone,ciprofloxacin,ciprofloxacin_vs_control,not_regulated,b2853,b2853,2.960974671292604,1.0600275486765651,2.0849713344291616,0.26888226513687113,0.3421308143099424,0.49376910986759576,BH_from_pvalue
fluoroquinolone,ciprofloxacin,ciprofloxacin_vs_control,not_regulated,b0961,b0961,97.19343501033545,-0.34095969796496384,0.7895159417113574,0.012860340859601029,0.0357072920904231,0.49345156475243646,BH_from_pvalue
fluoroquinolone,ciprofloxacin,ciprofloxacin_vs_control,not_regulated,b1796,b1796,3.826978030249452,1.10835144508178,2.1559914324637464,0.28519184557050287,0.35892359299835536,0.49321416904557136,BH_from_pvalue
fluoroquinolone,ciprofloxacin,ciprofloxacin_vs_control,not_regulated,b2302,b2302,276.1852468038753,-0.4971803251143081,0.7084901372304109,0.05900816995354618,0.10208413401963488,0.49272645995908965,BH_from_pvalue
fluoroquinolone,ciprofloxacin,ciprofloxacin_vs_control,not_regulated,b1637,b1637,2309.3114065534396,-0.354681247870694,0.7820424101655897,0.01604732818975269,0.04085797850682389,0.49255405069721714,BH_from_pvalue
fluoroquinolone,ciprofloxacin,ciprofloxacin_vs_control,not_regulated,b4030,b4030,44.55029131704029,-0.6228969634364852,0.6493656770831007,0.10740123109248303,0.16214909859897322,0.4921418346774841,BH_from_pvalue
fluoroquinolone,ciprofloxacin,ciprofloxacin_vs_control,not_regulated,b0005,b0005,151.16760180038173,0.7581828174368912,1.6913588891441422,0.16091801134114797,0.2245762379809133,0.49178481977539895,BH_from_pvalue
fluoroquinolone,ciprofloxacin,ciprofloxacin_vs_control,not_regulated,b3910,b3910,259.06537831069977,-0.4216570813149687,0.746566624310369,0.03433680780713677,0.06824169219545154,0.491631163547495,BH_from_pvalue
fluoroquinolone,ciprofloxacin,ciprofloxacin_vs_control,not_regulated,b2206,b2206,1507.6799449977752,1.3155645221611625,2.488997053013913,0.34724103916818766,0.4233912155539464,0.4910451888094174,BH_from_pvalue
fluoroquinolone,ciprofloxacin,ciprofloxacin_vs_control,not_regulated,b0408,b0408,2511.8879881952394,0.4383239783169497,1.35502923499667,0.03965818091765583,0.07593976065032607,0.4907171835929369,BH_from_pvalue
fluoroquinolone,ciprofloxacin,ciprofloxacin_vs_control,not_regulated,b1481,b1481,46.691266858799025,0.6308523888167663,1.5484796129342935,0.111390853312116,0.16712343502264768,0.49014874158580546,BH_from_pvalue
fluoroquinolone,ciprofloxacin,ciprofloxacin_vs_control,not_regulated,b1466,b1466,245.73441416018014,-0.7144094232578349,0.6094545650314226,0.1460047450097136,0.20717013976457155,0.4884223200097814,BH_from_pvalue
fluoroquinolone,ciprofloxacin,ciprofloxacin_vs_control,not_regulated,b0172,b0172,4536.119698864525,0.2325898087290934,1.1749422179187246,0.0004131401041411941,0.007975554456768631,0.48802903448961366,BH_from_pvalue
fluoroquinolone,ciprofloxacin,ciprofloxacin_vs_control,not_regulated,b0518,b0518,16.27203397666985,0.7155185472813383,1.6420733212984162,0.146733196703479,0.2080724838500153,0.48783006207288165,BH_from_pvalue
fluoroquinolone,ciprofloxacin,ciprofloxacin_vs_control,not_regulated,b4650,b4650,0.5433489045217567,0.8955112833936733,1.860269037800502,0.21572807385484846,0.28531163663602127,0.4877675470051594,BH_from_pvalue
fluoroquinolone,ciprofloxacin,ciprofloxacin_vs_control,not_regulated,b2543,b2543,277.568252562817,0.5727730757767757,1.4873797912622393,0.08986452841280597,0.14098732082343957,0.48732675526430774,BH_from_pvalue
fluoroquinolone,ciprofloxacin,ciprofloxacin_vs_control,not_regulated,b1671,b1671,23.158044989847596,0.662785843123185,1.5831367099472866,0.12570624995795446,0.1840581745803643,0.487177346792254,BH_from_pvalue
fluoroquinolone,ciprofloxacin,ciprofloxacin_vs_control,not_regulated,b2981,b2981,22.315727578066404,0.5733271954032269,1.4879511834211032,0.09104158721241695,0.1422880678531798,0.4855115391513026,BH_from_pvalue
fluoroquinolone,ciprofloxacin,ciprofloxacin_vs_control,not_regulated,b3482,b3482,11.85550762000932,0.9772135763062466,1.9686594624779616,0.24708445685773808,0.3191803236490827,0.48466264591553754,BH_from_pvalue
fluoroquinolone,ciprofloxacin,ciprofloxacin_vs_control,not_regulated,b3649,b3649,729.9249408343409,0.42111319425220195,1.3389603080535728,0.03609889115101575,0.07090515825208246,0.48399472995793386,BH_from_pvalue
fluoroquinolone,ciprofloxacin,ciprofloxacin_vs_control,not_regulated,b1387,b1387,38.17238490619497,-0.5303258636675334,0.692398323356063,0.07468595684303989,0.12247081074735451,0.4836399028343548,BH_from_pvalue
fluoroquinolone,ciprofloxacin,ciprofloxacin_vs_control,not_regulated,b3294,b3294,7446.916587041862,0.595806878984579,1.5113176078545139,0.1011747951147483,0.15463276535036966,0.4830197296225084,BH_from_pvalue
fluoroquinolone,ciprofloxacin,ciprofloxacin_vs_control,not_regulated,b0380,b0380,480.6722499129683,-0.5241173229920015,0.6953844334323309,0.07275919699775435,0.119954857608656,0.4827027044595666,BH_from_pvalue
fluoroquinolone,ciprofloxacin,ciprofloxacin_vs_control,not_regulated,b2075,b2075,345.61463702721113,-0.3980295510741634,0.7588940817153761,0.029402764932931858,0.06134412209325039,0.482502186292264,BH_from_pvalue
fluoroquinolone,ciprofloxacin,ciprofloxacin_vs_control,not_regulated,b0901,b0901,10.124400804644647,0.9222756552660911,1.895102203161421,0.22944896169692458,0.3001050973285161,0.48209804332487394,BH_from_pvalue
fluoroquinolone,ciprofloxacin,ciprofloxacin_vs_control,not_regulated,b3624,b3624,186.44382622917615,-0.49777484454051724,0.7081982360582939,0.06346497304814765,0.10825386756563068,0.48062977587732275,BH_from_pvalue
fluoroquinolone,ciprofloxacin,ciprofloxacin_vs_control,not_regulated,b2153,b2153,1095.5590103340912,-0.3967634995430096,0.7595603491451924,0.02964923562624322,0.06168467245459853,0.48001350296912,BH_from_pvalue
fluoroquinolone,ciprofloxacin,ciprofloxacin_vs_control,not_regulated,b0354,b0354,257.68689044442505,-0.37668775102538365,0.7702038548811475,0.02440098358402791,0.05361779392328165,0.47865375719119035,BH_from_pvalue
fluoroquinolone,ciprofloxacin,ciprofloxacin_vs_control,not_regulated,b4397,b4397,129.07335609125354,0.48081308920492916,1.395529952167457,0.058241659971817725,0.10113083449353952,0.47846499478277227,BH_from_pvalue
fluoroquinolone,ciprofloxacin,ciprofloxacin_vs_control,not_regulated,b0495,b0495,340.6620566061631,-0.4122612357182689,0.7514446590202923,0.03493839343065832,0.06916940741685788,0.4782584652092819,BH_from_pvalue
fluoroquinolone,ciprofloxacin,ciprofloxacin_vs_control,not_regulated,b3773,b3773,269.8234051463057,-0.6666132773210922,0.6299838381228099,0.13393556797313738,0.1937113134222418,0.47519195114749396,BH_from_pvalue
fluoroquinolone,ciprofloxacin,ciprofloxacin_vs_control,not_regulated,b2770,b2770,15.027426314059811,-0.600942280100007,0.6593231851749637,0.1074264815084349,0.16214909859897322,0.47479575856664874,BH_from_pvalue
fluoroquinolone,ciprofloxacin,ciprofloxacin_vs_control,not_regulated,b4003,b4003,148.30879001634875,0.5342079624693881,1.4481469056829528,0.08059284185754484,0.12937423364569475,0.4744579823359036,BH_from_pvalue
fluoroquinolone,ciprofloxacin,ciprofloxacin_vs_control,not_regulated,b2723,b2723,23.008344529639686,0.6067876054059234,1.522864525996296,0.10988862871803244,0.1652780553529968,0.47437733017214845,BH_from_pvalue
fluoroquinolone,ciprofloxacin,ciprofloxacin_vs_control,not_regulated,b0265,b0265,0.42467020076883716,-0.790065120810363,0.5783179870691603,0.18362190878417864,0.2513485531683614,0.47382070666210696,BH_from_pvalue
fluoroquinolone,ciprofloxacin,ciprofloxacin_vs_control,not_regulated,b1120,b1120,564.2922639590699,-0.447157058489168,0.7334868169522034,0.04773154101716621,0.08723952519106608,0.4736675278975351,BH_from_pvalue
fluoroquinolone,ciprofloxacin,ciprofloxacin_vs_control,not_regulated,b1654,b1654,1172.3339319461159,-0.563218002640653,0.6767908633423134,0.09302657532737663,0.14493714437912714,0.4724386937212549,BH_from_pvalue
fluoroquinolone,ciprofloxacin,ciprofloxacin_vs_control,not_regulated,b3356,b3356,872.5257833828035,-0.5365349963265231,0.689424753298918,0.08276599577398681,0.13206152855317227,0.47173427406352564,BH_from_pvalue
fluoroquinolone,ciprofloxacin,ciprofloxacin_vs_control,not_regulated,b4639,b4639,4.669086856027467,0.8738390778448757,1.83253287221604,0.21912200693356618,0.2891202074471049,0.4709307130542861,BH_from_pvalue
fluoroquinolone,ciprofloxacin,ciprofloxacin_vs_control,not_regulated,b2868,b2868,51.23103150518406,0.7077473153948972,1.6332518969819758,0.15355142016071255,0.2161058472724922,0.47088798576880947,BH_from_pvalue
fluoroquinolone,ciprofloxacin,ciprofloxacin_vs_control,not_regulated,b4403,b4403,128.98191144638636,0.5127911430162788,1.4268079337366746,0.07335066711812568,0.12080064677895616,0.47070675360606273,BH_from_pvalue
fluoroquinolone,ciprofloxacin,ciprofloxacin_vs_control,not_regulated,b3051,b3051,128.82795134762367,0.4644870010248381,1.379826622169407,0.054941538769328405,0.09706482379593054,0.4704965939981537,BH_from_pvalue
fluoroquinolone,ciprofloxacin,ciprofloxacin_vs_control,not_regulated,b3119,b3119,1.5287302816194719,0.8140259578075834,1.7581107544893997,0.19664583373897732,0.26500199880496805,0.4694901633642081,BH_from_pvalue
fluoroquinolone,ciprofloxacin,ciprofloxacin_vs_control,not_regulated,b1032,b1032,2.994056195019579,1.0144182783431768,2.020088191345566,0.2713160183499724,0.3446426011121648,0.4693013837442645,BH_from_pvalue
fluoroquinolone,ciprofloxacin,ciprofloxacin_vs_control,not_regulated,b3234,b3234,701.7121551646209,-0.48937793475703906,0.7123321769508655,0.0650447357466694,0.11019631690716344,0.4687422965604729,BH_from_pvalue
fluoroquinolone,ciprofloxacin,ciprofloxacin_vs_control,not_regulated,b3573,b3573,194.35120363520264,0.782454768660636,1.7200550855804813,0.18403846327368564,0.25176405475129104,0.46869531677628107,BH_from_pvalue
fluoroquinolone,ciprofloxacin,ciprofloxacin_vs_control,not_regulated,b0471,b0471,487.0841663862725,-0.4933903687935697,0.7103537859051986,0.06669625667437527,0.11227536022505238,0.46858050194539436,BH_from_pvalue
fluoroquinolone,ciprofloxacin,ciprofloxacin_vs_control,not_regulated,b0854,b0854,260.399047430389,-0.4834503626638993,0.71526494260888,0.06375210037369312,0.10862005586396653,0.46608964959320004,BH_from_pvalue
fluoroquinolone,ciprofloxacin,ciprofloxacin_vs_control,not_regulated,b0954,b0954,1818.5519368916468,-0.3644522271743931,0.7767637462619226,0.02378459470599612,0.05267508960490917,0.465913801799146,BH_from_pvalue
fluoroquinolone,ciprofloxacin,ciprofloxacin_vs_control,not_regulated,b3581,b3581,15.076191693571888,-0.7123973106815877,0.6103051583349249,0.1587171530955662,0.22184889826720222,0.46586703771042964,BH_from_pvalue
fluoroquinolone,ciprofloxacin,ciprofloxacin_vs_control,not_regulated,b3314,b3314,13001.363061307391,0.5111364581013902,1.4251724084874833,0.07508644240608614,0.12308265960006394,0.46503354840645217,BH_from_pvalue
fluoroquinolone,ciprofloxacin,ciprofloxacin_vs_control,not_regulated,b2679,b2679,77.3764334548887,0.6885553272073457,1.6116688319038566,0.14964556964522083,0.21133619223365882,0.46479283215357736,BH_from_pvalue
fluoroquinolone,ciprofloxacin,ciprofloxacin_vs_control,not_regulated,b3860,b3860,921.4070366169198,0.5041239911837039,1.4182619217419932,0.0725787746496289,0.11975764063610815,0.4646494536900064,BH_from_pvalue
fluoroquinolone,ciprofloxacin,ciprofloxacin_vs_control,not_regulated,b1743,b1743,691.0841764627902,-0.48585962686940753,0.7140714650731743,0.06614905865022458,0.11164670386818393,0.46261323284540995,BH_from_pvalue
fluoroquinolone,ciprofloxacin,ciprofloxacin_vs_control,not_regulated,b2697,b2697,7181.377983683968,-0.394556773479545,0.7607230509822882,0.033600693784783205,0.06729114899552753,0.46243713202184367,BH_from_pvalue
fluoroquinolone,ciprofloxacin,ciprofloxacin_vs_control,not_regulated,b3958,b3958,49.49511355770404,-0.8003948997873653,0.5741919860458621,0.19601771184826533,0.26453275364341355,0.4622445005602582,BH_from_pvalue
fluoroquinolone,ciprofloxacin,ciprofloxacin_vs_control,not_regulated,b1999,b1999,63.97158955060457,-0.4647065875222669,0.7246184337631746,0.05880858645788254,0.10181717547634937,0.4610720963671027,BH_from_pvalue
fluoroquinolone,ciprofloxacin,ciprofloxacin_vs_control,not_regulated,b3446,b3446,34.529712978191554,0.5337709171379936,1.4477082752234098,0.08698121401927333,0.13747066080769202,0.4599984278537484,BH_from_pvalue
fluoroquinolone,ciprofloxacin,ciprofloxacin_vs_control,not_regulated,b1844,b1844,235.52923356794633,-0.36297078926999493,0.777561779277118,0.024718696985959698,0.0542099946576532,0.4594922122274102,BH_from_pvalue
fluoroquinolone,ciprofloxacin,ciprofloxacin_vs_control,not_regulated,b4055,b4055,769.9609500868651,-0.559329192629189,0.6786176260198731,0.09840496131855926,0.15134331017305896,0.4586705052723495,BH_from_pvalue
fluoroquinolone,ciprofloxacin,ciprofloxacin_vs_control,not_regulated,b1983,b1983,226.99920900535562,0.613744854874585,1.5302261206204544,0.12168226686854819,0.17927508561242375,0.458148296969015,BH_from_pvalue
fluoroquinolone,ciprofloxacin,ciprofloxacin_vs_control,not_regulated,b3612,b3612,1648.490223712355,-0.4163314286879398,0.749327638918539,0.04212601092026688,0.07938114667757036,0.4580822401024749,BH_from_pvalue
fluoroquinolone,ciprofloxacin,ciprofloxacin_vs_control,not_regulated,b3627,b3627,297.8715646519813,-0.44390315736116825,0.735143013896804,0.051987134484905335,0.0930884279112676,0.4577104561375762,BH_from_pvalue
fluoroquinolone,ciprofloxacin,ciprofloxacin_vs_control,not_regulated,b3911,b3911,1388.9285682472143,-0.33387029233467125,0.7934051722687405,0.017656992635171433,0.04330488161014237,0.4552198385970393,BH_from_pvalue
fluoroquinolone,ciprofloxacin,ciprofloxacin_vs_control,not_regulated,b4588,b4588,0.4026574131651662,-0.7608690317247747,0.590140742384638,0.1847836006907247,0.2522478409429073,0.45513096307813505,BH_from_pvalue
fluoroquinolone,ciprofloxacin,ciprofloxacin_vs_control,not_regulated,b3725,b3725,284.7573483550571,0.40135375105045235,1.3207466504310097,0.038042646868860934,0.07375682138626573,0.454411837110026,BH_from_pvalue
fluoroquinolone,ciprofloxacin,ciprofloxacin_vs_control,not_regulated,b4694,b4694,19.287923821885943,-0.5271868719768769,0.6939064721309949,0.08723689462106747,0.13772957248352458,0.4538935575920624,BH_from_pvalue
fluoroquinolone,ciprofloxacin,ciprofloxacin_vs_control,not_regulated,b4648,b4648,9.765579267613596,0.8600829222927073,1.8151426372309083,0.22642237160013237,0.2969235648563835,0.4535693167190582,BH_from_pvalue
fluoroquinolone,ciprofloxacin,ciprofloxacin_vs_control,not_regulated,b3297,b3297,5009.729731286317,0.459906792428157,1.3754529519776932,0.059949500521250684,0.10335486904736896,0.45331589529455074,BH_from_pvalue
fluoroquinolone,ciprofloxacin,ciprofloxacin_vs_control,not_regulated,b2232,b2232,621.4699645628039,-0.4353815718976133,0.7394981422324264,0.05033175299380791,0.09095710123187946,0.45330335286120227,BH_from_pvalue
fluoroquinolone,ciprofloxacin,ciprofloxacin_vs_control,not_regulated,b1996,b1996,8.849486021166834,-0.9461140702289468,0.5190285953776419,0.2595941651746237,0.3325703659799081,0.4523527021075617,BH_from_pvalue
fluoroquinolone,ciprofloxacin,ciprofloxacin_vs_control,not_regulated,b4497,b4497,6.498588759262464,0.8774066829743972,1.8370701054371676,0.23470922351785636,0.3059177303341982,0.45133391910675785,BH_from_pvalue
fluoroquinolone,ciprofloxacin,ciprofloxacin_vs_control,not_regulated,b0542,b0542,5.974981481712434,0.9255055994883343,1.8993497616313986,0.2529690564414358,0.3253802733410289,0.451284656568562,BH_from_pvalue
fluoroquinolone,ciprofloxacin,ciprofloxacin_vs_control,not_regulated,b2550,b2550,132.3054974696502,-0.37892103551613854,0.7690125056209223,0.031773227958670915,0.06481450311025024,0.4502824020499477,BH_from_pvalue
fluoroquinolone,ciprofloxacin,ciprofloxacin_vs_control,not_regulated,b2786,b2786,426.0241758306438,0.4056040588716048,1.3246434247580428,0.040857603555562366,0.07764495436245868,0.4501745751394024,BH_from_pvalue
fluoroquinolone,ciprofloxacin,ciprofloxacin_vs_control,not_regulated,b4454,b4454,40.50278472889969,0.5938243953460214,1.5092422525678593,0.11767096429356118,0.1747533988491209,0.449866141442003,BH_from_pvalue
fluoroquinolone,ciprofloxacin,ciprofloxacin_vs_control,not_regulated,b3843,b3843,3217.8579531191203,-0.3424996564849554,0.7886736478775911,0.021275401792458477,0.04878565800017434,0.4492594822301503,BH_from_pvalue
fluoroquinolone,ciprofloxacin,ciprofloxacin_vs_control,not_regulated,b0279,b0279,8.974197849134097,0.8857893679703013,1.8477753518503544,0.23950868622317098,0.311181418437846,0.4490831131461573,BH_from_pvalue
fluoroquinolone,ciprofloxacin,ciprofloxacin_vs_control,not_regulated,b2812,b2812,276.9954371440412,0.41934024210926335,1.3373158479236793,0.04602630511159974,0.08498617421673876,0.448967351795475,BH_from_pvalue
fluoroquinolone,ciprofloxacin,ciprofloxacin_vs_control,not_regulated,b0653,b0653,187.21180807844098,-0.5284263318261004,0.6933105735953212,0.09053031407974609,0.141735242857883,0.44838144603903474,BH_from_pvalue
fluoroquinolone,ciprofloxacin,ciprofloxacin_vs_control,not_regulated,b4511,b4511,0.39204906193624794,-0.7474076916442627,0.5956729320995914,0.18412566480899528,0.25176405475129104,0.4477018977031382,BH_from_pvalue
fluoroquinolone,ciprofloxacin,ciprofloxacin_vs_control,not_regulated,b0229,b0229,65.2003175589337,0.5704337560469757,1.4849699698102388,0.10973128418247206,0.16512924598620252,0.4461795948092104,BH_from_pvalue
fluoroquinolone,ciprofloxacin,ciprofloxacin_vs_control,not_regulated,b1534,b1534,142.88968396239258,-0.4873126134501007,0.7133526617685375,0.07441033169785802,0.12206333770130028,0.4451185333058067,BH_from_pvalue
fluoroquinolone,ciprofloxacin,ciprofloxacin_vs_control,not_regulated,b4526,b4526,0.414320907387247,0.7679394757609416,1.702835976274304,0.19526329880168608,0.2637479116682791,0.444491793161697,BH_from_pvalue
fluoroquinolone,ciprofloxacin,ciprofloxacin_vs_control,not_regulated,b4682,b4682,0.414320907387247,0.7679394757609416,1.702835976274304,0.19526329880168608,0.2637479116682791,0.444491793161697,BH_from_pvalue
fluoroquinolone,ciprofloxacin,ciprofloxacin_vs_control,not_regulated,b1945,b1945,19.382967953706878,0.7828648186389535,1.7205440376966306,0.20181022801120882,0.270644724387125,0.44435441089237115,BH_from_pvalue
fluoroquinolone,ciprofloxacin,ciprofloxacin_vs_control,not_regulated,b3891,b3891,1619.4035413732997,0.4329695797822275,1.3500095189428745,0.05279707594381725,0.0941265349168807,0.4443514532309846,BH_from_pvalue
fluoroquinolone,ciprofloxacin,ciprofloxacin_vs_control,not_regulated,b1914,b1914,404.302967124498,0.47619080997898067,1.3910659410891528,0.0702165863178432,0.11667314564376015,0.44429987947747107,BH_from_pvalue
fluoroquinolone,ciprofloxacin,ciprofloxacin_vs_control,not_regulated,b2043,b2043,29.95047880347104,0.707446819361703,1.632911745672442,0.17043284439163087,0.23615030737619386,0.4434357912638231,BH_from_pvalue
fluoroquinolone,ciprofloxacin,ciprofloxacin_vs_control,not_regulated,b2605,b2605,91.73535518239085,0.3828428042775158,1.303908653928699,0.03517724133651105,0.0695198732564265,0.4432902483346908,BH_from_pvalue
fluoroquinolone,ciprofloxacin,ciprofloxacin_vs_control,not_regulated,b0679,b0679,3146.348384171482,0.4974288075752291,1.4116953747024723,0.08001333570350258,0.1287656472251716,0.4428111169841778,BH_from_pvalue
fluoroquinolone,ciprofloxacin,ciprofloxacin_vs_control,not_regulated,b0779,b0779,4613.513192705063,0.3049485126087266,1.235374547873188,0.01263354336120531,0.03536134289900528,0.44262399889590526,BH_from_pvalue
fluoroquinolone,ciprofloxacin,ciprofloxacin_vs_control,not_regulated,b3395,b3395,75.34289431004514,-0.618291990954944,0.6514417142861891,0.13288487184199424,0.1925631937968074,0.44234261083893084,BH_from_pvalue
fluoroquinolone,ciprofloxacin,ciprofloxacin_vs_control,not_regulated,b2088,b2088,0.45270762031867456,0.801397900303194,1.7427889852611256,0.2112353747950255,0.2809393009544721,0.4418807867919189,BH_from_pvalue
fluoroquinolone,ciprofloxacin,ciprofloxacin_vs_control,not_regulated,b2590,b2590,0.45270762031867456,0.801397900303194,1.7427889852611256,0.2112353747950255,0.2809393009544721,0.4418807867919189,BH_from_pvalue
fluoroquinolone,ciprofloxacin,ciprofloxacin_vs_control,not_regulated,b4427,b4427,0.45270762031867456,0.801397900303194,1.7427889852611256,0.2112353747950255,0.2809393009544721,0.4418807867919189,BH_from_pvalue
fluoroquinolone,ciprofloxacin,ciprofloxacin_vs_control,not_regulated,b4603,b4603,0.45270762031867456,0.801397900303194,1.7427889852611256,0.2112353747950255,0.2809393009544721,0.4418807867919189,BH_from_pvalue
fluoroquinolone,ciprofloxacin,ciprofloxacin_vs_control,not_regulated,b4674,b4674,0.45270762031867456,0.801397900303194,1.7427889852611256,0.2112353747950255,0.2809393009544721,0.4418807867919189,BH_from_pvalue
fluoroquinolone,ciprofloxacin,ciprofloxacin_vs_control,not_regulated,b0230,b0230,35.56776227112321,0.4947990310789363,1.4091244489668482,0.08036426608234556,0.12905336266990017,0.43999047630113647,BH_from_pvalue
fluoroquinolone,ciprofloxacin,ciprofloxacin_vs_control,not_regulated,b1400,b1400,302.92550569223806,-0.524283496114692,0.6953043419751294,0.09320945825639111,0.1451215449073199,0.43949013378262114,BH_from_pvalue
fluoroquinolone,ciprofloxacin,ciprofloxacin_vs_control,not_regulated,b3678,b3678,36.24964372404025,0.4170221344788976,1.3351687879013268,0.0487791502323433,0.08857836808440862,0.43898765994627686,BH_from_pvalue
fluoroquinolone,ciprofloxacin,ciprofloxacin_vs_control,not_regulated,b1946,b1946,4.80730144128477,0.9768041982163864,1.9681009163584995,0.2822156624363118,0.35607462822960184,0.4380566050902182,BH_from_pvalue
fluoroquinolone,ciprofloxacin,ciprofloxacin_vs_control,not_regulated,b4582,b4582,74.07586005210669,-0.37861437954248434,0.7691759825420166,0.035764986437436225,0.07040302363045432,0.4363185006197462,BH_from_pvalue
fluoroquinolone,ciprofloxacin,ciprofloxacin_vs_control,not_regulated,b0742,b0742,2291.254486831072,-0.2710025485708556,0.8287434404826515,0.006820193192430007,0.02456143232950374,0.43624535266731956,BH_from_pvalue
fluoroquinolone,ciprofloxacin,ciprofloxacin_vs_control,not_regulated,b2767,b2767,3.541636463021733,0.8244639120333461,1.7708768795757734,0.22559790310041658,0.29618778988490185,0.43567381385401927,BH_from_pvalue
fluoroquinolone,ciprofloxacin,ciprofloxacin_vs_control,not_regulated,b0293,b0293,25.71058915482512,0.674729646796492,1.5962976071942263,0.16218984233375378,0.2262108250596045,0.43552895659349616,BH_from_pvalue
fluoroquinolone,ciprofloxacin,ciprofloxacin_vs_control,not_regulated,b2930,b2930,13.877044047237947,0.7632757923291988,1.6973402438967995,0.20028995613907105,0.26900693422321337,0.43524773542956785,BH_from_pvalue
fluoroquinolone,ciprofloxacin,ciprofloxacin_vs_control,not_regulated,b3059,b3059,249.21656110327692,-0.6570822795755289,0.6341595313366275,0.15522129982930202,0.21804666040980653,0.4346274421652492,BH_from_pvalue
fluoroquinolone,ciprofloxacin,ciprofloxacin_vs_control,not_regulated,b2306,b2306,132.52144695059238,0.6376703389651208,1.55581480318046,0.14701540598307647,0.2084069637919565,0.4343094713570687,BH_from_pvalue
fluoroquinolone,ciprofloxacin,ciprofloxacin_vs_control,not_regulated,b4126,b4126,26.527924722005945,0.7314099141325343,1.6602608354508994,0.18767728773688133,0.2551140647447846,0.4339203397646094,BH_from_pvalue
fluoroquinolone,ciprofloxacin,ciprofloxacin_vs_control,not_regulated,b0674,b0674,808.8472021276721,0.31984219075081555,1.2481940076873266,0.01817553551504335,0.0440719993243477,0.43365395547566865,BH_from_pvalue
fluoroquinolone,ciprofloxacin,ciprofloxacin_vs_control,not_regulated,b3192,b3192,1174.5386974304583,-0.3694471090060727,0.774079094007152,0.033656617368081614,0.06734317834592131,0.4328835385336894,BH_from_pvalue
fluoroquinolone,ciprofloxacin,ciprofloxacin_vs_control,not_regulated,b2634,b2634,4.605171796510194,0.8512289644609188,1.8040370456766217,0.2386337299329345,0.31022384891281485,0.4327008086185474,BH_from_pvalue
fluoroquinolone,ciprofloxacin,ciprofloxacin_vs_control,not_regulated,b0158,b0158,163.64889987190963,-0.4793943322048735,0.7172786865401458,0.07749661589482625,0.12584107519672508,0.43154002969583927,BH_from_pvalue
fluoroquinolone,ciprofloxacin,ciprofloxacin_vs_control,not_regulated,b3505,b3505,1.5344958557183102,0.8295206607849599,1.7770948198143883,0.2312003342520292,0.3018691156649136,0.43150115024119234,BH_from_pvalue
fluoroquinolone,ciprofloxacin,ciprofloxacin_vs_control,not_regulated,b2309,b2309,817.8220877128201,-0.5271792328201972,0.6939101464170676,0.09955439578328033,0.1525709275070511,0.4304567172235486,BH_from_pvalue
fluoroquinolone,ciprofloxacin,ciprofloxacin_vs_control,not_regulated,b4022,b4022,292.48447059918703,0.3249911594430728,1.2526567625615947,0.020373041843645176,0.04738259680078387,0.43041216271225247,BH_from_pvalue
fluoroquinolone,ciprofloxacin,ciprofloxacin_vs_control,not_regulated,b1717,b1717,2970.919437175073,-0.37786965913052484,0.7695731343371988,0.03758052651704583,0.07314461630189188,0.42919102217376326,BH_from_pvalue
fluoroquinolone,ciprofloxacin,ciprofloxacin_vs_control,not_regulated,b1386,b1386,47.49382841967367,0.4159428056026071,1.3341702766023713,0.0518663392092736,0.09294613297343134,0.42915675714234647,BH_from_pvalue
fluoroquinolone,ciprofloxacin,ciprofloxacin_vs_control,not_regulated,b0021,b0021,4.353677461485848,0.6232917066272243,1.5403857762530508,0.14398608042963665,0.2050821373567149,0.42886967401220816,BH_from_pvalue
fluoroquinolone,ciprofloxacin,ciprofloxacin_vs_control,not_regulated,b2482,b2482,33.94060325407096,0.7225936539123268,1.6501459753359566,0.1888021364965124,0.2563332357263244,0.42719381324145156,BH_from_pvalue
fluoroquinolone,ciprofloxacin,ciprofloxacin_vs_control,not_regulated,b3483,b3483,3.275020805593402,1.0416650054133243,2.058602102819563,0.31509002672967357,0.3893612473159538,0.4267152314544633,BH_from_pvalue
fluoroquinolone,ciprofloxacin,ciprofloxacin_vs_control,not_regulated,b4420,b4420,0.9343428234648421,-0.9042273961892819,0.5343187701629997,0.2652311852800482,0.338154725450583,0.425786700847152,BH_from_pvalue
fluoroquinolone,ciprofloxacin,ciprofloxacin_vs_control,not_regulated,b0147,b0147,56.347022887843856,0.4576328173175117,1.373286671503231,0.07081363209664682,0.11740498237033446,0.42574197533474295,BH_from_pvalue
fluoroquinolone,ciprofloxacin,ciprofloxacin_vs_control,not_regulated,b1223,b1223,4178.792459599744,1.6172497416212792,3.0678963498651046,0.4705805353622503,0.5455338268194335,0.4256250619658414,BH_from_pvalue
fluoroquinolone,ciprofloxacin,ciprofloxacin_vs_control,not_regulated,b2205,b2205,179.40189154906776,0.9633585353506611,1.9498437723970325,0.28818092955214064,0.3618754386168422,0.42526585167609976,BH_from_pvalue
fluoroquinolone,ciprofloxacin,ciprofloxacin_vs_control,not_regulated,b1553,b1553,0.4415578233709648,0.7835981231804275,1.721418791836835,0.2171425760914343,0.2869292912042513,0.42488658206112495,BH_from_pvalue
fluoroquinolone,ciprofloxacin,ciprofloxacin_vs_control,not_regulated,b3769,b3769,0.4415578233709648,0.7835981231804275,1.721418791836835,0.2171425760914343,0.2869292912042513,0.42488658206112495,BH_from_pvalue
fluoroquinolone,ciprofloxacin,ciprofloxacin_vs_control,not_regulated,b4297,b4297,189.80304982537177,0.47888582935335844,1.3936669436162363,0.08108552803243135,0.12997958128648476,0.4243526415536721,BH_from_pvalue
fluoroquinolone,ciprofloxacin,ciprofloxacin_vs_control,not_regulated,b4040,b4040,697.6921770805915,-0.38635343743445816,0.7650609341398199,0.04252500564336809,0.07986533418950717,0.42407763874042653,BH_from_pvalue
fluoroquinolone,ciprofloxacin,ciprofloxacin_vs_control,not_regulated,b1832,b1832,625.1828154644036,0.4118835095681739,1.3304216118313743,0.05249024046813847,0.0937720199974916,0.42338606851424804,BH_from_pvalue
fluoroquinolone,ciprofloxacin,ciprofloxacin_vs_control,not_regulated,b4392,b4392,1661.2608767394624,-0.43853273078768495,0.7378846806090648,0.06354534009883535,0.10834986344373064,0.42325935132685777,BH_from_pvalue
fluoroquinolone,ciprofloxacin,ciprofloxacin_vs_control,not_regulated,b0997,b0997,64.16115438058485,-0.4923775790987648,0.7108526380952006,0.08787071797676206,0.13843870033606856,0.4228255465818726,BH_from_pvalue
fluoroquinolone,ciprofloxacin,ciprofloxacin_vs_control,not_regulated,b4354,b4354,823.0616304951981,0.5288017760622878,1.4427304444407458,0.10483196608970767,0.15881919281626983,0.42256392107979907,BH_from_pvalue
fluoroquinolone,ciprofloxacin,ciprofloxacin_vs_control,not_regulated,b3905,b3905,54.215851608922726,-0.4453446162181507,0.7344088676153165,0.06688880992512101,0.11255737637231363,0.42246549906487957,BH_from_pvalue
fluoroquinolone,ciprofloxacin,ciprofloxacin_vs_control,not_regulated,b4262,b4262,1290.8328245884136,-0.36675893920365965,0.775522778096682,0.035923207166404056,0.07062175954304434,0.4221620822941622,BH_from_pvalue
fluoroquinolone,ciprofloxacin,ciprofloxacin_vs_control,not_regulated,b1758,b1758,212.1754172179268,-0.3187888328396644,0.8017426718236729,0.020622125248168303,0.04783822556279579,0.42087296699725957,BH_from_pvalue
fluoroquinolone,ciprofloxacin,ciprofloxacin_vs_control,not_regulated,b2595,b2595,1968.5802128093953,-0.2852534196221086,0.8205974523838865,0.011754293784896033,0.03371863102325406,0.4199301354691511,BH_from_pvalue
fluoroquinolone,ciprofloxacin,ciprofloxacin_vs_control,not_regulated,b0187,b0187,223.76916683268203,-0.4616936401551479,0.7261333197798356,0.07519045347817103,0.12318703210510011,0.4198803592964208,BH_from_pvalue
fluoroquinolone,ciprofloxacin,ciprofloxacin_vs_control,not_regulated,b2188,b2188,1311.1820561488637,-0.31761445154342915,0.8023955713595942,0.021678359454217654,0.04918748801057467,0.41548586983454244,BH_from_pvalue
fluoroquinolone,ciprofloxacin,ciprofloxacin_vs_control,not_regulated,b2082,b2082,31.427019084532983,0.5727953615704209,1.4874027674936545,0.12960309118147526,0.18859744553033833,0.4149697298823767,BH_from_pvalue
fluoroquinolone,ciprofloxacin,ciprofloxacin_vs_control,not_regulated,b1182,b1182,95.72500151709083,0.6367904819020751,1.5548662469955155,0.15970536441984168,0.22309153079517013,0.4148797712175823,BH_from_pvalue
fluoroquinolone,ciprofloxacin,ciprofloxacin_vs_control,not_regulated,b0790,b0790,299.17523219655345,-0.5109172267451703,0.7017761256017765,0.10131587660858624,0.1547432302157626,0.41404136408939607,BH_from_pvalue
fluoroquinolone,ciprofloxacin,ciprofloxacin_vs_control,not_regulated,b3253,b3253,847.543598071314,-0.46278981234586425,0.7255818069413302,0.07920884578715474,0.12774520916121263,0.41357460481075303,BH_from_pvalue
fluoroquinolone,ciprofloxacin,ciprofloxacin_vs_control,not_regulated,b0215,b0215,560.7502901875637,-0.34182974093652874,0.7890399535844926,0.029762014770478944,0.06183350689959089,0.4131956285327025,BH_from_pvalue
fluoroquinolone,ciprofloxacin,ciprofloxacin_vs_control,not_regulated,b2451,b2451,56.52967921680286,-0.4173610980198461,0.7487930252981136,0.059453491190396286,0.10273599822297445,0.41246852200573075,BH_from_pvalue
fluoroquinolone,ciprofloxacin,ciprofloxacin_vs_control,not_regulated,b1677,b1677,71503.43029426546,-0.5618121654914834,0.6774506850208486,0.12679656037887863,0.18529269934509293,0.4113261093357675,BH_from_pvalue
fluoroquinolone,ciprofloxacin,ciprofloxacin_vs_control,not_regulated,b1959,b1959,123.7334491600003,0.5190864303591773,1.433047500186537,0.10672529175586225,0.1613614663253339,0.41122035746824903,BH_from_pvalue
fluoroquinolone,ciprofloxacin,ciprofloxacin_vs_control,not_regulated,b2045,b2045,34.94881576049152,0.4352429297879006,1.352138495184578,0.06795636058519358,0.1138003387610576,0.41080684447775306,BH_from_pvalue
fluoroquinolone,ciprofloxacin,ciprofloxacin_vs_control,not_regulated,b0268,b0268,213.79529949535421,-0.43766172498635036,0.7383303020808389,0.06925410118918307,0.11545772688989825,0.41034156584151826,BH_from_pvalue
fluoroquinolone,ciprofloxacin,ciprofloxacin_vs_control,not_regulated,b2991,b2991,17.900706130369343,0.47888274015068033,1.3936639593992513,0.08843709127646338,0.13918475736932548,0.41011916454727904,BH_from_pvalue
fluoroquinolone,ciprofloxacin,ciprofloxacin_vs_control,not_regulated,b3440,b3440,764.6896672433676,-0.4304827637882678,0.7420134465087644,0.06619355687312518,0.11167990203125171,0.4098303427331028,BH_from_pvalue
fluoroquinolone,ciprofloxacin,ciprofloxacin_vs_control,not_regulated,b4573,b4573,42.001683911966445,0.4892699140598298,1.4037343263664828,0.09362830690522428,0.1456224496748613,0.4094072018353496,BH_from_pvalue
fluoroquinolone,ciprofloxacin,ciprofloxacin_vs_control,not_regulated,b1927,b1927,2754.3014840431047,-0.5114100704361704,0.7015364305472184,0.10445754460441603,0.1585189054084559,0.4090865989844395,BH_from_pvalue
fluoroquinolone,ciprofloxacin,ciprofloxacin_vs_control,not_regulated,b4264,b4264,60.41204935445037,0.5016765487157269,1.4158579681974546,0.09992153606411393,0.15302930514687926,0.4089794619496955,BH_from_pvalue
fluoroquinolone,ciprofloxacin,ciprofloxacin_vs_control,not_regulated,b4012,b4012,1.4342031800777633,-1.0019032833109813,0.4993408071870592,0.3179824028443317,0.3922887679631937,0.40716760959804804,BH_from_pvalue
fluoroquinolone,ciprofloxacin,ciprofloxacin_vs_control,not_regulated,b1456,b1456,9.783090777980744,0.7905872710791644,1.729778452093157,0.23495892373331176,0.30615447246594335,0.4064088117192916,BH_from_pvalue
fluoroquinolone,ciprofloxacin,ciprofloxacin_vs_control,not_regulated,b2542,b2542,58.99971081247361,-0.4689743109849971,0.722478063485482,0.08636695554989993,0.13678822748713024,0.4051709553412411,BH_from_pvalue
fluoroquinolone,ciprofloxacin,ciprofloxacin_vs_control,not_regulated,b2935,b2935,3507.691622020034,-0.39697501858320017,0.7594489952592751,0.05376184378602214,0.09543045514977411,0.40503877405180577,BH_from_pvalue
fluoroquinolone,ciprofloxacin,ciprofloxacin_vs_control,not_regulated,b2459,b2459,52.177174331181654,0.3844977892260921,1.305405288596815,0.04861808350988082,0.08842868565606306,0.4050325972888093,BH_from_pvalue
fluoroquinolone,ciprofloxacin,ciprofloxacin_vs_control,not_regulated,b3604,b3604,238.45256882265423,0.504761258584618,1.418888534926652,0.10427068090561943,0.1582887353066069,0.40408662092218206,BH_from_pvalue
fluoroquinolone,ciprofloxacin,ciprofloxacin_vs_control,not_regulated,b3580,b3580,23.764618403826436,0.5240942708192451,1.438030495798285,0.11368827065783413,0.16989031276376676,0.40346421791829296,BH_from_pvalue
fluoroquinolone,ciprofloxacin,ciprofloxacin_vs_control,not_regulated,b0174,b0174,2051.625191277568,0.4662062663059032,1.3814719470871435,0.0861126845084883,0.13657787550041622,0.40309109745549176,BH_from_pvalue
fluoroquinolone,ciprofloxacin,ciprofloxacin_vs_control,not_regulated,b3719,b3719,15.593086341943623,0.605547524123625,1.5215560967405453,0.1535297349338372,0.2161058472724922,0.40289104277670457,BH_from_pvalue
fluoroquinolone,ciprofloxacin,ciprofloxacin_vs_control,not_regulated,b2073,b2073,26.54531452994667,0.4859355417498188,1.4004937467530727,0.09605883957781877,0.14868295265692666,0.40222771335613594,BH_from_pvalue
fluoroquinolone,ciprofloxacin,ciprofloxacin_vs_control,not_regulated,b3422,b3422,73.33649740709522,-0.5071034049732352,0.7036337530005558,0.10641890615146601,0.16100647153356681,0.4022124467555744,BH_from_pvalue
fluoroquinolone,ciprofloxacin,ciprofloxacin_vs_control,not_regulated,b3353,b3353,227.4693612891499,0.39904969320039374,1.3186390338383651,0.05665339804299746,0.09927034842127097,0.40031885232206266,BH_from_pvalue
fluoroquinolone,ciprofloxacin,ciprofloxacin_vs_control,not_regulated,b1285,b1285,640.0279030809951,-0.46915338523925953,0.7223883915952741,0.08993680722501135,0.14100235583760928,0.39914332914200673,BH_from_pvalue
fluoroquinolone,ciprofloxacin,ciprofloxacin_vs_control,not_regulated,b1419,b1419,297.83883198112545,0.45311929561062847,1.3689970099751618,0.08258506650074705,0.13196008139266793,0.3985444409805511,BH_from_pvalue
fluoroquinolone,ciprofloxacin,ciprofloxacin_vs_control,not_regulated,b2336,b2336,4.638810277269761,0.7679294886136778,1.7028241883258362,0.23196225792640465,0.3027760406712038,0.3984620969204458,BH_from_pvalue
fluoroquinolone,ciprofloxacin,ciprofloxacin_vs_control,not_regulated,b4570,b4570,11.167221833324687,0.5958866690466191,1.5114011954852853,0.15212271343189446,0.21449779467606936,0.39839622198805635,BH_from_pvalue
fluoroquinolone,ciprofloxacin,ciprofloxacin_vs_control,not_regulated,b0633,b0633,900.5414146034141,0.27051318413198544,1.206236824461731,0.01174195004736628,0.03370471685580953,0.39827908134183176,BH_from_pvalue
fluoroquinolone,ciprofloxacin,ciprofloxacin_vs_control,not_regulated,b4254,b4254,14.73941446930994,0.8451734151006116,1.7964806736978816,0.2650811183095741,0.3380592203449006,0.3980827759884299,BH_from_pvalue
fluoroquinolone,ciprofloxacin,ciprofloxacin_vs_control,not_regulated,b2461,b2461,16.693866219463207,0.6035825938278125,1.5194851694060754,0.15651333208205556,0.21931369710438814,0.39772124008069915,BH_from_pvalue
fluoroquinolone,ciprofloxacin,ciprofloxacin_vs_control,not_regulated,b2802,b2802,325.5942980592608,0.5119548623918213,1.4259811019871291,0.11159206678108771,0.1673529250893353,0.39746470317047566,BH_from_pvalue
fluoroquinolone,ciprofloxacin,ciprofloxacin_vs_control,not_regulated,b0094,b0094,2284.924723529935,-0.3267000665992814,0.7973582284840511,0.029210162003713038,0.06111037613614012,0.3965763244497309,BH_from_pvalue
fluoroquinolone,ciprofloxacin,ciprofloxacin_vs_control,not_regulated,b2126,b2126,393.8220031408561,0.4685836359780229,1.3837503059388352,0.09127806964858841,0.14255859627755232,0.39642484382801074,BH_from_pvalue
fluoroquinolone,ciprofloxacin,ciprofloxacin_vs_control,not_regulated,b3582,b3582,17.14789310230559,-0.6683071355967631,0.6292446124976537,0.1878842956372945,0.2552664222950941,0.3963103474020264,BH_from_pvalue
fluoroquinolone,ciprofloxacin,ciprofloxacin_vs_control,not_regulated,b4171,b4171,4583.925193775188,-0.3713675879932179,0.7730493451223237,0.046991157523695155,0.08637769781020875,0.3949859631949385,BH_from_pvalue
fluoroquinolone,ciprofloxacin,ciprofloxacin_vs_control,not_regulated,b4616,b4616,5.500726491840925,0.8753075157688186,1.8343990536636046,0.2799289114805401,0.3539837626762635,0.39477827110917024,BH_from_pvalue
fluoroquinolone,ciprofloxacin,ciprofloxacin_vs_control,not_regulated,b2224,b2224,27.15485535972664,-0.6943003713492564,0.6180089466418661,0.2014554567967307,0.2702495212262734,0.3945258178717695,BH_from_pvalue
fluoroquinolone,ciprofloxacin,ciprofloxacin_vs_control,not_regulated,b2886,b2886,25.450528002408486,0.8194289044159859,1.7647072891052542,0.25768383526434424,0.33045179373274886,0.39405671160184463,BH_from_pvalue
fluoroquinolone,ciprofloxacin,ciprofloxacin_vs_control,not_regulated,b4501,b4501,10.371812571032464,0.8015606496292489,1.7429855990456382,0.2507301399675681,0.3231473265255362,0.3932452000209741,BH_from_pvalue
fluoroquinolone,ciprofloxacin,ciprofloxacin_vs_control,not_regulated,b4074,b4074,51.239912294786684,0.5815920991737169,1.4964998136372532,0.14974941874562964,0.21141647379718836,0.3924939274311387,BH_from_pvalue
fluoroquinolone,ciprofloxacin,ciprofloxacin_vs_control,not_regulated,b3599,b3599,2369.5679986346927,-0.4406222438802576,0.7368167461832396,0.07999241416460325,0.1287656472251716,0.3922419148416202,BH_from_pvalue
fluoroquinolone,ciprofloxacin,ciprofloxacin_vs_control,not_regulated,b2203,b2203,56.132760680480175,0.8233315707195024,1.769487500485189,0.2613534384876043,0.33453835125704157,0.3915386940768431,BH_from_pvalue
fluoroquinolone,ciprofloxacin,ciprofloxacin_vs_control,not_regulated,b1075,b1075,15.594971246577861,1.0694699231511366,2.0986621324579064,0.35502986800068836,0.43160117466678277,0.39026816447389345,BH_from_pvalue
fluoroquinolone,ciprofloxacin,ciprofloxacin_vs_control,not_regulated,b0444,b0444,308.7726193491472,-0.36297673413660725,0.7775585752101422,0.045623264291514955,0.08438052746021145,0.3897490864971655,BH_from_pvalue
fluoroquinolone,ciprofloxacin,ciprofloxacin_vs_control,not_regulated,b4382,b4382,2164.472849814308,-0.47166358346403925,0.7211325742710637,0.0966079894245366,0.14922484080754314,0.38966905584197975,BH_from_pvalue
fluoroquinolone,ciprofloxacin,ciprofloxacin_vs_control,not_regulated,b0076,b0076,45.810693723562885,0.5444238446730658,1.4584377855660917,0.13321348358671709,0.19291508344270877,0.3890636890227315,BH_from_pvalue
fluoroquinolone,ciprofloxacin,ciprofloxacin_vs_control,not_regulated,b3295,b3295,23460.95250157683,0.47558287219664486,1.3904798828000857,0.0994001155703705,0.15249035465058886,0.38843593743666277,BH_from_pvalue
fluoroquinolone,ciprofloxacin,ciprofloxacin_vs_control,not_regulated,b3344,b3344,49.03679054594193,0.5376494507648273,1.4516055227249927,0.13042137007280263,0.189542915214044,0.3883401358672587,BH_from_pvalue
fluoroquinolone,ciprofloxacin,ciprofloxacin_vs_control,not_regulated,b3836,b3836,1014.9079529557026,-0.42049880875638834,0.7471662485048318,0.07251215212070998,0.11975764063610815,0.3875723932661554,BH_from_pvalue
fluoroquinolone,ciprofloxacin,ciprofloxacin_vs_control,not_regulated,b3060,b3060,63.138061039753275,0.70243692495968,1.62725114003001,0.21192069421311907,0.28160096974020965,0.3865972980594541,BH_from_pvalue
fluoroquinolone,ciprofloxacin,ciprofloxacin_vs_control,not_regulated,b0030,b0030,376.1052987419594,0.5622694490591034,1.47659015950878,0.14459766686969636,0.20556267559415112,0.3863104513869293,BH_from_pvalue
fluoroquinolone,ciprofloxacin,ciprofloxacin_vs_control,not_regulated,b1757,b1757,211.1109518266504,-0.5409040091784769,0.6873400789641669,0.13362956148764826,0.19339310410921556,0.38596693242026436,BH_from_pvalue
fluoroquinolone,ciprofloxacin,ciprofloxacin_vs_control,not_regulated,b0053,b0053,4214.099095342337,-0.3423616100223512,0.7887491169221134,0.038751603145191243,0.07471269221906139,0.3857065118056393,BH_from_pvalue
fluoroquinolone,ciprofloxacin,ciprofloxacin_vs_control,not_regulated,b4692,b4692,2.340865825041805,0.8516813438490496,1.8046028181489524,0.2784012927097023,0.35274620129809603,0.38541787767464747,BH_from_pvalue
fluoroquinolone,ciprofloxacin,ciprofloxacin_vs_control,not_regulated,b2633,b2633,10.689142552487178,0.6983313568451139,1.6226269517963765,0.21234716864502295,0.28182187969769673,0.38409990899420476,BH_from_pvalue
fluoroquinolone,ciprofloxacin,ciprofloxacin_vs_control,not_regulated,b4459,b4459,3.968528930462815,0.6994546120758023,1.6238907905662008,0.2138069773271847,0.28335409075358775,0.38307066629472736,BH_from_pvalue
fluoroquinolone,ciprofloxacin,ciprofloxacin_vs_control,not_regulated,b2312,b2312,770.7757918701077,-0.35458891778620405,0.7820924611814604,0.045015733302967195,0.0834284171391621,0.38249009997729855,BH_from_pvalue
fluoroquinolone,ciprofloxacin,ciprofloxacin_vs_control,not_regulated,b3957,b3957,405.6050127047118,-0.3609241259790448,0.7786656414621095,0.04766097656861839,0.08723952519106608,0.3823221288034615,BH_from_pvalue
fluoroquinolone,ciprofloxacin,ciprofloxacin_vs_control,not_regulated,b3092,b3092,388.456905071803,-0.499226859052861,0.7074858215961836,0.11511591103494728,0.17162458330632843,0.38211847416319766,BH_from_pvalue
fluoroquinolone,ciprofloxacin,ciprofloxacin_vs_control,not_regulated,b2725,b2725,1.2429904706061612,0.6847884115141705,1.6074662100485306,0.20725858936662897,0.2771333602939547,0.3816402460939061,BH_from_pvalue
fluoroquinolone,ciprofloxacin,ciprofloxacin_vs_control,not_regulated,b0052,b0052,822.3774115878241,0.3773759674657633,1.2989770730751242,0.05559679068574821,0.09791029442555635,0.38083712529191854,BH_from_pvalue
fluoroquinolone,ciprofloxacin,ciprofloxacin_vs_control,not_regulated,b0404,b0404,225.4386077742296,-0.41063800068460043,0.7522906158763465,0.07134865908417128,0.11820488713097695,0.3808111318473601,BH_from_pvalue
fluoroquinolone,ciprofloxacin,ciprofloxacin_vs_control,not_regulated,b2947,b2947,1176.5145715102055,0.3695886715868486,1.2919844189833984,0.052121605216855625,0.09325496430605275,0.3807975715302794,BH_from_pvalue
fluoroquinolone,ciprofloxacin,ciprofloxacin_vs_control,not_regulated,b2804,b2804,62.12128688647704,-0.5620120441609426,0.6773568338894088,0.1486483047233719,0.21025788510871912,0.3806213689319659,BH_from_pvalue
fluoroquinolone,ciprofloxacin,ciprofloxacin_vs_control,not_regulated,b3758,b3758,0.96157973944856,-0.8618539555228335,0.5502450033402619,0.2879941030373435,0.3617418250382494,0.38059580533731346,BH_from_pvalue
fluoroquinolone,ciprofloxacin,ciprofloxacin_vs_control,not_regulated,b0804,b0804,19.687606578595652,-0.6881322044708442,0.6206568679266672,0.21048563880874738,0.2806891204748727,0.3796937482229363,BH_from_pvalue
fluoroquinolone,ciprofloxacin,ciprofloxacin_vs_control,not_regulated,b3847,b3847,2380.4513829035277,-0.309739503562545,0.8067874215210238,0.028253358737872023,0.059579750399882024,0.3794003269329829,BH_from_pvalue
fluoroquinolone,ciprofloxacin,ciprofloxacin_vs_control,not_regulated,b1274,b1274,4800.511965403618,-0.42878544594627854,0.74288693243081,0.08186692828839849,0.130998734770977,0.37850301969918965,BH_from_pvalue
fluoroquinolone,ciprofloxacin,ciprofloxacin_vs_control,not_regulated,b1615,b1615,24.73201965797884,0.5324404802007132,1.4463738305379343,0.1351410772443451,0.19495335646089296,0.3780696301639134,BH_from_pvalue
fluoroquinolone,ciprofloxacin,ciprofloxacin_vs_control,not_regulated,b3625,b3625,220.5277348209893,-0.3412841399657829,0.7893384105462908,0.04152851434155143,0.07851839323593877,0.37712873408570297,BH_from_pvalue
fluoroquinolone,ciprofloxacin,ciprofloxacin_vs_control,not_regulated,b3347,b3347,2523.7692895325167,0.3149071169068627,1.24393156434863,0.030803393227650522,0.06349847054902477,0.37701836853125203,BH_from_pvalue
fluoroquinolone,ciprofloxacin,ciprofloxacin_vs_control,not_regulated,b3952,b3952,28.338679835437762,-0.5546981371755848,0.6807994906786392,0.14764438380357944,0.20916675223574815,0.37692145952190526,BH_from_pvalue
fluoroquinolone,ciprofloxacin,ciprofloxacin_vs_control,not_regulated,b3671,b3671,1076.7974249701463,-0.4257437046803272,0.7444548685255581,0.0821051946669864,0.13128658571351043,0.37541213317661887,BH_from_pvalue
fluoroquinolone,ciprofloxacin,ciprofloxacin_vs_control,not_regulated,b0835,b0835,360.2045222766842,0.5201343108068528,1.434088751387106,0.13062910296490066,0.18978349649099585,0.3754025470025459,BH_from_pvalue
fluoroquinolone,ciprofloxacin,ciprofloxacin_vs_control,not_regulated,b0442,b0442,110.45321439655403,-0.5265938623551705,0.6941917561204407,0.13451320181852244,0.19429929473847224,0.3746866862179637,BH_from_pvalue
fluoroquinolone,ciprofloxacin,ciprofloxacin_vs_control,not_regulated,b0273,b0273,117.0110547142577,-0.4257575332510912,0.7444477327850172,0.08275137487923814,0.13206152855317227,0.3743361052874387,BH_from_pvalue
fluoroquinolone,ciprofloxacin,ciprofloxacin_vs_control,not_regulated,b1129,b1129,615.6192488454775,-0.28470280822627814,0.820910697060289,0.021234777112219768,0.048731646658553326,0.37358386857284775,BH_from_pvalue
fluoroquinolone,ciprofloxacin,ciprofloxacin_vs_control,not_regulated,b4116,b4116,11.2045029314188,0.534715022875325,1.4486559716969656,0.13980704375270217,0.20049183969603737,0.37317937853724675,BH_from_pvalue
fluoroquinolone,ciprofloxacin,ciprofloxacin_vs_control,not_regulated,b0358,b0358,41.077041387589894,0.6013186774877051,1.5171026217736663,0.17400559908618976,0.24052771502448728,0.3721169682758908,BH_from_pvalue
fluoroquinolone,ciprofloxacin,ciprofloxacin_vs_control,not_regulated,b4236,b4236,326.6137518111673,0.35253185934195663,1.276799382855071,0.04839861009739119,0.08813641628261763,0.37186633250070783,BH_from_pvalue
fluoroquinolone,ciprofloxacin,ciprofloxacin_vs_control,not_regulated,b4474,b4474,22.725221353856,0.3410699684411913,1.2666956849826925,0.04357185521620205,0.08135583427251009,0.3716336906952083,BH_from_pvalue
fluoroquinolone,ciprofloxacin,ciprofloxacin_vs_control,not_regulated,b2428,b2428,135.31904270226894,0.44652198296516055,1.3627510037857808,0.09496312482426825,0.14729108119295123,0.3714275009656316,BH_from_pvalue
fluoroquinolone,ciprofloxacin,ciprofloxacin_vs_control,not_regulated,b2204,b2204,142.1814583046976,1.0238421319669158,2.0333268360307777,0.3585350799960502,0.4348047424702707,0.37032956334705824,BH_from_pvalue
fluoroquinolone,ciprofloxacin,ciprofloxacin_vs_control,not_regulated,b2143,b2143,653.0086255028335,-0.47963029278012215,0.7171613813255211,0.11319608134688694,0.1692110248914249,0.37006898964934604,BH_from_pvalue
fluoroquinolone,ciprofloxacin,ciprofloxacin_vs_control,not_regulated,b0211,b0211,3200.6916927217194,-0.41475230604160096,0.750148275321348,0.07959554878006861,0.12823145734425673,0.36996130576318836,BH_from_pvalue
fluoroquinolone,ciprofloxacin,ciprofloxacin_vs_control,not_regulated,b2303,b2303,295.9753653889855,-0.2761315943463174,0.8258023365593786,0.01954719767108745,0.046165908819214396,0.36882306425854267,BH_from_pvalue
fluoroquinolone,ciprofloxacin,ciprofloxacin_vs_control,not_regulated,b3212,b3212,1093.0182220098707,-0.33369139233537837,0.7935035638079612,0.04155556894652976,0.07853653324432389,0.3687050539306976,BH_from_pvalue
fluoroquinolone,ciprofloxacin,ciprofloxacin_vs_control,not_regulated,b1011,b1011,2.66013608772265,0.9172233536357366,1.8884771839342,0.3224470733093779,0.39703447460870017,0.3679641269899418,BH_from_pvalue
fluoroquinolone,ciprofloxacin,ciprofloxacin_vs_control,not_regulated,b0967,b0967,493.671596028211,0.41472251788468384,1.3330422604888454,0.08088197552141646,0.12974576529790702,0.36782022452278595,BH_from_pvalue
fluoroquinolone,ciprofloxacin,ciprofloxacin_vs_control,not_regulated,b3921,b3921,115.01579343960957,0.38329571252770833,1.3043180569392256,0.06491977960457279,0.11006753436161643,0.36732790525632397,BH_from_pvalue
fluoroquinolone,ciprofloxacin,ciprofloxacin_vs_control,not_regulated,b0692,b0692,79.10410451505635,-0.28299483239222933,0.8218831312032502,0.02249339864419574,0.05048668019041539,0.36699426013545033,BH_from_pvalue
fluoroquinolone,ciprofloxacin,ciprofloxacin_vs_control,not_regulated,b4011,b4011,0.296442707200447,0.6116016272551358,1.5279545469749944,0.1841616851588384,0.25176405475129104,0.3663532128737807,BH_from_pvalue
fluoroquinolone,ciprofloxacin,ciprofloxacin_vs_control,not_regulated,b1117,b1117,332.93428944099924,-0.24178352332129904,0.8456991751874605,0.009875218600241082,0.030638964502424773,0.3659939854427377,BH_from_pvalue
fluoroquinolone,ciprofloxacin,ciprofloxacin_vs_control,not_regulated,b0346,b0346,501.8893827164139,0.511332230340102,1.4253658160452407,0.13309622679409464,0.1928073520514775,0.3655393490288053,BH_from_pvalue
fluoroquinolone,ciprofloxacin,ciprofloxacin_vs_control,not_regulated,b1467,b1467,721.9420985259925,-0.5665077372391458,0.6752493554584519,0.16244895751132257,0.22641181874621805,0.36545465490337187,BH_from_pvalue
fluoroquinolone,ciprofloxacin,ciprofloxacin_vs_control,not_regulated,b0512,b0512,29.136202431952302,0.5907614399987837,1.5060414112636715,0.1741633249385882,0.24067177744201834,0.36543016004121115,BH_from_pvalue
fluoroquinolone,ciprofloxacin,ciprofloxacin_vs_control,not_regulated,b0402,b0402,716.6985619548028,0.3082911796162193,1.2382401800431677,0.032724329709325664,0.06600629373656809,0.36391142558305195,BH_from_pvalue
fluoroquinolone,ciprofloxacin,ciprofloxacin_vs_control,not_regulated,b2365,b2365,103.60263398206524,0.8511922580163258,1.803991146202667,0.3000623715530823,0.37397632231802835,0.3635917895591429,BH_from_pvalue
fluoroquinolone,ciprofloxacin,ciprofloxacin_vs_control,not_regulated,b4701,b4701,1.9519787192821845,0.9703825616587662,1.9593600928165675,0.3469064955072857,0.4230979980454911,0.36249516807039267,BH_from_pvalue
fluoroquinolone,ciprofloxacin,ciprofloxacin_vs_control,not_regulated,b0025,b0025,1360.3964830036168,0.3002938652478253,1.231395212992299,0.029965868043357626,0.06222828922392548,0.3621580465900519,BH_from_pvalue
fluoroquinolone,ciprofloxacin,ciprofloxacin_vs_control,not_regulated,b1242,b1242,171.16613554778596,0.35609636447367077,1.2799579054743213,0.054311544462629244,0.0961695365800031,0.36213664076582225,BH_from_pvalue
fluoroquinolone,ciprofloxacin,ciprofloxacin_vs_control,not_regulated,b1708,b1708,304.7800721210483,-0.40436297143699385,0.7555698444398231,0.07866450020211738,0.12718652836417108,0.36213085258565586,BH_from_pvalue
fluoroquinolone,ciprofloxacin,ciprofloxacin_vs_control,not_regulated,b1942,b1942,2.6246289430963863,0.9285964732238603,1.9034233484599197,0.3332794118255787,0.40811035912601706,0.36143053059847835,BH_from_pvalue
fluoroquinolone,ciprofloxacin,ciprofloxacin_vs_control,not_regulated,b2715,b2715,121.2028827640803,0.2925794492642,1.2248282380722737,0.027369348691859488,0.05817799109377995,0.3614062131677334,BH_from_pvalue
fluoroquinolone,ciprofloxacin,ciprofloxacin_vs_control,not_regulated,b0610,b0610,591.4114119985576,0.35509157921043055,1.2790667711366699,0.05421729040929882,0.09604937859827731,0.361307613725111,BH_from_pvalue
fluoroquinolone,ciprofloxacin,ciprofloxacin_vs_control,not_regulated,b0577,b0577,382.523569226535,0.42415969890480554,1.3417907459813094,0.08955643069139045,0.14074941483224118,0.3611946346185166,BH_from_pvalue
fluoroquinolone,ciprofloxacin,ciprofloxacin_vs_control,not_regulated,b3166,b3166,1272.3296495415073,0.40995164533201844,1.3286412814108892,0.08264730281200505,0.13201263069900523,0.3605051285564539,BH_from_pvalue
fluoroquinolone,ciprofloxacin,ciprofloxacin_vs_control,not_regulated,b0321,b0321,26.828147261195113,0.43233395157987076,1.3494148574976594,0.09462028184934435,0.14693356231649207,0.36008186582744406,BH_from_pvalue
fluoroquinolone,ciprofloxacin,ciprofloxacin_vs_control,not_regulated,b0379,b0379,965.6664937251421,-0.7976289322724117,0.5752938958550122,0.28014425091028494,0.35415650382081554,0.35957493397647494,BH_from_pvalue
fluoroquinolone,ciprofloxacin,ciprofloxacin_vs_control,not_regulated,b1524,b1524,150.55355664926617,0.475235703792543,1.390145319645046,0.11873742367136234,0.17591598539979833,0.3586578643470057,BH_from_pvalue
fluoroquinolone,ciprofloxacin,ciprofloxacin_vs_control,not_regulated,b2840,b2840,213.1622955035143,0.2901794525737227,1.2227923677627657,0.027527458688080434,0.058410540726932046,0.357938900588285,BH_from_pvalue
fluoroquinolone,ciprofloxacin,ciprofloxacin_vs_control,not_regulated,b4363,b4363,32.96247038748644,-0.5067467525634388,0.7038077216414658,0.13708296258344968,0.1971459793336341,0.3573639292087669,BH_from_pvalue
fluoroquinolone,ciprofloxacin,ciprofloxacin_vs_control,not_regulated,b3602,b3602,495.9833504424592,-0.3245857791484177,0.7985276235156986,0.04220879412714564,0.07947055503721268,0.3569774124728111,BH_from_pvalue
fluoroquinolone,ciprofloxacin,ciprofloxacin_vs_control,not_regulated,b3388,b3388,3542.1756016376844,-0.24817244959392148,0.841962305355152,0.013463988800193153,0.03660071044685291,0.35650232581731917,BH_from_pvalue
fluoroquinolone,ciprofloxacin,ciprofloxacin_vs_control,not_regulated,b3888,b3888,548.4739925316339,-0.3704436383858223,0.7735445900527711,0.06422979780945345,0.10925280798328843,0.35620652328493024,BH_from_pvalue
fluoroquinolone,ciprofloxacin,ciprofloxacin_vs_control,not_regulated,b2136,b2136,428.3038342307505,-0.3801523554760493,0.7683564442548099,0.06967725078393056,0.11607713852819244,0.3555387474079025,BH_from_pvalue
fluoroquinolone,ciprofloxacin,ciprofloxacin_vs_control,not_regulated,b2083,b2083,10.160910560060884,0.6390939838809393,1.5573508319125342,0.2084691873076636,0.2784128279423607,0.35489576485925417,BH_from_pvalue
fluoroquinolone,ciprofloxacin,ciprofloxacin_vs_control,not_regulated,b0246,b0246,0.28529291025273723,0.5938018501323692,1.5092186675951467,0.18557438983685295,0.2527137770167014,0.35472005329878237,BH_from_pvalue
fluoroquinolone,ciprofloxacin,ciprofloxacin_vs_control,not_regulated,b0705,b0705,0.28529291025273723,0.5938018501323692,1.5092186675951467,0.18557438983685295,0.2527137770167014,0.35472005329878237,BH_from_pvalue
fluoroquinolone,ciprofloxacin,ciprofloxacin_vs_control,not_regulated,b1472,b1472,0.28529291025273723,0.5938018501323692,1.5092186675951467,0.18557438983685295,0.2527137770167014,0.35472005329878237,BH_from_pvalue
fluoroquinolone,ciprofloxacin,ciprofloxacin_vs_control,not_regulated,b2362,b2362,0.28529291025273723,0.5938018501323692,1.5092186675951467,0.18557438983685295,0.2527137770167014,0.35472005329878237,BH_from_pvalue
fluoroquinolone,ciprofloxacin,ciprofloxacin_vs_control,not_regulated,b4541,b4541,0.28529291025273723,0.5938018501323692,1.5092186675951467,0.18557438983685295,0.2527137770167014,0.35472005329878237,BH_from_pvalue
fluoroquinolone,ciprofloxacin,ciprofloxacin_vs_control,not_regulated,b4664,b4664,0.28529291025273723,0.5938018501323692,1.5092186675951467,0.18557438983685295,0.2527137770167014,0.35472005329878237,BH_from_pvalue
fluoroquinolone,ciprofloxacin,ciprofloxacin_vs_control,not_regulated,b4687,b4687,88.05758627791549,0.6109229508158878,1.527235931571808,0.19500962872047647,0.2636469221474912,0.35371051710128776,BH_from_pvalue
fluoroquinolone,ciprofloxacin,ciprofloxacin_vs_control,not_regulated,b2710,b2710,75.62703133940114,0.45556512983639497,1.3713198706702108,0.11204687326863025,0.16782778420322972,0.3531249959375961,BH_from_pvalue
fluoroquinolone,ciprofloxacin,ciprofloxacin_vs_control,not_regulated,b3628,b3628,381.29342526230363,-0.2725006539204049,0.8278833137374435,0.02300841539366509,0.0514628803782723,0.35111870304876996,BH_from_pvalue
fluoroquinolone,ciprofloxacin,ciprofloxacin_vs_control,not_regulated,b3675,b3675,12.500425132150811,-0.3735911750723573,0.7718587826770287,0.06943766530035576,0.11572086643979261,0.3499011322635868,BH_from_pvalue
fluoroquinolone,ciprofloxacin,ciprofloxacin_vs_control,not_regulated,b3427,b3427,45.237886148355244,0.3637685766127934,1.286782817310548,0.06430041979995377,0.10926455922183302,0.34977100983041165,BH_from_pvalue
fluoroquinolone,ciprofloxacin,ciprofloxacin_vs_control,not_regulated,b0249,b0249,1.7244513149728968,0.7484056759970785,1.6799353058186772,0.2691522600626792,0.34235374225907855,0.3484014928277815,BH_from_pvalue
fluoroquinolone,ciprofloxacin,ciprofloxacin_vs_control,not_regulated,b2602,b2602,62.42693042759169,-0.49089375874841323,0.7115841303295952,0.1370338167870601,0.1971459793336341,0.346184206535062,BH_from_pvalue
fluoroquinolone,ciprofloxacin,ciprofloxacin_vs_control,not_regulated,b3025,b3025,79.94357672646808,-0.45542717821032586,0.7292941980514693,0.11762462356366082,0.1747533988491209,0.34501995703614446,BH_from_pvalue
fluoroquinolone,ciprofloxacin,ciprofloxacin_vs_control,not_regulated,b3838,b3838,712.3371311591651,0.30594272178507254,1.2362261790065994,0.03877530112639647,0.07472635152807683,0.34465249834014866,BH_from_pvalue
fluoroquinolone,ciprofloxacin,ciprofloxacin_vs_control,not_regulated,b1301,b1301,502.50008869156915,-0.8906435227283183,0.5393734738305284,0.3367734501674969,0.4116323312101633,0.3433346359455834,BH_from_pvalue
fluoroquinolone,ciprofloxacin,ciprofloxacin_vs_control,not_regulated,b0678,b0678,919.0874251683107,0.48388148428512423,1.3985011927776876,0.13571488613808627,0.19565562751574103,0.3428337363353363,BH_from_pvalue
fluoroquinolone,ciprofloxacin,ciprofloxacin_vs_control,not_regulated,b3544,b3544,23347.215142492933,-0.518133571931525,0.6982746134803145,0.1550738521166523,0.21797568338146942,0.3427930012995653,BH_from_pvalue
fluoroquinolone,ciprofloxacin,ciprofloxacin_vs_control,not_regulated,b0516,b0516,32.80775080644856,0.4958822438570456,1.410182853364618,0.14237979751873728,0.20363253711900803,0.34273041504774115,BH_from_pvalue
fluoroquinolone,ciprofloxacin,ciprofloxacin_vs_control,not_regulated,b3311,b3311,2019.416518312937,0.4787636842256937,1.393548954425228,0.13328629644992865,0.1929584040655871,0.34209403222847673,BH_from_pvalue
fluoroquinolone,ciprofloxacin,ciprofloxacin_vs_control,not_regulated,b2865,b2865,399.40873296114404,0.2985803621478631,1.229933540970623,0.036874490750205886,0.07208233785068495,0.34102987151194863,BH_from_pvalue
fluoroquinolone,ciprofloxacin,ciprofloxacin_vs_control,not_regulated,b3750,b3750,1377.4790957672394,-0.4832460360715807,0.715366251613211,0.1375157578517407,0.1976184916348657,0.3402885306148942,BH_from_pvalue
fluoroquinolone,ciprofloxacin,ciprofloxacin_vs_control,not_regulated,b1954,b1954,16.97774094045226,0.3835142868082957,1.30451568150308,0.08274658916393644,0.13206152855317227,0.3371948426834775,BH_from_pvalue
fluoroquinolone,ciprofloxacin,ciprofloxacin_vs_control,not_regulated,b2316,b2316,2510.8166749418106,0.29374641506968224,1.2258193767851837,0.03669443474790166,0.0718427401095949,0.3359334268233223,BH_from_pvalue
fluoroquinolone,ciprofloxacin,ciprofloxacin_vs_control,not_regulated,b0077,b0077,124.67534781347668,-0.36496283005452135,0.7764888803914581,0.073439219385798,0.12081186595246743,0.33499588094539984,BH_from_pvalue
fluoroquinolone,ciprofloxacin,ciprofloxacin_vs_control,not_regulated,b2965,b2965,385.12769390171087,0.375385258450045,1.2971859099775398,0.07959587125503885,0.12823145734425673,0.334845685864615,BH_from_pvalue
fluoroquinolone,ciprofloxacin,ciprofloxacin_vs_control,not_regulated,b1839,b1839,170.4124036854929,0.3256339096573031,1.2532149711647285,0.052493985405443276,0.0937720199974916,0.33472779944327846,BH_from_pvalue
fluoroquinolone,ciprofloxacin,ciprofloxacin_vs_control,not_regulated,b0530,b0530,17.657120342376704,0.7038189535597978,1.6288107108783343,0.26210284308393417,0.3353067656972514,0.33400269216784756,BH_from_pvalue
fluoroquinolone,ciprofloxacin,ciprofloxacin_vs_control,not_regulated,b0462,b0462,4540.18701678748,0.27198129368616364,1.2074649351185054,0.028082037754285017,0.05927444972259583,0.3337570764772484,BH_from_pvalue
fluoroquinolone,ciprofloxacin,ciprofloxacin_vs_control,not_regulated,b0613,b0613,0.8911133334033347,-0.8174129508732837,0.5674586008957453,0.3161784292315383,0.3905806816963498,0.33374091323486593,BH_from_pvalue
fluoroquinolone,ciprofloxacin,ciprofloxacin_vs_control,not_regulated,b4161,b4161,1619.3841657683015,0.31068948820391995,1.2403003186814985,0.04555205281194428,0.08431816195396107,0.33370501415774734,BH_from_pvalue
fluoroquinolone,ciprofloxacin,ciprofloxacin_vs_control,not_regulated,b4144,b4144,1015.4439218172453,-0.37442993283043435,0.7714101678513351,0.07990164062146587,0.12867797333166972,0.33342827801974667,BH_from_pvalue
fluoroquinolone,ciprofloxacin,ciprofloxacin_vs_control,not_regulated,b3377,b3377,38.093542798169,0.6666129045923546,1.5873418985221943,0.24435746182652138,0.3162024923175182,0.3333295912754948,BH_from_pvalue
fluoroquinolone,ciprofloxacin,ciprofloxacin_vs_control,not_regulated,b2609,b2609,3580.5293450715076,0.34645114664918,1.271429217084141,0.06453311124440182,0.10953582429332806,0.3327468624520357,BH_from_pvalue
fluoroquinolone,ciprofloxacin,ciprofloxacin_vs_control,not_regulated,b0515,b0515,42.87960217686603,0.4037985409108078,1.3229866840901738,0.09882270617723905,0.15186352319276433,0.33052789400771526,BH_from_pvalue
fluoroquinolone,ciprofloxacin,ciprofloxacin_vs_control,not_regulated,b4222,b4222,345.92658654248436,0.30440877078959616,1.2349124553492818,0.04424241952473157,0.08230041481482324,0.33016113662287444,BH_from_pvalue
fluoroquinolone,ciprofloxacin,ciprofloxacin_vs_control,not_regulated,b3168,b3168,13098.967435019038,0.40613007164027337,1.3251264834609608,0.10208878567465218,0.1554622516653225,0.3283054155079358,BH_from_pvalue
fluoroquinolone,ciprofloxacin,ciprofloxacin_vs_control,not_regulated,b3864,b3864,26.909351218719195,0.755273542005912,1.6879516057660695,0.2937664577112976,0.36775995735747746,0.32811768388380297,BH_from_pvalue
fluoroquinolone,ciprofloxacin,ciprofloxacin_vs_control,not_regulated,b4052,b4052,1276.4295171895244,0.34129970797672016,1.2668974138595583,0.06438117906085865,0.10936047712074856,0.3280366660624765,BH_from_pvalue
fluoroquinolone,ciprofloxacin,ciprofloxacin_vs_control,not_regulated,b0451,b0451,144.47064077454047,-0.3397760958732974,0.7901639346162757,0.06374823998501448,0.10862005586396653,0.3275747288575907,BH_from_pvalue
fluoroquinolone,ciprofloxacin,ciprofloxacin_vs_control,not_regulated,b1768,b1768,216.24836528705123,0.4145865157012105,1.332916601144463,0.1083078158043949,0.1631724990260887,0.3264259514446253,BH_from_pvalue
fluoroquinolone,ciprofloxacin,ciprofloxacin_vs_control,not_regulated,b1756,b1756,36.43271642360123,-0.43860624038289586,0.7378470841518894,0.12263296178383053,0.1805574671370441,0.32605310095757384,BH_from_pvalue
fluoroquinolone,ciprofloxacin,ciprofloxacin_vs_control,not_regulated,b4224,b4224,29.607566122899954,-0.564286793085679,0.6762896626621918,0.19700128956428747,0.26538239007492215,0.32510136448071475,BH_from_pvalue
fluoroquinolone,ciprofloxacin,ciprofloxacin_vs_control,not_regulated,b0873,b0873,1594.9170393651477,-1.6942862752075483,0.3090074925259628,0.5736544232356836,0.6429846986578881,0.3249630266597804,BH_from_pvalue
fluoroquinolone,ciprofloxacin,ciprofloxacin_vs_control,not_regulated,b4444,b4444,2.657452189152828,-0.703284272848911,0.6141724599619515,0.2719445288796907,0.3452459754165534,0.32482687436619245,BH_from_pvalue
fluoroquinolone,ciprofloxacin,ciprofloxacin_vs_control,not_regulated,b0081,b0081,972.9358551717523,-0.29252416687839045,0.8164722925868931,0.0408408827526264,0.07764495436245868,0.3246687000836276,BH_from_pvalue
fluoroquinolone,ciprofloxacin,ciprofloxacin_vs_control,not_regulated,b0774,b0774,73.20392429744845,-0.6937216033027411,0.6182569239180756,0.26848583712789736,0.34172306038519595,0.3235002211867087,BH_from_pvalue
fluoroquinolone,ciprofloxacin,ciprofloxacin_vs_control,not_regulated,b0242,b0242,817.7113041664694,0.2083195914598992,1.1553416920275426,0.008514417567184795,0.028087975641270455,0.32320358813417743,BH_from_pvalue
fluoroquinolone,ciprofloxacin,ciprofloxacin_vs_control,not_regulated,b3940,b3940,1291.3369999992792,-0.39774733939727547,0.7590425467158828,0.10209770818571869,0.1554622516653225,0.3215290239420169,BH_from_pvalue
fluoroquinolone,ciprofloxacin,ciprofloxacin_vs_control,not_regulated,b0291,b0291,56.440394484261226,0.356514159043825,1.2803286261648226,0.07730783228631798,0.12562522746526672,0.32119185521831806,BH_from_pvalue
fluoroquinolone,ciprofloxacin,ciprofloxacin_vs_control,not_regulated,b1813,b1813,128.86201889734755,-0.33083386873487086,0.7950768014889797,0.06343107418516535,0.10823709092749383,0.31946108684904834,BH_from_pvalue
fluoroquinolone,ciprofloxacin,ciprofloxacin_vs_control,not_regulated,b2085,b2085,10.570292898356639,0.5021056027188302,1.416279103539495,0.16711045306863617,0.23206632229167196,0.31852970896670163,BH_from_pvalue
fluoroquinolone,ciprofloxacin,ciprofloxacin_vs_control,not_regulated,b0837,b0837,568.912089291715,-0.46191379267894206,0.7260225216680531,0.14324056035524266,0.20440864228359182,0.3184899048339389,BH_from_pvalue
fluoroquinolone,ciprofloxacin,ciprofloxacin_vs_control,not_regulated,b2940,b2940,2.3838085088115637,0.792777029487209,1.732405946375174,0.3218003088680509,0.39656377788725833,0.31844819235780897,BH_from_pvalue
fluoroquinolone,ciprofloxacin,ciprofloxacin_vs_control,not_regulated,b4225,b4225,132.04391804179278,-0.3511205429427493,0.783974947095654,0.07694774804190538,0.12513050278108837,0.31693432695212054,BH_from_pvalue
fluoroquinolone,ciprofloxacin,ciprofloxacin_vs_control,not_regulated,b0843,b0843,206.06484481236885,-0.5108078163335108,0.7018293485797142,0.17362338429215338,0.2400731578684617,0.31652532994766436,BH_from_pvalue
fluoroquinolone,ciprofloxacin,ciprofloxacin_vs_control,not_regulated,b1214,b1214,657.0169399832315,0.29179974631666106,1.2241664598433772,0.04433774034884083,0.08240956863185375,0.3163174493996057,BH_from_pvalue
fluoroquinolone,ciprofloxacin,ciprofloxacin_vs_control,not_regulated,b3635,b3635,167.981507665158,0.519900514182214,1.4338563682887524,0.1796351664796074,0.2470189479747093,0.3157198460311683,BH_from_pvalue
fluoroquinolone,ciprofloxacin,ciprofloxacin_vs_control,not_regulated,b3565,b3565,301.7652315814067,-0.3799078479447022,0.7684866761145861,0.09536625960122493,0.14771261559445928,0.3155447765317227,BH_from_pvalue
fluoroquinolone,ciprofloxacin,ciprofloxacin_vs_control,not_regulated,b4460,b4460,276.3434685818573,0.6018618391221056,1.5176739047239722,0.2293629923238047,0.30007991258652517,0.3146311459658607,BH_from_pvalue
fluoroquinolone,ciprofloxacin,ciprofloxacin_vs_control,not_regulated,b2098,b2098,49.4563853846062,-0.3183452073667459,0.8019892437961726,0.06011600774124885,0.10357590498988582,0.3134876616946587,BH_from_pvalue
fluoroquinolone,ciprofloxacin,ciprofloxacin_vs_control,not_regulated,b3553,b3553,738.7660353934865,-0.3467081315927114,0.7863763660928187,0.07654688373385218,0.12472480765756196,0.3134405007198286,BH_from_pvalue
fluoroquinolone,ciprofloxacin,ciprofloxacin_vs_control,not_regulated,b4293,b4293,107.77042205427972,-0.728871522745127,0.6033756902736199,0.2978660278512523,0.3717539936944875,0.313228424040884,BH_from_pvalue
fluoroquinolone,ciprofloxacin,ciprofloxacin_vs_control,not_regulated,b1236,b1236,1566.6127122370065,0.3180512544002312,1.2466454828667366,0.060214289196453455,0.10369214119664918,0.3130432694230216,BH_from_pvalue
fluoroquinolone,ciprofloxacin,ciprofloxacin_vs_control,not_regulated,b2161,b2161,33.549556336098284,0.3677254697126333,1.2903169328157196,0.08968479845528148,0.14085273165218437,0.3130206894651746,BH_from_pvalue
fluoroquinolone,ciprofloxacin,ciprofloxacin_vs_control,not_regulated,b4395,b4395,805.1998382821376,0.3292085887787586,1.2563240107605262,0.06853695289962947,0.11460193834294921,0.3097220860998545,BH_from_pvalue
fluoroquinolone,ciprofloxacin,ciprofloxacin_vs_control,not_regulated,b3474,b3474,298.9912637428081,-0.42421784668480367,0.7452426533998483,0.1277118955342452,0.18632763740286568,0.30956140212916644,BH_from_pvalue
fluoroquinolone,ciprofloxacin,ciprofloxacin_vs_control,not_regulated,b0639,b0639,178.04877579679763,0.3449284101212102,1.270087956260701,0.07827372530540075,0.12669133372569003,0.30948808245009174,BH_from_pvalue
fluoroquinolone,ciprofloxacin,ciprofloxacin_vs_control,not_regulated,b3626,b3626,253.6728074742522,-0.4262594055736155,0.7441888057601486,0.12911164300416794,0.1879430971627014,0.3094530839667554,BH_from_pvalue
fluoroquinolone,ciprofloxacin,ciprofloxacin_vs_control,not_regulated,b3556,b3556,44390.45012758721,0.4582628706012333,1.373886543766137,0.1499940487479983,0.21169539732302992,0.3090014222547878,BH_from_pvalue
fluoroquinolone,ciprofloxacin,ciprofloxacin_vs_control,not_regulated,b2606,b2606,7281.23138366293,0.36414022461730866,1.287114343971213,0.09069462200944414,0.14189370775599294,0.3088043337055583,BH_from_pvalue
fluoroquinolone,ciprofloxacin,ciprofloxacin_vs_control,not_regulated,b4256,b4256,105.18849184051123,0.3428922498973721,1.268296670921031,0.07769068103652972,0.12597429102462535,0.3085063557463763,BH_from_pvalue
fluoroquinolone,ciprofloxacin,ciprofloxacin_vs_control,not_regulated,b2477,b2477,2835.703594294681,0.2362586958083579,1.177933991032629,0.021931624427426185,0.04959700687509451,0.3082099897339493,BH_from_pvalue
fluoroquinolone,ciprofloxacin,ciprofloxacin_vs_control,not_regulated,b0652,b0652,306.97592267655995,-0.3415986039757062,0.7891663773274733,0.07713523102210618,0.12539005028458025,0.3080320742062486,BH_from_pvalue
fluoroquinolone,ciprofloxacin,ciprofloxacin_vs_control,not_regulated,b3010,b3010,74.16252784772281,0.5305113131412602,1.4444410367638105,0.19531887366986164,0.2637479116682791,0.30706576795920826,BH_from_pvalue
fluoroquinolone,ciprofloxacin,ciprofloxacin_vs_control,not_regulated,b1791,b1791,48.65619528767301,-0.37993806173670297,0.7684705821704059,0.10253536567129452,0.15602302936044748,0.30653831924595976,BH_from_pvalue
fluoroquinolone,ciprofloxacin,ciprofloxacin_vs_control,not_regulated,b4411,b4411,803.1397426509619,-0.4373272063999831,0.7385015190313674,0.14010205026235117,0.20075789171075362,0.30496023231924285,BH_from_pvalue
fluoroquinolone,ciprofloxacin,ciprofloxacin_vs_control,not_regulated,b3916,b3916,3474.205076318029,-0.2779086013842953,0.8247857993563094,0.04266537608877816,0.08006210331552949,0.3047470700544355,BH_from_pvalue
fluoroquinolone,ciprofloxacin,ciprofloxacin_vs_control,not_regulated,b3120,b3120,4.007925135388886,1.0069766168419887,2.009695067506138,0.4230139059154282,0.49913865393693496,0.30388419154467056,BH_from_pvalue
fluoroquinolone,ciprofloxacin,ciprofloxacin_vs_control,not_regulated,b0693,b0693,22.541805003998746,0.408046660517849,1.326888054921262,0.12241190891643125,0.1802910171270818,0.30359728838561634,BH_from_pvalue
fluoroquinolone,ciprofloxacin,ciprofloxacin_vs_control,not_regulated,b4295,b4295,1192.784508775783,-0.28573015085786935,0.820326334928144,0.04746719149824592,0.08703566505662437,0.30296046408475197,BH_from_pvalue
fluoroquinolone,ciprofloxacin,ciprofloxacin_vs_control,not_regulated,b2190,b2190,306.48783111516684,-0.34114356663159384,0.789415325857609,0.08141575577594602,0.13036955125674804,0.3018519569851803,BH_from_pvalue
fluoroquinolone,ciprofloxacin,ciprofloxacin_vs_control,not_regulated,b1714,b1714,844.9053205972435,0.33420637214451254,1.2606837147885923,0.07686541982195445,0.12508706887089405,0.3017173632850834,BH_from_pvalue
fluoroquinolone,ciprofloxacin,ciprofloxacin_vs_control,not_regulated,b2720,b2720,5.570015254758906,-0.6834901645876803,0.622657120224388,0.28883737728111664,0.3624973557506871,0.3012108054301075,BH_from_pvalue
fluoroquinolone,ciprofloxacin,ciprofloxacin_vs_control,not_regulated,b3006,b3006,886.6493839674773,-0.4446375643558511,0.7347688830081729,0.1485991848522574,0.21025452452515062,0.3011328579031356,BH_from_pvalue
fluoroquinolone,ciprofloxacin,ciprofloxacin_vs_control,not_regulated,b1116,b1116,520.5254117605937,0.33557281081356827,1.2618783283297204,0.07877076544881399,0.12725642366701265,0.30044514497227603,BH_from_pvalue
fluoroquinolone,ciprofloxacin,ciprofloxacin_vs_control,not_regulated,b3959,b3959,102.64380859966587,-0.3038178860908314,0.8101057282358527,0.059393735046613924,0.10267218302831262,0.3003383217772044,BH_from_pvalue
fluoroquinolone,ciprofloxacin,ciprofloxacin_vs_control,not_regulated,b0307,b0307,132.9788848396485,0.4904494621850457,1.404882489499079,0.1772312964533739,0.24431087080823655,0.30018312864465413,BH_from_pvalue
fluoroquinolone,ciprofloxacin,ciprofloxacin_vs_control,not_regulated,b3090,b3090,42.43127697189329,0.37054742712346744,1.292843303823577,0.10274558550167628,0.15623720202384717,0.2987410967291099,BH_from_pvalue
fluoroquinolone,ciprofloxacin,ciprofloxacin_vs_control,not_regulated,b3082,b3082,46.577952472834795,0.3690544139335543,1.2915060609429876,0.10163679435027753,0.1551280288386659,0.29867932658707924,BH_from_pvalue
fluoroquinolone,ciprofloxacin,ciprofloxacin_vs_control,not_regulated,b3688,b3688,1147.896061154985,-0.3333001800790125,0.793718765499032,0.07877112583151598,0.12725642366701265,0.2984104125729,BH_from_pvalue
fluoroquinolone,ciprofloxacin,ciprofloxacin_vs_control,not_regulated,b3177,b3177,225.791613266769,0.3323759856956823,1.2590852652736562,0.07845462380151286,0.1268928075725296,0.29799600870576143,BH_from_pvalue
fluoroquinolone,ciprofloxacin,ciprofloxacin_vs_control,not_regulated,b4166,b4166,467.05310084099284,-0.2547279120555661,0.8381451914245494,0.0343194068142702,0.06824169219545154,0.29700006318251826,BH_from_pvalue
fluoroquinolone,ciprofloxacin,ciprofloxacin_vs_control,not_regulated,b4494,b4494,6.127525090381146,0.49419541526843913,1.4085350022298992,0.18321818190466635,0.25094865475249367,0.296722403552827,BH_from_pvalue
fluoroquinolone,ciprofloxacin,ciprofloxacin_vs_control,not_regulated,b2412,b2412,2683.236483210878,0.22296369264924998,1.1671287290930077,0.020011636261608852,0.04675965709335928,0.2965704027149545,BH_from_pvalue
fluoroquinolone,ciprofloxacin,ciprofloxacin_vs_control,not_regulated,b3026,b3026,135.78375432911682,-0.30321928255002195,0.8104419273365862,0.061353655608921975,0.10521111053333246,0.29652977859258633,BH_from_pvalue
fluoroquinolone,ciprofloxacin,ciprofloxacin_vs_control,not_regulated,b3937,b3937,184.46371445070758,-0.5233750942343205,0.6957422825279906,0.2025320499751143,0.2714508822372062,0.296391891478985,BH_from_pvalue
fluoroquinolone,ciprofloxacin,ciprofloxacin_vs_control,not_regulated,b0449,b0449,441.8641636880422,-0.40060709910193815,0.757539436736969,0.12430649092117868,0.1823053785991072,0.29612897519555814,BH_from_pvalue
fluoroquinolone,ciprofloxacin,ciprofloxacin_vs_control,not_regulated,b0916,b0916,136.6222244569723,0.427669151577712,1.3450587153396,0.1429187192693639,0.2041436644247694,0.2951191255345281,BH_from_pvalue
fluoroquinolone,ciprofloxacin,ciprofloxacin_vs_control,not_regulated,b0006,b0006,243.32860961922867,0.33776413853174336,1.2637964676337876,0.08407441569766044,0.13391172868557955,0.2949293577977125,BH_from_pvalue
fluoroquinolone,ciprofloxacin,ciprofloxacin_vs_control,not_regulated,b1434,b1434,46.13828587128962,0.35955943675113833,1.283034030992574,0.09894413374494081,0.15199819453030866,0.29417771352327204,BH_from_pvalue
fluoroquinolone,ciprofloxacin,ciprofloxacin_vs_control,not_regulated,b2164,b2164,129.9030918259581,0.3832333945555124,1.3042617174505537,0.11497996740896653,0.17150701973128493,0.29344874662580434,BH_from_pvalue
fluoroquinolone,ciprofloxacin,ciprofloxacin_vs_control,not_regulated,b3130,b3130,386.1054867165561,0.35453016199127774,1.2785691258360115,0.09658966896838049,0.14922484080754314,0.2928982400465059,BH_from_pvalue
fluoroquinolone,ciprofloxacin,ciprofloxacin_vs_control,not_regulated,b3201,b3201,890.750849381472,-0.23705445229219535,0.8484758766923202,0.027346212232780703,0.05817799109377995,0.2928194448821679,BH_from_pvalue
fluoroquinolone,ciprofloxacin,ciprofloxacin_vs_control,not_regulated,b1053,b1053,231.17959229586975,-0.4177061137916196,0.7486139753205118,0.1389923295874744,0.1994854813288002,0.2924313331254316,BH_from_pvalue
fluoroquinolone,ciprofloxacin,ciprofloxacin_vs_control,not_regulated,b4542,b4542,103.75818914193405,-0.37630997201834493,0.7704055641394214,0.11134655780329661,0.16711271838479416,0.29238927186924896,BH_from_pvalue
fluoroquinolone,ciprofloxacin,ciprofloxacin_vs_control,not_regulated,b4201,b4201,838.9018428409894,0.443433894813797,1.359837155471604,0.15816402568617655,0.2212132423931661,0.29053295627868253,BH_from_pvalue
fluoroquinolone,ciprofloxacin,ciprofloxacin_vs_control,not_regulated,b0654,b0654,250.80649736237743,-0.4069517043881037,0.7542152860068828,0.13376611940077673,0.19352846737365512,0.29026039599253095,BH_from_pvalue
fluoroquinolone,ciprofloxacin,ciprofloxacin_vs_control,not_regulated,b3058,b3058,53.321836306232235,0.3745268407883513,1.2964143012522353,0.11245552099679731,0.16838379941531104,0.2897713025909765,BH_from_pvalue
fluoroquinolone,ciprofloxacin,ciprofloxacin_vs_control,not_regulated,b2379,b2379,336.0250185958876,-0.27754938485430003,0.8249911882794382,0.05002799641686504,0.09048087168599073,0.2896070249798136,BH_from_pvalue
fluoroquinolone,ciprofloxacin,ciprofloxacin_vs_control,not_regulated,b3206,b3206,66.33951652040683,-0.38454501282479026,0.7660205427130532,0.12005777943031054,0.1773464341141336,0.28886157652886335,BH_from_pvalue
fluoroquinolone,ciprofloxacin,ciprofloxacin_vs_control,not_regulated,b4206,b4206,1112.281887809878,-0.31156518751638984,0.8057671038359538,0.07195832960441,0.11899579652964565,0.28803216403810245,BH_from_pvalue
fluoroquinolone,ciprofloxacin,ciprofloxacin_vs_control,not_regulated,b0813,b0813,128.19351989791915,0.4242874901685356,1.3419096045929109,0.1481553300144571,0.2098245196489383,0.28772791494065936,BH_from_pvalue
fluoroquinolone,ciprofloxacin,ciprofloxacin_vs_control,not_regulated,b0768,b0768,9.438521252317294,0.4694003555182169,1.384533878232897,0.17714814172023266,0.24427110406425706,0.28733305606546033,BH_from_pvalue
fluoroquinolone,ciprofloxacin,ciprofloxacin_vs_control,not_regulated,b1585,b1585,198.64402691745795,0.3791815445373343,1.300603800441346,0.11766147298432963,0.1747533988491209,0.2872582192377464,BH_from_pvalue
fluoroquinolone,ciprofloxacin,ciprofloxacin_vs_control,not_regulated,b0818,b0818,255.67510435988734,0.42060443781998647,1.3384882162025864,0.14636617582856196,0.20761748939667982,0.2871618187753202,BH_from_pvalue
fluoroquinolone,ciprofloxacin,ciprofloxacin_vs_control,not_regulated,b0011,b0011,25.712324320318547,0.33740384995161854,1.263480895339523,0.09074612920255012,0.1419030708135451,0.2861212335668616,BH_from_pvalue
fluoroquinolone,ciprofloxacin,ciprofloxacin_vs_control,not_regulated,b1699,b1699,25.56241963370607,-0.6150851595701345,0.6528913534604898,0.270262561494236,0.343471945310631,0.28546639237526145,BH_from_pvalue
fluoroquinolone,ciprofloxacin,ciprofloxacin_vs_control,not_regulated,b2253,b2253,112.38645654384008,0.3838766198362782,1.3048433519143263,0.12311467255246801,0.18108888068705073,0.28487799337310576,BH_from_pvalue
fluoroquinolone,ciprofloxacin,ciprofloxacin_vs_control,not_regulated,b1159,b1159,28.114976876539192,0.5406101420194185,1.454587558836958,0.22785134382028216,0.29827571143877446,0.28402689696867595,BH_from_pvalue
fluoroquinolone,ciprofloxacin,ciprofloxacin_vs_control,not_regulated,b1952,b1952,97.40538608891495,-0.2958733593524494,0.8145790641773138,0.06472429635962729,0.10981889288027293,0.28383810062659404,BH_from_pvalue
fluoroquinolone,ciprofloxacin,ciprofloxacin_vs_control,not_regulated,b4289,b4289,154.15228945968371,0.6796036356086841,1.6016996455892127,0.3085780017707736,0.38277474444732773,0.28343326641890826,BH_from_pvalue
fluoroquinolone,ciprofloxacin,ciprofloxacin_vs_control,not_regulated,b3067,b3067,7834.886138006311,0.26315977639983146,1.2001042848363728,0.045588128986106494,0.08435022796359812,0.28261089952158985,BH_from_pvalue
fluoroquinolone,ciprofloxacin,ciprofloxacin_vs_control,not_regulated,b0416,b0416,803.548527782174,-0.3017716720728032,0.811255538660932,0.07013689940407734,0.11662690333439552,0.2816137032719055,BH_from_pvalue
fluoroquinolone,ciprofloxacin,ciprofloxacin_vs_control,not_regulated,b4661,b4661,116.55535051246322,0.414625183659588,1.3329523272355062,0.14859763216787764,0.21025452452515062,0.28080683352722485,BH_from_pvalue
fluoroquinolone,ciprofloxacin,ciprofloxacin_vs_control,not_regulated,b4031,b4031,88.40927515816684,0.3697207992575873,1.292102749402728,0.11779255792615649,0.17486169160127127,0.279991529889125,BH_from_pvalue
fluoroquinolone,ciprofloxacin,ciprofloxacin_vs_control,not_regulated,b3313,b3313,4601.204273201301,0.4033239697359434,1.3225515622706556,0.14126450321419975,0.20223034228436362,0.2799688190654787,BH_from_pvalue
fluoroquinolone,ciprofloxacin,ciprofloxacin_vs_control,not_regulated,b3298,b3298,7097.805194526648,0.37081405596688555,1.2930822601937022,0.11865822886775125,0.1758565777420577,0.2799057947254284,BH_from_pvalue
fluoroquinolone,ciprofloxacin,ciprofloxacin_vs_control,not_regulated,b0421,b0421,995.9148911315773,-0.38905274815782853,0.7636308284186979,0.13163244802706323,0.19099443587926787,0.2797208665405765,BH_from_pvalue
fluoroquinolone,ciprofloxacin,ciprofloxacin_vs_control,not_regulated,b0026,b0026,5887.221657836521,-0.2708016350795024,0.8288588615022675,0.05201552985924487,0.0931022098316289,0.2792073207246376,BH_from_pvalue
fluoroquinolone,ciprofloxacin,ciprofloxacin_vs_control,not_regulated,b0983,b0983,25.248811062392736,0.4038179012461134,1.323004438110909,0.14277810223236376,0.20405811659402956,0.2787337419832826,BH_from_pvalue
fluoroquinolone,ciprofloxacin,ciprofloxacin_vs_control,not_regulated,b1506,b1506,2.2365700893473055,0.8286813798803381,1.7760613040964721,0.3844067770913568,0.4626870974998456,0.2773701084085228,BH_from_pvalue
fluoroquinolone,ciprofloxacin,ciprofloxacin_vs_control,not_regulated,b0064,b0064,796.6540520358675,-0.4022796090633207,0.7566617334853037,0.14395913324963278,0.2050821373567149,0.27679740154785704,BH_from_pvalue
fluoroquinolone,ciprofloxacin,ciprofloxacin_vs_control,not_regulated,b4073,b4073,110.01846331503513,0.9740948800891269,1.9644083772973366,0.4458828052951264,0.5207948216612512,0.27599355845501256,BH_from_pvalue
fluoroquinolone,ciprofloxacin,ciprofloxacin_vs_control,not_regulated,b3193,b3193,475.2404367570055,0.33345943528774846,1.2600311808969655,0.096724095342176,0.14930164064828677,0.2754159586928381,BH_from_pvalue
fluoroquinolone,ciprofloxacin,ciprofloxacin_vs_control,not_regulated,b2719,b2719,26.20750293891892,-0.49752485134944724,0.7083209647515727,0.20945687186837864,0.27962558667650755,0.2753417414365308,BH_from_pvalue
fluoroquinolone,ciprofloxacin,ciprofloxacin_vs_control,not_regulated,b0726,b0726,13396.83522390566,-0.4136866717673513,0.7507025705756738,0.1534646379881309,0.2161058472724922,0.2752395938079106,BH_from_pvalue
fluoroquinolone,ciprofloxacin,ciprofloxacin_vs_control,not_regulated,b0805,b0805,76.26591932352268,0.7545312482876128,1.6870833463218686,0.35547358150975766,0.43202382319126986,0.2750208332204237,BH_from_pvalue
fluoroquinolone,ciprofloxacin,ciprofloxacin_vs_control,not_regulated,b1221,b1221,951.702183342171,-0.908973282700563,0.5325639641685044,0.41989072814580536,0.4988398029874216,0.2745452913153116,BH_from_pvalue
fluoroquinolone,ciprofloxacin,ciprofloxacin_vs_control,not_regulated,b3464,b3464,1134.2204861184744,0.3063699640014317,1.2365923313892482,0.07879260558306586,0.12725642366701265,0.27429924381060544,BH_from_pvalue
fluoroquinolone,ciprofloxacin,ciprofloxacin_vs_control,not_regulated,b0223,b0223,373.4278002059062,-0.30163460018712485,0.8113326205154427,0.07548096328818264,0.12336968490924619,0.2741229741692496,BH_from_pvalue
fluoroquinolone,ciprofloxacin,ciprofloxacin_vs_control,not_regulated,b2122,b2122,57.41829167623636,-0.3477014141109551,0.7858351393964498,0.1082155623873095,0.1631211794966884,0.2738112638324653,BH_from_pvalue
fluoroquinolone,ciprofloxacin,ciprofloxacin_vs_control,not_regulated,b0760,b0760,228.12645358783436,-0.37249344263495754,0.7724463059092945,0.1265038017576601,0.1849850781228723,0.2729867745959107,BH_from_pvalue
fluoroquinolone,ciprofloxacin,ciprofloxacin_vs_control,not_regulated,b4172,b4172,2691.139280447631,-0.2526525213913544,0.8393517738421428,0.04596345374342777,0.0849398582325136,0.2705626716188627,BH_from_pvalue
fluoroquinolone,ciprofloxacin,ciprofloxacin_vs_control,not_regulated,b2340,b2340,1616.8986654924659,-0.3139427513443973,0.8044402919024769,0.08697046174425815,0.13747066080769202,0.27055271731331226,BH_from_pvalue
fluoroquinolone,ciprofloxacin,ciprofloxacin_vs_control,not_regulated,b0099,b0099,168.65936769191816,0.32558626313324,1.2531735831030915,0.09620323547300405,0.14884499225041073,0.26934637138873446,BH_from_pvalue
fluoroquinolone,ciprofloxacin,ciprofloxacin_vs_control,not_regulated,b3163,b3163,10530.661466441159,-0.3235871194085149,0.7990805702141658,0.09534310141498388,0.14771261559445928,0.2687657700010605,BH_from_pvalue
fluoroquinolone,ciprofloxacin,ciprofloxacin_vs_control,not_regulated,b4398,b4398,84.84629443070713,0.3274520471476663,1.2547953144783897,0.0983804285517305,0.15134331017305896,0.2685227195306727,BH_from_pvalue
fluoroquinolone,ciprofloxacin,ciprofloxacin_vs_control,not_regulated,b3672,b3672,95.45487044168279,-0.42599915266985366,0.7443230647423147,0.16951647525977975,0.23504473049275257,0.2678893460149273,BH_from_pvalue
fluoroquinolone,ciprofloxacin,ciprofloxacin_vs_control,not_regulated,b3753,b3753,222.4264133942478,0.44159665937425086,1.3581065396231582,0.18032285002402512,0.24773737917167532,0.267611311993833,BH_from_pvalue
fluoroquinolone,ciprofloxacin,ciprofloxacin_vs_control,not_regulated,b2242,b2242,110.68716806644902,-0.8061981354096694,0.5718869399713405,0.3876307804225205,0.4660687651271043,0.2672949930241873,BH_from_pvalue
fluoroquinolone,ciprofloxacin,ciprofloxacin_vs_control,not_regulated,b4433,b4433,14.891468189519443,-0.6262386713777284,0.64786329497998,0.30089763356885535,0.374538371940347,0.26709309893675315,BH_from_pvalue
fluoroquinolone,ciprofloxacin,ciprofloxacin_vs_control,not_regulated,b3479,b3479,77.3013598474423,0.5908945395373744,1.5061803613939577,0.2793194991215198,0.35331245979994264,0.2669904071807208,BH_from_pvalue
fluoroquinolone,ciprofloxacin,ciprofloxacin_vs_control,not_regulated,b1486,b1486,71.61388068625699,-0.47615941330029266,0.718888827062459,0.20560118498138089,0.27515445702060437,0.2668509001924464,BH_from_pvalue
fluoroquinolone,ciprofloxacin,ciprofloxacin_vs_control,not_regulated,b0409,b0409,2090.488837497791,-0.2334028902732861,0.8506261485562766,0.036959805734889425,0.07221772640987517,0.26639583319061727,BH_from_pvalue
fluoroquinolone,ciprofloxacin,ciprofloxacin_vs_control,not_regulated,b4663,b4663,5.532072643343031,0.9422730266315631,1.9215533429342901,0.44739408125997504,0.5220177892366713,0.26601752393821826,BH_from_pvalue
fluoroquinolone,ciprofloxacin,ciprofloxacin_vs_control,not_regulated,b0563,b0563,5.859349658398809,-0.4789624269370236,0.7174934532174871,0.20836805521360696,0.27836041352860236,0.2660121526318866,BH_from_pvalue
fluoroquinolone,ciprofloxacin,ciprofloxacin_vs_control,not_regulated,b0328,b0328,109.76792148311851,0.42093923980252423,1.3387988712597112,0.16855086423458004,0.23385002693619403,0.2656390008960016,BH_from_pvalue
fluoroquinolone,ciprofloxacin,ciprofloxacin_vs_control,not_regulated,b1215,b1215,1473.4953777496503,0.1850026413330994,1.1368190545594836,0.013521672477407156,0.03672734468802982,0.26548072712846293,BH_from_pvalue
fluoroquinolone,ciprofloxacin,ciprofloxacin_vs_control,not_regulated,b4644,b4644,1.0141068527013555,0.7508479118573883,1.682781557284571,0.3664292051754771,0.4434080711372517,0.2651967838474088,BH_from_pvalue
fluoroquinolone,ciprofloxacin,ciprofloxacin_vs_control,not_regulated,b4159,b4159,932.9546283699233,-0.279642314807921,0.8237952342531746,0.06699692869145271,0.11269715230147878,0.26512525948987575,BH_from_pvalue
fluoroquinolone,ciprofloxacin,ciprofloxacin_vs_control,not_regulated,b3398,b3398,1246.087718984141,0.27759622929396244,1.2121735175184787,0.06561677318511776,0.11099821202958242,0.26501668323544836,BH_from_pvalue
fluoroquinolone,ciprofloxacin,ciprofloxacin_vs_control,not_regulated,b4668,b4668,4.175941206482741,0.6051640330319983,1.5211516968870287,0.29115598141462706,0.3651016460560336,0.26481143505869625,BH_from_pvalue
fluoroquinolone,ciprofloxacin,ciprofloxacin_vs_control,not_regulated,b1789,b1789,57.09954864993251,0.4456091045015418,1.361888983396187,0.1874334269179053,0.25493666594397885,0.2644991704484722,BH_from_pvalue
fluoroquinolone,ciprofloxacin,ciprofloxacin_vs_control,not_regulated,b2398,b2398,290.7562637427069,-0.34475960371779735,0.7874391766320835,0.11499892652502341,0.17150701973128493,0.26398866861677417,BH_from_pvalue
fluoroquinolone,ciprofloxacin,ciprofloxacin_vs_control,not_regulated,b0758,b0758,774.1305482007342,-0.3914613651606711,0.7623569904803871,0.15034089119668193,0.21211835903471624,0.26361859416985384,BH_from_pvalue
fluoroquinolone,ciprofloxacin,ciprofloxacin_vs_control,not_regulated,b2587,b2587,4487.85514317147,-0.3901763154583495,0.7630363461543194,0.14948797833149513,0.21117993923839984,0.26350453654718115,BH_from_pvalue
fluoroquinolone,ciprofloxacin,ciprofloxacin_vs_control,not_regulated,b2551,b2551,5733.437221468936,-0.38277743989963575,0.7669596372011694,0.14378940016308542,0.2049317876849044,0.263500418864848,BH_from_pvalue
fluoroquinolone,ciprofloxacin,ciprofloxacin_vs_control,not_regulated,b1675,b1675,67.49173906939562,-0.49311857270012016,0.7104876253975778,0.22192161600900637,0.29221411850366236,0.26347266396488933,BH_from_pvalue
fluoroquinolone,ciprofloxacin,ciprofloxacin_vs_control,not_regulated,b3766,b3766,17.05081359264471,0.5189951552389034,1.432956838306098,0.24076679467410111,0.3122748103933411,0.2623328723711248,BH_from_pvalue
fluoroquinolone,ciprofloxacin,ciprofloxacin_vs_control,not_regulated,b3149,b3149,425.7528819719086,-0.3270835458778052,0.7971463127880241,0.10464837367451763,0.15864792207212008,0.26152475546911336,BH_from_pvalue
fluoroquinolone,ciprofloxacin,ciprofloxacin_vs_control,not_regulated,b4125,b4125,612.3895197463045,-0.2855188041273973,0.8204465169372454,0.07409227366726179,0.1216303091077896,0.26123776810769134,BH_from_pvalue
fluoroquinolone,ciprofloxacin,ciprofloxacin_vs_control,not_regulated,b4233,b4233,1495.7856428670077,0.23937562778438526,1.18048165983554,0.04346080803411358,0.08121591796320851,0.26100533245887847,BH_from_pvalue
fluoroquinolone,ciprofloxacin,ciprofloxacin_vs_control,not_regulated,b4084,b4084,37.541706880007354,0.4014127086096275,1.3208006255177052,0.16032477944419563,0.22388725797578143,0.2609064681270042,BH_from_pvalue
fluoroquinolone,ciprofloxacin,ciprofloxacin_vs_control,not_regulated,b3993,b3993,634.4226245897883,-0.3174104293339326,0.8025090520944281,0.0984168924535788,0.15134331017305896,0.2602882236790848,BH_from_pvalue
fluoroquinolone,ciprofloxacin,ciprofloxacin_vs_control,not_regulated,b2065,b2065,1013.1410874063557,-0.25708802270296616,0.8367751872221445,0.05528826152085987,0.09756241675983825,0.25984335076607434,BH_from_pvalue
fluoroquinolone,ciprofloxacin,ciprofloxacin_vs_control,not_regulated,b2892,b2892,1339.4385782441634,0.25951479813066847,1.1970760407174201,0.057002799991995826,0.09976599002490165,0.25977885012466134,BH_from_pvalue
fluoroquinolone,ciprofloxacin,ciprofloxacin_vs_control,not_regulated,b1828,b1828,91.91714523593511,0.4066181167655918,1.3255748324907015,0.16557392122794168,0.2301457038576272,0.2594211905644082,BH_from_pvalue
fluoroquinolone,ciprofloxacin,ciprofloxacin_vs_control,not_regulated,b2891,b2891,1916.7701439645407,0.2581229672168526,1.1959217260785693,0.05674655227038712,0.09935616664546565,0.2588470467362473,BH_from_pvalue
fluoroquinolone,ciprofloxacin,ciprofloxacin_vs_control,not_regulated,b2214,b2214,201.36471990190466,0.3548117314949222,1.2788186873838439,0.1287380780506787,0.18758143021443238,0.2578807703392777,BH_from_pvalue
fluoroquinolone,ciprofloxacin,ciprofloxacin_vs_control,not_regulated,b4039,b4039,439.8268809071342,-0.34055106032072047,0.7897396006419979,0.1182055520927353,0.17530121111543798,0.2575298485014362,BH_from_pvalue
fluoroquinolone,ciprofloxacin,ciprofloxacin_vs_control,not_regulated,b0152,b0152,135.85424888517116,-0.4929766047137285,0.710557544166068,0.2298829144628074,0.30049792189878166,0.2574119377754396,BH_from_pvalue
fluoroquinolone,ciprofloxacin,ciprofloxacin_vs_control,not_regulated,b3962,b3962,2578.6158144674087,0.3614095076535815,1.2846804125882036,0.13480134919943335,0.19458808366465058,0.2569201493081261,BH_from_pvalue
fluoroquinolone,ciprofloxacin,ciprofloxacin_vs_control,not_regulated,b2455,b2455,49.26877603208896,-0.4296085829417349,0.7424631954061416,0.18532618210442708,0.2527137770167014,0.2566357437329235,BH_from_pvalue
fluoroquinolone,ciprofloxacin,ciprofloxacin_vs_control,not_regulated,b0572,b0572,6.252825368687863,0.7126480992865849,1.638809429782823,0.361337631378165,0.4379673042142242,0.2555258980212145,BH_from_pvalue
fluoroquinolone,ciprofloxacin,ciprofloxacin_vs_control,not_regulated,b2554,b2554,255.53369865280482,0.2752349252429349,1.210191138001288,0.07146439004194387,0.1183530288691692,0.2550934049420875,BH_from_pvalue
fluoroquinolone,ciprofloxacin,ciprofloxacin_vs_control,not_regulated,b0128,b0128,550.2928689675095,0.20640748505405426,1.1538114497576906,0.027319616331285553,0.05815600296172381,0.25499693195765966,BH_from_pvalue
fluoroquinolone,ciprofloxacin,ciprofloxacin_vs_control,not_regulated,b1035,b1035,351.6893672380667,-0.34373576352385626,0.7879981984607599,0.12358807698613777,0.18166639551753191,0.2546138111559468,BH_from_pvalue
fluoroquinolone,ciprofloxacin,ciprofloxacin_vs_control,not_regulated,b4488,b4488,363.9613427794775,-0.3647640530093952,0.7765958737577006,0.14008236285253325,0.20075789171075362,0.2543599591325541,BH_from_pvalue
fluoroquinolone,ciprofloxacin,ciprofloxacin_vs_control,not_regulated,b2258,b2258,14.37672758131833,-0.4003910971835758,0.7576528648815007,0.16735477138410704,0.23233387706349182,0.2538028956974486,BH_from_pvalue
fluoroquinolone,ciprofloxacin,ciprofloxacin_vs_control,not_regulated,b2745,b2745,600.1559042090606,0.24276972665017027,1.183262142276395,0.049934768932567854,0.09038494593911074,0.2534282638210356,BH_from_pvalue
fluoroquinolone,ciprofloxacin,ciprofloxacin_vs_control,not_regulated,b2361,b2361,0.7813245655911377,0.8359693739602206,1.7850560487435887,0.4226497308103743,0.4988398029874216,0.252495270953078,BH_from_pvalue
fluoroquinolone,ciprofloxacin,ciprofloxacin_vs_control,not_regulated,b0571,b0571,193.48204559408373,0.33105684140071734,1.2579345327967628,0.11633892197688499,0.17316097652284204,0.2521163288601355,BH_from_pvalue
fluoroquinolone,ciprofloxacin,ciprofloxacin_vs_control,not_regulated,b3496,b3496,2091.498985914047,0.31195112457496954,1.2413854353279483,0.10297030168320927,0.15652599424504066,0.25124965609384603,BH_from_pvalue
fluoroquinolone,ciprofloxacin,ciprofloxacin_vs_control,not_regulated,b1711,b1711,203.55970876810866,0.34294314869922715,1.268341417674772,0.1269466274489513,0.185391535800449,0.25100355350514203,BH_from_pvalue
fluoroquinolone,ciprofloxacin,ciprofloxacin_vs_control,not_regulated,b0338,b0338,44.32311916340143,-0.4143303241773246,0.7503677224379078,0.18185995435417843,0.24954425707293915,0.24978003877087981,BH_from_pvalue
fluoroquinolone,ciprofloxacin,ciprofloxacin_vs_control,not_regulated,b2636,b2636,0.9066447424099436,0.6970056660768058,1.6211366066508168,0.3627613225787681,0.4394560810555613,0.24888993476721813,BH_from_pvalue
fluoroquinolone,ciprofloxacin,ciprofloxacin_vs_control,not_regulated,b1770,b1770,167.77963230924382,-0.40770079983315366,0.7538237738947133,0.17814007221453632,0.2453380418925243,0.24879334050351756,BH_from_pvalue
fluoroquinolone,ciprofloxacin,ciprofloxacin_vs_control,not_regulated,b3598,b3598,58.1812939554996,-0.5445011995050768,0.685628412161301,0.2765369053266523,0.3507791878621777,0.24772963169120063,BH_from_pvalue
fluoroquinolone,ciprofloxacin,ciprofloxacin_vs_control,not_regulated,b1385,b1385,397.3263291430142,-0.2774696220576942,0.8250368011231609,0.08123856183875457,0.13017850058807198,0.245688455493596,BH_from_pvalue
fluoroquinolone,ciprofloxacin,ciprofloxacin_vs_control,not_regulated,b0601,b0601,18.822361537866225,0.455127016216216,1.3709034952884023,0.21879915536538286,0.28894850288710866,0.24539518042334857,BH_from_pvalue
fluoroquinolone,ciprofloxacin,ciprofloxacin_vs_control,not_regulated,b4072,b4072,77.87941822857562,0.9788777527275965,1.9709316592145172,0.49085743937606535,0.5649468430724554,0.242754256768407,BH_from_pvalue
fluoroquinolone,ciprofloxacin,ciprofloxacin_vs_control,not_regulated,b4490,b4490,262.40854499360375,0.412244316870761,1.3307543819940988,0.19051746134537256,0.2583501782126879,0.24231359594444432,BH_from_pvalue
fluoroquinolone,ciprofloxacin,ciprofloxacin_vs_control,not_regulated,b4070,b4070,473.18107041465845,1.0981150742188959,2.140748143330553,0.5306133105607179,0.6022454380272797,0.2418340186068604,BH_from_pvalue
fluoroquinolone,ciprofloxacin,ciprofloxacin_vs_control,not_regulated,b1571,b1571,2.375017536249345,-0.7266765379630031,0.6042943934191425,0.3867246771959545,0.46510363583620407,0.24158380796547663,BH_from_pvalue
fluoroquinolone,ciprofloxacin,ciprofloxacin_vs_control,not_regulated,b3631,b3631,587.9519147950278,-0.2981028980584135,0.8133211871504384,0.10175891401315483,0.15519244261165846,0.2412038283900353,BH_from_pvalue
fluoroquinolone,ciprofloxacin,ciprofloxacin_vs_control,not_regulated,b3639,b3639,513.5363305936504,0.39526322417488835,1.3151826974689786,0.17876758941047613,0.24605159644073488,0.24070495269165898,BH_from_pvalue
fluoroquinolone,ciprofloxacin,ciprofloxacin_vs_control,not_regulated,b4062,b4062,690.9553424897058,0.7467346414658032,1.6779906087862466,0.3973517864051467,0.4761023801945524,0.24067231159884947,BH_from_pvalue
fluoroquinolone,ciprofloxacin,ciprofloxacin_vs_control,not_regulated,b1138,b1138,40.11616601610074,-0.3598219839707948,0.7792607277295026,0.15206400499403028,0.21448224975326063,0.24058008863562674,BH_from_pvalue
fluoroquinolone,ciprofloxacin,ciprofloxacin_vs_control,not_regulated,b1606,b1606,137.69701524186826,-0.39645728928647284,0.759721582009713,0.18006104342525342,0.24745327629904976,0.24045403858105108,BH_from_pvalue
fluoroquinolone,ciprofloxacin,ciprofloxacin_vs_control,not_regulated,b3894,b3894,16714.486769945073,-0.24118455416090967,0.84605036021116,0.06034526453014946,0.10387791804692395,0.23719940466450307,BH_from_pvalue
fluoroquinolone,ciprofloxacin,ciprofloxacin_vs_control,not_regulated,b2810,b2810,1351.6226369167014,0.39226430484153596,1.3124516765447984,0.18100278402941147,0.24859557940894436,0.23712636057890682,BH_from_pvalue
fluoroquinolone,ciprofloxacin,ciprofloxacin_vs_control,not_regulated,b2160,b2160,331.696788549033,-0.30803802050551177,0.8077394903191217,0.11396150832174204,0.1702420672305532,0.23686063488085307,BH_from_pvalue
fluoroquinolone,ciprofloxacin,ciprofloxacin_vs_control,not_regulated,b0612,b0612,26.415458895537785,0.41206919270152476,1.3305928557497169,0.19809125194867358,0.26621286264270505,0.23684540732545176,BH_from_pvalue
fluoroquinolone,ciprofloxacin,ciprofloxacin_vs_control,not_regulated,b3520,b3520,49.8925453023748,-0.4402896224572972,0.7369866429959434,0.21998017267646774,0.2899123400816736,0.2367583910067994,BH_from_pvalue
fluoroquinolone,ciprofloxacin,ciprofloxacin_vs_control,not_regulated,b0054,b0054,5744.310324132338,-0.251339239670763,0.8401161815483164,0.06916427706414187,0.11543325438220389,0.23567302865545234,BH_from_pvalue
fluoroquinolone,ciprofloxacin,ciprofloxacin_vs_control,not_regulated,b2744,b2744,443.8192503368751,0.322347200576516,1.2503631801582056,0.12736242479607915,0.18587806188603637,0.23556226477283637,BH_from_pvalue
fluoroquinolone,ciprofloxacin,ciprofloxacin_vs_control,not_regulated,b1715,b1715,14.512706958961651,-0.4596480728934913,0.7271636193434438,0.23677081805498507,0.30833675147982714,0.2348685395861672,BH_from_pvalue
fluoroquinolone,ciprofloxacin,ciprofloxacin_vs_control,not_regulated,b3282,b3282,509.80843705323235,-0.3363613649561543,0.7920363975123786,0.1402309370635918,0.2008785843668904,0.23446619259977627,BH_from_pvalue
fluoroquinolone,ciprofloxacin,ciprofloxacin_vs_control,not_regulated,b3881,b3881,19.37146307457636,-0.486052898944326,0.7139758101870979,0.2574649447051508,0.3303368040049674,0.23381236280209994,BH_from_pvalue
fluoroquinolone,ciprofloxacin,ciprofloxacin_vs_control,not_regulated,b4703,b4703,47.407364133941236,0.5835920661469567,1.4985758072447266,0.3236588216129477,0.39809061515314154,0.23344736650240588,BH_from_pvalue
fluoroquinolone,ciprofloxacin,ciprofloxacin_vs_control,not_regulated,b3824,b3824,58.83463863783496,-0.2836753817957458,0.8214955231812648,0.09907440236024762,0.15204253217891292,0.23205636430722634,BH_from_pvalue
fluoroquinolone,ciprofloxacin,ciprofloxacin_vs_control,not_regulated,b1026,b1026,2.5854552107326523,0.5253261449040285,1.4392589113467111,0.2878428885735022,0.3616528806714003,0.23204079825326368,BH_from_pvalue
fluoroquinolone,ciprofloxacin,ciprofloxacin_vs_control,not_regulated,b0982,b0982,8.083015493417296,0.360758628488397,1.2841009532446874,0.1645053981429927,0.22883900454031655,0.23105506078692373,BH_from_pvalue
fluoroquinolone,ciprofloxacin,ciprofloxacin_vs_control,not_regulated,b4075,b4075,2.8429697592828798,0.5409743597458399,1.4549548252641658,0.3003115559580708,0.3740795842424266,0.23101552300941225,BH_from_pvalue
fluoroquinolone,ciprofloxacin,ciprofloxacin_vs_control,not_regulated,b2628,b2628,470.38903314891314,0.27853457989191277,1.2129621898977567,0.09652811276240048,0.14920393512208843,0.2301307633268673,BH_from_pvalue
fluoroquinolone,ciprofloxacin,ciprofloxacin_vs_control,not_regulated,b1330,b1330,141.75525208999804,0.4172619533374391,1.3353907511439713,0.2118368875936161,0.2815727897151552,0.2296648664619888,BH_from_pvalue
fluoroquinolone,ciprofloxacin,ciprofloxacin_vs_control,not_regulated,b2674,b2674,16.868560584923934,-0.6468000252232278,0.6386954042794332,0.3648364336724212,0.44161309974664975,0.2295868772689422,BH_from_pvalue
fluoroquinolone,ciprofloxacin,ciprofloxacin_vs_control,not_regulated,b0254,b0254,35.495379229758775,0.40294146858970237,1.322200961195185,0.20101887728557935,0.26982480156088806,0.22924070828564372,BH_from_pvalue
fluoroquinolone,ciprofloxacin,ciprofloxacin_vs_control,not_regulated,b1636,b1636,331.85148192120954,0.3232411525456591,1.2511381956485854,0.13650947421858212,0.19661210856073724,0.2283342334466941,BH_from_pvalue
fluoroquinolone,ciprofloxacin,ciprofloxacin_vs_control,not_regulated,b3623,b3623,313.2042117361453,-0.32027836576259006,0.8009153273142005,0.13398739397925238,0.19372397882310421,0.2282997420538559,BH_from_pvalue
fluoroquinolone,ciprofloxacin,ciprofloxacin_vs_control,not_regulated,b3777,b3777,76.2124270141207,0.4226211805081945,1.3403605966167342,0.2197834476790082,0.2897379682474147,0.22736790858196687,BH_from_pvalue
fluoroquinolone,ciprofloxacin,ciprofloxacin_vs_control,not_regulated,b3005,b3005,596.3308813318314,-0.4610436151912527,0.7264605622818914,0.24893822396467205,0.32129817256616783,0.2273368005326969,BH_from_pvalue
fluoroquinolone,ciprofloxacin,ciprofloxacin_vs_control,not_regulated,b4441,b4441,14.611317566645555,-0.504363524186803,0.7049713221720592,0.28131081180282264,0.35523190103568114,0.22670537194286913,BH_from_pvalue
fluoroquinolone,ciprofloxacin,ciprofloxacin_vs_control,not_regulated,b2568,b2568,1975.5549566125392,-0.21426131278732008,0.8619874006318763,0.048970247784471385,0.0887845575162786,0.22533060187193002,BH_from_pvalue
fluoroquinolone,ciprofloxacin,ciprofloxacin_vs_control,not_regulated,b3402,b3402,295.2375929245172,-0.21117415455500677,0.8638339036220802,0.046856359052199925,0.08616512797088931,0.22483046248028252,BH_from_pvalue
fluoroquinolone,ciprofloxacin,ciprofloxacin_vs_control,not_regulated,b2452,b2452,50.26682258227243,-0.39549934702399625,0.7602262008387746,0.20133954494226539,0.2701746041617869,0.22478421969609144,BH_from_pvalue
fluoroquinolone,ciprofloxacin,ciprofloxacin_vs_control,not_regulated,b0509,b0509,15.96337928288323,0.4192357027625486,1.3372189479856178,0.2221870431370227,0.29230817493308026,0.2239385399481511,BH_from_pvalue
fluoroquinolone,ciprofloxacin,ciprofloxacin_vs_control,not_regulated,b3592,b3592,387.2712779499487,0.2970900462501138,1.2286636654691343,0.1196513270808656,0.17697851667534803,0.22343531834855831,BH_from_pvalue
fluoroquinolone,ciprofloxacin,ciprofloxacin_vs_control,not_regulated,b0179,b0179,3589.601776815763,-0.24806519077415068,0.8420249043367172,0.078140331689997,0.12656651492315682,0.22268345274072374,BH_from_pvalue
fluoroquinolone,ciprofloxacin,ciprofloxacin_vs_control,not_regulated,b4424,b4424,1.3821799182090164,0.7643829771780616,1.6986433541507469,0.4367918751630103,0.5124386683576475,0.22194479355271823,BH_from_pvalue
fluoroquinolone,ciprofloxacin,ciprofloxacin_vs_control,not_regulated,b2918,b2918,22.505416152651566,0.5571979516906929,1.4714086234771322,0.32537168722650645,0.39997864147166606,0.2217442793414814,BH_from_pvalue
fluoroquinolone,ciprofloxacin,ciprofloxacin_vs_control,not_regulated,b3385,b3385,414.46399197372426,-0.2893855254190836,0.8182504946828023,0.11493909574204224,0.17150701973128493,0.221587734608496,BH_from_pvalue
fluoroquinolone,ciprofloxacin,ciprofloxacin_vs_control,not_regulated,b1232,b1232,339.18834082653177,0.3252207304810586,1.2528561093303752,0.14759227323664528,0.2091588043536328,0.22099524270037543,BH_from_pvalue
fluoroquinolone,ciprofloxacin,ciprofloxacin_vs_control,not_regulated,b0350,b0350,21.40675792607141,-0.6588214132381829,0.6333955280844935,0.3837361902279413,0.46212727808441234,0.2208622335164901,BH_from_pvalue
fluoroquinolone,ciprofloxacin,ciprofloxacin_vs_control,not_regulated,b1850,b1850,838.7316868311419,-0.24305117938314424,0.8449564091830767,0.07561209075315804,0.12353911522255899,0.22073799063509722,BH_from_pvalue
fluoroquinolone,ciprofloxacin,ciprofloxacin_vs_control,not_regulated,b2268,b2268,209.69160515472427,0.3012836546787758,1.2322403258724721,0.1278568258433806,0.18647860007896433,0.21974756043190735,BH_from_pvalue
fluoroquinolone,ciprofloxacin,ciprofloxacin_vs_control,not_regulated,b0892,b0892,1074.8282812076561,0.20171826135642235,1.1500672789821744,0.04379009493451496,0.08167563949573795,0.21945080063053035,BH_from_pvalue
fluoroquinolone,ciprofloxacin,ciprofloxacin_vs_control,not_regulated,b1479,b1479,2644.884755505082,0.3019324668304595,1.2327946164718828,0.12993329995869715,0.18898147132334892,0.2184725280796586,BH_from_pvalue
fluoroquinolone,ciprofloxacin,ciprofloxacin_vs_control,not_regulated,b1969,b1969,65.23742208549014,0.3956738827083086,1.3155571133069035,0.21135038025326916,0.28100916653242825,0.21812690542842456,BH_from_pvalue
fluoroquinolone,ciprofloxacin,ciprofloxacin_vs_control,not_regulated,b4406,b4406,225.56794842164155,-0.29870262390619473,0.812983161194719,0.12824456147891314,0.1869228896734126,0.21755632645002748,BH_from_pvalue
fluoroquinolone,ciprofloxacin,ciprofloxacin_vs_control,not_regulated,b0751,b0751,512.9327172583634,0.27379508864285285,1.2089839471391337,0.10629521205571955,0.160873440049336,0.2172606880913414,BH_from_pvalue
fluoroquinolone,ciprofloxacin,ciprofloxacin_vs_control,not_regulated,b1710,b1710,441.4519257019195,0.3406327579017585,1.2663118694293745,0.16596861357965662,0.23062305340787626,0.21701620428011595,BH_from_pvalue
fluoroquinolone,ciprofloxacin,ciprofloxacin_vs_control,not_regulated,b1761,b1761,718.6748542462916,-0.29229306225826157,0.81660309336433,0.1239915743137202,0.1821109395679981,0.2161986453605897,BH_from_pvalue
fluoroquinolone,ciprofloxacin,ciprofloxacin_vs_control,not_regulated,b3890,b3890,42.80497183358886,0.45676853830801445,1.372464219521977,0.263972276128844,0.33712302612934136,0.21569139469686557,BH_from_pvalue
fluoroquinolone,ciprofloxacin,ciprofloxacin_vs_control,not_regulated,b0470,b0470,1863.2236015309672,-0.31275488895363246,0.8051029114011639,0.14351187019341136,0.204665945507281,0.2154738611985747,BH_from_pvalue
fluoroquinolone,ciprofloxacin,ciprofloxacin_vs_control,not_regulated,b0361,b0361,1.1285332844433167,0.741181465451022,1.6715441552325003,0.4373806615455496,0.5129956233720684,0.2148583823403757,BH_from_pvalue
fluoroquinolone,ciprofloxacin,ciprofloxacin_vs_control,not_regulated,b4115,b4115,51.14034999026783,-0.38172808367849687,0.7675176945929563,0.2050233189584079,0.274544474151509,0.21429729558010158,BH_from_pvalue
fluoroquinolone,ciprofloxacin,ciprofloxacin_vs_control,not_regulated,b3235,b3235,425.461500718846,0.2705263677561174,1.2062478473356701,0.10770658023916949,0.1625173424742651,0.21347243470350127,BH_from_pvalue
fluoroquinolone,ciprofloxacin,ciprofloxacin_vs_control,not_regulated,b2776,b2776,37.28414825834306,0.3463341805826472,1.2713261405212701,0.17584481942248864,0.24262269870010855,0.21301926950806052,BH_from_pvalue
fluoroquinolone,ciprofloxacin,ciprofloxacin_vs_control,not_regulated,b4634,b4634,0.5550544114988655,-0.7048252652413184,0.613516791382289,0.4226497308103743,0.4988398029874216,0.21288464848731428,BH_from_pvalue
fluoroquinolone,ciprofloxacin,ciprofloxacin_vs_control,not_regulated,b2149,b2149,483.0430281577021,0.4484020939205404,1.3645280898751333,0.2629170341966322,0.3359661419933101,0.2124100842058545,BH_from_pvalue
fluoroquinolone,ciprofloxacin,ciprofloxacin_vs_control,not_regulated,b2607,b2607,13596.925409207315,0.28253778467640167,1.2163326036112758,0.12044517671721494,0.17775774451281776,0.21195178495989242,BH_from_pvalue
fluoroquinolone,ciprofloxacin,ciprofloxacin_vs_control,not_regulated,b2182,b2182,649.0544270270985,0.2942930403732298,1.2262839176803981,0.13146580456524895,0.19081419455775725,0.21171127064052833,BH_from_pvalue
fluoroquinolone,ciprofloxacin,ciprofloxacin_vs_control,not_regulated,b3301,b3301,10734.887508751408,0.3508539109151272,1.2753152451402274,0.18192346209368268,0.24955527066098954,0.21150640455284772,BH_from_pvalue
fluoroquinolone,ciprofloxacin,ciprofloxacin_vs_control,not_regulated,b4401,b4401,9587.337334172782,-0.3408802360495411,0.789559428501679,0.17345512273986963,0.23991425033331293,0.21132664178992588,BH_from_pvalue
fluoroquinolone,ciprofloxacin,ciprofloxacin_vs_control,not_regulated,b1662,b1662,541.8433854153766,-0.1951685786820292,0.8734708250287928,0.044539481333238116,0.08275034574015078,0.21121732662637455,BH_from_pvalue
fluoroquinolone,ciprofloxacin,ciprofloxacin_vs_control,not_regulated,b4141,b4141,126.9468700325669,0.39027313912400796,1.310641518380222,0.21945604857099535,0.2893911775058156,0.2101678275416861,BH_from_pvalue
fluoroquinolone,ciprofloxacin,ciprofloxacin_vs_control,not_regulated,b2488,b2488,10.072160637481607,-0.4928066393514534,0.7106412606004465,0.30108435096887953,0.37462722286528916,0.2101330797881885,BH_from_pvalue
fluoroquinolone,ciprofloxacin,ciprofloxacin_vs_control,not_regulated,b4294,b4294,12.669409628101706,-0.44181170013753723,0.7362095145251172,0.2616754348241877,0.33485522214486385,0.20992370295110402,BH_from_pvalue
fluoroquinolone,ciprofloxacin,ciprofloxacin_vs_control,not_regulated,b0707,b0707,336.2495398276959,-0.3979527978415245,0.7589344569310673,0.22639946540122555,0.2969235648563835,0.20986253060607737,BH_from_pvalue
fluoroquinolone,ciprofloxacin,ciprofloxacin_vs_control,not_regulated,b1473,b1473,42.49166828350304,0.4648522405117097,1.3801759898125368,0.2820099280884255,0.3559148867962228,0.20855774573600355,BH_from_pvalue
fluoroquinolone,ciprofloxacin,ciprofloxacin_vs_control,not_regulated,b1313,b1313,38.337028586133705,0.444235171672978,1.3605926226044298,0.2664524857822161,0.3394742289513441,0.20843211705062487,BH_from_pvalue
fluoroquinolone,ciprofloxacin,ciprofloxacin_vs_control,not_regulated,b4522,b4522,9.064010067970791,0.5084006699430597,1.4224724093828518,0.3162505208399524,0.3905806816963498,0.2075745236171545,BH_from_pvalue
fluoroquinolone,ciprofloxacin,ciprofloxacin_vs_control,not_regulated,b3018,b3018,358.823809323994,0.2991324040540526,1.2304042605318417,0.14170321168752845,0.20272934038502002,0.2073237014601027,BH_from_pvalue
fluoroquinolone,ciprofloxacin,ciprofloxacin_vs_control,not_regulated,b0708,b0708,822.4346807846017,-0.3730704283227624,0.7721374385890868,0.2098438967817912,0.27991632494795277,0.20629741597499257,BH_from_pvalue
fluoroquinolone,ciprofloxacin,ciprofloxacin_vs_control,not_regulated,b1390,b1390,34.86381158902332,-0.40805300334657435,0.7536397662085796,0.24075707881543734,0.3122748103933411,0.2062557142721224,BH_from_pvalue
fluoroquinolone,ciprofloxacin,ciprofloxacin_vs_control,not_regulated,b2704,b2704,19.36051969665383,0.4605290018370427,1.3760462889758822,0.28280105785565507,0.35661316462986725,0.2062260975569657,BH_from_pvalue
fluoroquinolone,ciprofloxacin,ciprofloxacin_vs_control,not_regulated,b4061,b4061,329.8272748779972,-0.29961357305753467,0.812469987905994,0.1442898864387869,0.20531980677053574,0.20600505069400754,BH_from_pvalue
fluoroquinolone,ciprofloxacin,ciprofloxacin_vs_control,not_regulated,b2915,b2915,18.432903990940197,0.3682010401717246,1.2907423434184584,0.20781895267358333,0.27770934317462204,0.20487055987331743,BH_from_pvalue
fluoroquinolone,ciprofloxacin,ciprofloxacin_vs_control,not_regulated,b0180,b0180,1185.8765470636015,-0.24280618267480492,0.8450999108319287,0.09210353135614902,0.14369812141517804,0.20457608441277358,BH_from_pvalue
fluoroquinolone,ciprofloxacin,ciprofloxacin_vs_control,not_regulated,b0477,b0477,650.8985796529698,0.34403739132462796,1.2693037830170382,0.18707296794626288,0.25460036605818165,0.20440671155290893,BH_from_pvalue
fluoroquinolone,ciprofloxacin,ciprofloxacin_vs_control,not_regulated,b3632,b3632,905.6678690848975,-0.17248888164791687,0.887310606092188,0.032323767471973824,0.06546254213819823,0.20422806632665552,BH_from_pvalue
fluoroquinolone,ciprofloxacin,ciprofloxacin_vs_control,not_regulated,b3107,b3107,396.88610685907724,0.32679584925711147,1.2542247109991265,0.17131836427819785,0.23725061654043533,0.2041796447654201,BH_from_pvalue
fluoroquinolone,ciprofloxacin,ciprofloxacin_vs_control,not_regulated,b3091,b3091,318.1393718260742,-0.3391006860842385,0.7905339430970684,0.18279609381708667,0.2505231048108641,0.20385112840873196,BH_from_pvalue
fluoroquinolone,ciprofloxacin,ciprofloxacin_vs_control,not_regulated,b0521,b0521,30.763576226037646,-0.34900897528234953,0.7851232342562657,0.19413764629014557,0.2627049136621765,0.20261081004864664,BH_from_pvalue
fluoroquinolone,ciprofloxacin,ciprofloxacin_vs_control,not_regulated,b2244,b2244,16.89652895190703,-0.2730238171424677,0.8275831535729535,0.12449250478632375,0.18251867227147464,0.2016807004184704,BH_from_pvalue
fluoroquinolone,ciprofloxacin,ciprofloxacin_vs_control,not_regulated,b4379,b4379,222.5796460713569,0.48255016102702086,1.3972112470079858,0.3088348947730326,0.3828939792417587,0.20118551891144792,BH_from_pvalue
fluoroquinolone,ciprofloxacin,ciprofloxacin_vs_control,not_regulated,b1210,b1210,1403.3667356507133,-0.20034663260511465,0.8703414234902064,0.057367298737509675,0.10024790587463811,0.2001311980265726,BH_from_pvalue
fluoroquinolone,ciprofloxacin,ciprofloxacin_vs_control,not_regulated,b1485,b1485,99.28720374171424,-0.4859930350542836,0.7140054368614542,0.31380415842096715,0.38806286660731953,0.1997907222134312,BH_from_pvalue
fluoroquinolone,ciprofloxacin,ciprofloxacin_vs_control,not_regulated,b3621,b3621,250.90263641636804,0.2993010639048661,1.2305481107037612,0.15265597520401472,0.2151148422517726,0.19973246632376734,BH_from_pvalue
fluoroquinolone,ciprofloxacin,ciprofloxacin_vs_control,not_regulated,b2496,b2496,495.1002278611865,0.29517320155690996,1.227032278754368,0.1490559925576777,0.21063583239850275,0.19967515053959597,BH_from_pvalue
fluoroquinolone,ciprofloxacin,ciprofloxacin_vs_control,not_regulated,b0775,b0775,47.90126396537986,-0.5719688290446774,0.6726981384601042,0.3728026888639839,0.4501655018819328,0.19826029111137547,BH_from_pvalue
fluoroquinolone,ciprofloxacin,ciprofloxacin_vs_control,not_regulated,b2950,b2950,34.342954983446674,-0.24733061958386848,0.8424537439125969,0.10491273375951508,0.15888803920885483,0.19759460711725704,BH_from_pvalue
fluoroquinolone,ciprofloxacin,ciprofloxacin_vs_control,not_regulated,b2243,b2243,53.21189758659463,-0.6516265051304835,0.6365622439438596,0.42358006726876074,0.49954461000914674,0.19641699018842695,BH_from_pvalue
fluoroquinolone,ciprofloxacin,ciprofloxacin_vs_control,not_regulated,b0258,b0258,197.85099770682905,0.32231262690119866,1.2503332160068037,0.17858413736557638,0.2458743342119261,0.19638083003388107,BH_from_pvalue
fluoroquinolone,ciprofloxacin,ciprofloxacin_vs_control,not_regulated,b1537,b1537,126.76449846480857,0.3638759206907851,1.2868785642633378,0.21908351858618266,0.2891202074471049,0.19610057634046008,BH_from_pvalue
fluoroquinolone,ciprofloxacin,ciprofloxacin_vs_control,not_regulated,b3848,b3848,342.9905004186137,-0.2894270339370326,0.8182269527173942,0.14846430300228466,0.21019591907594473,0.1960508454982177,BH_from_pvalue
fluoroquinolone,ciprofloxacin,ciprofloxacin_vs_control,not_regulated,b1733,b1733,145.27480856391605,-0.2674366102004777,0.8307943959748175,0.12644454666834484,0.1849850781228723,0.1959944774089313,BH_from_pvalue
fluoroquinolone,ciprofloxacin,ciprofloxacin_vs_control,not_regulated,b0505,b0505,26.837233473495584,0.36491799289463245,1.2878084245428667,0.22116619765868323,0.29139002843255923,0.19542282279045173,BH_from_pvalue
fluoroquinolone,ciprofloxacin,ciprofloxacin_vs_control,not_regulated,b1963,b1963,42.38712155566383,-0.4475582926203918,0.7332828521386392,0.2921424298922935,0.36613448026066764,0.19529625462769634,BH_from_pvalue
fluoroquinolone,ciprofloxacin,ciprofloxacin_vs_control,not_regulated,b4367,b4367,963.1899957755851,-0.5912037553514775,0.6637888240505629,0.38937914574103616,0.4676708671677385,0.1951325240507121,BH_from_pvalue
fluoroquinolone,ciprofloxacin,ciprofloxacin_vs_control,not_regulated,b1541,b1541,60.84977943219142,-0.43356138755145324,0.740431723044908,0.281163783329844,0.35522792542152043,0.19488276563334422,BH_from_pvalue
fluoroquinolone,ciprofloxacin,ciprofloxacin_vs_control,not_regulated,b3674,b3674,259.1352027180488,-0.4642313025839142,0.7248571931365068,0.3067035518091582,0.38089188324235607,0.1946049644941163,BH_from_pvalue
fluoroquinolone,ciprofloxacin,ciprofloxacin_vs_control,not_regulated,b3198,b3198,638.6339586160299,-0.25409273363959883,0.8385142846364668,0.11598295396140335,0.17280269192394576,0.19373287679120968,BH_from_pvalue
fluoroquinolone,ciprofloxacin,ciprofloxacin_vs_control,not_regulated,b1096,b1096,250.3556761432886,-0.2635456346936911,0.8330380882784267,0.12578609643782726,0.18411515189630556,0.19368244610920876,BH_from_pvalue
fluoroquinolone,ciprofloxacin,ciprofloxacin_vs_control,not_regulated,b3062,b3062,5.320865686540885,0.617676100016836,1.5344015682786594,0.4073380687600952,0.4869005137610705,0.19306069802682924,BH_from_pvalue
fluoroquinolone,ciprofloxacin,ciprofloxacin_vs_control,not_regulated,b2112,b2112,87.35751625527261,0.33419611033117747,1.2606747476440612,0.19737314724772123,0.2657241593296169,0.19235290707402955,BH_from_pvalue
fluoroquinolone,ciprofloxacin,ciprofloxacin_vs_control,not_regulated,b0403,b0403,314.52688536158803,-0.18581607798519073,0.8791516324366407,0.051582290429543216,0.09258465377178188,0.19203366850206902,BH_from_pvalue
fluoroquinolone,ciprofloxacin,ciprofloxacin_vs_control,not_regulated,b4218,b4218,648.6583858959248,0.21753396492642807,1.1627443785158253,0.08201099344299687,0.13118259192980083,0.19189188613387023,BH_from_pvalue
fluoroquinolone,ciprofloxacin,ciprofloxacin_vs_control,not_regulated,b0048,b0048,719.6928610686936,0.22267278556725145,1.166893411320144,0.08763344903371675,0.13825859479258434,0.1913444751653396,BH_from_pvalue
fluoroquinolone,ciprofloxacin,ciprofloxacin_vs_control,not_regulated,b0608,b0608,446.39559850909563,-0.3073489393352151,0.8081253868557697,0.17241630132157035,0.23862416102905337,0.19125881467238853,BH_from_pvalue
fluoroquinolone,ciprofloxacin,ciprofloxacin_vs_control,not_regulated,b2546,b2546,23.4944135168405,-0.42308602075289947,0.7458275420211709,0.2791315732664414,0.35317406935371404,0.19123961595409836,BH_from_pvalue
fluoroquinolone,ciprofloxacin,ciprofloxacin_vs_control,not_regulated,b2152,b2152,220.98778788705337,0.33851610452898484,1.2644553592600023,0.20366779199551838,0.2728917868322436,0.19092631070701285,BH_from_pvalue
fluoroquinolone,ciprofloxacin,ciprofloxacin_vs_control,not_regulated,b2047,b2047,25.246290295490198,0.43708365604988586,1.3538647819188816,0.2926641181014195,0.36668612903069214,0.19043976084747216,BH_from_pvalue
fluoroquinolone,ciprofloxacin,ciprofloxacin_vs_control,not_regulated,b2746,b2746,119.5355196501827,0.24370046398862133,1.184025755894944,0.11045631236053437,0.16594271643209205,0.19009654978882928,BH_from_pvalue
fluoroquinolone,ciprofloxacin,ciprofloxacin_vs_control,not_regulated,b2900,b2900,179.44922637890727,-0.25956233314964017,0.8353412964302049,0.12674602934113974,0.18527905101606973,0.19004470926601277,BH_from_pvalue
fluoroquinolone,ciprofloxacin,ciprofloxacin_vs_control,not_regulated,b0007,b0007,260.1469021938182,0.28014778776258,1.2143192712761874,0.14905072994514296,0.21063583239850275,0.18951094272710553,BH_from_pvalue
fluoroquinolone,ciprofloxacin,ciprofloxacin_vs_control,not_regulated,b0570,b0570,142.4152271767803,0.3719468823019261,1.2940980070100887,0.23923783223127076,0.31091932082526896,0.18870810236107285,BH_from_pvalue
fluoroquinolone,ciprofloxacin,ciprofloxacin_vs_control,not_regulated,b2487,b2487,65.47015738358624,-0.26906043395069723,0.8298598223471622,0.13956213353331953,0.20023938648576436,0.1879253930179606,BH_from_pvalue
fluoroquinolone,ciprofloxacin,ciprofloxacin_vs_control,not_regulated,b3928,b3928,3006.345125364336,-0.27311519118523186,0.82753073970747,0.14422499230698374,0.20529240993570028,0.18780140880721305,BH_from_pvalue
fluoroquinolone,ciprofloxacin,ciprofloxacin_vs_control,not_regulated,b3376,b3376,77.0227588872856,0.2586168759149672,1.1963312216732573,0.12995102063208497,0.18898147132334892,0.1871301992737747,BH_from_pvalue
fluoroquinolone,ciprofloxacin,ciprofloxacin_vs_control,not_regulated,b1526,b1526,119.07303317014517,-0.27156043272833674,0.8284230308039194,0.14434664525740537,0.2053356136520586,0.18670749751639498,BH_from_pvalue
fluoroquinolone,ciprofloxacin,ciprofloxacin_vs_control,not_regulated,b3731,b3731,4296.0321927348605,0.24774039722420937,1.1873459923301641,0.11926481300536221,0.17658101675382462,0.18656238931208488,BH_from_pvalue
fluoroquinolone,ciprofloxacin,ciprofloxacin_vs_control,not_regulated,b4551,b4551,41.962760820578815,-0.4206499028769697,0.747088001534672,0.2888255178067031,0.3624973557506871,0.18537837501451637,BH_from_pvalue
fluoroquinolone,ciprofloxacin,ciprofloxacin_vs_control,not_regulated,b0588,b0588,58.428787518700524,0.43087988688025813,1.3480554932619424,0.2975206014138461,0.3715290575123486,0.1852814597867294,BH_from_pvalue
fluoroquinolone,ciprofloxacin,ciprofloxacin_vs_control,not_regulated,b0300,b0300,44.42080607075868,0.33695904535707744,1.2630914052092563,0.21262953447866084,0.28200551210510827,0.18524067525282253,BH_from_pvalue
fluoroquinolone,ciprofloxacin,ciprofloxacin_vs_control,not_regulated,b1389,b1389,4.844883609981239,0.5011375767165047,1.4153291209689605,0.3518745141571686,0.4284600878935962,0.18446354391533745,BH_from_pvalue
fluoroquinolone,ciprofloxacin,ciprofloxacin_vs_control,not_regulated,b3014,b3014,12.402377510983285,0.35235171160415835,1.2766399602786997,0.23066944750280063,0.3012634073367007,0.18359413353205892,BH_from_pvalue
fluoroquinolone,ciprofloxacin,ciprofloxacin_vs_control,not_regulated,b0687,b0687,769.5676419902903,-0.21877451697675632,0.8592950461860049,0.0935759188609684,0.1455913120154396,0.18308463556708146,BH_from_pvalue
fluoroquinolone,ciprofloxacin,ciprofloxacin_vs_control,not_regulated,b3463,b3463,546.7282077736501,0.2605751779213481,1.1979562141479703,0.13850488353815993,0.19891282444273417,0.1827510698014291,BH_from_pvalue
fluoroquinolone,ciprofloxacin,ciprofloxacin_vs_control,not_regulated,b4399,b4399,163.3660743993072,0.24606561915145875,1.1859684404523445,0.1240272290637538,0.1821109395679981,0.18200587150219472,BH_from_pvalue
fluoroquinolone,ciprofloxacin,ciprofloxacin_vs_control,not_regulated,b4071,b4071,84.3955272357392,0.9785819008012968,1.9705275238100854,0.5830358434884525,0.651713524853643,0.18196071478350315,BH_from_pvalue
fluoroquinolone,ciprofloxacin,ciprofloxacin_vs_control,not_regulated,b4533,b4533,0.4140618495399189,-0.6002994279977001,0.6596170391974685,0.4226497308103741,0.4988398029874216,0.18131377948358857,BH_from_pvalue
fluoroquinolone,ciprofloxacin,ciprofloxacin_vs_control,not_regulated,b0950,b0950,458.2122606351317,-0.22195211042519958,0.8574044972957497,0.10022762892699899,0.15339362875591747,0.1807117832960688,BH_from_pvalue
fluoroquinolone,ciprofloxacin,ciprofloxacin_vs_control,not_regulated,b1317,b1317,5.550325545254204,0.43015103177294245,1.34737462242342,0.30671196111689947,0.38089188324235607,0.18031857352003888,BH_from_pvalue
fluoroquinolone,ciprofloxacin,ciprofloxacin_vs_control,not_regulated,b1177,b1177,66.04312752086871,-0.2320242698638637,0.8514393842147455,0.11134356214277039,0.16711271838479416,0.18028065256315343,BH_from_pvalue
fluoroquinolone,ciprofloxacin,ciprofloxacin_vs_control,not_regulated,b0594,b0594,138.56591721172856,-0.5819536052771808,0.6680585225236408,0.41102448350753745,0.4906550230405795,0.17995387658188328,BH_from_pvalue
fluoroquinolone,ciprofloxacin,ciprofloxacin_vs_control,not_regulated,b4595,b4595,139.23664058246845,0.29162455631078643,1.2240178153256982,0.17600444532135534,0.24276847441136348,0.17929302588856064,BH_from_pvalue
fluoroquinolone,ciprofloxacin,ciprofloxacin_vs_control,not_regulated,b3063,b3063,21.66384149863775,0.44038388043936827,1.3569653484132107,0.3179597984275249,0.3922887679631937,0.17896942238920083,BH_from_pvalue
fluoroquinolone,ciprofloxacin,ciprofloxacin_vs_control,not_regulated,b2239,b2239,410.7069124236098,0.3354240353796314,1.2617482060163525,0.22311483173516466,0.29335589393299344,0.1786485793341695,BH_from_pvalue
fluoroquinolone,ciprofloxacin,ciprofloxacin_vs_control,not_regulated,b3031,b3031,591.3525200603751,-0.3191844547149483,0.8015228447333016,0.2072647007623085,0.2771333602939547,0.177885069020683,BH_from_pvalue
fluoroquinolone,ciprofloxacin,ciprofloxacin_vs_control,not_regulated,b2444,b2444,2.940780643577457,-0.7366412140596497,0.6001349210612439,0.5032124046027807,0.5765281191806693,0.1761894815869286,BH_from_pvalue
fluoroquinolone,ciprofloxacin,ciprofloxacin_vs_control,not_regulated,b3290,b3290,999.9170089535842,-0.21663405192308538,0.860570891793573,0.10063274655802326,0.15396125646870362,0.17603435085017016,BH_from_pvalue
fluoroquinolone,ciprofloxacin,ciprofloxacin_vs_control,not_regulated,b1297,b1297,606.0990601851344,-0.5705273927322327,0.673370585554411,0.41228364209813856,0.4920010009852484,0.17574184268142728,BH_from_pvalue
fluoroquinolone,ciprofloxacin,ciprofloxacin_vs_control,not_regulated,b3685,b3685,595.8554427189076,0.3503611629497403,1.274879739596007,0.24337265493468466,0.3152001733072881,0.17567583533524603,BH_from_pvalue
fluoroquinolone,ciprofloxacin,ciprofloxacin_vs_control,not_regulated,b2187,b2187,198.01700758056484,-0.36834187216266034,0.7746723368652946,0.260466336383689,0.33359270531145585,0.17561931030927314,BH_from_pvalue
fluoroquinolone,ciprofloxacin,ciprofloxacin_vs_control,not_regulated,b1876,b1876,1257.1411908839254,0.18008270632786783,1.132948832737326,0.061895247407216636,0.10593790823350854,0.1755713835985613,BH_from_pvalue
fluoroquinolone,ciprofloxacin,ciprofloxacin_vs_control,not_regulated,b2356,b2356,0.3870839914035291,0.5774236379942644,1.4921821319208999,0.4226497308103741,0.4988398029874216,0.17440440101219729,BH_from_pvalue
fluoroquinolone,ciprofloxacin,ciprofloxacin_vs_control,not_regulated,b4587,b4587,74.9233823894552,-0.2938664147456729,0.8157130201714003,0.18755137988475115,0.2550199838940782,0.17438790815460803,BH_from_pvalue
fluoroquinolone,ciprofloxacin,ciprofloxacin_vs_control,not_regulated,b0103,b0103,299.567031963081,0.19688059411944892,1.1462173141527128,0.08131478120549769,0.13025423285695464,0.17428030739325898,BH_from_pvalue
fluoroquinolone,ciprofloxacin,ciprofloxacin_vs_control,not_regulated,b0776,b0776,37.4254046648472,-0.5809271902772846,0.6685339863268296,0.4259503536928004,0.5018136958905751,0.17396299813150026,BH_from_pvalue
fluoroquinolone,ciprofloxacin,ciprofloxacin_vs_control,not_regulated,b1252,b1252,357.69896140072814,-0.4210945855737851,0.7468577616687305,0.3121919016493605,0.38673620865293956,0.17373737893001445,BH_from_pvalue
fluoroquinolone,ciprofloxacin,ciprofloxacin_vs_control,not_regulated,b1878,b1878,8.025404891457349,0.6760959196426626,1.5978100620534974,0.48023879244341544,0.5548713301850713,0.17295055185090183,BH_from_pvalue
fluoroquinolone,ciprofloxacin,ciprofloxacin_vs_control,not_regulated,b2997,b2997,892.6327986560271,0.2602049828377275,1.1976488584039793,0.15631643168465587,0.21923373874899799,0.17149918120722338,BH_from_pvalue
fluoroquinolone,ciprofloxacin,ciprofloxacin_vs_control,not_regulated,b1020,b1020,771.2090407726517,-0.3960030974372746,0.7599607965784408,0.29510815139228036,0.3690287642375527,0.17144549431794462,BH_from_pvalue
fluoroquinolone,ciprofloxacin,ciprofloxacin_vs_control,not_regulated,b0592,b0592,108.5229407645371,-0.4009838610852583,0.7573416300017344,0.2999913856717894,0.37397632231802835,0.17128261948257462,BH_from_pvalue
fluoroquinolone,ciprofloxacin,ciprofloxacin_vs_control,not_regulated,b3365,b3365,1437.7941597521306,-0.9267370147908824,0.5260467725905705,0.5868982300008027,0.6548916493534137,0.17036257263820784,BH_from_pvalue
fluoroquinolone,ciprofloxacin,ciprofloxacin_vs_control,not_regulated,b3418,b3418,7817.396314294902,-0.3411325866219226,0.7894213339332252,0.24529561441366707,0.31714276333218583,0.1701382381039187,BH_from_pvalue
fluoroquinolone,ciprofloxacin,ciprofloxacin_vs_control,not_regulated,b2387,b2387,5.553490507407296,0.4140724643191711,1.3324417498797654,0.317929611465502,0.3922887679631937,0.16827661741964675,BH_from_pvalue
fluoroquinolone,ciprofloxacin,ciprofloxacin_vs_control,not_regulated,b0566,b0566,15.165770782557132,-0.49438703245543314,0.7098632183965653,0.3793458883789334,0.4573298863383657,0.16797808803276032,BH_from_pvalue
fluoroquinolone,ciprofloxacin,ciprofloxacin_vs_control,not_regulated,b2676,b2676,46.58577513176957,-0.4465735201364147,0.7337835562147161,0.3449076408485064,0.4207742252608033,0.1678897038469582,BH_from_pvalue
fluoroquinolone,ciprofloxacin,ciprofloxacin_vs_control,not_regulated,b1224,b1224,23201.8288968061,0.8593467153318421,1.8142166066405525,0.5681594904106513,0.6379384393078156,0.1677627214095369,BH_from_pvalue
fluoroquinolone,ciprofloxacin,ciprofloxacin_vs_control,not_regulated,b1089,b1089,1739.3512426534542,0.21999814834236453,1.1647320915673205,0.11607156739149829,0.17285760304734277,0.1677071214291122,BH_from_pvalue
fluoroquinolone,ciprofloxacin,ciprofloxacin_vs_control,not_regulated,b3607,b3607,1320.120697850156,-0.1816017307392812,0.8817235322190659,0.07239549907931671,0.11963076960277977,0.16746532598626443,BH_from_pvalue
fluoroquinolone,ciprofloxacin,ciprofloxacin_vs_control,not_regulated,b2490,b2490,8.268858244350632,-0.36878088006665166,0.7744366421892104,0.2781338665882542,0.3525066587528789,0.16699603236996033,BH_from_pvalue
fluoroquinolone,ciprofloxacin,ciprofloxacin_vs_control,not_regulated,b2172,b2172,439.2450807554167,-0.3165890680268255,0.8029660700614514,0.22635161568089188,0.2969235648563835,0.16695493369740663,BH_from_pvalue
fluoroquinolone,ciprofloxacin,ciprofloxacin_vs_control,not_regulated,b4280,b4280,148.0961703702789,0.2895777620964344,1.2222824962379786,0.19762438420291562,0.26590322469180805,0.16658725128587956,BH_from_pvalue
fluoroquinolone,ciprofloxacin,ciprofloxacin_vs_control,not_regulated,b2448,b2448,5.396524054101452,0.4403328779681157,1.356917377524778,0.3433459736964758,0.41898268846629083,0.16635948777536524,BH_from_pvalue
fluoroquinolone,ciprofloxacin,ciprofloxacin_vs_control,not_regulated,b2624,b2624,3.0518528578092607,-0.5541811151886382,0.6810435141031156,0.4252420687332522,0.5012418304932308,0.16622811773170965,BH_from_pvalue
fluoroquinolone,ciprofloxacin,ciprofloxacin_vs_control,not_regulated,b3807,b3807,167.42978882008654,0.2758860682358808,1.210737466444157,0.18262082097614019,0.2503591748706731,0.16592794809383954,BH_from_pvalue
fluoroquinolone,ciprofloxacin,ciprofloxacin_vs_control,not_regulated,b1233,b1233,207.2002689925756,-0.2553309629213478,0.8377949174268297,0.16082600922383009,0.22451750139316812,0.16564591102563786,BH_from_pvalue
fluoroquinolone,ciprofloxacin,ciprofloxacin_vs_control,not_regulated,b3123,b3123,176278.05009722782,-0.23025593937711264,0.8524836446358196,0.13214445567586885,0.19167551165109906,0.1651932942692732,BH_from_pvalue
fluoroquinolone,ciprofloxacin,ciprofloxacin_vs_control,not_regulated,b0156,b0156,1500.7380060012931,-0.38154836711331086,0.7676133102508483,0.29502208771782257,0.3690237348595011,0.1651897248840354,BH_from_pvalue
fluoroquinolone,ciprofloxacin,ciprofloxacin_vs_control,not_regulated,b4195,b4195,19.212353727235712,-0.4928999651234607,0.7105952917731304,0.38468117691482767,0.46276970681008156,0.16494161826246995,BH_from_pvalue
fluoroquinolone,ciprofloxacin,ciprofloxacin_vs_control,not_regulated,b0969,b0969,184.0365388360137,-0.22892127513974003,0.8532726581515351,0.13132677854925254,0.19067393476905675,0.16475662673776356,BH_from_pvalue
fluoroquinolone,ciprofloxacin,ciprofloxacin_vs_control,not_regulated,b0318,b0318,23.051933593168854,0.2745987192173782,1.2096575802268137,0.18603666717755657,0.2532666249893007,0.16377672746446814,BH_from_pvalue
fluoroquinolone,ciprofloxacin,ciprofloxacin_vs_control,not_regulated,b1689,b1689,10.026115741824343,0.41572578084605993,1.333969592331619,0.32965469265634995,0.4044032034674262,0.16345731276069006,BH_from_pvalue
fluoroquinolone,ciprofloxacin,ciprofloxacin_vs_control,not_regulated,b3620,b3620,614.2378976761764,-0.16348638108528135,0.8928647868164632,0.05762214016818834,0.10058108207210786,0.16307499972581388,BH_from_pvalue
fluoroquinolone,ciprofloxacin,ciprofloxacin_vs_control,not_regulated,b4203,b4203,5802.732838662408,0.39502262191531656,1.3149633790858066,0.3119962780694158,0.38660034676480226,0.163040752419973,BH_from_pvalue
fluoroquinolone,ciprofloxacin,ciprofloxacin_vs_control,not_regulated,b4093,b4093,51.233558744649976,0.3375095556580314,1.2635734734865014,0.257483511525437,0.3303368040049674,0.16235662177529822,BH_from_pvalue
fluoroquinolone,ciprofloxacin,ciprofloxacin_vs_control,not_regulated,b0784,b0784,17.699340339474848,-0.3885663474655803,0.7638883278717862,0.3083904113848695,0.38265932976803946,0.16210509827103825,BH_from_pvalue
fluoroquinolone,ciprofloxacin,ciprofloxacin_vs_control,not_regulated,b0847,b0847,866.6315406945406,0.22046624615556354,1.165110062648183,0.12649191839785326,0.1849850781228723,0.1615716212869172,BH_from_pvalue
fluoroquinolone,ciprofloxacin,ciprofloxacin_vs_control,not_regulated,b1055,b1055,282.2451512054434,0.3320511150370953,1.2588017723685285,0.2544721974659497,0.3270532423739717,0.16117148189336278,BH_from_pvalue
fluoroquinolone,ciprofloxacin,ciprofloxacin_vs_control,not_regulated,b2355,b2355,1.1354338153565313,0.4611846098543638,1.3766717517156488,0.3735251122182686,0.45084112584477753,0.15955902534802524,BH_from_pvalue
fluoroquinolone,ciprofloxacin,ciprofloxacin_vs_control,not_regulated,b3917,b3917,174.36576662014136,-0.5054634487840026,0.704434050081514,0.405650131257039,0.48514073129331603,0.15878237626368788,BH_from_pvalue
fluoroquinolone,ciprofloxacin,ciprofloxacin_vs_control,not_regulated,b4192,b4192,56.13667383280034,0.3919456949408655,1.312161862054649,0.3212495376930859,0.39599353810454924,0.15768441758670576,BH_from_pvalue
fluoroquinolone,ciprofloxacin,ciprofloxacin_vs_control,not_regulated,b0890,b0890,7242.659026170204,-0.14932068514658603,0.9016749299935592,0.04893541291619615,0.0887845575162786,0.1570349748085758,BH_from_pvalue
fluoroquinolone,ciprofloxacin,ciprofloxacin_vs_control,not_regulated,b2524,b2524,194.71757126319002,-0.3519597007507578,0.7835190729255967,0.28483883185263403,0.3585796433454094,0.15676790805100366,BH_from_pvalue
fluoroquinolone,ciprofloxacin,ciprofloxacin_vs_control,not_regulated,b2510,b2510,180.39309189040875,-0.27091500947140457,0.8287937280718111,0.1961895633564046,0.2646852597411842,0.15639117356150684,BH_from_pvalue
fluoroquinolone,ciprofloxacin,ciprofloxacin_vs_control,not_regulated,b4700,b4700,1.1017575335307794,-0.5683399736671065,0.6743923266851306,0.45650812349925635,0.5316865715949392,0.15592083689476827,BH_from_pvalue
fluoroquinolone,ciprofloxacin,ciprofloxacin_vs_control,not_regulated,b1196,b1196,26.902183688418976,0.31113350076188073,1.2406820997613357,0.24374126154343273,0.31549588328701017,0.15587984502653102,BH_from_pvalue
fluoroquinolone,ciprofloxacin,ciprofloxacin_vs_control,not_regulated,b2446,b2446,5.709510626988802,-0.39948617545948295,0.7581282471256262,0.3329420686020285,0.4078358999378879,0.15560567702991396,BH_from_pvalue
fluoroquinolone,ciprofloxacin,ciprofloxacin_vs_control,not_regulated,b2315,b2315,436.6680170596517,0.27581759654098015,1.2106800050425424,0.20383552005344194,0.27303519035151336,0.15550082381930622,BH_from_pvalue
fluoroquinolone,ciprofloxacin,ciprofloxacin_vs_control,not_regulated,b4649,b4649,0.7283670416880451,0.536405482114336,1.4503544104469734,0.4379443540264715,0.5132552643072092,0.15537874552285838,BH_from_pvalue
fluoroquinolone,ciprofloxacin,ciprofloxacin_vs_control,not_regulated,b0723,b0723,5192.980733774631,0.3122773418063449,1.2416661648625928,0.24622265304886823,0.3182498544292555,0.1552742204951939,BH_from_pvalue
fluoroquinolone,ciprofloxacin,ciprofloxacin_vs_control,not_regulated,b0461,b0461,565.8126087216006,0.37709884676047345,1.2987275824608013,0.31316830791427097,0.3877321907510021,0.1551641614484483,BH_from_pvalue
fluoroquinolone,ciprofloxacin,ciprofloxacin_vs_control,not_regulated,b2443,b2443,62.0022185550179,-0.34497785588057717,0.7873200611575346,0.28139703596098853,0.35524105185308064,0.1550595609062041,BH_from_pvalue
fluoroquinolone,ciprofloxacin,ciprofloxacin_vs_control,not_regulated,b0800,b0800,1143.4989357494715,-0.2343012497181931,0.8500966325182799,0.1551295419211083,0.21798584178729935,0.15500707912714679,BH_from_pvalue
fluoroquinolone,ciprofloxacin,ciprofloxacin_vs_control,not_regulated,b3023,b3023,213.74383855184757,-0.3092351068835031,0.807069540770368,0.24702926171941156,0.3191803236490827,0.15336944629713553,BH_from_pvalue
fluoroquinolone,ciprofloxacin,ciprofloxacin_vs_control,not_regulated,b4652,b4652,1.7439594480328602,0.6754383790655727,1.5970819902614994,0.521424183030183,0.594214840453449,0.15268723994777103,BH_from_pvalue
fluoroquinolone,ciprofloxacin,ciprofloxacin_vs_control,not_regulated,b3780,b3780,3648.93915178046,0.22077708096557558,1.1653611176332035,0.14472264078166688,0.2056753359355253,0.15163362565586566,BH_from_pvalue
fluoroquinolone,ciprofloxacin,ciprofloxacin_vs_control,not_regulated,b2010,b2010,100.86442458790428,0.24731073706705686,1.1869924322969605,0.17811364716655806,0.2453380418925243,0.15091769366770985,BH_from_pvalue
fluoroquinolone,ciprofloxacin,ciprofloxacin_vs_control,not_regulated,b0210,b0210,144.00917722125084,-0.2134598896325759,0.862466371276186,0.13690553712971035,0.19711943214130512,0.15054697603166425,BH_from_pvalue
fluoroquinolone,ciprofloxacin,ciprofloxacin_vs_control,not_regulated,b3515,b3515,621.3071793855091,0.34700965327646927,1.2719215173217822,0.2942775941253717,0.3682973339944134,0.15053328203669197,BH_from_pvalue
fluoroquinolone,ciprofloxacin,ciprofloxacin_vs_control,not_regulated,b1911,b1911,59.32162871085703,0.3035596939897953,1.2341858797415404,0.24798205960645675,0.3202478622193059,0.15011444585982228,BH_from_pvalue
fluoroquinolone,ciprofloxacin,ciprofloxacin_vs_control,not_regulated,b4127,b4127,142.30747945774445,0.4063591784615639,1.3253369365472398,0.35102856728141446,0.4276615643639768,0.14990581143462486,BH_from_pvalue
fluoroquinolone,ciprofloxacin,ciprofloxacin_vs_control,not_regulated,b4422,b4422,0.756050858432336,0.5225489542655285,1.4364910002357325,0.44270597066696216,0.5180258730645151,0.14926535038727962,BH_from_pvalue
fluoroquinolone,ciprofloxacin,ciprofloxacin_vs_control,not_regulated,b3247,b3247,927.7476392157354,0.22627469034722658,1.169810375726866,0.15635878921893853,0.21923373874899799,0.14913597618024108,BH_from_pvalue
fluoroquinolone,ciprofloxacin,ciprofloxacin_vs_control,not_regulated,b4041,b4041,3693.297162693472,0.23026775471470806,1.173052639888101,0.161387976630764,0.22516225771872722,0.14909938557329416,BH_from_pvalue
fluoroquinolone,ciprofloxacin,ciprofloxacin_vs_control,not_regulated,b0964,b0964,124.65440292704734,-0.23673490257703733,0.8486638306578081,0.16977082533653737,0.23532486051271034,0.14874815980107917,BH_from_pvalue
fluoroquinolone,ciprofloxacin,ciprofloxacin_vs_control,not_regulated,b3042,b3042,505.5357942266537,-0.23791866647582616,0.8479677684038635,0.1715613621837617,0.23751400649509388,0.14853518691186107,BH_from_pvalue
fluoroquinolone,ciprofloxacin,ciprofloxacin_vs_control,not_regulated,b2578,b2578,73.1574932547564,-0.3732868932138249,0.772021594212168,0.32741280768294817,0.402158058153441,0.14767349872883725,BH_from_pvalue
fluoroquinolone,ciprofloxacin,ciprofloxacin_vs_control,not_regulated,b0160,b0160,303.00599669472626,0.21416464173033667,1.1600320309106031,0.14323741999856374,0.20440864228359182,0.14766668032989244,BH_from_pvalue
fluoroquinolone,ciprofloxacin,ciprofloxacin_vs_control,not_regulated,b2039,b2039,490.2726437788319,-0.21400104929049313,0.862142917969834,0.14318107279274034,0.20440864228359182,0.1475538832205116,BH_from_pvalue
fluoroquinolone,ciprofloxacin,ciprofloxacin_vs_control,not_regulated,b2563,b2563,57.9958612333028,0.3105139476956893,1.240149413814633,0.2626685224640429,0.3358394013767097,0.14714273294001382,BH_from_pvalue
fluoroquinolone,ciprofloxacin,ciprofloxacin_vs_control,not_regulated,b3350,b3350,247.18309207812274,-0.3518241906795412,0.7835926710935608,0.3075406974087746,0.38181563812991115,0.1471139793814773,BH_from_pvalue
fluoroquinolone,ciprofloxacin,ciprofloxacin_vs_control,not_regulated,b1132,b1132,451.735080200257,-0.21363906134645383,0.8623592661859041,0.1450024324445349,0.2060078778065439,0.14658121490828718,BH_from_pvalue
fluoroquinolone,ciprofloxacin,ciprofloxacin_vs_control,not_regulated,b2209,b2209,1179.5609223212857,-0.22883238916334747,0.8533252308073364,0.16453208996962734,0.22883900454031655,0.14656026886923032,BH_from_pvalue
fluoroquinolone,ciprofloxacin,ciprofloxacin_vs_control,not_regulated,b3322,b3322,23.12072980432774,-0.17502620952514647,0.8857514274582292,0.09344649466872959,0.14544025364011962,0.14655213656701416,BH_from_pvalue
fluoroquinolone,ciprofloxacin,ciprofloxacin_vs_control,not_regulated,b3487,b3487,847.3646943229514,0.2529326492716901,1.191626943402092,0.19632290327830032,0.26470636059526226,0.14600173537097355,BH_from_pvalue
fluoroquinolone,ciprofloxacin,ciprofloxacin_vs_control,not_regulated,b2632,b2632,42.38339448014061,0.3586638929886554,1.2822378429254904,0.3172899227929657,0.39175681381354915,0.14597026537539978,BH_from_pvalue
fluoroquinolone,ciprofloxacin,ciprofloxacin_vs_control,not_regulated,b0049,b0049,657.1134135456441,-0.2289365849712226,0.8532636032986934,0.16606581794326475,0.23068685889709847,0.14582737214557254,BH_from_pvalue
fluoroquinolone,ciprofloxacin,ciprofloxacin_vs_control,not_regulated,b0178,b0178,3802.3657821424963,-0.19706212213580443,0.8723251428304355,0.12419875110606857,0.18226622592988462,0.14568680491027536,BH_from_pvalue
fluoroquinolone,ciprofloxacin,ciprofloxacin_vs_control,not_regulated,b3516,b3516,1792.332777906084,-0.27202160128579855,0.8281582613354397,0.2227123689703783,0.2929123495990531,0.1450588695015586,BH_from_pvalue
fluoroquinolone,ciprofloxacin,ciprofloxacin_vs_control,not_regulated,b2180,b2180,292.6634473529812,-0.2891728886358962,0.8183711043548471,0.24456907024657032,0.31629432949082037,0.14456001218800069,BH_from_pvalue
fluoroquinolone,ciprofloxacin,ciprofloxacin_vs_control,not_regulated,b3749,b3749,1532.2363211395457,-0.2742517942972249,0.8268790402305073,0.2279906492274025,0.29837123660891957,0.1440488477411096,BH_from_pvalue
fluoroquinolone,ciprofloxacin,ciprofloxacin_vs_control,not_regulated,b4449,b4449,1.8433321259496689,-0.5491584880042719,0.6834186445409216,0.4719621153181813,0.546994484591904,0.14388888848412737,BH_from_pvalue
fluoroquinolone,ciprofloxacin,ciprofloxacin_vs_control,not_regulated,b2929,b2929,206.18901945230382,-0.24459428077962375,0.8440531300227998,0.19051650811914494,0.2583501782126879,0.14377037426021436,BH_from_pvalue
fluoroquinolone,ciprofloxacin,ciprofloxacin_vs_control,not_regulated,b3211,b3211,103.20872477229416,0.2928938103844727,1.2250951554171332,0.2510344177599568,0.32335418415930284,0.14361213683269633,BH_from_pvalue
fluoroquinolone,ciprofloxacin,ciprofloxacin_vs_control,not_regulated,b0617,b0617,0.28035558816443895,0.4744603543494332,1.3893984127894425,0.42264973081037416,0.4988398029874216,0.14330548398015133,BH_from_pvalue
fluoroquinolone,ciprofloxacin,ciprofloxacin_vs_control,not_regulated,b0430,b0430,1587.2863211397018,0.20102072234966428,1.149511359081417,0.13429585696304927,0.19410757217859756,0.14311821542688388,BH_from_pvalue
fluoroquinolone,ciprofloxacin,ciprofloxacin_vs_control,not_regulated,b2346,b2346,1473.9386180254385,-0.1880288816170843,0.8778042244852364,0.11674538516793558,0.1737084824629091,0.1429356022613858,BH_from_pvalue
fluoroquinolone,ciprofloxacin,ciprofloxacin_vs_control,not_regulated,b3484,b3484,2.810508714919115,0.615901976253777,1.5325158300610047,0.5157663274272727,0.5885126688908859,0.14180784774843389,BH_from_pvalue
fluoroquinolone,ciprofloxacin,ciprofloxacin_vs_control,not_regulated,b1442,b1442,673.4704431653886,-0.2883919753720168,0.818814198581638,0.25094813853804093,0.32333564226413863,0.14141197243744347,BH_from_pvalue
fluoroquinolone,ciprofloxacin,ciprofloxacin_vs_control,not_regulated,b0696,b0696,60.85991194619666,0.24156497742081484,1.1822744497496056,0.19221981557676557,0.26034469450897063,0.14118295742145734,BH_from_pvalue
fluoroquinolone,ciprofloxacin,ciprofloxacin_vs_control,not_regulated,b3568,b3568,95.09653686869704,-0.2320715132686395,0.8514115028983739,0.17955455903304518,0.2469836105598279,0.14094442493811146,BH_from_pvalue
fluoroquinolone,ciprofloxacin,ciprofloxacin_vs_control,not_regulated,b3097,b3097,2806.094805294379,-0.28861118979062717,0.8186897909715133,0.25264838945403073,0.3250607710996082,0.14085248863952385,BH_from_pvalue
fluoroquinolone,ciprofloxacin,ciprofloxacin_vs_control,not_regulated,b4475,b4475,225.2082571186511,-0.24367804078086763,0.8445893492816462,0.1963052426276335,0.26470636059526226,0.1406596456734603,BH_from_pvalue
fluoroquinolone,ciprofloxacin,ciprofloxacin_vs_control,not_regulated,b3572,b3572,641.9234989469049,0.1888711179189997,1.1398714385836097,0.1227745481090998,0.18064766679579028,0.14036290359291695,BH_from_pvalue
fluoroquinolone,ciprofloxacin,ciprofloxacin_vs_control,not_regulated,b0131,b0131,1204.1877399723683,-0.18804480959327918,0.8777945332010677,0.12271422883240501,0.18061799780371654,0.1397622317798989,BH_from_pvalue
fluoroquinolone,ciprofloxacin,ciprofloxacin_vs_control,not_regulated,b2666,b2666,132.1980066715481,0.3847735121971567,1.3056547970590506,0.35768154752703374,0.4340036689443209,0.13948293731850234,BH_from_pvalue
fluoroquinolone,ciprofloxacin,ciprofloxacin_vs_control,not_regulated,b3411,b3411,55.500754692727604,0.24245201258481508,1.1830015898915514,0.19781570286033195,0.26608105007947763,0.13940652604737241,BH_from_pvalue
fluoroquinolone,ciprofloxacin,ciprofloxacin_vs_control,not_regulated,b0155,b0155,1017.935508681317,-0.21646761075930243,0.8606701800557186,0.16307515696153657,0.2271638451573216,0.1393317130714718,BH_from_pvalue
fluoroquinolone,ciprofloxacin,ciprofloxacin_vs_control,not_regulated,b1286,b1286,1419.3818936387217,-0.2633860444647951,0.833130243646562,0.22546336348791585,0.2960975792609184,0.13921668229912537,BH_from_pvalue
fluoroquinolone,ciprofloxacin,ciprofloxacin_vs_control,not_regulated,b0084,b0084,1285.6934660900426,0.15949447429888153,1.1168957050927437,0.08515004909292256,0.13528962233131958,0.13855851436156816,BH_from_pvalue
fluoroquinolone,ciprofloxacin,ciprofloxacin_vs_control,not_regulated,b4149,b4149,930.9306944831342,-0.29363121627251587,0.8158460143878037,0.26696582925646123,0.33998083238832466,0.13757960475899172,BH_from_pvalue
fluoroquinolone,ciprofloxacin,ciprofloxacin_vs_control,not_regulated,b0698,b0698,40.575009719550565,-0.37581397718256326,0.7706704731211659,0.3541029891565209,0.4307072053072014,0.13747946596502425,BH_from_pvalue
fluoroquinolone,ciprofloxacin,ciprofloxacin_vs_control,not_regulated,b1351,b1351,2.96948605522838,0.6447450110884878,1.5634629278224623,0.5424470293024763,0.6121241188666681,0.13743417417562392,BH_from_pvalue
fluoroquinolone,ciprofloxacin,ciprofloxacin_vs_control,not_regulated,b1350,b1350,37.33767631250064,-0.3321899182833592,0.7943298265841684,0.31344469480990284,0.38793133633151805,0.13661148862972014,BH_from_pvalue
fluoroquinolone,ciprofloxacin,ciprofloxacin_vs_control,not_regulated,b2644,b2644,0.25805599426901943,0.4498518303615328,1.3658999670246041,0.4226497308103741,0.4988398029874216,0.13587275244042402,BH_from_pvalue
fluoroquinolone,ciprofloxacin,ciprofloxacin_vs_control,not_regulated,b1929,b1929,391.12438895302034,-0.24655000262800364,0.8429097041865965,0.2120483465031352,0.28168737819583645,0.1356598520277497,BH_from_pvalue
fluoroquinolone,ciprofloxacin,ciprofloxacin_vs_control,not_regulated,b1441,b1441,1457.2554295113061,-0.3087931791914542,0.8073168009342507,0.2898610562070574,0.36368062226481,0.1356466178949846,BH_from_pvalue
fluoroquinolone,ciprofloxacin,ciprofloxacin_vs_control,not_regulated,b2531,b2531,1005.6777727473723,-0.38188381076851563,0.7674348518277272,0.36478311810502206,0.44161309974664975,0.1355527337273186,BH_from_pvalue
fluoroquinolone,ciprofloxacin,ciprofloxacin_vs_control,not_regulated,b3953,b3953,16.180928194390734,-0.3228777576635733,0.7994735684217503,0.3086536234127296,0.38277474444732773,0.13465834011708144,BH_from_pvalue
fluoroquinolone,ciprofloxacin,ciprofloxacin_vs_control,not_regulated,b3570,b3570,1192.307445299224,-0.35083565009162676,0.7841297760135166,0.3398018196981471,0.41488289495175507,0.13404534512307514,BH_from_pvalue
fluoroquinolone,ciprofloxacin,ciprofloxacin_vs_control,not_regulated,b4079,b4079,722.5488158307672,-0.27278943431194946,0.8277176151423362,0.2513668211179047,0.3236896539903622,0.13363168251958943,BH_from_pvalue
fluoroquinolone,ciprofloxacin,ciprofloxacin_vs_control,not_regulated,b2608,b2608,7554.542077413754,0.22859477507052617,1.1716931316774766,0.19276141147957998,0.2609996474518816,0.13335306611026818,BH_from_pvalue
fluoroquinolone,ciprofloxacin,ciprofloxacin_vs_control,not_regulated,b3296,b3296,12428.103732502716,0.26144281019891125,1.1986768779426624,0.2384279767217957,0.3100459784026126,0.13296298895663575,BH_from_pvalue
fluoroquinolone,ciprofloxacin,ciprofloxacin_vs_control,not_regulated,b1372,b1372,57.46751912325042,-0.25007779026081245,0.8408510752573299,0.22419160707569408,0.2945994299230125,0.13273331306184943,BH_from_pvalue
fluoroquinolone,ciprofloxacin,ciprofloxacin_vs_control,not_regulated,b0029,b0029,902.1348842994499,-0.1656725690041494,0.8915128087874394,0.10452560536081187,0.1585686923821018,0.13250203055660997,BH_from_pvalue
fluoroquinolone,ciprofloxacin,ciprofloxacin_vs_control,not_regulated,b0296,b0296,3.4141390382621744,-0.33595909031944804,0.7922572761942325,0.32871010572739284,0.40342102470990804,0.13244900623915856,BH_from_pvalue
fluoroquinolone,ciprofloxacin,ciprofloxacin_vs_control,not_regulated,b4589,b4589,2.596873911418012,-0.4511802184994158,0.7314442341345866,0.4334588369321934,0.5090594904754585,0.13230023488075215,BH_from_pvalue
fluoroquinolone,ciprofloxacin,ciprofloxacin_vs_control,not_regulated,b4263,b4263,1158.214408413967,-0.26321160598148374,0.8332309848000097,0.24447126531538735,0.31625877232919536,0.1315945952474885,BH_from_pvalue
fluoroquinolone,ciprofloxacin,ciprofloxacin_vs_control,not_regulated,b1461,b1461,109.26076170207533,-0.24108611121864243,0.8461080928060992,0.21500680794006585,0.2846087763726946,0.13157315790597485,BH_from_pvalue
fluoroquinolone,ciprofloxacin,ciprofloxacin_vs_control,not_regulated,b1038,b1038,9.166235337813378,-0.5619289720268323,0.677395838042202,0.511258393042793,0.5842581940819316,0.13115151807807385,BH_from_pvalue
fluoroquinolone,ciprofloxacin,ciprofloxacin_vs_control,not_regulated,b0441,b0441,3050.9542304030024,-0.20245178236187833,0.8690723660101485,0.16247859870227735,0.22641181874621805,0.13060182834960984,BH_from_pvalue
fluoroquinolone,ciprofloxacin,ciprofloxacin_vs_control,not_regulated,b4351,b4351,325.3838363919775,-0.2927434745249151,0.8163481880443648,0.2853358619282658,0.35900439355338176,0.1302416410275986,BH_from_pvalue
fluoroquinolone,ciprofloxacin,ciprofloxacin_vs_control,not_regulated,b1962,b1962,235.970826197214,-0.19768582684767644,0.8719481014622047,0.15670051161192183,0.21945793053267898,0.13020551690876309,BH_from_pvalue
fluoroquinolone,ciprofloxacin,ciprofloxacin_vs_control,not_regulated,b3883,b3883,82.3428901584932,-0.3003323796350168,0.8120652847005179,0.29570388380154694,0.3696709475651357,0.12979905317096468,BH_from_pvalue
fluoroquinolone,ciprofloxacin,ciprofloxacin_vs_control,not_regulated,b2371,b2371,21.844136523851585,0.4657018393544545,1.380989010740319,0.4536291192554474,0.5287441768362277,0.12888503432221296,BH_from_pvalue
fluoroquinolone,ciprofloxacin,ciprofloxacin_vs_control,not_regulated,b3850,b3850,8.029655709733674,-0.28468957367588654,0.8209182277119594,0.278891819986415,0.35305718807283865,0.12872379768894474,BH_from_pvalue
fluoroquinolone,ciprofloxacin,ciprofloxacin_vs_control,not_regulated,b1424,b1424,1110.459946197454,0.20375784520077644,1.1516943154821493,0.16861048786266156,0.2338606149880517,0.12857994409650164,BH_from_pvalue
fluoroquinolone,ciprofloxacin,ciprofloxacin_vs_control,not_regulated,b1343,b1343,712.4254691642928,-0.1865953449969524,0.8786768897822437,0.14344790569155833,0.2046396066605231,0.12856611605786017,BH_from_pvalue
fluoroquinolone,ciprofloxacin,ciprofloxacin_vs_control,not_regulated,b0785,b0785,250.1919690010631,0.23562046282101612,1.177413000774922,0.21539494978323365,0.2849548482720544,0.12846591931389603,BH_from_pvalue
fluoroquinolone,ciprofloxacin,ciprofloxacin_vs_control,not_regulated,b3105,b3105,255.55446678373426,-0.26362888914593885,0.8329900170459872,0.2558251408710558,0.3284902893628344,0.12745862683340223,BH_from_pvalue
fluoroquinolone,ciprofloxacin,ciprofloxacin_vs_control,not_regulated,b0628,b0628,1641.9780668866536,-0.2308014312336617,0.8521613762631647,0.21240021613499152,0.28182187969769673,0.12694662478437715,BH_from_pvalue
fluoroquinolone,ciprofloxacin,ciprofloxacin_vs_control,not_regulated,b1932,b1932,16.527495122923792,-0.3301237289960519,0.7954682595585695,0.3384992596251551,0.41362935881389506,0.1265656885563813,BH_from_pvalue
fluoroquinolone,ciprofloxacin,ciprofloxacin_vs_control,not_regulated,b2202,b2202,133.7500914226333,-0.36549196959277275,0.7762041385594707,0.3736628984324879,0.45084112584477753,0.12645162304780472,BH_from_pvalue
fluoroquinolone,ciprofloxacin,ciprofloxacin_vs_control,not_regulated,b2659,b2659,1274.9333539208474,-0.5598586185599839,0.6783686393358588,0.5223222718120196,0.5950875325761054,0.12620285299639042,BH_from_pvalue
fluoroquinolone,ciprofloxacin,ciprofloxacin_vs_control,not_regulated,b1612,b1612,3583.539211969945,-0.3139699861991847,0.8044251060127907,0.3239215642590653,0.39830486496371675,0.12552029910050394,BH_from_pvalue
fluoroquinolone,ciprofloxacin,ciprofloxacin_vs_control,not_regulated,b3653,b3653,805.2350492177471,-0.2139270337908119,0.8621871501699746,0.19135819264634948,0.25933388084461584,0.12539135007123595,BH_from_pvalue
fluoroquinolone,ciprofloxacin,ciprofloxacin_vs_control,not_regulated,b2199,b2199,133.0578593283999,-0.2617234035818585,0.8340909421029089,0.25947612215486626,0.3325138454280879,0.12515358412062055,BH_from_pvalue
fluoroquinolone,ciprofloxacin,ciprofloxacin_vs_control,not_regulated,b4121,b4121,56.39657767705983,0.24239398444579052,1.182954008110074,0.23434187878731985,0.30552746979285933,0.12482071842141969,BH_from_pvalue
fluoroquinolone,ciprofloxacin,ciprofloxacin_vs_control,not_regulated,b4300,b4300,51.03505156412751,-0.32295505623734755,0.7994307343443213,0.336587498143502,0.4115168705217374,0.12453546004525316,BH_from_pvalue
fluoroquinolone,ciprofloxacin,ciprofloxacin_vs_control,not_regulated,b3698,b3698,102.90628950990735,-0.26747751452989643,0.8307708410273497,0.2727657452744958,0.3461908358478223,0.12322272703760113,BH_from_pvalue
fluoroquinolone,ciprofloxacin,ciprofloxacin_vs_control,not_regulated,b2130,b2130,244.7680355147535,-0.28821923848035436,0.8189122427858944,0.30156782600028126,0.3751250224970313,0.12273065906930375,BH_from_pvalue
fluoroquinolone,ciprofloxacin,ciprofloxacin_vs_control,not_regulated,b3400,b3400,222.08880966894867,-0.20310331206842225,0.8686799763427802,0.1840431056649553,0.25176405475129104,0.12166015851774828,BH_from_pvalue
fluoroquinolone,ciprofloxacin,ciprofloxacin_vs_control,not_regulated,b1568,b1568,0.2176392759988777,-0.4017632304454375,0.7569326111570315,0.42264973081037416,0.4988398029874216,0.12134812457272126,BH_from_pvalue
fluoroquinolone,ciprofloxacin,ciprofloxacin_vs_control,not_regulated,b2643,b2643,0.2176392759988777,-0.4017632304454375,0.7569326111570315,0.42264973081037416,0.4988398029874216,0.12134812457272126,BH_from_pvalue
fluoroquinolone,ciprofloxacin,ciprofloxacin_vs_control,not_regulated,b4419,b4419,0.2176392759988777,-0.4017632304454375,0.7569326111570315,0.42264973081037416,0.4988398029874216,0.12134812457272126,BH_from_pvalue
fluoroquinolone,ciprofloxacin,ciprofloxacin_vs_control,not_regulated,b1826,b1826,28.05542127354707,0.3461556004917279,1.27116878260394,0.36938307239145945,0.4465157376019308,0.12121096302828334,BH_from_pvalue
fluoroquinolone,ciprofloxacin,ciprofloxacin_vs_control,not_regulated,b3303,b3303,8759.140799958166,0.25655629637095245,1.1946237395281987,0.26489420880177894,0.337916662277482,0.12088686214995162,BH_from_pvalue
fluoroquinolone,ciprofloxacin,ciprofloxacin_vs_control,not_regulated,b4287,b4287,103.12558562349712,0.49206846167139684,1.4064599404999698,0.4946999408450573,0.5685131154627153,0.12068447067678234,BH_from_pvalue
fluoroquinolone,ciprofloxacin,ciprofloxacin_vs_control,not_regulated,b1156,b1156,2.136455410729681,0.39911309894871194,1.3186969886587903,0.4223412120621729,0.4988398029874216,0.12054768176803204,BH_from_pvalue
fluoroquinolone,ciprofloxacin,ciprofloxacin_vs_control,not_regulated,b1669,b1669,41.7681625959841,-0.19580251692264472,0.8730870953402668,0.17566116878947827,0.24250396084269657,0.12047360045313113,BH_from_pvalue
fluoroquinolone,ciprofloxacin,ciprofloxacin_vs_control,not_regulated,b0764,b0764,190.49272259216514,0.1875975200610096,1.1388656146363543,0.16411258823679786,0.2283967889508406,0.12030816674685631,BH_from_pvalue
fluoroquinolone,ciprofloxacin,ciprofloxacin_vs_control,not_regulated,b2771,b2771,17.469787034896733,0.35492278552705914,1.2789171305293214,0.38217461463972086,0.46049328064544987,0.11952972534903353,BH_from_pvalue
fluoroquinolone,ciprofloxacin,ciprofloxacin_vs_control,not_regulated,b3901,b3901,2.330177193165276,-0.5344280204948257,0.6904323553839182,0.5252432287894726,0.5979610334333202,0.11935226863680548,BH_from_pvalue
fluoroquinolone,ciprofloxacin,ciprofloxacin_vs_control,not_regulated,b2948,b2948,709.7266831010697,-0.18488579815469386,0.8797187105444407,0.16248496018514713,0.22641181874621805,0.11926999601178473,BH_from_pvalue
fluoroquinolone,ciprofloxacin,ciprofloxacin_vs_control,not_regulated,b1977,b1977,47.28498638363261,-0.2888190152879133,0.818571864206867,0.3127520538143063,0.38732344109492006,0.11897212477020587,BH_from_pvalue
fluoroquinolone,ciprofloxacin,ciprofloxacin_vs_control,not_regulated,b2386,b2386,17.122091734947578,-0.2656685051013783,0.8318132060932959,0.2835189726656772,0.3574182564602624,0.118706869671557,BH_from_pvalue
fluoroquinolone,ciprofloxacin,ciprofloxacin_vs_control,not_regulated,b2218,b2218,1584.850857394036,-0.18012603797666138,0.8826258841935759,0.15671384456891171,0.21945793053267898,0.11863978443710241,BH_from_pvalue
fluoroquinolone,ciprofloxacin,ciprofloxacin_vs_control,not_regulated,b3724,b3724,291.17613977933706,0.17797268261179333,1.1312930416425948,0.15323833649327864,0.21586784765009936,0.118496354636649,BH_from_pvalue
fluoroquinolone,ciprofloxacin,ciprofloxacin_vs_control,not_regulated,b0458,b0458,566.1275838415548,0.3299987472521444,1.2570122830090131,0.36144116470268317,0.4379747733924216,0.11832134894961938,BH_from_pvalue
fluoroquinolone,ciprofloxacin,ciprofloxacin_vs_control,not_regulated,b1716,b1716,12214.704987094023,0.22500124533536692,1.1687782574510182,0.22767736277124542,0.29815109530768535,0.118252462446929,BH_from_pvalue
fluoroquinolone,ciprofloxacin,ciprofloxacin_vs_control,not_regulated,b3670,b3670,89.95883630500389,-0.4014800283351967,0.7570812121767109,0.43238828993202316,0.5079348467261009,0.1181122090832357,BH_from_pvalue
fluoroquinolone,ciprofloxacin,ciprofloxacin_vs_control,not_regulated,b4339,b4339,63.5931430392965,0.2471787628723794,1.1868838541144393,0.2622927541620618,0.33545430998605463,0.1172533552305299,BH_from_pvalue
fluoroquinolone,ciprofloxacin,ciprofloxacin_vs_control,not_regulated,b0732,b0732,214.6474627357628,0.13243914140124335,1.0961453709497058,0.08147934475382715,0.13042494402231833,0.11716087477211878,BH_from_pvalue
fluoroquinolone,ciprofloxacin,ciprofloxacin_vs_control,not_regulated,b2912,b2912,638.2591650954737,0.26101769073863323,1.1983237154369737,0.28363938395313487,0.35742552576019565,0.11662647209581334,BH_from_pvalue
fluoroquinolone,ciprofloxacin,ciprofloxacin_vs_control,not_regulated,b0440,b0440,5925.101464952757,-0.2460617481025178,0.8431950202897848,0.26457433665932806,0.3376043592322433,0.11604074066387604,BH_from_pvalue
fluoroquinolone,ciprofloxacin,ciprofloxacin_vs_control,not_regulated,b2193,b2193,366.34935459664115,0.2203411682927534,1.1650090550509804,0.22755572067676194,0.2981509153089357,0.11580335339415529,BH_from_pvalue
fluoroquinolone,ciprofloxacin,ciprofloxacin_vs_control,not_regulated,b4196,b4196,59.36898522330472,-0.2436816958040513,0.8445872095434102,0.2628171243829166,0.33593390891570296,0.11544326681798812,BH_from_pvalue
fluoroquinolone,ciprofloxacin,ciprofloxacin_vs_control,not_regulated,b0630,b0630,193.7217952673594,-0.2159661572103735,0.8609693847513019,0.2220000465412831,0.29223184353019943,0.11538477056480355,BH_from_pvalue
fluoroquinolone,ciprofloxacin,ciprofloxacin_vs_control,not_regulated,b3389,b3389,2734.0753702916795,-0.1455651834176983,0.9040251515430107,0.10887792483354215,0.1639477131509468,0.11431155783887227,BH_from_pvalue
fluoroquinolone,ciprofloxacin,ciprofloxacin_vs_control,not_regulated,b4691,b4691,164.76719806486835,0.24233432667864108,1.1829050920650035,0.2660702781071541,0.3391283964086084,0.11380888596744408,BH_from_pvalue
fluoroquinolone,ciprofloxacin,ciprofloxacin_vs_control,not_regulated,b0125,b0125,902.7386543051372,0.15944315658617825,1.116855977006138,0.13705831971732374,0.1971459793336341,0.11244123940577636,BH_from_pvalue
fluoroquinolone,ciprofloxacin,ciprofloxacin_vs_control,not_regulated,b0120,b0120,483.46803535347544,-0.20361545474342257,0.8683716581479622,0.21237031898336253,0.28182187969769673,0.1119936501062897,BH_from_pvalue
fluoroquinolone,ciprofloxacin,ciprofloxacin_vs_control,not_regulated,b0227,b0227,58.69113275648045,-0.20949303194960578,0.8648410860796948,0.22180795959274816,0.29214998601703696,0.11195184657910819,BH_from_pvalue
fluoroquinolone,ciprofloxacin,ciprofloxacin_vs_control,not_regulated,b2392,b2392,835.3008417977568,-0.25509690790498496,0.8379308477549354,0.2916071898908008,0.3655655351529604,0.11148621477355933,BH_from_pvalue
fluoroquinolone,ciprofloxacin,ciprofloxacin_vs_control,not_regulated,b4085,b4085,14.168064492569897,-0.2830790159885872,0.8218351743882606,0.33183226999892906,0.4066617287452416,0.11061785220011379,BH_from_pvalue
fluoroquinolone,ciprofloxacin,ciprofloxacin_vs_control,not_regulated,b0513,b0513,51.898025686830714,0.27352876670872917,1.2087607889406746,0.32001244876656665,0.39457675289254845,0.11046965421364466,BH_from_pvalue
fluoroquinolone,ciprofloxacin,ciprofloxacin_vs_control,not_regulated,b0182,b0182,836.3557486749966,0.16723266737924902,1.1229025010324414,0.1562697914862623,0.21923373874899799,0.11022181517764057,BH_from_pvalue
fluoroquinolone,ciprofloxacin,ciprofloxacin_vs_control,not_regulated,b0381,b0381,809.4740524169479,-0.15647062378881316,0.8972173202690249,0.13830580172466464,0.19869035329209248,0.10981471671181767,BH_from_pvalue
fluoroquinolone,ciprofloxacin,ciprofloxacin_vs_control,not_regulated,b0102,b0102,331.80290645303336,0.13179121485091194,1.0956531933173412,0.09455459593954628,0.14691073317308434,0.10977502769652399,BH_from_pvalue
fluoroquinolone,ciprofloxacin,ciprofloxacin_vs_control,not_regulated,b1950,b1950,3.623780627599647,0.3843132035931107,1.305238279186949,0.4446251577171795,0.5200010294882665,0.10914333438152726,BH_from_pvalue
fluoroquinolone,ciprofloxacin,ciprofloxacin_vs_control,not_regulated,b3619,b3619,1226.0424987824365,-0.16551407733383705,0.891610754030041,0.1564554338260831,0.2193008854315119,0.10906709265160802,BH_from_pvalue
fluoroquinolone,ciprofloxacin,ciprofloxacin_vs_control,not_regulated,b2493,b2493,633.6085179913683,0.14457957690630252,1.1054084736775023,0.1195507971852006,0.17688798872994485,0.1087674551445118,BH_from_pvalue
fluoroquinolone,ciprofloxacin,ciprofloxacin_vs_control,not_regulated,b2257,b2257,82.69553407202426,0.22470192349981666,1.1685357914034398,0.25630736278172583,0.32901555873065147,0.10848239553822227,BH_from_pvalue
fluoroquinolone,ciprofloxacin,ciprofloxacin_vs_control,not_regulated,b0706,b0706,0.18501813716628848,-0.3591058012793373,0.7796476643839683,0.4226497308103741,0.4988398029874216,0.10846392154931155,BH_from_pvalue
fluoroquinolone,ciprofloxacin,ciprofloxacin_vs_control,not_regulated,b1569,b1569,0.18501813716628848,-0.3591058012793373,0.7796476643839683,0.4226497308103741,0.4988398029874216,0.10846392154931155,BH_from_pvalue
fluoroquinolone,ciprofloxacin,ciprofloxacin_vs_control,not_regulated,b4421,b4421,0.18501813716628848,-0.3591058012793373,0.7796476643839683,0.4226497308103741,0.4988398029874216,0.10846392154931155,BH_from_pvalue
fluoroquinolone,ciprofloxacin,ciprofloxacin_vs_control,not_regulated,b2740,b2740,54.682668562760206,0.19653337148728145,1.145941479903818,0.21064975263639077,0.2807722786386644,0.10841680371784743,BH_from_pvalue
fluoroquinolone,ciprofloxacin,ciprofloxacin_vs_control,not_regulated,b3236,b3236,13884.649320583296,-0.24245671163705218,0.845304648290597,0.2838155806654082,0.35749159390451024,0.10831369681327617,BH_from_pvalue
fluoroquinolone,ciprofloxacin,ciprofloxacin_vs_control,not_regulated,b0589,b0589,68.80785471495204,0.43473230735754775,1.3516600087027864,0.4909686993264179,0.5649468430724554,0.10781031428258855,BH_from_pvalue
fluoroquinolone,ciprofloxacin,ciprofloxacin_vs_control,not_regulated,b0123,b0123,602.9447702219511,0.18982841810782958,1.1406280511906441,0.20192328603739298,0.2707156305800875,0.10772509652342606,BH_from_pvalue
fluoroquinolone,ciprofloxacin,ciprofloxacin_vs_control,not_regulated,b0715,b0715,87.12837104675567,0.28104888322138066,1.2150779620186292,0.33922148984557315,0.41428679373483246,0.10755710141547234,BH_from_pvalue
fluoroquinolone,ciprofloxacin,ciprofloxacin_vs_control,not_regulated,b0190,b0190,213.395090281302,0.2274896734717382,1.170795960674196,0.2638924814736581,0.33711683659997566,0.1074250728293121,BH_from_pvalue
fluoroquinolone,ciprofloxacin,ciprofloxacin_vs_control,not_regulated,b0960,b0960,380.5101172110549,-0.19696419655660158,0.8723843555133859,0.21617828352625762,0.28582302154647465,0.10712937682347116,BH_from_pvalue
fluoroquinolone,ciprofloxacin,ciprofloxacin_vs_control,not_regulated,b1872,b1872,90.89150879137397,0.2560034924596257,1.19416607789465,0.3078755005830538,0.3821258282623002,0.10695662250045072,BH_from_pvalue
fluoroquinolone,ciprofloxacin,ciprofloxacin_vs_control,not_regulated,b1452,b1452,395.91513167350854,0.34239137514073015,1.2678564202049885,0.4087304971016222,0.48830538538196455,0.10658934060714895,BH_from_pvalue
fluoroquinolone,ciprofloxacin,ciprofloxacin_vs_control,not_regulated,b3312,b3312,98.56795605107486,0.27482451745229497,1.209846920256752,0.3350717629878689,0.40977509241963955,0.1064819803564639,BH_from_pvalue
fluoroquinolone,ciprofloxacin,ciprofloxacin_vs_control,not_regulated,b0915,b0915,525.1921236119198,0.2211998359584726,1.1657026551077583,0.2579430464116147,0.33064343766299314,0.10631750959206943,BH_from_pvalue
fluoroquinolone,ciprofloxacin,ciprofloxacin_vs_control,not_regulated,b4387,b4387,121.73948340529392,-0.18308416775819047,0.8808179851392107,0.19542168102052607,0.2638075393848518,0.10595315078453972,BH_from_pvalue
fluoroquinolone,ciprofloxacin,ciprofloxacin_vs_control,not_regulated,b2460,b2460,34.0578760820565,0.3194855621242141,1.2478854970957196,0.3885977484834372,0.4669341788671015,0.10566803985537523,BH_from_pvalue
fluoroquinolone,ciprofloxacin,ciprofloxacin_vs_control,not_regulated,b2028,b2028,142.9739653581427,0.22202320249731144,1.1663681280394964,0.26130011240780154,0.33453835125704157,0.1055840415357665,BH_from_pvalue
fluoroquinolone,ciprofloxacin,ciprofloxacin_vs_control,not_regulated,b4102,b4102,1.5471832716862723,0.5525978933762794,1.4667244831037143,0.5774179502187973,0.6468806824618059,0.10453815840930947,BH_from_pvalue
fluoroquinolone,ciprofloxacin,ciprofloxacin_vs_control,not_regulated,b1670,b1670,29.58158459792628,-0.30670569511051493,0.8084857803381704,0.380244433342796,0.45829031649943636,0.10393008302026643,BH_from_pvalue
fluoroquinolone,ciprofloxacin,ciprofloxacin_vs_control,not_regulated,b2433,b2433,49.94873699929531,-0.2587642167461981,0.8358035452211247,0.3220045803738846,0.396706820739998,0.10390168197933787,BH_from_pvalue
fluoroquinolone,ciprofloxacin,ciprofloxacin_vs_control,not_regulated,b3687,b3687,636.456077724466,-0.3420680223590118,0.7889096432753021,0.4178037824577349,0.4975724494090877,0.10369575724082135,BH_from_pvalue
fluoroquinolone,ciprofloxacin,ciprofloxacin_vs_control,not_regulated,b2307,b2307,75.37748329306642,0.31583319629148043,1.2447303119406221,0.3911581417515385,0.4696821467160759,0.10365517515673238,BH_from_pvalue
fluoroquinolone,ciprofloxacin,ciprofloxacin_vs_control,not_regulated,b0058,b0058,461.6095181276635,0.25228818767333294,1.1910947544900878,0.3141559030367567,0.3883136168890717,0.1036443722394859,BH_from_pvalue
fluoroquinolone,ciprofloxacin,ciprofloxacin_vs_control,not_regulated,b0035,b0035,20.326957724546276,0.30228811332689354,1.2330985567497448,0.3766376786068526,0.45418666980526085,0.10361397146354472,BH_from_pvalue
fluoroquinolone,ciprofloxacin,ciprofloxacin_vs_control,not_regulated,b1583,b1583,185.28283482576262,-0.24052780097641335,0.8464355925327806,0.29710189296824735,0.37121230960310464,0.10351778511902053,BH_from_pvalue
fluoroquinolone,ciprofloxacin,ciprofloxacin_vs_control,not_regulated,b0122,b0122,254.43308106542813,0.22186291601585229,1.1662385492629872,0.26928580260396173,0.34235374225907855,0.10328271634239902,BH_from_pvalue
fluoroquinolone,ciprofloxacin,ciprofloxacin_vs_control,not_regulated,b4620,b4620,11.511573681628809,-0.33008753536435975,0.7954882161298074,0.4070118830902842,0.48663993889954765,0.10324882323785821,BH_from_pvalue
fluoroquinolone,ciprofloxacin,ciprofloxacin_vs_control,not_regulated,b2652,b2652,0.6265759605372533,0.42449232190109026,1.342100140482261,0.49813481239375124,0.5718760556781758,0.10302347442273967,BH_from_pvalue
fluoroquinolone,ciprofloxacin,ciprofloxacin_vs_control,not_regulated,b0503,b0503,194.78117216617275,0.2047609715022416,1.1524953833210905,0.2435021463405871,0.31527710254460584,0.10264822492592118,BH_from_pvalue
fluoroquinolone,ciprofloxacin,ciprofloxacin_vs_control,not_regulated,b1298,b1298,167.75297515010513,-0.3930630162489468,0.7615111066739205,0.47365518235151005,0.5481547936654205,0.10262748929179373,BH_from_pvalue
fluoroquinolone,ciprofloxacin,ciprofloxacin_vs_control,not_regulated,b4092,b4092,124.61019095010182,0.2548140929692648,1.1931819785803883,0.3223458018250025,0.39701846018862574,0.10222868742376184,BH_from_pvalue
fluoroquinolone,ciprofloxacin,ciprofloxacin_vs_control,not_regulated,b1918,b1918,310.140731467111,-0.23720219936969045,0.8483889883280484,0.29809508531920303,0.37193666956054794,0.10188569838575401,BH_from_pvalue
fluoroquinolone,ciprofloxacin,ciprofloxacin_vs_control,not_regulated,b2731,b2731,514.6452491713245,-0.24851299052692077,0.8417635878273079,0.31837324360935926,0.3926632436947897,0.10089124179988267,BH_from_pvalue
fluoroquinolone,ciprofloxacin,ciprofloxacin_vs_control,not_regulated,b2252,b2252,11.843856434461948,0.3014255331486293,1.2323615136244204,0.38464663044802266,0.46276970681008156,0.10086755678854535,BH_from_pvalue
fluoroquinolone,ciprofloxacin,ciprofloxacin_vs_control,not_regulated,b0714,b0714,191.84699323989935,-0.2169878856685692,0.860359855035437,0.27031807167621913,0.343471945310631,0.1007059720872345,BH_from_pvalue
fluoroquinolone,ciprofloxacin,ciprofloxacin_vs_control,not_regulated,b1960,b1960,62.98018467745549,-0.3110332385901682,0.8060642601750696,0.39671223351941604,0.4754627301812772,0.10042750696889641,BH_from_pvalue
fluoroquinolone,ciprofloxacin,ciprofloxacin_vs_control,not_regulated,b3618,b3618,324.0960564366805,0.2725290936682008,1.2079235038700753,0.3537025398863794,0.4303364956475344,0.09979792509733262,BH_from_pvalue
fluoroquinolone,ciprofloxacin,ciprofloxacin_vs_control,not_regulated,b1528,b1528,128.29967385649522,-0.3301242482915958,0.7954679732312193,0.4223902585277171,0.4988398029874216,0.09971036513657508,BH_from_pvalue
fluoroquinolone,ciprofloxacin,ciprofloxacin_vs_control,not_regulated,b3892,b3892,1565.5148672282994,0.14491995903458132,1.1056693088979062,0.14560038900826452,0.20666158086436537,0.09923252938286851,BH_from_pvalue
fluoroquinolone,ciprofloxacin,ciprofloxacin_vs_control,not_regulated,b2793,b2793,177.99031941608703,0.17220728922275352,1.126781114963825,0.19733213397737748,0.2657241593296169,0.09911717006074507,BH_from_pvalue
fluoroquinolone,ciprofloxacin,ciprofloxacin_vs_control,not_regulated,b0407,b0407,653.4145143663798,0.13746593714737543,1.0999713420209654,0.13256502651520885,0.19216161432981288,0.09847143684342675,BH_from_pvalue
fluoroquinolone,ciprofloxacin,ciprofloxacin_vs_control,not_regulated,b4400,b4400,77.5160182519237,0.2800548297939889,1.2142410308907234,0.3688999758875461,0.4460516375113393,0.0981913854845001,BH_from_pvalue
fluoroquinolone,ciprofloxacin,ciprofloxacin_vs_control,not_regulated,b0177,b0177,8815.964551741152,0.16375349580040144,1.120197796711355,0.1842612868477657,0.25176405475129104,0.09808937163073328,BH_from_pvalue
fluoroquinolone,ciprofloxacin,ciprofloxacin_vs_control,not_regulated,b4546,b4546,40.791997186593484,-0.3628720326620094,0.7776150074299363,0.46297691187067347,0.5376891684983963,0.0977826592977583,BH_from_pvalue
fluoroquinolone,ciprofloxacin,ciprofloxacin_vs_control,not_regulated,b2099,b2099,65.84206545288053,-0.2523364178598797,0.8395357012289619,0.33498110425746946,0.40977509241963955,0.09776886625277253,BH_from_pvalue
fluoroquinolone,ciprofloxacin,ciprofloxacin_vs_control,not_regulated,b3477,b3477,115.59809140770939,0.42937215086468594,1.3466473993413624,0.5192067100749812,0.5921378757396717,0.09771529409580217,BH_from_pvalue
fluoroquinolone,ciprofloxacin,ciprofloxacin_vs_control,not_regulated,b3304,b3304,3201.462542494359,0.22794745938756478,1.1711675284211231,0.3009296745647875,0.374538371940347,0.0972204306524875,BH_from_pvalue
fluoroquinolone,ciprofloxacin,ciprofloxacin_vs_control,not_regulated,b2430,b2430,132.68764085828894,-0.2661151959313699,0.8315556978849407,0.3558734688722256,0.4322762254894061,0.09692943952984955,BH_from_pvalue
fluoroquinolone,ciprofloxacin,ciprofloxacin_vs_control,not_regulated,b1700,b1700,1.397913434439478,-0.40722747723147734,0.7540711306515622,0.506275649371604,0.5792998908352772,0.09655223127712019,BH_from_pvalue
fluoroquinolone,ciprofloxacin,ciprofloxacin_vs_control,not_regulated,b2577,b2577,158.26915575593233,-0.17179275322440457,0.8877388540320981,0.20605607687626815,0.27568121171607796,0.09613399312462928,BH_from_pvalue
fluoroquinolone,ciprofloxacin,ciprofloxacin_vs_control,not_regulated,b1346,b1346,0.15626491311822754,0.31808764539940887,1.2466769290460278,0.4226497308103743,0.4988398029874216,0.09607484282764184,BH_from_pvalue
fluoroquinolone,ciprofloxacin,ciprofloxacin_vs_control,not_regulated,b3275,b3275,0.15626491311822754,0.31808764539940887,1.2466769290460278,0.4226497308103743,0.4988398029874216,0.09607484282764184,BH_from_pvalue
fluoroquinolone,ciprofloxacin,ciprofloxacin_vs_control,not_regulated,b4101,b4101,0.15626491311822754,0.31808764539940887,1.2466769290460278,0.4226497308103743,0.4988398029874216,0.09607484282764184,BH_from_pvalue
fluoroquinolone,ciprofloxacin,ciprofloxacin_vs_control,not_regulated,b4552,b4552,0.15626491311822754,0.31808764539940887,1.2466769290460278,0.4226497308103743,0.4988398029874216,0.09607484282764184,BH_from_pvalue
fluoroquinolone,ciprofloxacin,ciprofloxacin_vs_control,not_regulated,b4461,b4461,358.9570797978225,0.09531428566017475,1.0682981074043136,0.05669383818161577,0.09930252497698899,0.09560401330516523,BH_from_pvalue
fluoroquinolone,ciprofloxacin,ciprofloxacin_vs_control,not_regulated,b3345,b3345,113.18235139410508,0.17047447009000827,1.1254285520790097,0.20552646506713315,0.2751363213904658,0.09554277025670498,BH_from_pvalue
fluoroquinolone,ciprofloxacin,ciprofloxacin_vs_control,not_regulated,b0795,b0795,205.5154412394719,-0.20485300531409933,0.8676270842630669,0.26928427879824646,0.34235374225907855,0.09536417901508308,BH_from_pvalue
fluoroquinolone,ciprofloxacin,ciprofloxacin_vs_control,not_regulated,b1552,b1552,1245.3260757011149,0.24319753183024062,1.183613069339978,0.3318931094316989,0.4066617287452416,0.0950334963454678,BH_from_pvalue
fluoroquinolone,ciprofloxacin,ciprofloxacin_vs_control,not_regulated,b0170,b0170,5249.812589852002,0.20097055987125145,1.1494713912887418,0.2644066778625224,0.33748616260659076,0.09480666165109697,BH_from_pvalue
fluoroquinolone,ciprofloxacin,ciprofloxacin_vs_control,not_regulated,b3950,b3950,5.818055628717797,-0.39555466910571413,0.7601970495015526,0.5027468379992502,0.5761414719288223,0.09472381764904754,BH_from_pvalue
fluoroquinolone,ciprofloxacin,ciprofloxacin_vs_control,not_regulated,b2627,b2627,507.2169824136525,-0.19317361058654647,0.8746795016629026,0.25170079319413924,0.3240269512842697,0.0945428093162305,BH_from_pvalue
fluoroquinolone,ciprofloxacin,ciprofloxacin_vs_control,not_regulated,b2364,b2364,70.19482419838855,-0.22110961899002568,0.8579053425078971,0.30050757099512204,0.3742201147109798,0.09438569818225842,BH_from_pvalue
fluoroquinolone,ciprofloxacin,ciprofloxacin_vs_control,not_regulated,b3597,b3597,183.47124763813656,-0.26818920102952326,0.8303611199382637,0.3682575603173572,0.44539459701733597,0.09420281271885522,BH_from_pvalue
fluoroquinolone,ciprofloxacin,ciprofloxacin_vs_control,not_regulated,b3196,b3196,423.61070828508605,0.17216079834970976,1.126744805007643,0.2143226055202031,0.28395377897787144,0.09412932058768689,BH_from_pvalue
fluoroquinolone,ciprofloxacin,ciprofloxacin_vs_control,not_regulated,b1919,b1919,807.4659529406455,-0.21552419832083913,0.8612331767184521,0.29289645454674135,0.36687503551969997,0.09385687431162155,BH_from_pvalue
fluoroquinolone,ciprofloxacin,ciprofloxacin_vs_control,not_regulated,b3447,b3447,1036.231646224075,-0.23865427390731853,0.8475355132315227,0.3296946828593196,0.4044032034674262,0.09383537920682619,BH_from_pvalue
fluoroquinolone,ciprofloxacin,ciprofloxacin_vs_control,not_regulated,b3281,b3281,666.9048921432801,-0.161909204517503,0.8938414141677679,0.19470104661628265,0.2633088718220203,0.09383197113308783,BH_from_pvalue
fluoroquinolone,ciprofloxacin,ciprofloxacin_vs_control,not_regulated,b1748,b1748,2944.5621044469904,-0.3417110986040939,0.7891048442142926,0.4570356991469246,0.5321632344713608,0.09361350940565093,BH_from_pvalue
fluoroquinolone,ciprofloxacin,ciprofloxacin_vs_control,not_regulated,b1838,b1838,201.22717502806248,0.2366043978313055,1.1782162842025419,0.32794887855633076,0.4027065399253005,0.09346141489567696,BH_from_pvalue
fluoroquinolone,ciprofloxacin,ciprofloxacin_vs_control,not_regulated,b1397,b1397,640.632975341836,0.24453181653099776,1.1847082469707397,0.3417615805093166,0.41716243938423503,0.09284745957283294,BH_from_pvalue
fluoroquinolone,ciprofloxacin,ciprofloxacin_vs_control,not_regulated,b1567,b1567,2.211743282949077,0.395906911940352,1.3157696239311596,0.5120982256603368,0.5849373075313021,0.09220302925776795,BH_from_pvalue
fluoroquinolone,ciprofloxacin,ciprofloxacin_vs_control,not_regulated,b2631,b2631,146.4063393246851,0.2899691878625932,1.222614165619259,0.40193558874205676,0.48108203250712384,0.09214665872236408,BH_from_pvalue
fluoroquinolone,ciprofloxacin,ciprofloxacin_vs_control,not_regulated,b0357,b0357,68.82304343589671,0.2940865967924138,1.2261084541736977,0.4094279194525008,0.4890087046461361,0.09136782675828332,BH_from_pvalue
fluoroquinolone,ciprofloxacin,ciprofloxacin_vs_control,not_regulated,b0065,b0065,628.1123600730747,0.23072650211895684,1.1734257058551476,0.3282592922248137,0.4029777009899596,0.0910721307605322,BH_from_pvalue
fluoroquinolone,ciprofloxacin,ciprofloxacin_vs_control,not_regulated,b4575,b4575,526.227887746406,-0.19349020902201275,0.874487574907111,0.2664925527850592,0.3394742289513441,0.09078428829294609,BH_from_pvalue
fluoroquinolone,ciprofloxacin,ciprofloxacin_vs_control,not_regulated,b0593,b0593,126.14554855438111,0.4812626352921825,1.3959648692943811,0.5795206806117489,0.6484288610426981,0.09054362763659089,BH_from_pvalue
fluoroquinolone,ciprofloxacin,ciprofloxacin_vs_control,not_regulated,b4389,b4389,768.9981334415402,-0.12090764238670815,0.9196089152567939,0.12405244971906317,0.1821109395679981,0.08943102616186052,BH_from_pvalue
fluoroquinolone,ciprofloxacin,ciprofloxacin_vs_control,not_regulated,b2728,b2728,13.978478116212662,-0.37035648321888814,0.7735913223436753,0.5004779323482328,0.573833734311076,0.0893351406727139,BH_from_pvalue
fluoroquinolone,ciprofloxacin,ciprofloxacin_vs_control,not_regulated,b3013,b3013,31.57855444567785,0.31515114728388927,1.2441419918850605,0.4457237816459065,0.5207948216612512,0.08929282800675635,BH_from_pvalue
fluoroquinolone,ciprofloxacin,ciprofloxacin_vs_control,not_regulated,b2548,b2548,23.391760020856477,-0.1965457085299125,0.8726374480607675,0.2774507651091286,0.35183917154239086,0.08916410272170713,BH_from_pvalue
fluoroquinolone,ciprofloxacin,ciprofloxacin_vs_control,not_regulated,b4002,b4002,15.562108459983017,0.3196881922352417,1.2480607780302493,0.451944397501788,0.5270536427179265,0.08891972999892436,BH_from_pvalue
fluoroquinolone,ciprofloxacin,ciprofloxacin_vs_control,not_regulated,b0840,b0840,282.1470090657704,-0.17523247417789278,0.8856247990678662,0.24021504267429006,0.31173896767136666,0.08870423924222211,BH_from_pvalue
fluoroquinolone,ciprofloxacin,ciprofloxacin_vs_control,not_regulated,b1348,b1348,0.14017779408221948,0.2935139818557269,1.2256219004102398,0.4226497308103743,0.4988398029874216,0.08865264049817348,BH_from_pvalue
fluoroquinolone,ciprofloxacin,ciprofloxacin_vs_control,not_regulated,b4636,b4636,0.14017779408221948,0.2935139818557269,1.2256219004102398,0.4226497308103743,0.4988398029874216,0.08865264049817348,BH_from_pvalue
fluoroquinolone,ciprofloxacin,ciprofloxacin_vs_control,not_regulated,b4684,b4684,0.14017779408221948,0.2935139818557269,1.2256219004102398,0.4226497308103743,0.4988398029874216,0.08865264049817348,BH_from_pvalue
fluoroquinolone,ciprofloxacin,ciprofloxacin_vs_control,not_regulated,b4374,b4374,445.0324641506136,0.17469921826023516,1.1287290560507441,0.2397468669249744,0.3114009261994037,0.08851661738577749,BH_from_pvalue
fluoroquinolone,ciprofloxacin,ciprofloxacin_vs_control,not_regulated,b2491,b2491,40.21945058340896,0.19890414611217722,1.1478261487740957,0.28694166135467863,0.3606212888441868,0.08810432077291544,BH_from_pvalue
fluoroquinolone,ciprofloxacin,ciprofloxacin_vs_control,not_regulated,b3172,b3172,678.4658425593776,-0.15252473890137352,0.8996746394554298,0.19806578418101337,0.26621286264270505,0.08766679128684672,BH_from_pvalue
fluoroquinolone,ciprofloxacin,ciprofloxacin_vs_control,not_regulated,b0740,b0740,3488.122292848882,0.11873609268130281,1.0857832195071115,0.12821438418216585,0.1869228896734126,0.08647995053731602,BH_from_pvalue
fluoroquinolone,ciprofloxacin,ciprofloxacin_vs_control,not_regulated,b1851,b1851,301.0188037739962,-0.15072926211410653,0.9007950082616518,0.20066968798481616,0.26943649449423973,0.08584688363596758,BH_from_pvalue
fluoroquinolone,ciprofloxacin,ciprofloxacin_vs_control,not_regulated,b3543,b3543,1992.982731790685,0.2967984874243772,1.2284153860128908,0.4390266735011073,0.513988021188959,0.0857887131039742,BH_from_pvalue
fluoroquinolone,ciprofloxacin,ciprofloxacin_vs_control,not_regulated,b1300,b1300,781.2122518235063,-0.4628615499453055,0.725545728489924,0.5855803897700763,0.653745493468802,0.08544021146657085,BH_from_pvalue
fluoroquinolone,ciprofloxacin,ciprofloxacin_vs_control,not_regulated,b3936,b3936,5059.463829379107,0.1924132547293933,1.1426735146320923,0.2864175320055315,0.3601638409172157,0.08533525746975709,BH_from_pvalue
fluoroquinolone,ciprofloxacin,ciprofloxacin_vs_control,not_regulated,b0044,b0044,0.6485887481409243,0.395296232815502,1.3152127889910328,0.5382127777116005,0.6087028184102157,0.08522376773476989,BH_from_pvalue
fluoroquinolone,ciprofloxacin,ciprofloxacin_vs_control,not_regulated,b1226,b1226,976.7503257065887,0.6073882664388641,1.5234986973222302,0.6617577546277121,0.7252890790242323,0.08472389798024658,BH_from_pvalue
fluoroquinolone,ciprofloxacin,ciprofloxacin_vs_control,not_regulated,b3223,b3223,244.22997813124752,-0.2465725190959409,0.8428965488067804,0.37610481925514555,0.45366572191194543,0.08463947756107497,BH_from_pvalue
fluoroquinolone,ciprofloxacin,ciprofloxacin_vs_control,not_regulated,b2044,b2044,55.74629991150366,0.2581741517822618,1.1959641562651,0.39206826779763215,0.470548177714523,0.08452515984564701,BH_from_pvalue
fluoroquinolone,ciprofloxacin,ciprofloxacin_vs_control,not_regulated,b3752,b3752,948.7941020357724,0.2329392747515744,1.1752268602764722,0.3572783507919344,0.43386555665823995,0.08447422273644689,BH_from_pvalue
fluoroquinolone,ciprofloxacin,ciprofloxacin_vs_control,not_regulated,b4414,b4414,33.60527326059109,-0.23797340883840157,0.8479355932892079,0.3665164981076705,0.4434080711372517,0.084051352702084,BH_from_pvalue
fluoroquinolone,ciprofloxacin,ciprofloxacin_vs_control,not_regulated,b2615,b2615,528.7371213027743,-0.20264100313303324,0.8689583878270468,0.313866764943848,0.38806286660731953,0.08330529338034807,BH_from_pvalue
fluoroquinolone,ciprofloxacin,ciprofloxacin_vs_control,not_regulated,b0201,b0201,0.12902799713450971,0.2757142047329603,1.210593243872748,0.4226497308103741,0.4988398029874216,0.0832764153785542,BH_from_pvalue
fluoroquinolone,ciprofloxacin,ciprofloxacin_vs_control,not_regulated,b0206,b0206,0.12902799713450971,0.2757142047329603,1.210593243872748,0.4226497308103741,0.4988398029874216,0.0832764153785542,BH_from_pvalue
fluoroquinolone,ciprofloxacin,ciprofloxacin_vs_control,not_regulated,b0275,b0275,0.12902799713450971,0.2757142047329603,1.210593243872748,0.4226497308103741,0.4988398029874216,0.0832764153785542,BH_from_pvalue
fluoroquinolone,ciprofloxacin,ciprofloxacin_vs_control,not_regulated,b0556,b0556,0.12902799713450971,0.2757142047329603,1.210593243872748,0.4226497308103741,0.4988398029874216,0.0832764153785542,BH_from_pvalue
fluoroquinolone,ciprofloxacin,ciprofloxacin_vs_control,not_regulated,b1545,b1545,0.12902799713450971,0.2757142047329603,1.210593243872748,0.4226497308103741,0.4988398029874216,0.0832764153785542,BH_from_pvalue
fluoroquinolone,ciprofloxacin,ciprofloxacin_vs_control,not_regulated,b1575,b1575,0.12902799713450971,0.2757142047329603,1.210593243872748,0.4226497308103741,0.4988398029874216,0.0832764153785542,BH_from_pvalue
fluoroquinolone,ciprofloxacin,ciprofloxacin_vs_control,not_regulated,b1665,b1665,0.12902799713450971,0.2757142047329603,1.210593243872748,0.4226497308103741,0.4988398029874216,0.0832764153785542,BH_from_pvalue
fluoroquinolone,ciprofloxacin,ciprofloxacin_vs_control,not_regulated,b4622,b4622,0.12902799713450971,0.2757142047329603,1.210593243872748,0.4226497308103741,0.4988398029874216,0.0832764153785542,BH_from_pvalue
fluoroquinolone,ciprofloxacin,ciprofloxacin_vs_control,not_regulated,b1993,b1993,90.36786866990029,-0.2141022259052372,0.8620824577611425,0.3348696555061877,0.4097507373413581,0.08296038535729373,BH_from_pvalue
fluoroquinolone,ciprofloxacin,ciprofloxacin_vs_control,not_regulated,b2724,b2724,4.307956334188048,-0.31237663680955885,0.8053140245048015,0.4693344866171074,0.5442295748398425,0.08253548687661848,BH_from_pvalue
fluoroquinolone,ciprofloxacin,ciprofloxacin_vs_control,not_regulated,b2328,b2328,251.35987396051107,-0.16453427596466863,0.8922164940732712,0.24336926747071352,0.3152001733072881,0.08249971580188946,BH_from_pvalue
fluoroquinolone,ciprofloxacin,ciprofloxacin_vs_control,not_regulated,b2114,b2114,1725.7041604088624,-0.14088503727410817,0.9069625983562947,0.19193031203638117,0.260030886608326,0.08241423358807669,BH_from_pvalue
fluoroquinolone,ciprofloxacin,ciprofloxacin_vs_control,not_regulated,b2313,b2313,547.3168012456505,0.13909083765479302,1.1012109324108859,0.18896706579295325,0.25640237162494833,0.08221352886429481,BH_from_pvalue
fluoroquinolone,ciprofloxacin,ciprofloxacin_vs_control,not_regulated,b1335,b1335,161.8449948723945,0.2712022866262762,1.2068131204415251,0.41801300342872627,0.4976766779836979,0.08218858808104156,BH_from_pvalue
fluoroquinolone,ciprofloxacin,ciprofloxacin_vs_control,not_regulated,b1970,b1970,14.617548558795226,-0.3586866456144815,0.7798742134488903,0.5172646385826658,0.5900726209345247,0.08217315062264074,BH_from_pvalue
fluoroquinolone,ciprofloxacin,ciprofloxacin_vs_control,not_regulated,b4543,b4543,31.20829121596161,-0.15935878982470886,0.8954229559423803,0.23411833631972345,0.30532452211253003,0.08210775418667988,BH_from_pvalue
fluoroquinolone,ciprofloxacin,ciprofloxacin_vs_control,not_regulated,b1824,b1824,2006.1635182343543,-0.27008241451383697,0.8292721719668289,0.41853897675362056,0.498171028694836,0.08173275421066171,BH_from_pvalue
fluoroquinolone,ciprofloxacin,ciprofloxacin_vs_control,not_regulated,b0802,b0802,299.85260966293293,0.2925668200213991,1.2248175160658454,0.45465453850992704,0.5298021021289253,0.08071518416596211,BH_from_pvalue
fluoroquinolone,ciprofloxacin,ciprofloxacin_vs_control,not_regulated,b4053,b4053,746.6025183149204,0.159510186144459,1.1169078688473173,0.24149556916669393,0.31303950147313814,0.0804570745494926,BH_from_pvalue
fluoroquinolone,ciprofloxacin,ciprofloxacin_vs_control,not_regulated,b2582,b2582,320.1081027648852,0.24899964187595813,1.1883828100614575,0.39650180782779076,0.4753371885952566,0.08042643782174493,BH_from_pvalue
fluoroquinolone,ciprofloxacin,ciprofloxacin_vs_control,not_regulated,b2429,b2429,127.08634950458598,0.20546587775715075,1.1530586345175704,0.3333475899130695,0.40811035912601706,0.07997191822173393,BH_from_pvalue
fluoroquinolone,ciprofloxacin,ciprofloxacin_vs_control,not_regulated,b3180,b3180,700.1268025389733,0.1763945354564207,1.1300562100767062,0.2780593657166919,0.3525066587528789,0.07987720932723139,BH_from_pvalue
fluoroquinolone,ciprofloxacin,ciprofloxacin_vs_control,not_regulated,b0778,b0778,15.54250051896671,-0.3665659710738951,0.7756265153277697,0.5362964026389069,0.6076224733173308,0.07931247588982236,BH_from_pvalue
fluoroquinolone,ciprofloxacin,ciprofloxacin_vs_control,not_regulated,b1204,b1204,221.10937760385437,-0.1343122089577653,0.9111040902181291,0.1943325673598676,0.2628895903713337,0.07793151772473396,BH_from_pvalue
fluoroquinolone,ciprofloxacin,ciprofloxacin_vs_control,not_regulated,b3560,b3560,1566.531653417728,-0.15273436577746757,0.8995439241775812,0.24170076068987997,0.31321521797265345,0.07700212184473505,BH_from_pvalue
fluoroquinolone,ciprofloxacin,ciprofloxacin_vs_control,not_regulated,b3183,b3183,2742.5304339141044,0.22085176786432825,1.1654214487900245,0.37104196912730675,0.4482800905545597,0.07695591976194825,BH_from_pvalue
fluoroquinolone,ciprofloxacin,ciprofloxacin_vs_control,not_regulated,b1487,b1487,168.507337284899,-0.28293367955615256,0.821917969854667,0.4598377245330173,0.5345955246703312,0.07695079730669978,BH_from_pvalue
fluoroquinolone,ciprofloxacin,ciprofloxacin_vs_control,not_regulated,b3367,b3367,42.0952440092263,0.5317614201967418,1.4456931991651365,0.6536110513807966,0.7179991480677755,0.07650774388114216,BH_from_pvalue
fluoroquinolone,ciprofloxacin,ciprofloxacin_vs_control,not_regulated,b2716,b2716,171.0856067550735,-0.10191060731641777,0.9317981638609432,0.12045478107493743,0.17775774451281776,0.07645042999045472,BH_from_pvalue
fluoroquinolone,ciprofloxacin,ciprofloxacin_vs_control,not_regulated,b1709,b1709,195.67327864327027,0.24437730919338918,1.1845813758646075,0.4082272376299935,0.487833718081751,0.07617929515439598,BH_from_pvalue
fluoroquinolone,ciprofloxacin,ciprofloxacin_vs_control,not_regulated,b0148,b0148,1155.8099590336385,-0.14130544642467058,0.9066983430463444,0.21896481281114627,0.2890823974242841,0.07616057667634639,BH_from_pvalue
fluoroquinolone,ciprofloxacin,ciprofloxacin_vs_control,not_regulated,b0422,b0422,403.7420838196076,-0.19281114915421504,0.8748992829787556,0.32978011345453967,0.4044032034674262,0.0758105312759491,BH_from_pvalue
fluoroquinolone,ciprofloxacin,ciprofloxacin_vs_control,not_regulated,b2384,b2384,17.302218201024086,-0.26658980834222046,0.8312821807988725,0.4452882747033076,0.5205058886734609,0.07559803236195158,BH_from_pvalue
fluoroquinolone,ciprofloxacin,ciprofloxacin_vs_control,not_regulated,b1937,b1937,3.982139143399536,0.32465703105250077,1.2523666806579477,0.5126729888151343,0.5854285614852689,0.07549123110126849,BH_from_pvalue
fluoroquinolone,ciprofloxacin,ciprofloxacin_vs_control,not_regulated,b0118,b0118,19187.270889832977,-0.17435383116262493,0.8861643344701755,0.29615175461468235,0.37012797784296786,0.07525949742054856,BH_from_pvalue
fluoroquinolone,ciprofloxacin,ciprofloxacin_vs_control,not_regulated,b4413,b4413,24.941090796081095,0.29890330364611284,1.2302088874769586,0.489913194107534,0.5640208720490627,0.07433869361609398,BH_from_pvalue
fluoroquinolone,ciprofloxacin,ciprofloxacin_vs_control,not_regulated,b0039,b0039,187.14652853571135,0.13455073314524135,1.0977509120793676,0.21266400557148224,0.28200551210510827,0.07396824334296902,BH_from_pvalue
fluoroquinolone,ciprofloxacin,ciprofloxacin_vs_control,not_regulated,b2604,b2604,124.51942183451264,0.20257704654037045,1.1507520770370454,0.35479687800550763,0.4314345383262431,0.07395785938234462,BH_from_pvalue
fluoroquinolone,ciprofloxacin,ciprofloxacin_vs_control,not_regulated,b2267,b2267,179.84950991221675,-0.2012202833433392,0.8698145316505289,0.35573927859156684,0.4322299500553397,0.07330155975246422,BH_from_pvalue
fluoroquinolone,ciprofloxacin,ciprofloxacin_vs_control,not_regulated,b3393,b3393,7.670903368568478,0.46332361698402114,1.3787143835059759,0.6293181986239936,0.6953262730068099,0.07311773031219351,BH_from_pvalue
fluoroquinolone,ciprofloxacin,ciprofloxacin_vs_control,not_regulated,b3616,b3616,4103.6175219799115,-0.20158210860362757,0.8695964111205553,0.3575039162377635,0.4340036689443209,0.073074844623099,BH_from_pvalue
fluoroquinolone,ciprofloxacin,ciprofloxacin_vs_control,not_regulated,b3587,b3587,14.139392329346242,-0.24794941989005315,0.8420924763988861,0.4319540449853353,0.5075867668930827,0.07301855245078165,BH_from_pvalue
fluoroquinolone,ciprofloxacin,ciprofloxacin_vs_control,not_regulated,b0657,b0657,1193.7175767474307,-0.18124908661435946,0.8819390820194504,0.3228630259995412,0.3973291083299415,0.07265362701730031,BH_from_pvalue
fluoroquinolone,ciprofloxacin,ciprofloxacin_vs_control,not_regulated,b3902,b3902,9.16055345276396,-0.3335832378533832,0.7935630525990238,0.53753064993967,0.608407866992611,0.0719889903416724,BH_from_pvalue
fluoroquinolone,ciprofloxacin,ciprofloxacin_vs_control,not_regulated,b1139,b1139,69.52135837677963,-0.16998199843549244,0.8888537719780268,0.3044277454954336,0.37836860990286275,0.07174683490960133,BH_from_pvalue
fluoroquinolone,ciprofloxacin,ciprofloxacin_vs_control,not_regulated,b3366,b3366,94.81238423146156,-0.6980175377136746,0.6164186693673815,0.7343113197332468,0.789608490595301,0.07160835604781995,BH_from_pvalue
fluoroquinolone,ciprofloxacin,ciprofloxacin_vs_control,not_regulated,b3831,b3831,3057.0446437416026,-0.1972577893334968,0.8722068407380626,0.35876852470977,0.4349705725456996,0.07131660556937044,BH_from_pvalue
fluoroquinolone,ciprofloxacin,ciprofloxacin_vs_control,not_regulated,b2158,b2158,216.8150242814934,-0.1639146624451664,0.8925997685137399,0.29964704101984724,0.3737693817269198,0.0700565166126732,BH_from_pvalue
fluoroquinolone,ciprofloxacin,ciprofloxacin_vs_control,not_regulated,b0188,b0188,519.47174751115,0.1337486362026752,1.0971407637780204,0.23032243669642885,0.30089756615176794,0.06976079089982085,BH_from_pvalue
fluoroquinolone,ciprofloxacin,ciprofloxacin_vs_control,not_regulated,b2427,b2427,81.35648767642552,-0.2426190384707354,0.8452095430161266,0.4458321616704919,0.5207948216612512,0.06874206316570011,BH_from_pvalue
fluoroquinolone,ciprofloxacin,ciprofloxacin_vs_control,not_regulated,b3949,b3949,20.59091538380098,-0.2581895308864901,0.8361365470993449,0.46699847403856487,0.5419399216267969,0.06869102927414826,BH_from_pvalue
fluoroquinolone,ciprofloxacin,ciprofloxacin_vs_control,not_regulated,b2826,b2826,63.61891808371494,-0.3072039811091738,0.8082065892613766,0.525895404562477,0.5985520065086086,0.06847518646224411,BH_from_pvalue
fluoroquinolone,ciprofloxacin,ciprofloxacin_vs_control,not_regulated,b3579,b3579,8.896339306033989,0.31758263584122215,1.2462406112043976,0.5386032052629298,0.6087028184102157,0.06846912909023532,BH_from_pvalue
fluoroquinolone,ciprofloxacin,ciprofloxacin_vs_control,not_regulated,b2040,b2040,522.2527532326702,0.15352255954441674,1.1122819649633187,0.2867572122924548,0.3604902014788881,0.06802684946346263,BH_from_pvalue
fluoroquinolone,ciprofloxacin,ciprofloxacin_vs_control,not_regulated,b4100,b4100,1.4621183062249614,0.4513479770344674,1.367317208125674,0.6420530629699824,0.7074252319313706,0.067846381536655,BH_from_pvalue
fluoroquinolone,ciprofloxacin,ciprofloxacin_vs_control,not_regulated,b0931,b0931,1404.3730245559134,0.20234243621238157,1.1505649575392318,0.3837297624902651,0.46212727808441234,0.06783295366399676,BH_from_pvalue
fluoroquinolone,ciprofloxacin,ciprofloxacin_vs_control,not_regulated,b2529,b2529,647.1192408956135,-0.2274761544347328,0.8541277936681979,0.4283024002418671,0.5043204702324393,0.06762716018672027,BH_from_pvalue
fluoroquinolone,ciprofloxacin,ciprofloxacin_vs_control,not_regulated,b3041,b3041,3061.2885667400674,-0.20641734629895225,0.8666868099976553,0.3920886105100116,0.470548177714523,0.06758019371957888,BH_from_pvalue
fluoroquinolone,ciprofloxacin,ciprofloxacin_vs_control,not_regulated,b0688,b0688,3062.834681348761,-0.13585659296105845,0.9101292884242902,0.2504936093305215,0.32312023365892906,0.06665611439295126,BH_from_pvalue
fluoroquinolone,ciprofloxacin,ciprofloxacin_vs_control,not_regulated,b4487,b4487,283.51362851482054,0.20306912220036288,1.1511446434855674,0.3923975656400247,0.47074441048930843,0.06644722789154602,BH_from_pvalue
fluoroquinolone,ciprofloxacin,ciprofloxacin_vs_control,not_regulated,b0591,b0591,189.23032491613208,0.4076613509156344,1.3265337219353244,0.620579136689034,0.6873590142396638,0.0663739403204,BH_from_pvalue
fluoroquinolone,ciprofloxacin,ciprofloxacin_vs_control,not_regulated,b3576,b3576,3.2055570103381488,0.48800595918833767,1.4025050438101894,0.6679109526161027,0.7313202202695301,0.06631631008704439,BH_from_pvalue
fluoroquinolone,ciprofloxacin,ciprofloxacin_vs_control,not_regulated,b0759,b0759,1084.5770575758086,-0.20570359245363434,0.8671156976511584,0.3997799828464551,0.4787567526207016,0.06580151166639564,BH_from_pvalue
fluoroquinolone,ciprofloxacin,ciprofloxacin_vs_control,not_regulated,b3338,b3338,405.9193673371699,0.1531630903256822,1.1120048576677453,0.3002983513272645,0.3740795842424266,0.06540615239869957,BH_from_pvalue
fluoroquinolone,ciprofloxacin,ciprofloxacin_vs_control,not_regulated,b3129,b3129,265.04475285391845,0.2163863214038182,1.1618197995834811,0.42583632356906725,0.5018107894717486,0.06479904891602824,BH_from_pvalue
fluoroquinolone,ciprofloxacin,ciprofloxacin_vs_control,not_regulated,b3164,b3164,13427.109576143856,0.12239259493509635,1.0885386211094814,0.227689864913717,0.29815109530768535,0.06432509168903562,BH_from_pvalue
fluoroquinolone,ciprofloxacin,ciprofloxacin_vs_control,not_regulated,b2893,b2893,519.6261897416227,-0.12335487036278892,0.9180503149037229,0.2337530381402167,0.30493653293349615,0.06362527542424311,BH_from_pvalue
fluoroquinolone,ciprofloxacin,ciprofloxacin_vs_control,not_regulated,b2522,b2522,370.84918498205207,-0.1642100180712056,0.8924170498022033,0.33897630080226804,0.4140997830007066,0.06287519438978491,BH_from_pvalue
fluoroquinolone,ciprofloxacin,ciprofloxacin_vs_control,not_regulated,b1820,b1820,68.5627873721318,-0.13886949287704464,0.9082305731283739,0.27896070395973066,0.35305718807283865,0.06279052750495985,BH_from_pvalue
fluoroquinolone,ciprofloxacin,ciprofloxacin_vs_control,not_regulated,b1972,b1972,90.48473844659397,0.216162471219004,1.161639544301612,0.437619535589364,0.5131419893328882,0.06263576649841461,BH_from_pvalue
fluoroquinolone,ciprofloxacin,ciprofloxacin_vs_control,not_regulated,b2727,b2727,468.9671439381373,-0.28626094691326465,0.8200245761507983,0.5336917031995715,0.6052812105374867,0.06241714053667667,BH_from_pvalue
fluoroquinolone,ciprofloxacin,ciprofloxacin_vs_control,not_regulated,b4108,b4108,146.80400965429666,0.13851345709865104,1.1007703052864304,0.2812286888452722,0.35522792542152043,0.062260815588927806,BH_from_pvalue
fluoroquinolone,ciprofloxacin,ciprofloxacin_vs_control,not_regulated,b3567,b3567,59.273619351273034,-0.2271720724426336,0.8543078402110487,0.4576554826255803,0.5324713814924625,0.062177843374567617,BH_from_pvalue
fluoroquinolone,ciprofloxacin,ciprofloxacin_vs_control,not_regulated,b2638,b2638,3.571619188842389,0.3348926749691501,1.2612835758796521,0.5848589791916633,0.6534266488832841,0.06188922377301433,BH_from_pvalue
fluoroquinolone,ciprofloxacin,ciprofloxacin_vs_control,not_regulated,b2308,b2308,160.82763653192242,-0.21829352791220646,0.8595815796630232,0.4473706776965501,0.5220177892366713,0.061627471174179466,BH_from_pvalue
fluoroquinolone,ciprofloxacin,ciprofloxacin_vs_control,not_regulated,b2508,b2508,1476.7314646432767,-0.20790302830097218,0.8657947585298202,0.43181373252554484,0.5075867668930827,0.061225302254800225,BH_from_pvalue
fluoroquinolone,ciprofloxacin,ciprofloxacin_vs_control,not_regulated,b1081,b1081,12.950325179275199,-0.31311144750750497,0.804903956770612,0.5692785069951997,0.6390353692199671,0.06089238129253363,BH_from_pvalue
fluoroquinolone,ciprofloxacin,ciprofloxacin_vs_control,not_regulated,b1809,b1809,368.24083559877073,0.11337374026338232,1.081754963394356,0.22340483067406577,0.2936513525341753,0.060333875983959985,BH_from_pvalue
fluoroquinolone,ciprofloxacin,ciprofloxacin_vs_control,not_regulated,b3259,b3259,422.3349981716528,0.11795790425665409,1.085197706928832,0.2371821128252647,0.308782964830113,0.06019942330240719,BH_from_pvalue
fluoroquinolone,ciprofloxacin,ciprofloxacin_vs_control,not_regulated,b1540,b1540,550.7498671548226,0.1334181917099695,1.0968894961183646,0.282328304327087,0.356116857224688,0.0598257135273381,BH_from_pvalue
fluoroquinolone,ciprofloxacin,ciprofloxacin_vs_control,not_regulated,b3386,b3386,423.85104954740694,-0.11345754675399711,0.9243700702022958,0.2275571570154683,0.2981509153089357,0.059629185429980004,BH_from_pvalue
fluoroquinolone,ciprofloxacin,ciprofloxacin_vs_control,not_regulated,b3300,b3300,32419.29308122731,0.18562602461123845,1.1373103760782894,0.40048910291746737,0.47947830314686407,0.05925758894164928,BH_from_pvalue
fluoroquinolone,ciprofloxacin,ciprofloxacin_vs_control,not_regulated,b4660,b4660,26.706678419975606,0.2941087975073229,1.2261273221207742,0.558854441874128,0.6290608807682252,0.05920625420398574,BH_from_pvalue
fluoroquinolone,ciprofloxacin,ciprofloxacin_vs_control,not_regulated,b1299,b1299,209.36828242165652,-0.28639047430777254,0.8199509563795985,0.5524517668798163,0.6227889843171464,0.05889880080569431,BH_from_pvalue
fluoroquinolone,ciprofloxacin,ciprofloxacin_vs_control,not_regulated,b2922,b2922,1479.2310052051073,-0.12565592121240599,0.9165872221333381,0.26842741478251053,0.34172306038519595,0.058596587034487065,BH_from_pvalue
fluoroquinolone,ciprofloxacin,ciprofloxacin_vs_control,not_regulated,b1316,b1316,58.216636907122115,0.07551213156405367,1.0537350271173742,0.11282623550269906,0.1687142311473206,0.05835942121466924,BH_from_pvalue
fluoroquinolone,ciprofloxacin,ciprofloxacin_vs_control,not_regulated,b1817,b1817,3182.043349333189,-0.18994868141717447,0.8766369039029006,0.4133768004382599,0.4929397795257935,0.05835339998079791,BH_from_pvalue
fluoroquinolone,ciprofloxacin,ciprofloxacin_vs_control,not_regulated,b4585,b4585,19.72901612616649,0.2620695695560702,1.199197740040293,0.5276881123094413,0.599681942690214,0.0582001553315235,BH_from_pvalue
fluoroquinolone,ciprofloxacin,ciprofloxacin_vs_control,not_regulated,b0232,b0232,66.14459103094461,0.16649772191110657,1.1223306116799943,0.3702114044581271,0.44739680205606014,0.05815884047961078,BH_from_pvalue
fluoroquinolone,ciprofloxacin,ciprofloxacin_vs_control,not_regulated,b1225,b1225,4898.910513438511,0.5298745321879306,1.4438036258392157,0.7191437461668804,0.7771083031921894,0.0580310378284248,BH_from_pvalue
fluoroquinolone,ciprofloxacin,ciprofloxacin_vs_control,not_regulated,b0911,b0911,33240.53051694555,0.15581020877508855,1.114047084661555,0.3486374470666447,0.424863515823833,0.057922532575883805,BH_from_pvalue
fluoroquinolone,ciprofloxacin,ciprofloxacin_vs_control,not_regulated,b3191,b3191,350.57529014633513,-0.11947365411470301,0.9205234286876017,0.25514107567720196,0.3277054707013291,0.05788693385027863,BH_from_pvalue
fluoroquinolone,ciprofloxacin,ciprofloxacin_vs_control,not_regulated,b0145,b0145,4813.491134348461,0.13648424573473683,1.0992231138204342,0.30283382014772625,0.3765956657518586,0.057886337401562765,BH_from_pvalue
fluoroquinolone,ciprofloxacin,ciprofloxacin_vs_control,not_regulated,b3466,b3466,46.77646908405819,0.19633228025598548,1.1457817630423517,0.43197913376316593,0.5075867668930827,0.0578178360328898,BH_from_pvalue
fluoroquinolone,ciprofloxacin,ciprofloxacin_vs_control,not_regulated,b3306,b3306,5580.733608879903,0.16223492743110235,1.1190193065056608,0.36352104292839615,0.4402578489746704,0.05780315158048134,BH_from_pvalue
fluoroquinolone,ciprofloxacin,ciprofloxacin_vs_control,not_regulated,b2400,b2400,2550.282796809781,-0.10938253928879149,0.9269847182582098,0.2264970246622124,0.2969348927224224,0.05768165324699414,BH_from_pvalue
fluoroquinolone,ciprofloxacin,ciprofloxacin_vs_control,not_regulated,b3362,b3362,8.996941107971946,-0.3208925628394108,0.8005744270258722,0.5931040317000049,0.6611603307525705,0.057662215241117976,BH_from_pvalue
fluoroquinolone,ciprofloxacin,ciprofloxacin_vs_control,not_regulated,b0520,b0520,19.199190314019983,0.21966153460943438,1.1644603646459613,0.47328099091152004,0.5480993555921775,0.05736256878544023,BH_from_pvalue
fluoroquinolone,ciprofloxacin,ciprofloxacin_vs_control,not_regulated,b4097,b4097,5.72152772401643,0.3349116801462273,1.261300191363115,0.6070129536707168,0.6749924018815535,0.05716979750213409,BH_from_pvalue
fluoroquinolone,ciprofloxacin,ciprofloxacin_vs_control,not_regulated,b2006,b2006,29.850803945789632,0.2353734691760545,1.1772114414517116,0.503918040248292,0.577189545463921,0.05617930299471433,BH_from_pvalue
fluoroquinolone,ciprofloxacin,ciprofloxacin_vs_control,not_regulated,b2637,b2637,14.715922501150272,-0.2066924324288597,0.8665215700922545,0.4612383259227493,0.5360852687339862,0.05596530935393681,BH_from_pvalue
fluoroquinolone,ciprofloxacin,ciprofloxacin_vs_control,not_regulated,b4077,b4077,559.4727598264527,0.18894782231392426,1.1399320442354277,0.42994284156348345,0.5058548002491625,0.05592366627882387,BH_from_pvalue
fluoroquinolone,ciprofloxacin,ciprofloxacin_vs_control,not_regulated,b1077,b1077,29.249727456687555,0.3343605863853458,1.2608184804651246,0.6127544085006056,0.6805356368977096,0.05588808032495542,BH_from_pvalue
fluoroquinolone,ciprofloxacin,ciprofloxacin_vs_control,not_regulated,b1547,b1547,4.732952389318012,0.3007106579479615,1.2317510128425995,0.5836384787218637,0.6522250626809796,0.05581265495056129,BH_from_pvalue
fluoroquinolone,ciprofloxacin,ciprofloxacin_vs_control,not_regulated,b0782,b0782,390.810264147139,0.2065844422316161,1.1539529819139052,0.4623780345151461,0.5371323345168201,0.05576100470647153,BH_from_pvalue
fluoroquinolone,ciprofloxacin,ciprofloxacin_vs_control,not_regulated,b3540,b3540,2276.9298313263034,0.24679102310467727,1.1865649092090635,0.5275277822425698,0.599681942690214,0.05480711058307278,BH_from_pvalue
fluoroquinolone,ciprofloxacin,ciprofloxacin_vs_control,not_regulated,b0396,b0396,213.01756090687266,-0.17836889766892483,0.8837015393531688,0.4135967807696527,0.4930713808380328,0.054775341231844014,BH_from_pvalue
fluoroquinolone,ciprofloxacin,ciprofloxacin_vs_control,not_regulated,b0098,b0098,6789.250165792226,-0.10324464747338347,0.9309369412239751,0.2253515467877293,0.29603716631168414,0.05458067124564301,BH_from_pvalue
fluoroquinolone,ciprofloxacin,ciprofloxacin_vs_control,not_regulated,b3374,b3374,56.30983271769204,0.22642023690207225,1.1699283982152804,0.5011858668279165,0.5744989880203795,0.05450178096079942,BH_from_pvalue
fluoroquinolone,ciprofloxacin,ciprofloxacin_vs_control,not_regulated,b1436,b1436,28.934622680948113,-0.24896933858906856,0.8414973663299218,0.5327624899774706,0.6043797427285403,0.05444712968624475,BH_from_pvalue
fluoroquinolone,ciprofloxacin,ciprofloxacin_vs_control,not_regulated,b1991,b1991,187.59281650060905,-0.14942293811532714,0.9016110248240445,0.35765778535754844,0.4340036689443209,0.05416680111911466,BH_from_pvalue
fluoroquinolone,ciprofloxacin,ciprofloxacin_vs_control,not_regulated,b2683,b2683,42.30609706642818,-0.16159101943937149,0.8940385718187619,0.3840190847725387,0.462344176474004,0.054138583890156,BH_from_pvalue
fluoroquinolone,ciprofloxacin,ciprofloxacin_vs_control,not_regulated,b0348,b0348,15.759336403079496,-0.34294579058584507,0.788429798830267,0.6289868783411539,0.6952580055236195,0.05413536543299301,BH_from_pvalue
fluoroquinolone,ciprofloxacin,ciprofloxacin_vs_control,not_regulated,b3071,b3071,149.6753701682619,-0.21107534476469247,0.8638930693969042,0.4806884086566973,0.5551056385462965,0.05395600018151769,BH_from_pvalue
fluoroquinolone,ciprofloxacin,ciprofloxacin_vs_control,not_regulated,b2125,b2125,188.0991481065088,0.21127816453610926,1.1577134129960303,0.4823999592709788,0.5564612469614462,0.05378404188227078,BH_from_pvalue
fluoroquinolone,ciprofloxacin,ciprofloxacin_vs_control,not_regulated,b0640,b0640,456.70266883686736,0.11671459125811445,1.0842628876102576,0.27393805768232105,0.3475806441340141,0.05356550995690503,BH_from_pvalue
fluoroquinolone,ciprofloxacin,ciprofloxacin_vs_control,not_regulated,b3224,b3224,543.8418358490513,-0.1697683876068119,0.8889853887386464,0.4043928182997164,0.48376566401918203,0.053539000694064566,BH_from_pvalue
fluoroquinolone,ciprofloxacin,ciprofloxacin_vs_control,not_regulated,b4391,b4391,4489.7029797479545,-0.10518210615898482,0.9296875841168557,0.24020801491603894,0.31173896767136666,0.053244119005337154,BH_from_pvalue
fluoroquinolone,ciprofloxacin,ciprofloxacin_vs_control,not_regulated,b0367,b0367,10.658708277643989,-0.21261725125029507,0.8629702612356744,0.4890136309405138,0.5631293681439916,0.05302500386514375,BH_from_pvalue
fluoroquinolone,ciprofloxacin,ciprofloxacin_vs_control,not_regulated,b2919,b2919,17.11751948073041,0.1879394181769083,1.1391355415015543,0.4480120387045731,0.5226032546922121,0.05296656965034218,BH_from_pvalue
fluoroquinolone,ciprofloxacin,ciprofloxacin_vs_control,not_regulated,b0756,b0756,1655.1558828970064,-0.14610615950875605,0.9036862273087419,0.3578834041898128,0.4341314865279876,0.05294576228805638,BH_from_pvalue
fluoroquinolone,ciprofloxacin,ciprofloxacin_vs_control,not_regulated,b3081,b3081,1907.2140327992613,-0.20695617325623594,0.8663631747134264,0.4816442841675066,0.5559714674061337,0.052762958142405364,BH_from_pvalue
fluoroquinolone,ciprofloxacin,ciprofloxacin_vs_control,not_regulated,b3926,b3926,1933.68686121047,-0.23641340406021527,0.8488529728940037,0.5264128524772446,0.5986864754595819,0.052673037069101654,BH_from_pvalue
fluoroquinolone,ciprofloxacin,ciprofloxacin_vs_control,not_regulated,b0677,b0677,695.5560678015419,0.18155115651525655,1.1341025941737006,0.4388121322852127,0.5139152872339411,0.05248797587721929,BH_from_pvalue
fluoroquinolone,ciprofloxacin,ciprofloxacin_vs_control,not_regulated,b0871,b0871,4170.034872361668,-0.20505307042406606,0.8675067747950489,0.48045179762364776,0.5549748807681478,0.05243753957760536,BH_from_pvalue
fluoroquinolone,ciprofloxacin,ciprofloxacin_vs_control,not_regulated,b1336,b1336,34.78873775591976,-0.222897759917557,0.8568426748509052,0.5088412256530699,0.5819394439327507,0.052408212861851135,BH_from_pvalue
fluoroquinolone,ciprofloxacin,ciprofloxacin_vs_control,not_regulated,b3452,b3452,75.15281195441285,-0.24410878183294837,0.844337220459714,0.5408560962920742,0.6107885315394802,0.05226591794232327,BH_from_pvalue
fluoroquinolone,ciprofloxacin,ciprofloxacin_vs_control,not_regulated,b2890,b2890,2807.9182635628217,-0.11597375623340866,0.9227592782239794,0.2836836653988214,0.35742552576019565,0.05181874840332563,BH_from_pvalue
fluoroquinolone,ciprofloxacin,ciprofloxacin_vs_control,not_regulated,b0027,b0027,926.2692170500342,0.1287375333570253,1.0933365308467977,0.3227222316453906,0.39726453145620333,0.05161347863327049,BH_from_pvalue
fluoroquinolone,ciprofloxacin,ciprofloxacin_vs_control,not_regulated,b0959,b0959,237.175380817451,-0.10717155451978755,0.9284064465815345,0.2577200739027308,0.33045179373274886,0.05153793101968275,BH_from_pvalue
fluoroquinolone,ciprofloxacin,ciprofloxacin_vs_control,not_regulated,b3746,b3746,610.705133258032,-0.17259713750967975,0.887244027246506,0.4271095728618262,0.5030476194638634,0.05150141551646024,BH_from_pvalue
fluoroquinolone,ciprofloxacin,ciprofloxacin_vs_control,not_regulated,b0366,b0366,11.90536013739054,0.2824663166670667,1.2162723506026312,0.5941657108248428,0.6620177482468268,0.05059829504420157,BH_from_pvalue
fluoroquinolone,ciprofloxacin,ciprofloxacin_vs_control,not_regulated,b1113,b1113,386.3341109695537,0.17835586884008947,1.1315935580204548,0.44698013700096567,0.5218055167999853,0.05038398724827344,BH_from_pvalue
fluoroquinolone,ciprofloxacin,ciprofloxacin_vs_control,not_regulated,b0016,b0016,2.6680462760711383,0.3007550070064078,1.231788877974002,0.6135849955671623,0.6809536911080918,0.05019072390310476,BH_from_pvalue
fluoroquinolone,ciprofloxacin,ciprofloxacin_vs_control,not_regulated,b1573,b1573,13.90390948097226,0.30297644384116884,1.2336870261450594,0.6158930506406278,0.6830096010309527,0.05016477673195191,BH_from_pvalue
fluoroquinolone,ciprofloxacin,ciprofloxacin_vs_control,not_regulated,b0850,b0850,127.34692463215909,0.19850850336086712,1.1475114136301654,0.4862656553101164,0.5605389332611234,0.04990388982989867,BH_from_pvalue
fluoroquinolone,ciprofloxacin,ciprofloxacin_vs_control,not_regulated,b0539,b0539,2.368790797079326,0.2502207475598044,1.1893890901576025,0.5641993549971555,0.6341251121382322,0.04949993136513803,BH_from_pvalue
fluoroquinolone,ciprofloxacin,ciprofloxacin_vs_control,not_regulated,b2310,b2310,952.9548549111896,0.19303119144713676,1.1431630506333992,0.4824808499665718,0.5564612469614462,0.049138999802334334,BH_from_pvalue
fluoroquinolone,ciprofloxacin,ciprofloxacin_vs_control,not_regulated,b0221,b0221,3015.9120547173766,0.17615440240845182,1.1298681306477614,0.452900265879669,0.5280314660255965,0.04885469659032518,BH_from_pvalue
fluoroquinolone,ciprofloxacin,ciprofloxacin_vs_control,not_regulated,b3093,b3093,487.2957617495461,0.147545927222394,1.1076836614530658,0.38816673707984956,0.4665884509313638,0.04884744217456392,BH_from_pvalue
fluoroquinolone,ciprofloxacin,ciprofloxacin_vs_control,not_regulated,b0922,b0922,557.6006595169036,-0.08770626712310836,0.9410176793192598,0.21082792998610678,0.280893346723771,0.04836637066839256,BH_from_pvalue
fluoroquinolone,ciprofloxacin,ciprofloxacin_vs_control,not_regulated,b1855,b1855,641.8903466230469,0.11350279785174067,1.081851737090397,0.3059415263302074,0.3801450236003516,0.04767692859984071,BH_from_pvalue
fluoroquinolone,ciprofloxacin,ciprofloxacin_vs_control,not_regulated,b3118,b3118,1293.522351372368,0.29977516337290666,1.2309525607487604,0.6298188891823189,0.6955377764650308,0.04726833113377926,BH_from_pvalue
fluoroquinolone,ciprofloxacin,ciprofloxacin_vs_control,not_regulated,b1438,b1438,65.51941980021114,0.10829307876622973,1.077952105237424,0.29359836363263436,0.36765184844643356,0.047060191847540254,BH_from_pvalue
fluoroquinolone,ciprofloxacin,ciprofloxacin_vs_control,not_regulated,b1867,b1867,132.45417942458639,-0.11395776363580268,0.9240496245431282,0.31380067399101214,0.38806286660731953,0.04684779874691298,BH_from_pvalue
fluoroquinolone,ciprofloxacin,ciprofloxacin_vs_control,not_regulated,b0476,b0476,133.53882172113177,-0.190703117043177,0.8761785996895688,0.49419353124935583,0.5680762850906216,0.04683541553919327,BH_from_pvalue
fluoroquinolone,ciprofloxacin,ciprofloxacin_vs_control,not_regulated,b0365,b0365,11.008062077572214,0.3112235987790708,1.24075958425012,0.6421558963930161,0.7074252319313706,0.04678296148508756,BH_from_pvalue
fluoroquinolone,ciprofloxacin,ciprofloxacin_vs_control,not_regulated,b4443,b4443,1751.2755818248424,-0.14378900097578295,0.9051388328154198,0.39462261242028784,0.473210480049708,0.04672360977364487,BH_from_pvalue
fluoroquinolone,ciprofloxacin,ciprofloxacin_vs_control,not_regulated,b2934,b2934,2.9148869238818427,0.3400198603948361,1.265774018719129,0.6656263222015418,0.7289961522431301,0.04667614607430826,BH_from_pvalue
fluoroquinolone,ciprofloxacin,ciprofloxacin_vs_control,not_regulated,b4532,b4532,19.948039973362096,0.20104757162122766,1.1495327522580518,0.5132444193567551,0.585932334585453,0.04667370337875441,BH_from_pvalue
fluoroquinolone,ciprofloxacin,ciprofloxacin_vs_control,not_regulated,b2618,b2618,59.59289655105445,-0.19065531232717348,0.8762076329654167,0.4955766042090786,0.569229715457721,0.04665572602126142,BH_from_pvalue
fluoroquinolone,ciprofloxacin,ciprofloxacin_vs_control,not_regulated,b1981,b1981,251.40542586484392,-0.11678754652202805,0.9222389182267426,0.3273802758662572,0.402158058153441,0.04620153001992945,BH_from_pvalue
fluoroquinolone,ciprofloxacin,ciprofloxacin_vs_control,not_regulated,b4626,b4626,1.4663007757456592,0.32572030968109034,1.2532900258662294,0.6574817275793944,0.7214815346797062,0.04617892511426605,BH_from_pvalue
fluoroquinolone,ciprofloxacin,ciprofloxacin_vs_control,not_regulated,b1430,b1430,229.17862973897294,0.08369261705364739,1.0597269721940592,0.212188542621312,0.2817903940686925,0.04603711720074221,BH_from_pvalue
fluoroquinolone,ciprofloxacin,ciprofloxacin_vs_control,not_regulated,b2198,b2198,0.5430898466744286,-0.32458522326473976,0.798527931195801,0.6589971126984983,0.7227917612577043,0.04576223402908748,BH_from_pvalue
fluoroquinolone,ciprofloxacin,ciprofloxacin_vs_control,not_regulated,b0189,b0189,251.33737302446207,-0.1485172272955575,0.9021772257310768,0.41237078117260706,0.4920010009852484,0.045748357620240605,BH_from_pvalue
fluoroquinolone,ciprofloxacin,ciprofloxacin_vs_control,not_regulated,b1802,b1802,22.061245715462448,-0.27448351098638035,0.8267462427355451,0.6142014063244168,0.681469641254866,0.04571618581125657,BH_from_pvalue
fluoroquinolone,ciprofloxacin,ciprofloxacin_vs_control,not_regulated,b4220,b4220,488.18345220308714,-0.1059018893440431,0.9292238640868934,0.2977092532163652,0.37166145461204847,0.045522189526779916,BH_from_pvalue
fluoroquinolone,ciprofloxacin,ciprofloxacin_vs_control,not_regulated,b3379,b3379,9.83610316650565,-0.22152726693269864,0.8576570221536929,0.5537540786353524,0.6241006879733939,0.04535667529435088,BH_from_pvalue
fluoroquinolone,ciprofloxacin,ciprofloxacin_vs_control,not_regulated,b4104,b4104,1.8269304521774918,-0.40356366376582975,0.7559885747240142,0.7139207160412469,0.772535945970247,0.045231941594042174,BH_from_pvalue
fluoroquinolone,ciprofloxacin,ciprofloxacin_vs_control,not_regulated,b1433,b1433,85.32037667190713,-0.17634772205252425,0.8849404482609795,0.48191219368462296,0.5560905713682489,0.04494300495976842,BH_from_pvalue
fluoroquinolone,ciprofloxacin,ciprofloxacin_vs_control,not_regulated,b4473,b4473,192.3143877411892,-0.13953133157994202,0.9078140164270576,0.3984483129764098,0.47728908435895906,0.04482004473606184,BH_from_pvalue
fluoroquinolone,ciprofloxacin,ciprofloxacin_vs_control,not_regulated,b1402,b1402,1.4235992472691301,0.37445123629717747,1.2963463643891906,0.6984569656113974,0.7597725347811525,0.04467817720656123,BH_from_pvalue
fluoroquinolone,ciprofloxacin,ciprofloxacin_vs_control,not_regulated,b0914,b0914,1575.414989294123,-0.12199293923713128,0.9189173807855912,0.3536149316181117,0.4303364956475344,0.04467281657353282,BH_from_pvalue
fluoroquinolone,ciprofloxacin,ciprofloxacin_vs_control,not_regulated,b2799,b2799,489.3947927868126,-0.17211817916734873,0.8875386310706427,0.47642686483195,0.5510331802556213,0.044548014308843815,BH_from_pvalue
fluoroquinolone,ciprofloxacin,ciprofloxacin_vs_control,not_regulated,b1009,b1009,5.556121873773926,0.2688600904648002,1.2048554649763183,0.6163376075257249,0.6833341283339193,0.04446055657491129,BH_from_pvalue
fluoroquinolone,ciprofloxacin,ciprofloxacin_vs_control,not_regulated,b0783,b0783,249.41336422617943,0.17992158956680182,1.1328223147630223,0.4952532495788234,0.5690036057740863,0.04406009512773506,BH_from_pvalue
fluoroquinolone,ciprofloxacin,ciprofloxacin_vs_control,not_regulated,b1295,b1295,131.61165098219817,-0.10299139038407912,0.9311003763702304,0.29985226094892803,0.37392167167958923,0.043999916231564754,BH_from_pvalue
fluoroquinolone,ciprofloxacin,ciprofloxacin_vs_control,not_regulated,b3887,b3887,190.52299193702754,0.1514193903258345,1.1106616551833413,0.43885029307816087,0.5139152872339411,0.043776627256559356,BH_from_pvalue
fluoroquinolone,ciprofloxacin,ciprofloxacin_vs_control,not_regulated,b3426,b3426,3243.8423660607345,-0.32948576027701293,0.7958200983567926,0.6762626378701053,0.7390255940572726,0.04327483134635557,BH_from_pvalue
fluoroquinolone,ciprofloxacin,ciprofloxacin_vs_control,not_regulated,b0018,b0018,2.785725168279107,-0.4193000817352641,0.7477873226359415,0.733201980761698,0.7887927551940008,0.04320345896006288,BH_from_pvalue
fluoroquinolone,ciprofloxacin,ciprofloxacin_vs_control,not_regulated,b2325,b2325,202.9896046531163,0.15009055417728678,1.1096391190141612,0.44380596912594844,0.5191779581608624,0.04272834238883288,BH_from_pvalue
fluoroquinolone,ciprofloxacin,ciprofloxacin_vs_control,not_regulated,b3019,b3019,1854.7064101555752,0.10375402775557063,1.0745659491497694,0.31350164685750737,0.38793133633151805,0.04266833941338141,BH_from_pvalue
fluoroquinolone,ciprofloxacin,ciprofloxacin_vs_control,not_regulated,b4544,b4544,10.566599176910914,0.22713211488543283,1.1705058257084404,0.5816442094996861,0.650481266616009,0.042420376290582595,BH_from_pvalue
fluoroquinolone,ciprofloxacin,ciprofloxacin_vs_control,not_regulated,b2418,b2418,194.1322208026185,-0.15617793136733837,0.8973993652219104,0.4618065154340259,0.5366070024340606,0.04222171425124082,BH_from_pvalue
fluoroquinolone,ciprofloxacin,ciprofloxacin_vs_control,not_regulated,b3221,b3221,174.04952975051768,-0.16908075112282095,0.8894092097649385,0.4885546949973655,0.5628303868955241,0.04220635359018384,BH_from_pvalue
fluoroquinolone,ciprofloxacin,ciprofloxacin_vs_control,not_regulated,b1070,b1070,48.13938687559938,-0.22427115953054866,0.8560273761145925,0.5794470045472703,0.6484288610426981,0.042193851899248666,BH_from_pvalue
fluoroquinolone,ciprofloxacin,ciprofloxacin_vs_control,not_regulated,b1978,b1978,423.16333155280046,-0.13738680437723616,0.9091644608880871,0.4150695319424348,0.49456496812637657,0.042009676738490626,BH_from_pvalue
fluoroquinolone,ciprofloxacin,ciprofloxacin_vs_control,not_regulated,b0757,b0757,968.8447068586964,-0.1696246146818492,0.8890739857011242,0.49368919406226597,0.5676416142362147,0.04171506458560768,BH_from_pvalue
fluoroquinolone,ciprofloxacin,ciprofloxacin_vs_control,not_regulated,b0938,b0938,15.00943435484556,-0.2614795603671216,0.8342319314319784,0.629101841369749,0.6952580055236195,0.04127559498412673,BH_from_pvalue
fluoroquinolone,ciprofloxacin,ciprofloxacin_vs_control,not_regulated,b0410,b0410,273.50440321912436,-0.1514410325968658,0.9003507001133491,0.45965249813034265,0.5345183393459879,0.04119762317662357,BH_from_pvalue
fluoroquinolone,ciprofloxacin,ciprofloxacin_vs_control,not_regulated,b3375,b3375,206.11304126526284,0.14527649514439922,1.1059425889314953,0.44671758513001725,0.5216343971741478,0.0410600447430048,BH_from_pvalue
fluoroquinolone,ciprofloxacin,ciprofloxacin_vs_control,not_regulated,b2838,b2838,121.68159662142449,0.15885677429867417,1.1164021239953807,0.47848645067902285,0.5532730218905514,0.040835802762768846,BH_from_pvalue
fluoroquinolone,ciprofloxacin,ciprofloxacin_vs_control,not_regulated,b2541,b2541,46.56204123164099,-0.15626426297314655,0.8973456659936871,0.4732147496105313,0.5480993555921775,0.040806960351256014,BH_from_pvalue
fluoroquinolone,ciprofloxacin,ciprofloxacin_vs_control,not_regulated,b0051,b0051,1130.0515773047673,0.10177015619645857,1.0730893129234507,0.3236201871324495,0.39809061515314154,0.04070990051228552,BH_from_pvalue
fluoroquinolone,ciprofloxacin,ciprofloxacin_vs_control,not_regulated,b2828,b2828,329.10676256654256,0.12173431504366583,1.0880420507245847,0.38866197547319425,0.4669341788671015,0.04026293510189879,BH_from_pvalue
fluoroquinolone,ciprofloxacin,ciprofloxacin_vs_control,not_regulated,b2571,b2571,1445.0731531326583,0.08898222433823477,1.0636195677963873,0.280699487934486,0.3547587234417865,0.04004795533388685,BH_from_pvalue
fluoroquinolone,ciprofloxacin,ciprofloxacin_vs_control,not_regulated,b3915,b3915,887.3229150599282,0.14614245609787346,1.1066066174019957,0.4579224812142508,0.5326442514873804,0.03997913301482168,BH_from_pvalue
fluoroquinolone,ciprofloxacin,ciprofloxacin_vs_control,not_regulated,b2235,b2235,646.4108351173434,0.1299704506178081,1.094271288089041,0.41375208995528917,0.4931258348221756,0.03990641884003254,BH_from_pvalue
fluoroquinolone,ciprofloxacin,ciprofloxacin_vs_control,not_regulated,b1807,b1807,344.2530698329277,0.13454199678805345,1.0977442645795412,0.4292540492508929,0.5051765341524114,0.03989934819966145,BH_from_pvalue
fluoroquinolone,ciprofloxacin,ciprofloxacin_vs_control,not_regulated,b1097,b1097,266.4612482188754,-0.1308013758744746,0.9133239839233911,0.4193464561809575,0.4988398029874216,0.03950710381410747,BH_from_pvalue
fluoroquinolone,ciprofloxacin,ciprofloxacin_vs_control,not_regulated,b3854,b3854,1.214251510868708,-0.32299037250632845,0.7994111650212931,0.6926573953421414,0.7549243916280476,0.03943600769053512,BH_from_pvalue
fluoroquinolone,ciprofloxacin,ciprofloxacin_vs_control,not_regulated,b0517,b0517,11.497859480268895,-0.20836373830667654,0.8655183199101331,0.5778501735326894,0.6470425891336911,0.03939473453885957,BH_from_pvalue
fluoroquinolone,ciprofloxacin,ciprofloxacin_vs_control,not_regulated,b2809,b2809,848.0374731259308,-0.16849608646570502,0.8897697235940228,0.5141394018270651,0.586805133067277,0.03900787114014465,BH_from_pvalue
fluoroquinolone,ciprofloxacin,ciprofloxacin_vs_control,not_regulated,b1211,b1211,625.9809321565724,-0.0905739903100038,0.9391490252635437,0.2972151105732932,0.37125064353198356,0.0389769574860651,BH_from_pvalue
fluoroquinolone,ciprofloxacin,ciprofloxacin_vs_control,not_regulated,b0780,b0780,293.525035930864,-0.11160416751081925,0.9255583388058147,0.3735813425358708,0.45084112584477753,0.038612416399644016,BH_from_pvalue
fluoroquinolone,ciprofloxacin,ciprofloxacin_vs_control,not_regulated,b2145,b2145,17.906159948977034,0.2507238759956243,1.1898039524909447,0.637974018832178,0.7038526212183313,0.03823997123622912,BH_from_pvalue
fluoroquinolone,ciprofloxacin,ciprofloxacin_vs_control,not_regulated,b1398,b1398,667.8297564759465,-0.18944822552534113,0.8769410528694469,0.5591674306851592,0.6292557175936567,0.03811183559928484,BH_from_pvalue
fluoroquinolone,ciprofloxacin,ciprofloxacin_vs_control,not_regulated,b4642,b4642,20.63451380885007,0.1865895393055652,1.1380701910315438,0.5575077671879058,0.6278592731124688,0.03771677791042125,BH_from_pvalue
fluoroquinolone,ciprofloxacin,ciprofloxacin_vs_control,not_regulated,b0724,b0724,3348.626529517635,0.16574756836051918,1.121747188695889,0.520097107827478,0.5930029888486682,0.03761526991539956,BH_from_pvalue
fluoroquinolone,ciprofloxacin,ciprofloxacin_vs_control,not_regulated,b0399,b0399,181.8583442550145,0.16135499218551885,1.1183369971638741,0.5121127427875206,0.5849373075313021,0.03757807357404705,BH_from_pvalue
fluoroquinolone,ciprofloxacin,ciprofloxacin_vs_control,not_regulated,b0573,b0573,2.220817423559554,-0.245832239942684,0.8433291688975602,0.6402409118521147,0.7058342209585324,0.03719375159162863,BH_from_pvalue
fluoroquinolone,ciprofloxacin,ciprofloxacin_vs_control,not_regulated,b1701,b1701,22.05525311616235,-0.1771333693075121,0.8844586681601816,0.5470450379107158,0.6171579083326811,0.03712780987251266,BH_from_pvalue
fluoroquinolone,ciprofloxacin,ciprofloxacin_vs_control,not_regulated,b3197,b3197,681.5444726437863,-0.08174665047191532,0.9449129611865028,0.2785240097326429,0.3528023080195516,0.03698779105437157,BH_from_pvalue
fluoroquinolone,ciprofloxacin,ciprofloxacin_vs_control,not_regulated,b1357,b1357,8.160861734985732,-0.2513888491940932,0.8400872932208769,0.6493631508998197,0.7143153467222766,0.03673042957406587,BH_from_pvalue
fluoroquinolone,ciprofloxacin,ciprofloxacin_vs_control,not_regulated,b3232,b3232,406.6853899450745,0.13714238552977243,1.099724680327707,0.46603774184928864,0.5409645839582194,0.03659386270644606,BH_from_pvalue
fluoroquinolone,ciprofloxacin,ciprofloxacin_vs_control,not_regulated,b2447,b2447,21.29387778474964,-0.20040852773052542,0.8703040845277284,0.5891340448270126,0.6568976037758807,0.036575021728395295,BH_from_pvalue
fluoroquinolone,ciprofloxacin,ciprofloxacin_vs_control,not_regulated,b3497,b3497,311.0158192404023,0.11543803748798709,1.0833039131518452,0.40296081228288216,0.4821808283182772,0.03656962297434113,BH_from_pvalue
fluoroquinolone,ciprofloxacin,ciprofloxacin_vs_control,not_regulated,b0368,b0368,38.0265015836888,-0.14065884087628877,0.9071048098080077,0.47598544949525934,0.5506642365817069,0.03644655227906434,BH_from_pvalue
fluoroquinolone,ciprofloxacin,ciprofloxacin_vs_control,not_regulated,b3549,b3549,210.7099604618504,-0.11967331366368494,0.9203960430861952,0.4178148380209258,0.4975724494090877,0.03627820804848527,BH_from_pvalue
fluoroquinolone,ciprofloxacin,ciprofloxacin_vs_control,not_regulated,b0481,b0481,125.64966271439853,-0.12299419563528158,0.918279856789592,0.4314025383397977,0.5073068280921333,0.03624999223169972,BH_from_pvalue
fluoroquinolone,ciprofloxacin,ciprofloxacin_vs_control,not_regulated,b3187,b3187,2164.3479350730727,-0.0834672748710652,0.9437866863263045,0.2945779364285084,0.3685706698346122,0.03618132988150704,BH_from_pvalue
fluoroquinolone,ciprofloxacin,ciprofloxacin_vs_control,not_regulated,b1044,b1044,9.109994433582765,0.19571857910238988,1.1452944680614472,0.5874499099056796,0.6553446663580721,0.03592027599550937,BH_from_pvalue
fluoroquinolone,ciprofloxacin,ciprofloxacin_vs_control,not_regulated,b0281,b0281,130.8616751990294,0.12188159434742296,1.0881531305099064,0.43377653267708854,0.5091667129388163,0.035728370120572256,BH_from_pvalue
fluoroquinolone,ciprofloxacin,ciprofloxacin_vs_control,not_regulated,b4712,b4712,38.53047575968102,-0.1598963114484535,0.895089399968847,0.5262725639931372,0.5986782986446967,0.03562593499233119,BH_from_pvalue
fluoroquinolone,ciprofloxacin,ciprofloxacin_vs_control,not_regulated,b1988,b1988,58.427102565470896,0.16646007143065233,1.1223013222361566,0.5418761914411425,0.6116334025350713,0.035540690916976175,BH_from_pvalue
fluoroquinolone,ciprofloxacin,ciprofloxacin_vs_control,not_regulated,b2334,b2334,3.828906846409994,-0.12914618657251387,0.9143724325345606,0.4559102712084549,0.5311277907007589,0.03548949785673058,BH_from_pvalue
fluoroquinolone,ciprofloxacin,ciprofloxacin_vs_control,not_regulated,b3167,b3167,830.0557514451413,-0.12924033165190352,0.9143127658315366,0.4573092515363087,0.5322062130427727,0.03540151936771068,BH_from_pvalue
fluoroquinolone,ciprofloxacin,ciprofloxacin_vs_control,not_regulated,b0191,b0191,85.554491497028,0.12375582903049853,1.0895676911773864,0.4447451795276063,0.5200061911918827,0.035145601741229465,BH_from_pvalue
fluoroquinolone,ciprofloxacin,ciprofloxacin_vs_control,not_regulated,b4202,b4202,404.10430738603094,-0.18854613505918394,0.8774895593217362,0.5851917607956274,0.6534738182866763,0.03483801025358256,BH_from_pvalue
fluoroquinolone,ciprofloxacin,ciprofloxacin_vs_control,not_regulated,b2342,b2342,1137.146229853807,0.15978230821112582,1.117118560597804,0.5352862549385674,0.6066307822407851,0.034684833406550895,BH_from_pvalue
fluoroquinolone,ciprofloxacin,ciprofloxacin_vs_control,not_regulated,b0644,b0644,35.36190036841021,-0.2082441797713246,0.8655900498236756,0.6149987262717078,0.6821860100542889,0.03458877333161242,BH_from_pvalue
fluoroquinolone,ciprofloxacin,ciprofloxacin_vs_control,not_regulated,b2877,b2877,459.8395641254611,-0.17739579515737702,0.884297799991607,0.5718712166220573,0.6411457458539416,0.03424505817760861,BH_from_pvalue
fluoroquinolone,ciprofloxacin,ciprofloxacin_vs_control,not_regulated,b0522,b0522,321.0839900693721,-0.11738636668415303,0.9218562034836387,0.4378764146666605,0.5132552643072092,0.03400290825697079,BH_from_pvalue
fluoroquinolone,ciprofloxacin,ciprofloxacin_vs_control,not_regulated,b2611,b2611,246.73098323953045,-0.11522176166878406,0.9232403853334239,0.4309701171538035,0.5069308543299708,0.03399632764809397,BH_from_pvalue
fluoroquinolone,ciprofloxacin,ciprofloxacin_vs_control,not_regulated,b3299,b3299,1897.5473218738753,-0.12766698090508655,0.9153104259912923,0.46768084440435187,0.5425918076169137,0.03389900079051897,BH_from_pvalue
fluoroquinolone,ciprofloxacin,ciprofloxacin_vs_control,not_regulated,b2081,b2081,660.0270691210923,-0.11438466276059067,0.9237762350830823,0.43364246574599336,0.5091422111525654,0.03353311018625597,BH_from_pvalue
fluoroquinolone,ciprofloxacin,ciprofloxacin_vs_control,not_regulated,b1411,b1411,98.11712060325839,0.1379366387212686,1.1003302832384467,0.49813439147370847,0.5718760556781758,0.03347695832899068,BH_from_pvalue
fluoroquinolone,ciprofloxacin,ciprofloxacin_vs_control,not_regulated,b4193,b4193,36.216018237477854,0.2055988412035834,1.1531649090321723,0.6224445836392046,0.6890858324413346,0.03325081780624402,BH_from_pvalue
fluoroquinolone,ciprofloxacin,ciprofloxacin_vs_control,not_regulated,b2100,b2100,78.20692275330465,-0.1365406192118339,0.9096978703179497,0.4984548636568932,0.5720974679072992,0.0331151928832813,BH_from_pvalue
fluoroquinolone,ciprofloxacin,ciprofloxacin_vs_control,not_regulated,b3551,b3551,781.6447389271951,0.08406082937092307,1.0599974758780162,0.3309115484329499,0.40568006128411244,0.03293640623697584,BH_from_pvalue
fluoroquinolone,ciprofloxacin,ciprofloxacin_vs_control,not_regulated,b3893,b3893,3303.923970721756,-0.0884175620181793,0.9405538417955152,0.3479799708770278,0.4241772111124312,0.03293135683899994,BH_from_pvalue
fluoroquinolone,ciprofloxacin,ciprofloxacin_vs_control,not_regulated,b3178,b3178,15994.219717506794,-0.10016091791114157,0.932928927030663,0.3924614360459997,0.47074441048930843,0.03277413752594713,BH_from_pvalue
fluoroquinolone,ciprofloxacin,ciprofloxacin_vs_control,not_regulated,b2121,b2121,12.70396406591617,0.16778729941833603,1.1233342744954498,0.5698818446162066,0.6392759506904528,0.03260302418795155,BH_from_pvalue
fluoroquinolone,ciprofloxacin,ciprofloxacin_vs_control,not_regulated,b1992,b1992,67.14062677698368,-0.1593519447284013,0.8954272044292305,0.5559897179442326,0.6263064741580662,0.032382402512602396,BH_from_pvalue
fluoroquinolone,ciprofloxacin,ciprofloxacin_vs_control,not_regulated,b2952,b2952,292.0533153793554,-0.10671774500950804,0.9286985290621349,0.4206925845507328,0.4988398029874216,0.032232910416356265,BH_from_pvalue
fluoroquinolone,ciprofloxacin,ciprofloxacin_vs_control,not_regulated,b1079,b1079,13.246673193607661,0.2663022208914767,1.2027211728218632,0.6968475947171027,0.7583886961136046,0.03198506678323364,BH_from_pvalue
fluoroquinolone,ciprofloxacin,ciprofloxacin_vs_control,not_regulated,b2834,b2834,1360.4700049214514,-0.12386218677052163,0.9177275439116778,0.47876714401629433,0.5534553106618587,0.03182235605428282,BH_from_pvalue
fluoroquinolone,ciprofloxacin,ciprofloxacin_vs_control,not_regulated,b2672,b2672,2284.1249546565714,-0.1466694847546126,0.9033334362633493,0.539069175779055,0.6090764010686233,0.031582080122193344,BH_from_pvalue
fluoroquinolone,ciprofloxacin,ciprofloxacin_vs_control,not_regulated,b2927,b2927,1370.1356249398323,-0.06940353357725648,0.9530319371928199,0.2788201536046076,0.35305718807283865,0.031381150703002916,BH_from_pvalue
fluoroquinolone,ciprofloxacin,ciprofloxacin_vs_control,not_regulated,b3381,b3381,15.902064431917635,-0.24508867598618878,0.843763932155862,0.6829303268076433,0.7450450181859762,0.031326618139707316,BH_from_pvalue
fluoroquinolone,ciprofloxacin,ciprofloxacin_vs_control,not_regulated,b4292,b4292,110.85163606213509,-0.25580015403793865,0.8375224953215596,0.6921062532948414,0.7545065262530772,0.0312938232798882,BH_from_pvalue
fluoroquinolone,ciprofloxacin,ciprofloxacin_vs_control,not_regulated,b2413,b2413,330.93165714992,0.13132209995404764,1.095296982431622,0.506731699017677,0.5796742579301911,0.031099172488602247,BH_from_pvalue
fluoroquinolone,ciprofloxacin,ciprofloxacin_vs_control,not_regulated,b0675,b0675,700.0421494035054,0.12342139025571974,1.0893151419964449,0.492254863148242,0.5662819371971336,0.030481046393824533,BH_from_pvalue
fluoroquinolone,ciprofloxacin,ciprofloxacin_vs_control,not_regulated,b0181,b0181,2033.6026800976827,0.0719256691614163,1.0511187517302496,0.30410773178103495,0.3780753392899655,0.03038295980339132,BH_from_pvalue
fluoroquinolone,ciprofloxacin,ciprofloxacin_vs_control,not_regulated,b0276,b0276,171.21487919173362,0.13274471633707918,1.0963775683424322,0.5230525578311427,0.5957686515888782,0.029857253869011842,BH_from_pvalue
fluoroquinolone,ciprofloxacin,ciprofloxacin_vs_control,not_regulated,b0047,b0047,436.01080478550995,-0.13804983122056314,0.9087467274581931,0.5366532321875948,0.6078736435104007,0.029844535592403222,BH_from_pvalue
fluoroquinolone,ciprofloxacin,ciprofloxacin_vs_control,not_regulated,b2673,b2673,24.269086992348388,-0.15597310013266075,0.897526785407241,0.5747624489453507,0.6440661423408539,0.029801707012891664,BH_from_pvalue
fluoroquinolone,ciprofloxacin,ciprofloxacin_vs_control,not_regulated,b4690,b4690,64.25675604424585,0.14962415532603313,1.1092804494757547,0.564056170172808,0.6341226327011473,0.029599659767311114,BH_from_pvalue
fluoroquinolone,ciprofloxacin,ciprofloxacin_vs_control,not_regulated,b0394,b0394,348.1829422316361,0.1243239802652667,1.0899968609743502,0.5057651260242663,0.5788629864776462,0.02951752393014571,BH_from_pvalue
fluoroquinolone,ciprofloxacin,ciprofloxacin_vs_control,not_regulated,b0107,b0107,124.40241017913343,0.13594055451933684,1.0988089408069925,0.5352784771575,0.6066307822407851,0.029509371466002094,BH_from_pvalue
fluoroquinolone,ciprofloxacin,ciprofloxacin_vs_control,not_regulated,b2492,b2492,34.99688378028282,0.13613368492900602,1.098956045787447,0.5368119300563058,0.607900317571315,0.029427695998476253,BH_from_pvalue
fluoroquinolone,ciprofloxacin,ciprofloxacin_vs_control,not_regulated,b1340,b1340,194.0513978019629,-0.13315953697563376,0.9118323271504591,0.5299754860174725,0.6018252300193363,0.029365620690844595,BH_from_pvalue
fluoroquinolone,ciprofloxacin,ciprofloxacin_vs_control,not_regulated,b0274,b0274,0.6938759919855663,-0.22083693422167572,0.8580675111039714,0.6760968220247214,0.7390239381451269,0.02900505284842247,BH_from_pvalue
fluoroquinolone,ciprofloxacin,ciprofloxacin_vs_control,not_regulated,b1167,b1167,15.908991669046467,-0.2822648311211631,0.8222991079220991,0.7364600499899068,0.7907847469216044,0.028774561302147905,BH_from_pvalue
fluoroquinolone,ciprofloxacin,ciprofloxacin_vs_control,not_regulated,b1349,b1349,30.781450199161156,-0.16252726287842378,0.8934585696821735,0.599222623037004,0.6671542966387238,0.028568020405627226,BH_from_pvalue
fluoroquinolone,ciprofloxacin,ciprofloxacin_vs_control,not_regulated,b3663,b3663,141.65371294950663,0.11264164952524336,1.081206169736077,0.48433560597610414,0.5584572047373793,0.028499475212591757,BH_from_pvalue
fluoroquinolone,ciprofloxacin,ciprofloxacin_vs_control,not_regulated,b3305,b3305,8934.337645065038,0.1244325428163009,1.0900788861348083,0.5235470263752631,0.5961808923128945,0.027950280072857867,BH_from_pvalue
fluoroquinolone,ciprofloxacin,ciprofloxacin_vs_control,not_regulated,b0585,b0585,55.42260105389138,-0.2894246397228111,0.8182283106011996,0.7474317308808285,0.8007977481616635,0.02792286633686846,BH_from_pvalue
fluoroquinolone,ciprofloxacin,ciprofloxacin_vs_control,not_regulated,b0720,b0720,5375.901192691584,0.10897408618238558,1.078461060106265,0.4816853731617837,0.5559714674061337,0.027782670395287826,BH_from_pvalue
fluoroquinolone,ciprofloxacin,ciprofloxacin_vs_control,not_regulated,b0344,b0344,90.4199421243025,0.16438796181843873,1.1206905437712122,0.6117311446551859,0.6797402373064274,0.02756079599992678,BH_from_pvalue
fluoroquinolone,ciprofloxacin,ciprofloxacin_vs_control,not_regulated,b2042,b2042,2056.62268364416,0.11028213920653407,1.0794393153294881,0.48842513770293305,0.5628303868955241,0.027528899245613875,BH_from_pvalue
fluoroquinolone,ciprofloxacin,ciprofloxacin_vs_control,not_regulated,b1440,b1440,4196.5840098466815,-0.1451813637254702,0.9042656935882358,0.5776457841714595,0.6469747851601656,0.027455631692445175,BH_from_pvalue
fluoroquinolone,ciprofloxacin,ciprofloxacin_vs_control,not_regulated,b1315,b1315,38.36640448119687,-0.10615332343090689,0.9290619322932989,0.47936400488895625,0.5540029018475142,0.027227049421416096,BH_from_pvalue
fluoroquinolone,ciprofloxacin,ciprofloxacin_vs_control,not_regulated,b0998,b0998,46.716103604015395,0.12205654400539068,1.0882850943386322,0.5262556080385394,0.5986782986446967,0.027194989444934543,BH_from_pvalue
fluoroquinolone,ciprofloxacin,ciprofloxacin_vs_control,not_regulated,b3403,b3403,9514.087162842841,-0.12033424976439377,0.919974482304754,0.5289641674818807,0.6008284912458332,0.02662389034312297,BH_from_pvalue
fluoroquinolone,ciprofloxacin,ciprofloxacin_vs_control,not_regulated,b1974,b1974,50.16099084673294,-0.11143545464621596,0.9256665825615292,0.5041588750733835,0.5773183859674336,0.026586784623216342,BH_from_pvalue
fluoroquinolone,ciprofloxacin,ciprofloxacin_vs_control,not_regulated,b2962,b2962,151.17586786000672,0.10636771231151876,1.0765144704845995,0.488628870793024,0.5628303868955241,0.026551770361711947,BH_from_pvalue
fluoroquinolone,ciprofloxacin,ciprofloxacin_vs_control,not_regulated,b1917,b1917,434.9453170290492,-0.1197768938644117,0.920329964405721,0.5288047372857969,0.6007991180377656,0.026503118770966616,BH_from_pvalue
fluoroquinolone,ciprofloxacin,ciprofloxacin_vs_control,not_regulated,b0055,b0055,506.2685369811215,-0.0877895578001553,0.9409633533980089,0.42437135142709614,0.5003466156537558,0.026400868863244234,BH_from_pvalue
fluoroquinolone,ciprofloxacin,ciprofloxacin_vs_control,not_regulated,b3154,b3154,174.54409449656532,0.10897205033828872,1.0784595382482345,0.49915385810313023,0.5727535851397653,0.026374743302625594,BH_from_pvalue
fluoroquinolone,ciprofloxacin,ciprofloxacin_vs_control,not_regulated,b1529,b1529,499.7154780082069,-0.06791916824730038,0.954013000778208,0.3348601903492477,0.4097507373413581,0.026317336716699113,BH_from_pvalue
fluoroquinolone,ciprofloxacin,ciprofloxacin_vs_control,not_regulated,b2222,b2222,2.07393135989765,0.28662031415090095,1.2197794486956886,0.7574720491812255,0.8100592670511537,0.026220945043904317,BH_from_pvalue
fluoroquinolone,ciprofloxacin,ciprofloxacin_vs_control,not_regulated,b0546,b0546,147.81528593558792,-0.12556773765879914,0.9166432494894099,0.5508721628073244,0.6211639479336539,0.025966624411978917,BH_from_pvalue
fluoroquinolone,ciprofloxacin,ciprofloxacin_vs_control,not_regulated,b4521,b4521,1.7142763803707386,0.2664033209230041,1.2028054591094486,0.7461247130266975,0.7996352059075734,0.02586991853023892,BH_from_pvalue
fluoroquinolone,ciprofloxacin,ciprofloxacin_vs_control,not_regulated,b3656,b3656,122.91017594453406,-0.08899603442663473,0.9401767867939503,0.43916435418159605,0.5140154215739836,0.02572197659690312,BH_from_pvalue
fluoroquinolone,ciprofloxacin,ciprofloxacin_vs_control,not_regulated,b3103,b3103,651.0272438295517,-0.13031683367016988,0.9136307835784809,0.5699192001486696,0.6392759506904528,0.025322076789928365,BH_from_pvalue
fluoroquinolone,ciprofloxacin,ciprofloxacin_vs_control,not_regulated,b0524,b0524,148.91871831530088,0.11643093304055085,1.0840497241657445,0.537753793972534,0.6085073120222535,0.02511813405253335,BH_from_pvalue
fluoroquinolone,ciprofloxacin,ciprofloxacin_vs_control,not_regulated,b3078,b3078,35.56613312026423,0.16052449211486763,1.1176934019131464,0.6339516606435731,0.6999299385308768,0.02487253641550974,BH_from_pvalue
fluoroquinolone,ciprofloxacin,ciprofloxacin_vs_control,not_regulated,b1345,b1345,49.53219903487044,0.1776091174309773,1.1310079869862502,0.6609505152180452,0.7245808962833944,0.02484984583289782,BH_from_pvalue
fluoroquinolone,ciprofloxacin,ciprofloxacin_vs_control,not_regulated,b3879,b3879,4.6451649440438985,0.18612615480856398,1.1377047088026968,0.6723455346533758,0.7356385830384052,0.02481722406385824,BH_from_pvalue
fluoroquinolone,ciprofloxacin,ciprofloxacin_vs_control,not_regulated,b2730,b2730,461.2092208105444,-0.120987164985209,0.9195582270149796,0.5539793983353819,0.6241982298879127,0.024763346498774264,BH_from_pvalue
fluoroquinolone,ciprofloxacin,ciprofloxacin_vs_control,not_regulated,b4381,b4381,1487.792623455769,-0.11294393780450918,0.9246992106283425,0.5344803150948397,0.6060228024443128,0.024566552763321457,BH_from_pvalue
fluoroquinolone,ciprofloxacin,ciprofloxacin_vs_control,not_regulated,b2436,b2436,326.2688265992538,-0.07018102972252827,0.9525184682970931,0.3713471397474912,0.4485283121869536,0.024437746047564008,BH_from_pvalue
fluoroquinolone,ciprofloxacin,ciprofloxacin_vs_control,not_regulated,b0704,b0704,7.303820298968723,-0.23794232530034432,0.8479538626541632,0.7348200511378111,0.7897779187617383,0.02438790167250432,BH_from_pvalue
fluoroquinolone,ciprofloxacin,ciprofloxacin_vs_control,not_regulated,b2500,b2500,222.01864535783884,0.11397522614579714,1.082206060802473,0.5411661622299031,0.6109852905898856,0.024387193113113038,BH_from_pvalue
fluoroquinolone,ciprofloxacin,ciprofloxacin_vs_control,not_regulated,b0329,b0329,3200.634644184837,-0.16852379657789385,0.889752633785447,0.6535067596353679,0.7179991480677755,0.02424654173235978,BH_from_pvalue
fluoroquinolone,ciprofloxacin,ciprofloxacin_vs_control,not_regulated,b4162,b4162,449.201055735798,-0.09281589279628832,0.9376907507169002,0.4736944604218518,0.5481547936654205,0.024233931075383585,BH_from_pvalue
fluoroquinolone,ciprofloxacin,ciprofloxacin_vs_control,not_regulated,b2949,b2949,303.5792676754295,0.11131237113062475,1.0802104207763712,0.5401244301957696,0.6101154412407263,0.02388629725186418,BH_from_pvalue
fluoroquinolone,ciprofloxacin,ciprofloxacin_vs_control,not_regulated,b1339,b1339,143.61535724901793,-0.1659692044710539,0.8913295218659769,0.6547662407910799,0.7188524654816396,0.023793383890635927,BH_from_pvalue
fluoroquinolone,ciprofloxacin,ciprofloxacin_vs_control,not_regulated,b3228,b3228,953.2752504681852,0.07626553313139262,1.0542854504052634,0.4108520231160566,0.49057934695408084,0.023588223120544243,BH_from_pvalue
fluoroquinolone,ciprofloxacin,ciprofloxacin_vs_control,not_regulated,b3453,b3453,424.2283705534607,0.14610265909334252,1.1065760918786498,0.6236847283987432,0.6901190426414631,0.023533630283206156,BH_from_pvalue
fluoroquinolone,ciprofloxacin,ciprofloxacin_vs_control,not_regulated,b2706,b2706,20.875675276202053,-0.2008654128050784,0.8700285127820414,0.7027062153274481,0.7636560900079395,0.023521777822415536,BH_from_pvalue
fluoroquinolone,ciprofloxacin,ciprofloxacin_vs_control,not_regulated,b3461,b3461,6613.7862468324865,0.0979343444300973,1.07023999179527,0.5049886305625361,0.5781213693739595,0.0233065109982769,BH_from_pvalue
fluoroquinolone,ciprofloxacin,ciprofloxacin_vs_control,not_regulated,b1871,b1871,458.3383469142353,0.09642922251802943,1.0691240236681734,0.500173835852286,0.5737775857341451,0.02326416912413467,BH_from_pvalue
fluoroquinolone,ciprofloxacin,ciprofloxacin_vs_control,not_regulated,b1039,b1039,17.442585699758908,-0.20475432345138955,0.8676864329006302,0.7117915028451325,0.770921786611463,0.023135125647065106,BH_from_pvalue
fluoroquinolone,ciprofloxacin,ciprofloxacin_vs_control,not_regulated,b4596,b4596,34.52060939744858,-0.1148448705321643,0.923481605108329,0.5648601615268901,0.6345507009360518,0.02268572896642769,BH_from_pvalue
fluoroquinolone,ciprofloxacin,ciprofloxacin_vs_control,not_regulated,b4004,b4004,247.9458646110069,0.07446526416817267,1.052970679366271,0.4234821453078722,0.49954461000914674,0.022445746062109296,BH_from_pvalue
fluoroquinolone,ciprofloxacin,ciprofloxacin_vs_control,not_regulated,b3229,b3229,2382.8889521408437,-0.08058686658822722,0.9456728830038621,0.4572665640769968,0.5322062130427727,0.02207435931060785,BH_from_pvalue
fluoroquinolone,ciprofloxacin,ciprofloxacin_vs_control,not_regulated,b2148,b2148,402.87998132589246,-0.15440786659571692,0.8985010740418682,0.6562675940934466,0.7203249483241393,0.021998727044154287,BH_from_pvalue
fluoroquinolone,ciprofloxacin,ciprofloxacin_vs_control,not_regulated,b0452,b0452,534.2617945619704,-0.05949628718435562,0.9595991021036373,0.3518515856988634,0.4284600878935962,0.021899966184414563,BH_from_pvalue
fluoroquinolone,ciprofloxacin,ciprofloxacin_vs_control,not_regulated,b0937,b0937,2.1431958471740713,0.17876720436910976,1.1319162395183866,0.6945023042084859,0.7562022184288961,0.0216955549144581,BH_from_pvalue
fluoroquinolone,ciprofloxacin,ciprofloxacin_vs_control,not_regulated,b0497,b0497,142.13245632058607,0.11741887432040166,1.0847923234136174,0.5858726723640775,0.653909498832164,0.021661710331018665,BH_from_pvalue
fluoroquinolone,ciprofloxacin,ciprofloxacin_vs_control,not_regulated,b4213,b4213,567.4577749928334,0.12468108794849186,1.0902666993125965,0.6026478052797579,0.6704699055523995,0.021647219131092885,BH_from_pvalue
fluoroquinolone,ciprofloxacin,ciprofloxacin_vs_control,not_regulated,b1657,b1657,272.8620017164235,-0.15048032046914006,0.90095045673345,0.6545048356381351,0.7187409059326981,0.02158303682475206,BH_from_pvalue
fluoroquinolone,ciprofloxacin,ciprofloxacin_vs_control,not_regulated,b3370,b3370,9.84700537067162,0.18656085631058472,1.1380475646717418,0.7056179933708074,0.7662650251525572,0.021570352135911387,BH_from_pvalue
fluoroquinolone,ciprofloxacin,ciprofloxacin_vs_control,not_regulated,b4472,b4472,1113.056933659359,-0.05887555861678173,0.9600120644545026,0.3534921133241877,0.4303132681277933,0.0215611281729817,BH_from_pvalue
fluoroquinolone,ciprofloxacin,ciprofloxacin_vs_control,not_regulated,b4095,b4095,9.806225818441773,-0.23094736208030886,0.8520751831742772,0.7550605842916726,0.8078645357145441,0.021399918935478456,BH_from_pvalue
fluoroquinolone,ciprofloxacin,ciprofloxacin_vs_control,not_regulated,b3256,b3256,2887.586238152493,0.09890024936843389,1.0709567726785765,0.5375068131625299,0.608407866992611,0.02134318601374824,BH_from_pvalue
fluoroquinolone,ciprofloxacin,ciprofloxacin_vs_control,not_regulated,b4251,b4251,68.13837889423667,-0.11405078941086089,0.9239900432326291,0.5810425787544877,0.6499700371145699,0.021339662662675486,BH_from_pvalue
fluoroquinolone,ciprofloxacin,ciprofloxacin_vs_control,not_regulated,b2835,b2835,446.3487414215481,-0.08059256921285396,0.9456691449950243,0.4689408740841992,0.5439133707144734,0.021314338139834462,BH_from_pvalue
fluoroquinolone,ciprofloxacin,ciprofloxacin_vs_control,not_regulated,b4337,b4337,194.71376029288095,-0.10952372101862373,0.9268940082336107,0.5697721894044585,0.6392759506904528,0.021281733110333528,BH_from_pvalue
fluoroquinolone,ciprofloxacin,ciprofloxacin_vs_control,not_regulated,b0475,b0475,553.4493919990891,-0.09578040712241176,0.9357659200949174,0.5311916366943567,0.6027497431511646,0.021058564396126574,BH_from_pvalue
fluoroquinolone,ciprofloxacin,ciprofloxacin_vs_control,not_regulated,b3346,b3346,491.23921104646564,0.07200143643382262,1.051173955699103,0.4356337804771019,0.5112133432261947,0.020981061551889484,BH_from_pvalue
fluoroquinolone,ciprofloxacin,ciprofloxacin_vs_control,not_regulated,b2409,b2409,61.797892859031045,0.1254091361884191,1.0908170353487818,0.613113888694133,0.6807667912481388,0.020943531150616316,BH_from_pvalue
fluoroquinolone,ciprofloxacin,ciprofloxacin_vs_control,not_regulated,b3070,b3070,87.824309515898,-0.1816549349176455,0.8816910163305719,0.7088120850086268,0.7691539193647975,0.02070625430645498,BH_from_pvalue
fluoroquinolone,ciprofloxacin,ciprofloxacin_vs_control,not_regulated,b3542,b3542,1579.1787576762315,0.15626986816893584,1.1144020895513418,0.6738890051444623,0.7371480411332176,0.02069720710188603,BH_from_pvalue
fluoroquinolone,ciprofloxacin,ciprofloxacin_vs_control,not_regulated,b2547,b2547,43.737676469976684,-0.12372635897664708,0.9178139507906578,0.6135082809680751,0.6809536911080918,0.02064775441228486,BH_from_pvalue
fluoroquinolone,ciprofloxacin,ciprofloxacin_vs_control,not_regulated,b0132,b0132,116.52030049160919,0.10225270070989989,1.0734482938258656,0.5626888975170041,0.6329018907305538,0.02031389033957928,BH_from_pvalue
fluoroquinolone,ciprofloxacin,ciprofloxacin_vs_control,not_regulated,b2526,b2526,1539.815639229875,0.12110863268722127,1.0875702801182003,0.6117359894656332,0.6797402373064274,0.020304712598171386,BH_from_pvalue
fluoroquinolone,ciprofloxacin,ciprofloxacin_vs_control,not_regulated,b1041,b1041,3.6479764683655542,-0.2841062576569475,0.8212502116435157,0.7979576803892627,0.8493170010390212,0.020151708682929193,BH_from_pvalue
fluoroquinolone,ciprofloxacin,ciprofloxacin_vs_control,not_regulated,b3906,b3906,71.26152708561659,0.14218102603432925,1.1035722050404972,0.6580213431231863,0.7218975613092906,0.020122087998582217,BH_from_pvalue
fluoroquinolone,ciprofloxacin,ciprofloxacin_vs_control,not_regulated,b1840,b1840,377.1925154598571,0.11942301991392057,1.0863003292464128,0.6126226161607854,0.6805356368977096,0.019961453596405294,BH_from_pvalue
fluoroquinolone,ciprofloxacin,ciprofloxacin_vs_control,not_regulated,b0920,b0920,111.78435842797279,0.06883543146884552,1.0488696759629896,0.4382582320484299,0.5134893273648965,0.019925694503244246,BH_from_pvalue
fluoroquinolone,ciprofloxacin,ciprofloxacin_vs_control,not_regulated,b3280,b3280,213.0027314096176,0.11304161200764629,1.0815059571758847,0.5995524929877168,0.6673563755156522,0.0198548758636843,BH_from_pvalue
fluoroquinolone,ciprofloxacin,ciprofloxacin_vs_control,not_regulated,b3826,b3826,346.511776708024,0.08465696667635925,1.0604355688872287,0.5103227341532032,0.5833371431311583,0.019816534051336716,BH_from_pvalue
fluoroquinolone,ciprofloxacin,ciprofloxacin_vs_control,not_regulated,b0325,b0325,819.6809340270307,-0.1425681529073426,0.9059051102701728,0.662975075482119,0.7264462581044022,0.019787961907497535,BH_from_pvalue
fluoroquinolone,ciprofloxacin,ciprofloxacin_vs_control,not_regulated,b2236,b2236,32.181848667907786,0.11045629752452868,1.0795696302454556,0.5941675521726189,0.6620177482468268,0.019786077142159422,BH_from_pvalue
fluoroquinolone,ciprofloxacin,ciprofloxacin_vs_control,not_regulated,b0390,b0390,561.5882217385484,0.10335201672321404,1.0742665600393522,0.5787088488075193,0.647842807848736,0.01948499274112636,BH_from_pvalue
fluoroquinolone,ciprofloxacin,ciprofloxacin_vs_control,not_regulated,b3648,b3648,1506.3136635043786,-0.06329672743101078,0.9570745908854685,0.4131118383863648,0.4927544548029352,0.019455479711262175,BH_from_pvalue
fluoroquinolone,ciprofloxacin,ciprofloxacin_vs_control,not_regulated,b0382,b0382,585.2310485900689,-0.1119692290934271,0.9253241638509957,0.6033312984198049,0.6710643373620877,0.019397083507002973,BH_from_pvalue
fluoroquinolone,ciprofloxacin,ciprofloxacin_vs_control,not_regulated,b2454,b2454,19.767839656014726,-0.1890228959006235,0.8771996272634225,0.7354015339141218,0.7902140706033731,0.01932858187120055,BH_from_pvalue
fluoroquinolone,ciprofloxacin,ciprofloxacin_vs_control,not_regulated,b2721,b2721,27.31254992159477,-0.1267916320555118,0.9158659550684445,0.6387888490937109,0.7044060414865192,0.01929476104593909,BH_from_pvalue
fluoroquinolone,ciprofloxacin,ciprofloxacin_vs_control,not_regulated,b2002,b2002,5.764444843850623,-0.17924990640477478,0.8831620552039314,0.7231211553790501,0.7805613047504121,0.019286031966000993,BH_from_pvalue
fluoroquinolone,ciprofloxacin,ciprofloxacin_vs_control,not_regulated,b2335,b2335,5.272062505962623,0.255326161503842,1.1936055604012037,0.7892674445688957,0.8412618402063728,0.019167031186677976,BH_from_pvalue
fluoroquinolone,ciprofloxacin,ciprofloxacin_vs_control,not_regulated,b1609,b1609,240.95224241573882,-0.07945692695254447,0.9464138378176385,0.5003381375045532,0.5738197201671291,0.019166959911694974,BH_from_pvalue
fluoroquinolone,ciprofloxacin,ciprofloxacin_vs_control,not_regulated,b1102,b1102,75.0976306534683,0.1632942519131495,1.1198412680584318,0.7021614152770117,0.7632484402890283,0.019159979922084094,BH_from_pvalue
fluoroquinolone,ciprofloxacin,ciprofloxacin_vs_control,not_regulated,b3987,b3987,22566.010097417995,-0.08860649991349412,0.9404306732655019,0.5383443308327758,0.6087028184102157,0.01910309064833161,BH_from_pvalue
fluoroquinolone,ciprofloxacin,ciprofloxacin_vs_control,not_regulated,b0204,b0204,0.47623671598668865,0.18092629622376172,1.1336114978483318,0.7278940747222556,0.7849598532967409,0.019024862249511786,BH_from_pvalue
fluoroquinolone,ciprofloxacin,ciprofloxacin_vs_control,not_regulated,b3797,b3797,0.47623671598668865,0.18092629622376172,1.1336114978483318,0.7278940747222556,0.7849598532967409,0.019024862249511786,BH_from_pvalue
fluoroquinolone,ciprofloxacin,ciprofloxacin_vs_control,not_regulated,b0428,b0428,6564.45464111477,-0.08079888441118932,0.9455339175480526,0.5096837108400591,0.582754786822213,0.01894848173438521,BH_from_pvalue
fluoroquinolone,ciprofloxacin,ciprofloxacin_vs_control,not_regulated,b3077,b3077,21.976947705480725,-0.14536636022693994,0.9041497472101686,0.6786551531578053,0.7409201162387885,0.018930859587151683,BH_from_pvalue
fluoroquinolone,ciprofloxacin,ciprofloxacin_vs_control,not_regulated,b2162,b2162,8.723487060739195,0.14481947998093325,1.10559230528038,0.6775250589336199,0.7402253376447467,0.01891864529754707,BH_from_pvalue
fluoroquinolone,ciprofloxacin,ciprofloxacin_vs_control,not_regulated,b3404,b3404,753.2254060235396,0.07195049422690225,1.051136838932058,0.472939541325477,0.5479861042972684,0.01879566028057136,BH_from_pvalue
fluoroquinolone,ciprofloxacin,ciprofloxacin_vs_control,not_regulated,b0682,b0682,41.8976274191159,0.12747911643653342,1.092383264036771,0.6482700953262255,0.7134619253186597,0.018692160672940012,BH_from_pvalue
fluoroquinolone,ciprofloxacin,ciprofloxacin_vs_control,not_regulated,b0450,b0450,9.125621167724388,-0.2472182495219868,0.8425193643406782,0.7910850525635951,0.8427997551944696,0.018362283619422295,BH_from_pvalue
fluoroquinolone,ciprofloxacin,ciprofloxacin_vs_control,not_regulated,b0153,b0153,358.441458367812,-0.12387728850166724,0.9177179374448202,0.647392530876148,0.7126704855313054,0.0182237398669926,BH_from_pvalue
fluoroquinolone,ciprofloxacin,ciprofloxacin_vs_control,not_regulated,b3401,b3401,952.7024987709498,0.06059990119110381,1.042899328902195,0.42871458753058617,0.5046737018352726,0.017997523776084486,BH_from_pvalue
fluoroquinolone,ciprofloxacin,ciprofloxacin_vs_control,not_regulated,b0386,b0386,718.8013293328601,-0.08609556991268619,0.9420688654131912,0.5488474193086923,0.6190360311059423,0.017932335887230075,BH_from_pvalue
fluoroquinolone,ciprofloxacin,ciprofloxacin_vs_control,not_regulated,b3150,b3150,550.966096304111,-0.07854532850591411,0.9470120390943653,0.520815362496897,0.5936714395618455,0.017786891543117408,BH_from_pvalue
fluoroquinolone,ciprofloxacin,ciprofloxacin_vs_control,not_regulated,b0851,b0851,452.2867065439168,0.10948717113091533,1.0788446758599286,0.6217138306049933,0.688446285096322,0.017751148399409226,BH_from_pvalue
fluoroquinolone,ciprofloxacin,ciprofloxacin_vs_control,not_regulated,b0590,b0590,131.19422257099203,0.16943510750124524,1.1246180501732277,0.7329602065155447,0.7887212939968709,0.017464766655057445,BH_from_pvalue
fluoroquinolone,ciprofloxacin,ciprofloxacin_vs_control,not_regulated,b1328,b1328,99.38613035000037,-0.10989589353639229,0.9266549279182987,0.6272013816678651,0.6936689979695247,0.01745671156692004,BH_from_pvalue
fluoroquinolone,ciprofloxacin,ciprofloxacin_vs_control,not_regulated,b3605,b3605,870.7878252575098,-0.10381828373243707,0.9305668609114565,0.6112811261461019,0.6795705648554539,0.01741712010966118,BH_from_pvalue
fluoroquinolone,ciprofloxacin,ciprofloxacin_vs_control,not_regulated,b2181,b2181,810.5482669485045,0.14868062821353334,1.1085552137379804,0.7029158261275062,0.763699368580078,0.01740716642955175,BH_from_pvalue
fluoroquinolone,ciprofloxacin,ciprofloxacin_vs_control,not_regulated,b4290,b4290,307.01828532718406,-0.174025674075601,0.8863659253635159,0.7408535350041664,0.7943645293084006,0.017399114145488805,BH_from_pvalue
fluoroquinolone,ciprofloxacin,ciprofloxacin_vs_control,not_regulated,b1314,b1314,28.204370896213593,0.09387983355837726,1.0672364409806403,0.5851397303357666,0.6534738182866763,0.017346346574989437,BH_from_pvalue
fluoroquinolone,ciprofloxacin,ciprofloxacin_vs_control,not_regulated,b1227,b1227,1022.0461805139734,0.2725719531937507,1.2079593893453995,0.8132491236637998,0.8641612469264757,0.017282482860397425,BH_from_pvalue
fluoroquinolone,ciprofloxacin,ciprofloxacin_vs_control,not_regulated,b3811,b3811,426.6201620384393,-0.08629296054962232,0.9419399796491177,0.5615039767699348,0.6317270854205019,0.017212900181201283,BH_from_pvalue
fluoroquinolone,ciprofloxacin,ciprofloxacin_vs_control,not_regulated,b2959,b2959,756.0348713153853,0.0640842267460684,1.045421131710391,0.46547575925996726,0.5404517204830492,0.017126067178279553,BH_from_pvalue
fluoroquinolone,ciprofloxacin,ciprofloxacin_vs_control,not_regulated,b2539,b2539,19.396340960411866,0.16364337520076422,1.1201122955196208,0.730508387648347,0.7866290941494145,0.01705654815876407,BH_from_pvalue
fluoroquinolone,ciprofloxacin,ciprofloxacin_vs_control,not_regulated,b1788,b1788,17.19749988150139,-0.11091019733618612,0.9260036611862503,0.6381882863635533,0.7039163590150227,0.016911469510945232,BH_from_pvalue
fluoroquinolone,ciprofloxacin,ciprofloxacin_vs_control,not_regulated,b1810,b1810,533.7142910802263,-0.10250280784424604,0.9314157558606553,0.6181425358310554,0.6848288488098736,0.0168533018466288,BH_from_pvalue
fluoroquinolone,ciprofloxacin,ciprofloxacin_vs_control,not_regulated,b0269,b0269,588.3026390610707,0.0756888910218656,1.0538641389791537,0.5276532079681244,0.599681942690214,0.016808915364745748,BH_from_pvalue
fluoroquinolone,ciprofloxacin,ciprofloxacin_vs_control,not_regulated,b2761,b2761,170.26554044826014,-0.10951046119684449,0.9269025273630802,0.6408564365189416,0.706339684259299,0.016534589544006585,BH_from_pvalue
fluoroquinolone,ciprofloxacin,ciprofloxacin_vs_control,not_regulated,b2326,b2326,233.3304773856139,-0.10014909084557999,0.9329365751174026,0.6173469626354035,0.6841159492323343,0.016511609097384503,BH_from_pvalue
fluoroquinolone,ciprofloxacin,ciprofloxacin_vs_control,not_regulated,b4252,b4252,266.92846608787653,-0.0939075366802502,0.9369814967381578,0.6006826243901533,0.6684488977008683,0.016427413349224658,BH_from_pvalue
fluoroquinolone,ciprofloxacin,ciprofloxacin_vs_control,not_regulated,b1574,b1574,10.09962585689177,-0.13448669187387763,0.9109939058193501,0.6941834874183399,0.7560380935611848,0.016334258910692408,BH_from_pvalue
fluoroquinolone,ciprofloxacin,ciprofloxacin_vs_control,not_regulated,b0684,b0684,823.200809757303,-0.08226870475788672,0.9445710964084931,0.5647040691681695,0.6345338254105487,0.01625178952859701,BH_from_pvalue
fluoroquinolone,ciprofloxacin,ciprofloxacin_vs_control,not_regulated,b3548,b3548,428.7120483039919,0.11100211617809919,1.0799781439683753,0.6522412355897311,0.7169552975763955,0.016040685136175004,BH_from_pvalue
fluoroquinolone,ciprofloxacin,ciprofloxacin_vs_control,not_regulated,b3733,b3733,4741.211733393972,0.08960204847898012,1.0640766281621488,0.594608525587787,0.6623450094338449,0.01603121605771943,BH_from_pvalue
fluoroquinolone,ciprofloxacin,ciprofloxacin_vs_control,not_regulated,b3908,b3908,5492.225599015365,0.10881019422927452,1.0783385525455582,0.6500610158152001,0.7149081782730489,0.015859056946421552,BH_from_pvalue
fluoroquinolone,ciprofloxacin,ciprofloxacin_vs_control,not_regulated,b0009,b0009,730.8336411654344,-0.07899991087754898,0.9467136897199273,0.5633381864971613,0.6334737907160578,0.015663418890075047,BH_from_pvalue
fluoroquinolone,ciprofloxacin,ciprofloxacin_vs_control,not_regulated,b3608,b3608,2543.8411838376237,-0.07082264026050566,0.9520949484317818,0.5303040431341673,0.6020463367030502,0.015607191029756261,BH_from_pvalue
fluoroquinolone,ciprofloxacin,ciprofloxacin_vs_control,not_regulated,b3310,b3310,11691.840174535466,0.06295074930277345,1.044600101716146,0.49312408717107037,0.5671368305025504,0.015505534293259033,BH_from_pvalue
fluoroquinolone,ciprofloxacin,ciprofloxacin_vs_control,not_regulated,b3745,b3745,464.0642798937318,0.08263402755365412,1.0589496739129753,0.5823861236934611,0.65114908883251,0.015396335888115436,BH_from_pvalue
fluoroquinolone,ciprofloxacin,ciprofloxacin_vs_control,not_regulated,b0290,b0290,84.6880582108094,0.08672937381303658,1.0619599613481103,0.597847063373495,0.6657875937246795,0.015321984265057802,BH_from_pvalue
fluoroquinolone,ciprofloxacin,ciprofloxacin_vs_control,not_regulated,b2221,b2221,1.915555215175673,0.23803750430103232,1.1793872512143044,0.8143672462060842,0.865144986640285,0.014975202316011259,BH_from_pvalue
fluoroquinolone,ciprofloxacin,ciprofloxacin_vs_control,not_regulated,b1344,b1344,577.9053221476694,-0.06937056464756175,0.9530537164331038,0.5385643718802093,0.6087028184102157,0.014955925198287888,BH_from_pvalue
fluoroquinolone,ciprofloxacin,ciprofloxacin_vs_control,not_regulated,b4437,b4437,42.83734551943771,0.14237623536601873,1.10372153817175,0.7291967018918634,0.7857994166529951,0.014905125745789305,BH_from_pvalue
fluoroquinolone,ciprofloxacin,ciprofloxacin_vs_control,not_regulated,b3541,b3541,2112.4453820424283,0.13281915819704615,1.0964341419694326,0.7139688589146992,0.772535945970247,0.014886544417994543,BH_from_pvalue
fluoroquinolone,ciprofloxacin,ciprofloxacin_vs_control,not_regulated,b3394,b3394,12.167648038332032,0.1070475600271763,1.0770218808174938,0.6648097155162234,0.7282791282006753,0.01474067770588029,BH_from_pvalue
fluoroquinolone,ciprofloxacin,ciprofloxacin_vs_control,not_regulated,b0702,b0702,2.1682135024620077,-0.22791521708171136,0.8538678922060643,0.8176100558423556,0.8679749896575207,0.01401514227644117,BH_from_pvalue
fluoroquinolone,ciprofloxacin,ciprofloxacin_vs_control,not_regulated,b2990,b2990,41.75453511930841,0.1222315482352192,1.0884171153418614,0.7089622387030793,0.7691539193647975,0.013932776024926567,BH_from_pvalue
fluoroquinolone,ciprofloxacin,ciprofloxacin_vs_control,not_regulated,b2712,b2712,272.19100571371774,0.08803622803024247,1.0629223654464302,0.6297139473802245,0.6955377764650308,0.01388148881809098,BH_from_pvalue
fluoroquinolone,ciprofloxacin,ciprofloxacin_vs_control,not_regulated,b2736,b2736,37.75377605302305,0.09573597578431947,1.0686104094452167,0.6536697446281771,0.7179991480677755,0.013774116055294116,BH_from_pvalue
fluoroquinolone,ciprofloxacin,ciprofloxacin_vs_control,not_regulated,b2739,b2739,36.42186919228132,0.11256143394405438,1.0811460550425747,0.6939237337659246,0.7559382306803413,0.013677755209848845,BH_from_pvalue
fluoroquinolone,ciprofloxacin,ciprofloxacin_vs_control,not_regulated,b4119,b4119,514.8646510012927,0.1190262424288484,1.0860016103659305,0.7111649092180828,0.7704286516529231,0.013481813782148395,BH_from_pvalue
fluoroquinolone,ciprofloxacin,ciprofloxacin_vs_control,not_regulated,b0212,b0212,251.3038421980573,0.051491362959178666,1.0363356657594052,0.47366781289629967,0.5481547936654205,0.0134442292514391,BH_from_pvalue
fluoroquinolone,ciprofloxacin,ciprofloxacin_vs_control,not_regulated,b3865,b3865,1430.225516836216,-0.06792753580426414,0.9540074675679646,0.565834755163974,0.6354868236523233,0.013374486860262573,BH_from_pvalue
fluoroquinolone,ciprofloxacin,ciprofloxacin_vs_control,not_regulated,b3462,b3462,1065.9280854957708,-0.06196938937283569,0.9579555435915835,0.5380230427696288,0.6086588647831463,0.013362214548481414,BH_from_pvalue
fluoroquinolone,ciprofloxacin,ciprofloxacin_vs_control,not_regulated,b0933,b0933,43.79203296279987,-0.11651146196029138,0.9224154214269793,0.7111592596181829,0.7704286516529231,0.01319697069806686,BH_from_pvalue
fluoroquinolone,ciprofloxacin,ciprofloxacin_vs_control,not_regulated,b4288,b4288,96.89841921410202,0.14690618204628336,1.107192581796963,0.7626668669519316,0.8150333968994509,0.013048882152086966,BH_from_pvalue
fluoroquinolone,ciprofloxacin,ciprofloxacin_vs_control,not_regulated,b1736,b1736,29.286167937231806,0.11911168548532913,1.0860659302964224,0.7192311841238516,0.7771083031921894,0.013044927254127835,BH_from_pvalue
fluoroquinolone,ciprofloxacin,ciprofloxacin_vs_control,not_regulated,b2630,b2630,741.02485540938,-0.08443236176474933,0.943155553929752,0.6364886938586549,0.7023861984730692,0.012953953261858699,BH_from_pvalue
fluoroquinolone,ciprofloxacin,ciprofloxacin_vs_control,not_regulated,b3302,b3302,48.271167019019764,0.12537281657191635,1.090789574550352,0.7387207973287577,0.7929183775766264,0.012634008832508991,BH_from_pvalue
fluoroquinolone,ciprofloxacin,ciprofloxacin_vs_control,not_regulated,b4538,b4538,15.33225719739797,0.1408198584015845,1.1025314872752752,0.7620536407469123,0.8145715960265236,0.01254292867922362,BH_from_pvalue
fluoroquinolone,ciprofloxacin,ciprofloxacin_vs_control,not_regulated,b3380,b3380,11.844491178135769,0.12212295683785213,1.0883351934636667,0.7346035684415371,0.7897339509679813,0.01251994674949541,BH_from_pvalue
fluoroquinolone,ciprofloxacin,ciprofloxacin_vs_control,not_regulated,b0456,b0456,54.27268591009354,-0.1222195527373886,0.9187730517872043,0.7361617298211623,0.7906531663647537,0.012468103679177476,BH_from_pvalue
fluoroquinolone,ciprofloxacin,ciprofloxacin_vs_control,not_regulated,b2086,b2086,677.5968129748518,0.09934020625327022,1.0712834159697615,0.6930577928528563,0.7551777985106947,0.012114616269321664,BH_from_pvalue
fluoroquinolone,ciprofloxacin,ciprofloxacin_vs_control,not_regulated,b3885,b3885,616.4932405162402,0.09008323232448667,1.0644315901364922,0.6707504537559543,0.734071907784497,0.012094700495334341,BH_from_pvalue
fluoroquinolone,ciprofloxacin,ciprofloxacin_vs_control,not_regulated,b3849,b3849,672.6839501820757,0.06250213526524284,1.0442753280091885,0.5714454244413321,0.6408281025023964,0.01207906585861153,BH_from_pvalue
fluoroquinolone,ciprofloxacin,ciprofloxacin_vs_control,not_regulated,b4094,b4094,9.899414402210619,-0.07535730416441755,0.9491070318410626,0.6268774696448466,0.6934812736012099,0.011979193591755704,BH_from_pvalue
fluoroquinolone,ciprofloxacin,ciprofloxacin_vs_control,not_regulated,b3856,b3856,1.6432365271826461,-0.19926957771234455,0.8709914260636152,0.8210435985970896,0.8710033270022899,0.011952226355083055,BH_from_pvalue
fluoroquinolone,ciprofloxacin,ciprofloxacin_vs_control,not_regulated,b2953,b2953,25.747306476157245,0.1137022192649777,1.0820012900505835,0.7284717970674042,0.7852063607019373,0.011940573973079285,BH_from_pvalue
fluoroquinolone,ciprofloxacin,ciprofloxacin_vs_control,not_regulated,b4096,b4096,13.18417609351239,-0.1038427006487499,0.930551111650353,0.7100037425212994,0.7699124478931544,0.011792237798348003,BH_from_pvalue
fluoroquinolone,ciprofloxacin,ciprofloxacin_vs_control,not_regulated,b3050,b3050,90.19897546830195,-0.1049081058556256,0.9298641695103843,0.715154467534328,0.7734466927072391,0.011704556798679886,BH_from_pvalue
fluoroquinolone,ciprofloxacin,ciprofloxacin_vs_control,not_regulated,b0943,b0943,7.0720571127587535,-0.10273882016493818,0.9312633968325544,0.7105317720100719,0.770113713373808,0.01165522015362249,BH_from_pvalue
fluoroquinolone,ciprofloxacin,ciprofloxacin_vs_control,not_regulated,b4568,b4568,1795.5244666478657,0.10298462132000807,1.0739930231278378,0.7127942559171255,0.7716362366101638,0.011594769287715712,BH_from_pvalue
fluoroquinolone,ciprofloxacin,ciprofloxacin_vs_control,not_regulated,b2708,b2708,296.3715701607421,-0.09610908706215326,0.9355527548419628,0.6976098631767473,0.7590346310036308,0.01150794916939658,BH_from_pvalue
fluoroquinolone,ciprofloxacin,ciprofloxacin_vs_control,not_regulated,b3270,b3270,23.828631587723738,0.1093565538042709,1.078747004886802,0.7306661528137514,0.7866290941494145,0.01139823304274104,BH_from_pvalue
fluoroquinolone,ciprofloxacin,ciprofloxacin_vs_control,not_regulated,b0400,b0400,180.3536129936535,-0.10614958819677955,0.9290643377000064,0.7248766308501299,0.7820808552563886,0.011331292881544244,BH_from_pvalue
fluoroquinolone,ciprofloxacin,ciprofloxacin_vs_control,not_regulated,b0680,b0680,1581.2229836545487,-0.0560587578203382,0.96188827825674,0.5578357244976425,0.6280713613993483,0.0113233650536132,BH_from_pvalue
fluoroquinolone,ciprofloxacin,ciprofloxacin_vs_control,not_regulated,b1124,b1124,142.63918276891624,-0.08784917366954659,0.940924471175653,0.6821752201589291,0.7444017807556679,0.011261613683804458,BH_from_pvalue
fluoroquinolone,ciprofloxacin,ciprofloxacin_vs_control,not_regulated,b2733,b2733,986.0341797622117,0.08302235445277972,1.0592347473206585,0.6690943509371171,0.7324376710915437,0.011227057114477208,BH_from_pvalue
fluoroquinolone,ciprofloxacin,ciprofloxacin_vs_control,not_regulated,b3996,b3996,610.1383172495867,-0.08496022742265197,0.942810527196148,0.6750530776637691,0.7382418534723155,0.011197871548543717,BH_from_pvalue
fluoroquinolone,ciprofloxacin,ciprofloxacin_vs_control,not_regulated,b1565,b1565,7.683166433623209,0.14494787840594459,1.1056907062756367,0.7851241883026615,0.8372424369334688,0.011182550081617771,BH_from_pvalue
fluoroquinolone,ciprofloxacin,ciprofloxacin_vs_control,not_regulated,b0569,b0569,225.96821489499143,0.06653660909458914,1.0471997145169623,0.6226604562872702,0.6891551998966883,0.010757836080323048,BH_from_pvalue
fluoroquinolone,ciprofloxacin,ciprofloxacin_vs_control,not_regulated,b2480,b2480,481.1536261767604,0.09095516549662186,1.0650751036363795,0.7005506035228787,0.7616815602238115,0.010753316171184647,BH_from_pvalue
fluoroquinolone,ciprofloxacin,ciprofloxacin_vs_control,not_regulated,b2200,b2200,68.55622760222614,0.10711259274959417,1.0770704310943677,0.7412335972332973,0.7945826311619092,0.010696363389195442,BH_from_pvalue
fluoroquinolone,ciprofloxacin,ciprofloxacin_vs_control,not_regulated,b2411,b2411,1094.5413940751203,0.058128305827565896,1.0411141848723038,0.5880635668894071,0.6558665816683741,0.010648204471204153,BH_from_pvalue
fluoroquinolone,ciprofloxacin,ciprofloxacin_vs_control,not_regulated,b4060,b4060,242.33760936737932,0.21238992927785727,1.1586059100080524,0.8463304783676173,0.891938728139068,0.010548341275860063,BH_from_pvalue
fluoroquinolone,ciprofloxacin,ciprofloxacin_vs_control,not_regulated,b1868,b1868,51.274870849468755,0.09456595414435309,1.067744120720611,0.7195103529934807,0.7772232391365697,0.01035064297475227,BH_from_pvalue
fluoroquinolone,ciprofloxacin,ciprofloxacin_vs_control,not_regulated,b3028,b3028,217.37446619499974,-0.0947490105801112,0.9364351473295242,0.7207058964392504,0.7783277604282709,0.010312243487048537,BH_from_pvalue
fluoroquinolone,ciprofloxacin,ciprofloxacin_vs_control,not_regulated,b4191,b4191,163.17815095727488,-0.06793558097255659,0.9540021475737793,0.6450620018221463,0.7102787966208113,0.01009326737584795,BH_from_pvalue
fluoroquinolone,ciprofloxacin,ciprofloxacin_vs_control,not_regulated,b3075,b3075,538.5121688171583,-0.07714228568491066,0.9479334706543093,0.6785740194629101,0.7409201162387885,0.010046132930982906,BH_from_pvalue
fluoroquinolone,ciprofloxacin,ciprofloxacin_vs_control,not_regulated,b1738,b1738,167.2538713057146,0.06805314473553725,1.0483010912025448,0.6486623066500685,0.7137189469941311,0.009967932884547018,BH_from_pvalue
fluoroquinolone,ciprofloxacin,ciprofloxacin_vs_control,not_regulated,b2005,b2005,0.6884917691366949,-0.1358060643891269,0.9101611651114977,0.7934567633276531,0.8449262598124487,0.009938449681100733,BH_from_pvalue
fluoroquinolone,ciprofloxacin,ciprofloxacin_vs_control,not_regulated,b1384,b1384,212.27485505990637,0.09067400845014628,1.0648675586011471,0.7211773553291296,0.778649962618921,0.009852432192497942,BH_from_pvalue
fluoroquinolone,ciprofloxacin,ciprofloxacin_vs_control,not_regulated,b2530,b2530,2718.2918833055633,-0.09738721448324128,0.9347242872350155,0.7400345943064622,0.7938649189578982,0.009763398315477964,BH_from_pvalue
fluoroquinolone,ciprofloxacin,ciprofloxacin_vs_control,not_regulated,b1163,b1163,247.4756058636748,-0.10046370961603657,0.9327331451843546,0.749008660798569,0.8019616653825192,0.009629083988764804,BH_from_pvalue
fluoroquinolone,ciprofloxacin,ciprofloxacin_vs_control,not_regulated,b1208,b1208,2415.842953200136,0.05924264799894097,1.0419186553796043,0.6274861711611549,0.6938133721442661,0.009405204860211808,BH_from_pvalue
fluoroquinolone,ciprofloxacin,ciprofloxacin_vs_control,not_regulated,b1870,b1870,160.51436831361193,0.08466985624102463,1.0604450432484147,0.7164574381673876,0.7746696050184878,0.009388488624590569,BH_from_pvalue
fluoroquinolone,ciprofloxacin,ciprofloxacin_vs_control,not_regulated,b4464,b4464,110.50848826610871,-0.08238982820402008,0.9444917969720255,0.710367732650368,0.770113713373808,0.0093467258490545,BH_from_pvalue
fluoroquinolone,ciprofloxacin,ciprofloxacin_vs_control,not_regulated,b1222,b1222,1003.8438013709966,0.15997823551394497,1.1172702828143704,0.8274528869086357,0.8759433008507986,0.00920258873582984,BH_from_pvalue
fluoroquinolone,ciprofloxacin,ciprofloxacin_vs_control,not_regulated,b0549,b0549,0.4975479634027436,0.1487781171681299,1.1086301259941085,0.8239504805061008,0.8728571032991729,0.008786366867643489,BH_from_pvalue
fluoroquinolone,ciprofloxacin,ciprofloxacin_vs_control,not_regulated,b2363,b2363,0.4975479634027436,0.1487781171681299,1.1086301259941085,0.8239504805061008,0.8728571032991729,0.008786366867643489,BH_from_pvalue
fluoroquinolone,ciprofloxacin,ciprofloxacin_vs_control,not_regulated,b3076,b3076,257.0910780726711,0.06743918890768086,1.0478550692661968,0.6801342366260947,0.7423547188411002,0.00872585728074668,BH_from_pvalue
fluoroquinolone,ciprofloxacin,ciprofloxacin_vs_control,not_regulated,b0168,b0168,1873.4060084940563,0.05563936932285607,1.0393196038377468,0.6354323059848933,0.7013925183607486,0.008570625632420753,BH_from_pvalue
fluoroquinolone,ciprofloxacin,ciprofloxacin_vs_control,not_regulated,b1432,b1432,593.011171447626,0.05538858847277339,1.0391389566501656,0.6424049789373781,0.7075263455583563,0.008322544409994668,BH_from_pvalue
fluoroquinolone,ciprofloxacin,ciprofloxacin_vs_control,not_regulated,b1008,b1008,3.5765565109306876,0.1641599538892191,1.120513440411235,0.8438170472214038,0.8899153759441675,0.008314913337472323,BH_from_pvalue
fluoroquinolone,ciprofloxacin,ciprofloxacin_vs_control,not_regulated,b1347,b1347,0.34666727313338735,-0.12604902571247717,0.9163375051336601,0.8102031557486603,0.8613315515380463,0.00817171343825937,BH_from_pvalue
fluoroquinolone,ciprofloxacin,ciprofloxacin_vs_control,not_regulated,b1718,b1718,16614.10901888483,0.05772826357045702,1.040825536254175,0.6593144531750674,0.7229635325162002,0.008132966095181413,BH_from_pvalue
fluoroquinolone,ciprofloxacin,ciprofloxacin_vs_control,not_regulated,b0584,b0584,218.95977130197673,0.14632788986969292,1.1067488618967456,0.8340224014167064,0.8814456676626751,0.008019419884594307,BH_from_pvalue
fluoroquinolone,ciprofloxacin,ciprofloxacin_vs_control,not_regulated,b4305,b4305,142.65301602429312,0.07566034117321507,1.0538432840076528,0.7300422378229889,0.7863338088428651,0.007898413870560936,BH_from_pvalue
fluoroquinolone,ciprofloxacin,ciprofloxacin_vs_control,not_regulated,b0992,b0992,51.79327628822828,0.1954637594585371,1.1450921954065163,0.8687449149867635,0.911503295453805,0.00786580508221469,BH_from_pvalue
fluoroquinolone,ciprofloxacin,ciprofloxacin_vs_control,not_regulated,b2074,b2074,201.1836750858196,0.05323061582662181,1.0375857821339682,0.6517153934199664,0.7165523929608919,0.007705240727011743,BH_from_pvalue
fluoroquinolone,ciprofloxacin,ciprofloxacin_vs_control,not_regulated,b1463,b1463,121.32334616405593,0.08131811268036149,1.057984222265998,0.7549307973612115,0.8078645357145441,0.007535054757372405,BH_from_pvalue
fluoroquinolone,ciprofloxacin,ciprofloxacin_vs_control,not_regulated,b0508,b0508,11.176729561581928,-0.1419470958575917,0.9062951718256218,0.8388340766692451,0.8854906540385508,0.007497080403293116,BH_from_pvalue
fluoroquinolone,ciprofloxacin,ciprofloxacin_vs_control,not_regulated,b2333,b2333,5.342895366680179,-0.13562625955159335,0.9102746066734652,0.8349160109153796,0.8821828088084044,0.0073836847512850886,BH_from_pvalue
fluoroquinolone,ciprofloxacin,ciprofloxacin_vs_control,not_regulated,b2951,b2951,245.67415267773194,-0.060232880120697274,0.9591092872170135,0.7036322632860896,0.7642931466459384,0.007031588514204017,BH_from_pvalue
fluoroquinolone,ciprofloxacin,ciprofloxacin_vs_control,not_regulated,b2511,b2511,2009.4317276951733,0.05811574534298636,1.0411051206963213,0.7060375680393006,0.766535597644406,0.006710489813035859,BH_from_pvalue
fluoroquinolone,ciprofloxacin,ciprofloxacin_vs_control,not_regulated,b3924,b3924,785.7981955879782,-0.039287083142744095,0.9731357097676866,0.6166931053328932,0.6835597801348827,0.006491149325983801,BH_from_pvalue
fluoroquinolone,ciprofloxacin,ciprofloxacin_vs_control,not_regulated,b3340,b3340,51933.44361892473,0.053513199902241126,1.037789036410224,0.6987176947684604,0.7598723866219861,0.006381948754187016,BH_from_pvalue
fluoroquinolone,ciprofloxacin,ciprofloxacin_vs_control,not_regulated,b4291,b4291,1245.749981073777,-0.13333121463865538,0.9117238274849809,0.8515411907660185,0.8967998773274529,0.006307161085609863,BH_from_pvalue
fluoroquinolone,ciprofloxacin,ciprofloxacin_vs_control,not_regulated,b1312,b1312,20.10522697963797,0.09814489902677259,1.0703961997173737,0.8116945245840438,0.8627131312804889,0.006294384867272216,BH_from_pvalue
fluoroquinolone,ciprofloxacin,ciprofloxacin_vs_control,not_regulated,b1091,b1091,1466.3586368802246,-0.058586933544935604,0.9602041433496888,0.7236307356899524,0.780923956126057,0.006291724277201101,BH_from_pvalue
fluoroquinolone,ciprofloxacin,ciprofloxacin_vs_control,not_regulated,b3638,b3638,686.1735471173052,0.05110954155332159,1.0360614270795607,0.6957757055532025,0.7574054026084958,0.006167470224071022,BH_from_pvalue
fluoroquinolone,ciprofloxacin,ciprofloxacin_vs_control,not_regulated,b2883,b2883,51.356923740739234,-0.07986532591217888,0.9461459643491705,0.7857210087821366,0.8376802790950582,0.00614337733666049,BH_from_pvalue
fluoroquinolone,ciprofloxacin,ciprofloxacin_vs_control,not_regulated,b2458,b2458,52.981967734455104,0.04885224623651574,1.0344416336455826,0.6866970017789434,0.748791057939803,0.00613776449163604,BH_from_pvalue
fluoroquinolone,ciprofloxacin,ciprofloxacin_vs_control,not_regulated,b3095,b3095,787.5731331114715,-0.048064757893554244,0.9672329126962809,0.6861648618127763,0.7483922280392502,0.0060499462230844125,BH_from_pvalue
fluoroquinolone,ciprofloxacin,ciprofloxacin_vs_control,not_regulated,b0117,b0117,49.118354560335355,-0.07074865797111318,0.9521437736984492,0.7702347309685946,0.8227299501060885,0.0059954317773289354,BH_from_pvalue
fluoroquinolone,ciprofloxacin,ciprofloxacin_vs_control,not_regulated,b1072,b1072,36.56302709509031,-0.07965745632994459,0.9462822988691674,0.790153171302134,0.842006388182184,0.005949186342987884,BH_from_pvalue
fluoroquinolone,ciprofloxacin,ciprofloxacin_vs_control,not_regulated,b0248,b0248,1.8773165250230788,0.160739704120183,1.1178601446921907,0.878063421861621,0.9186832003383932,0.005920722484964513,BH_from_pvalue
fluoroquinolone,ciprofloxacin,ciprofloxacin_vs_control,not_regulated,b0124,b0124,1475.5964212463948,0.12382268468256541,1.089618183793113,0.8503719635000043,0.8957782416447352,0.0059186612684697165,BH_from_pvalue
fluoroquinolone,ciprofloxacin,ciprofloxacin_vs_control,not_regulated,b2226,b2226,38.749463723839085,0.06317181709340947,1.0447601806820666,0.7552819952624878,0.807909254385415,0.0058520739698474135,BH_from_pvalue
fluoroquinolone,ciprofloxacin,ciprofloxacin_vs_control,not_regulated,b2807,b2807,69.61989810213721,-0.050510616097215966,0.9655945135369148,0.7077303498994431,0.7681880100983819,0.0057851059056604455,BH_from_pvalue
fluoroquinolone,ciprofloxacin,ciprofloxacin_vs_control,not_regulated,b1808,b1808,904.6123811334775,-0.05136483851272544,0.9650229524584107,0.7126836173233051,0.7716362366101638,0.0057830328880387775,BH_from_pvalue
fluoroquinolone,ciprofloxacin,ciprofloxacin_vs_control,not_regulated,b1060,b1060,3204.3272174114695,0.06059695447977376,1.0428971987776414,0.7613211882820764,0.8139821024228142,0.005416467510224593,BH_from_pvalue
fluoroquinolone,ciprofloxacin,ciprofloxacin_vs_control,not_regulated,b1863,b1863,366.9161464192645,-0.0536350910106318,0.9635055680966759,0.7404872575692965,0.7941611074264892,0.0053684105718265355,BH_from_pvalue
fluoroquinolone,ciprofloxacin,ciprofloxacin_vs_control,not_regulated,b0683,b0683,1381.7873185893604,0.04075948761056303,1.0286552059904843,0.6785502660052943,0.7409201162387885,0.005308051571183378,BH_from_pvalue
fluoroquinolone,ciprofloxacin,ciprofloxacin_vs_control,not_regulated,b0377,b0377,321.0027665012481,0.05112904195528145,1.0360754312524827,0.7324637067544035,0.7883756288541055,0.0052799330396054054,BH_from_pvalue
fluoroquinolone,ciprofloxacin,ciprofloxacin_vs_control,not_regulated,b0949,b0949,1351.2134154408338,0.046862944391362404,1.033016246779994,0.7145538429872307,0.7729829691574227,0.005240686568338938,BH_from_pvalue
fluoroquinolone,ciprofloxacin,ciprofloxacin_vs_control,not_regulated,b4407,b4407,1.8305714759793978,-0.14530929605721576,0.9041855105375276,0.8806484442963054,0.9206351908936116,0.005218409690587826,BH_from_pvalue
fluoroquinolone,ciprofloxacin,ciprofloxacin_vs_control,not_regulated,b3550,b3550,69.8797409273835,0.05165835564564336,1.0364556290838118,0.7393294603452295,0.7932976890822621,0.00519496110517306,BH_from_pvalue
fluoroquinolone,ciprofloxacin,ciprofloxacin_vs_control,not_regulated,b2538,b2538,205.85924119234582,-0.04931851821813371,0.9663927133224677,0.7296127211290545,0.7860594059014341,0.0051559862990451415,BH_from_pvalue
fluoroquinolone,ciprofloxacin,ciprofloxacin_vs_control,not_regulated,b4239,b4239,158.34802859699167,0.0882843675643743,1.0631052008598758,0.8284086674712074,0.8767487497142332,0.005043230792801244,BH_from_pvalue
fluoroquinolone,ciprofloxacin,ciprofloxacin_vs_control,not_regulated,b4042,b4042,257.2611279678602,0.04970280631087842,1.0350516823002982,0.7387996710590576,0.7929183775766264,0.005008627157801144,BH_from_pvalue
fluoroquinolone,ciprofloxacin,ciprofloxacin_vs_control,not_regulated,b4380,b4380,737.946483092227,-0.08920305465405143,0.9400418853472136,0.8329031803761524,0.8804696839793028,0.004931643766221859,BH_from_pvalue
fluoroquinolone,ciprofloxacin,ciprofloxacin_vs_control,not_regulated,b0356,b0356,543.7033342773483,0.08143449960675753,1.0580695767555621,0.8223721003854678,0.8722069576830546,0.00483561749584258,BH_from_pvalue
fluoroquinolone,ciprofloxacin,ciprofloxacin_vs_control,not_regulated,b2179,b2179,157.4556278014301,0.04689300474227753,1.0330377711864094,0.7361350597980795,0.7906531663647537,0.004783742305219711,BH_from_pvalue
fluoroquinolone,ciprofloxacin,ciprofloxacin_vs_control,not_regulated,b4098,b4098,3.4928479245055244,-0.06575516754025035,0.955445066362247,0.7969577556099365,0.8484534875108863,0.004693075243689939,BH_from_pvalue
fluoroquinolone,ciprofloxacin,ciprofloxacin_vs_control,not_regulated,b2435,b2435,582.0163079468281,0.04252025712263929,1.0299114177320414,0.71875092923688,0.776962672364212,0.004660213612019233,BH_from_pvalue
fluoroquinolone,ciprofloxacin,ciprofloxacin_vs_control,not_regulated,b0247,b0247,1.153324048748631,0.10411290751033675,1.0748332876534583,0.8599515004648111,0.9043866843794062,0.004544095361261759,BH_from_pvalue
fluoroquinolone,ciprofloxacin,ciprofloxacin_vs_control,not_regulated,b2836,b2836,718.7017054921043,-0.047301087856526536,0.9677450391706104,0.7489010790139079,0.8019616653825192,0.004533638559348329,BH_from_pvalue
fluoroquinolone,ciprofloxacin,ciprofloxacin_vs_control,not_regulated,b2450,b2450,215.7297195187642,0.04657264315481413,1.032808402630262,0.7475655279081426,0.8007977481616635,0.004493196194394544,BH_from_pvalue
fluoroquinolone,ciprofloxacin,ciprofloxacin_vs_control,not_regulated,b0934,b0934,7.40299730715019,0.1123698183064854,1.0810024690955726,0.8696725878776544,0.9122638293548716,0.004481257144657245,BH_from_pvalue
fluoroquinolone,ciprofloxacin,ciprofloxacin_vs_control,not_regulated,b4436,b4436,64.17389747853304,-0.07358980557276418,0.950270530241951,0.8239203722293997,0.8728571032991729,0.004345982069057722,BH_from_pvalue
fluoroquinolone,ciprofloxacin,ciprofloxacin_vs_control,not_regulated,b2004,b2004,1.5326124607146072,0.11731832990880453,1.0847167246195484,0.8775802630679107,0.918630677979861,0.004324242805812636,BH_from_pvalue
fluoroquinolone,ciprofloxacin,ciprofloxacin_vs_control,not_regulated,b2827,b2827,510.2463629244076,0.03282800638513805,1.023015501738517,0.6753936334479298,0.7384347504250822,0.004323050361549466,BH_from_pvalue
fluoroquinolone,ciprofloxacin,ciprofloxacin_vs_control,not_regulated,b2407,b2407,11.058590720083972,-0.0893297317698245,0.9399593477606283,0.8500312017968763,0.8956290338913914,0.004276378287288356,BH_from_pvalue
fluoroquinolone,ciprofloxacin,ciprofloxacin_vs_control,not_regulated,b1133,b1133,1332.3597369001423,-0.040243421100706556,0.9724908484460731,0.7284320380464515,0.7852063607019373,0.004226210795964455,BH_from_pvalue
fluoroquinolone,ciprofloxacin,ciprofloxacin_vs_control,not_regulated,b2265,b2265,821.9735965854305,-0.04687622081557663,0.9680300775940299,0.7639539731250025,0.8162149575098008,0.004134269428795691,BH_from_pvalue
fluoroquinolone,ciprofloxacin,ciprofloxacin_vs_control,not_regulated,b2456,b2456,6.986705506446324,-0.0805283415985274,0.945711246356316,0.8422644399250133,0.8886946870238588,0.004126869438759316,BH_from_pvalue
fluoroquinolone,ciprofloxacin,ciprofloxacin_vs_control,not_regulated,b2401,b2401,1.0783885323315898,0.12134013306586311,1.0877448098183908,0.8887493105688071,0.9266560961841666,0.00401410303419757,BH_from_pvalue
fluoroquinolone,ciprofloxacin,ciprofloxacin_vs_control,not_regulated,b3488,b3488,39.540802237201575,0.05717023267632193,1.0404230253463425,0.8007977075351538,0.8519366339860742,0.003978631213407912,BH_from_pvalue
fluoroquinolone,ciprofloxacin,ciprofloxacin_vs_control,not_regulated,b4672,b4672,8.68974343920757,-0.09407366651047333,0.9368736072600896,0.8651808637599574,0.9085518906297977,0.003918193002818508,BH_from_pvalue
fluoroquinolone,ciprofloxacin,ciprofloxacin_vs_control,not_regulated,b3268,b3268,131.28631442346548,0.06933747541323587,1.0492347359979382,0.8359599890535012,0.8826638569865372,0.003758414029612743,BH_from_pvalue
fluoroquinolone,ciprofloxacin,ciprofloxacin_vs_control,not_regulated,b4221,b4221,1487.4619152042353,-0.036284238472857666,0.975163316804978,0.7335564750840795,0.7889854196384958,0.0037347737640845494,BH_from_pvalue
fluoroquinolone,ciprofloxacin,ciprofloxacin_vs_control,not_regulated,b1939,b1939,20.81795669948231,0.0842151298737388,1.060110851806886,0.8596593278054642,0.9043866843794062,0.003675640131069425,BH_from_pvalue
fluoroquinolone,ciprofloxacin,ciprofloxacin_vs_control,not_regulated,b2729,b2729,491.2664234822469,-0.07634208985983548,0.9484593910909779,0.8543266036752737,0.8991017930115538,0.003526327874537674,BH_from_pvalue
fluoroquinolone,ciprofloxacin,ciprofloxacin_vs_control,not_regulated,b2474,b2474,737.0662357363566,-0.03562382209726067,0.9756098153589151,0.751721239564695,0.8046744730038073,0.0033621683407027963,BH_from_pvalue
fluoroquinolone,ciprofloxacin,ciprofloxacin_vs_control,not_regulated,b2818,b2818,140.89883121893124,0.05397953219837959,1.0381245423591274,0.8181182328092266,0.8683095354355594,0.00331031800702027,BH_from_pvalue
fluoroquinolone,ciprofloxacin,ciprofloxacin_vs_control,not_regulated,b0101,b0101,115.28612963535352,-0.04267745639905929,0.9708514989597681,0.7846469703448001,0.8369319593575791,0.003299387655016836,BH_from_pvalue
fluoroquinolone,ciprofloxacin,ciprofloxacin_vs_control,not_regulated,b2225,b2225,27.21699988521541,0.07834694929112995,1.0558075950293964,0.8653259892081043,0.9085518906297977,0.003263171085933018,BH_from_pvalue
fluoroquinolone,ciprofloxacin,ciprofloxacin_vs_control,not_regulated,b2003,b2003,0.4430741314353079,0.09074602908219553,1.0649207190728718,0.8827244221965872,0.9218700838263871,0.0032060824668923315,BH_from_pvalue
fluoroquinolone,ciprofloxacin,ciprofloxacin_vs_control,not_regulated,b4550,b4550,13.750566148914224,-0.09290879614235781,0.9376303694159264,0.8856528573606679,0.9247136844030371,0.003158222265778535,BH_from_pvalue
fluoroquinolone,ciprofloxacin,ciprofloxacin_vs_control,not_regulated,b3600,b3600,1258.7741402826334,-0.03718797773946392,0.974552642073587,0.7777275529092192,0.8301420344057114,0.0030065585629942704,BH_from_pvalue
fluoroquinolone,ciprofloxacin,ciprofloxacin_vs_control,not_regulated,b4209,b4209,358.93173948283123,-0.17029368086897811,0.8886617631509044,0.928176753242783,0.9619675198354927,0.0028676759980252454,BH_from_pvalue
fluoroquinolone,ciprofloxacin,ciprofloxacin_vs_control,not_regulated,b0378,b0378,394.16739854331416,0.025142411720954883,1.0175801348032387,0.7092214959523159,0.7692496476473395,0.002864542701222615,BH_from_pvalue
fluoroquinolone,ciprofloxacin,ciprofloxacin_vs_control,not_regulated,b4241,b4241,318.06583284319044,0.046425126069506106,1.0327028022837859,0.8202018177718412,0.8703155877182689,0.002800513929588985,BH_from_pvalue
fluoroquinolone,ciprofloxacin,ciprofloxacin_vs_control,not_regulated,b2528,b2528,893.2760687303645,-0.04782442849037771,0.9673940513047098,0.8264644118008816,0.8751028541149636,0.002770990415385492,BH_from_pvalue
fluoroquinolone,ciprofloxacin,ciprofloxacin_vs_control,not_regulated,b4148,b4148,552.7582362262192,0.03266779340292025,1.0229019009709146,0.7713003143134399,0.8236725578779327,0.0027521114226840087,BH_from_pvalue
fluoroquinolone,ciprofloxacin,ciprofloxacin_vs_control,not_regulated,b1305,b1305,16.03483760925026,0.07314987029101294,1.052011058718969,0.8769319168917177,0.9181656802092519,0.00271231998850785,BH_from_pvalue
fluoroquinolone,ciprofloxacin,ciprofloxacin_vs_control,not_regulated,b3360,b3360,131.89072215618407,0.03375272256979578,1.0236714284627548,0.779077520350224,0.8313856907557077,0.002706882434105905,BH_from_pvalue
fluoroquinolone,ciprofloxacin,ciprofloxacin_vs_control,not_regulated,b2726,b2726,6.851862875812646,0.07145275956923358,1.05077425572524,0.8754185973936708,0.9170081162265327,0.0026885401566159924,BH_from_pvalue
fluoroquinolone,ciprofloxacin,ciprofloxacin_vs_control,not_regulated,b3405,b3405,1146.9603950934857,0.03524438878699421,1.0247303949943125,0.7932985173274674,0.8449262598124487,0.002579226384891373,BH_from_pvalue
fluoroquinolone,ciprofloxacin,ciprofloxacin_vs_control,not_regulated,b0615,b0615,6.605579185034532,-0.05154534878592765,0.9649022161596369,0.8455459748328565,0.8913207862194021,0.002575513109319846,BH_from_pvalue
fluoroquinolone,ciprofloxacin,ciprofloxacin_vs_control,not_regulated,b1468,b1468,1602.1998144570869,0.05564045210920732,1.0393203838789005,0.8622121834327872,0.9063403601497257,0.0023763302671564244,BH_from_pvalue
fluoroquinolone,ciprofloxacin,ciprofloxacin_vs_control,not_regulated,b3617,b3617,3780.341952434989,0.040949831826956995,1.0287909321700557,0.830188594671616,0.8782192612495129,0.0023094493899036513,BH_from_pvalue
fluoroquinolone,ciprofloxacin,ciprofloxacin_vs_control,not_regulated,b4637,b4637,17.63294843825934,0.06833090246256646,1.0485029368811396,0.8868048036540064,0.9254867765280095,0.002297953361959279,BH_from_pvalue
fluoroquinolone,ciprofloxacin,ciprofloxacin_vs_control,not_regulated,b2811,b2811,513.5319233822323,-0.04009159772752113,0.9725931948227973,0.8290579847825662,0.8772295496476084,0.0022806805949614787,BH_from_pvalue
fluoroquinolone,ciprofloxacin,ciprofloxacin_vs_control,not_regulated,b2808,b2808,193.49064940806238,-0.04317734363347725,0.9705151616279903,0.844106630033655,0.8900121007715379,0.002184950121258938,BH_from_pvalue
fluoroquinolone,ciprofloxacin,ciprofloxacin_vs_control,not_regulated,b2794,b2794,544.48878729554,-0.03188279329269683,0.9781429360175411,0.8034885720329817,0.8545972090338974,0.002175634941705549,BH_from_pvalue
fluoroquinolone,ciprofloxacin,ciprofloxacin_vs_control,not_regulated,b3308,b3308,11918.179411670832,-0.03392381377098275,0.9767601086116846,0.8163312363952815,0.8668219785897017,0.0021056540218101767,BH_from_pvalue
fluoroquinolone,ciprofloxacin,ciprofloxacin_vs_control,not_regulated,b3537,b3537,0.36329583788818703,-0.07021424496551665,0.9524965386672833,0.8957628293381643,0.9335359606957978,0.002097225628568916,BH_from_pvalue
fluoroquinolone,ciprofloxacin,ciprofloxacin_vs_control,not_regulated,b3969,b3969,0.36329583788818703,-0.07021424496551665,0.9524965386672833,0.8957628293381643,0.9335359606957978,0.002097225628568916,BH_from_pvalue
fluoroquinolone,ciprofloxacin,ciprofloxacin_vs_control,not_regulated,b2707,b2707,188.50489655813683,-0.04900449095164916,0.9666030881307451,0.8618989463043639,0.906222875286823,0.0020956760441507636,BH_from_pvalue
fluoroquinolone,ciprofloxacin,ciprofloxacin_vs_control,not_regulated,b3390,b3390,1847.928384098643,0.029592561008069396,1.0207238170885264,0.7986826471794624,0.849887519993665,0.002090375541953742,BH_from_pvalue
fluoroquinolone,ciprofloxacin,ciprofloxacin_vs_control,not_regulated,b4261,b4261,1117.383548703731,0.034305366503602386,1.024063634824757,0.8241494259029762,0.8728571032991729,0.002025966865066542,BH_from_pvalue
fluoroquinolone,ciprofloxacin,ciprofloxacin_vs_control,not_regulated,b4572,b4572,27.58950044265345,-0.03662564541200197,0.9749325763338674,0.835948818114883,0.8826638569865372,0.0019852805245605017,BH_from_pvalue
fluoroquinolone,ciprofloxacin,ciprofloxacin_vs_control,not_regulated,b3392,b3392,2.442143208918226,-0.07358959333635862,0.9502706700372721,0.9039298714406021,0.9400870662982261,0.0019745502498994096,BH_from_pvalue
fluoroquinolone,ciprofloxacin,ciprofloxacin_vs_control,not_regulated,b4269,b4269,1302.234331363832,-0.04723819660249795,0.9677872268984242,0.8659540006232861,0.9089990886355989,0.00195738799946554,BH_from_pvalue
fluoroquinolone,ciprofloxacin,ciprofloxacin_vs_control,not_regulated,b1727,b1727,248.40943007968693,-0.022189002885030007,0.9847374271289756,0.7715575928024332,0.823751733307701,0.0018683952229554992,BH_from_pvalue
fluoroquinolone,ciprofloxacin,ciprofloxacin_vs_control,not_regulated,b0860,b0860,86.68093846893491,-0.04530055009689704,0.9690879102274438,0.8673543234505848,0.9102565904994705,0.0018499008731277537,BH_from_pvalue
fluoroquinolone,ciprofloxacin,ciprofloxacin_vs_control,not_regulated,b4114,b4114,49.07926094317861,-0.030238178709780072,0.9792586155951915,0.8240108112320392,0.8728571032991729,0.0017857715678257495,BH_from_pvalue
fluoroquinolone,ciprofloxacin,ciprofloxacin_vs_control,not_regulated,b2131,b2131,591.0453973325913,-0.0426324512026337,0.9708817853631254,0.8651294765358745,0.9085518906297977,0.0017756528281648708,BH_from_pvalue
fluoroquinolone,ciprofloxacin,ciprofloxacin_vs_control,not_regulated,b0799,b0799,2561.7673860720643,0.026706535117162034,1.018683960598099,0.80748411456557,0.858643864613696,0.001767623542453206,BH_from_pvalue
fluoroquinolone,ciprofloxacin,ciprofloxacin_vs_control,not_regulated,b2540,b2540,5.271866203960254,0.08688725716235801,1.062076184780988,0.919286847665583,0.9542931550426476,0.001765391910021183,BH_from_pvalue
fluoroquinolone,ciprofloxacin,ciprofloxacin_vs_control,not_regulated,b4120,b4120,236.59090586596758,-0.04399243051678248,0.9699669995182102,0.8707476717887385,0.9130912704070925,0.0017370767204516625,BH_from_pvalue
fluoroquinolone,ciprofloxacin,ciprofloxacin_vs_control,not_regulated,b2009,b2009,2144.750019688099,-0.04367261938334188,0.9701820419366926,0.8712227677332711,0.913250992604114,0.0017211312517035659,BH_from_pvalue
fluoroquinolone,ciprofloxacin,ciprofloxacin_vs_control,not_regulated,b4359,b4359,1044.6867553823886,0.03125189768886827,1.0218984928357102,0.835237343085972,0.8823150702678962,0.0016993626517875786,BH_from_pvalue
fluoroquinolone,ciprofloxacin,ciprofloxacin_vs_control,not_regulated,b2800,b2800,51.86467475124888,-0.039585424166602046,0.9729344917147075,0.8642171648084124,0.908235702642112,0.0016547273386202227,BH_from_pvalue
fluoroquinolone,ciprofloxacin,ciprofloxacin_vs_control,not_regulated,b3530,b3530,787.9097150095228,0.020716125576639044,1.0144629143641024,0.7817354478101611,0.8340242040441425,0.0016328728937542018,BH_from_pvalue
fluoroquinolone,ciprofloxacin,ciprofloxacin_vs_control,not_regulated,b4088,b4088,60.82087597921561,0.04089792895806177,1.028753920716593,0.870867396631042,0.9130912704070925,0.0016148878221364286,BH_from_pvalue
fluoroquinolone,ciprofloxacin,ciprofloxacin_vs_control,not_regulated,b2123,b2123,13.38167265821812,-0.05463294496314486,0.9628393805830874,0.8985440853701806,0.9355817151953529,0.001579890501177296,BH_from_pvalue
fluoroquinolone,ciprofloxacin,ciprofloxacin_vs_control,not_regulated,b0121,b0121,627.28444744323,0.02971321815283723,1.0208091870163698,0.8409834329679516,0.8875512626677257,0.0015393394354385795,BH_from_pvalue
fluoroquinolone,ciprofloxacin,ciprofloxacin_vs_control,not_regulated,b2144,b2144,43.53558502230839,0.03955220725135966,1.0277947637477016,0.8744630223880004,0.9162205158866121,0.0015029833925166195,BH_from_pvalue
fluoroquinolone,ciprofloxacin,ciprofloxacin_vs_control,not_regulated,b3378,b3378,4.47528981798895,0.08227982061869277,1.058689715109378,0.9242593181798291,0.959012321377825,0.0014955026318927743,BH_from_pvalue
fluoroquinolone,ciprofloxacin,ciprofloxacin_vs_control,not_regulated,b4069,b4069,8271.221307352322,-0.050846342589295546,0.9653698382358802,0.8985578056122554,0.9355817151953529,0.0014703884941700655,BH_from_pvalue
fluoroquinolone,ciprofloxacin,ciprofloxacin_vs_control,not_regulated,b0429,b0429,757.2610977874732,-0.023263370546452222,0.9840043711593932,0.8163060867234704,0.8668219785897017,0.0014439593992199447,BH_from_pvalue
fluoroquinolone,ciprofloxacin,ciprofloxacin_vs_control,not_regulated,b0819,b0819,1552.3045838405276,0.029460278476026502,1.0206302299220458,0.8520787078919059,0.8969459461965347,0.0013915187983837894,BH_from_pvalue
fluoroquinolone,ciprofloxacin,ciprofloxacin_vs_control,not_regulated,b2434,b2434,144.29167143281833,-0.02506951706261873,0.9827732419292677,0.8325540981072883,0.8803075536639827,0.00138798814122228,BH_from_pvalue
fluoroquinolone,ciprofloxacin,ciprofloxacin_vs_control,not_regulated,b1090,b1090,1472.0090795114745,0.023303303014866827,1.0162837775636007,0.8237423504373643,0.8728571032991729,0.0013762196579292561,BH_from_pvalue
fluoroquinolone,ciprofloxacin,ciprofloxacin_vs_control,not_regulated,b2341,b2341,2398.228967356348,0.03819177242127658,1.026826029052291,0.8822995952305532,0.9216404039356777,0.0013534589131085014,BH_from_pvalue
fluoroquinolone,ciprofloxacin,ciprofloxacin_vs_control,not_regulated,b3630,b3630,242.062837526329,-0.03071420340912212,0.9789355574444394,0.859830680971993,0.9043866843794062,0.0013405472248710856,BH_from_pvalue
fluoroquinolone,ciprofloxacin,ciprofloxacin_vs_control,not_regulated,b1561,b1561,34.72400978468574,-0.039759513392152,0.9728170953222307,0.8879206582188455,0.926221502937933,0.0013234009993208522,BH_from_pvalue
fluoroquinolone,ciprofloxacin,ciprofloxacin_vs_control,not_regulated,b2769,b2769,31.399717790996657,-0.05171887977626355,0.9647861622724831,0.909236227535079,0.9449502198365956,0.001271822572565924,BH_from_pvalue
fluoroquinolone,ciprofloxacin,ciprofloxacin_vs_control,not_regulated,b1360,b1360,11.502421919817735,0.06774070647556041,1.048074089725218,0.9233041769253058,0.9582423137540438,0.0012548732588633068,BH_from_pvalue
fluoroquinolone,ciprofloxacin,ciprofloxacin_vs_control,not_regulated,b3594,b3594,23.303607745664667,0.04054119316162641,1.0284995717590626,0.8963646385818828,0.9339467556963884,0.0012031767545801514,BH_from_pvalue
fluoroquinolone,ciprofloxacin,ciprofloxacin_vs_control,not_regulated,b0220,b0220,1880.5072689838937,0.03272832833463113,1.0229448224436322,0.8790350266828374,0.9192977330898402,0.001196017838961521,BH_from_pvalue
fluoroquinolone,ciprofloxacin,ciprofloxacin_vs_control,not_regulated,b4322,b4322,352.8902443700772,-0.03445621340129712,0.9763997200578131,0.8882121206887382,0.9263107161738799,0.001145438642593374,BH_from_pvalue
fluoroquinolone,ciprofloxacin,ciprofloxacin_vs_control,not_regulated,b0939,b0939,3.6888557641506985,-0.07304904132055468,0.950626786163911,0.9328600007072616,0.9654083701788759,0.0011168424191665524,BH_from_pvalue
fluoroquinolone,ciprofloxacin,ciprofloxacin_vs_control,not_regulated,b2839,b2839,88.62037633013456,-0.03063411567425156,0.9789899021987443,0.8811721622115213,0.9208904241699402,0.0010964575853191205,BH_from_pvalue
fluoroquinolone,ciprofloxacin,ciprofloxacin_vs_control,not_regulated,b3255,b3255,1412.1736613092453,0.021550776392679438,1.0150499873436019,0.8435504189428915,0.8898428199824404,0.00109233772637377,BH_from_pvalue
fluoroquinolone,ciprofloxacin,ciprofloxacin_vs_control,not_regulated,b2201,b2201,150.8195516838825,-0.029150854212642408,0.9799969374157156,0.8760212380343768,0.9174257342674336,0.0010910897082589196,BH_from_pvalue
fluoroquinolone,ciprofloxacin,ciprofloxacin_vs_control,not_regulated,b0113,b0113,798.8279897816452,-0.06308823932867114,0.9572129105429497,0.9287509257355678,0.9621192224685823,0.0010580596983681089,BH_from_pvalue
fluoroquinolone,ciprofloxacin,ciprofloxacin_vs_control,not_regulated,b2722,b2722,8.83812264635031,-0.042446931178168334,0.9710066416833413,0.9097014096269918,0.9452152784712887,0.0010386452940963251,BH_from_pvalue
fluoroquinolone,ciprofloxacin,ciprofloxacin_vs_control,not_regulated,b1197,b1197,555.5089913344628,0.03197117200794963,1.0224081006048014,0.8965999308867442,0.9339755648746122,0.0009484083795052945,BH_from_pvalue
fluoroquinolone,ciprofloxacin,ciprofloxacin_vs_control,not_regulated,b3371,b3371,48.49914322539328,-0.024989264923078736,0.9828279117290355,0.8778780502328799,0.9186832003383932,0.000920460215617814,BH_from_pvalue
fluoroquinolone,ciprofloxacin,ciprofloxacin_vs_control,not_regulated,b0323,b0323,11.308114965078731,-0.0537717082885254,0.9634143324079585,0.9279160851015287,0.9619675198354927,0.0009054935946240948,BH_from_pvalue
fluoroquinolone,ciprofloxacin,ciprofloxacin_vs_control,not_regulated,b3465,b3465,241.38777782738399,-0.025033710272261978,0.9827976340503638,0.8807232606525591,0.9206351908936116,0.0008990213277525047,BH_from_pvalue
fluoroquinolone,ciprofloxacin,ciprofloxacin_vs_control,not_regulated,b2383,b2383,83.82179475931285,0.015584535978923952,1.0108609335096972,0.8311993628696042,0.8790817620943991,0.0008722778548327073,BH_from_pvalue
fluoroquinolone,ciprofloxacin,ciprofloxacin_vs_control,not_regulated,b2759,b2759,4.280880759676347,0.050312080916762536,1.0354888945105714,0.9285595296793089,0.9621192224685823,0.0008437893611475262,BH_from_pvalue
fluoroquinolone,ciprofloxacin,ciprofloxacin_vs_control,not_regulated,b3934,b3934,788.099642972159,-0.028264622811931872,0.9805991234943405,0.9000931459670717,0.936963427576924,0.0007992489304945161,BH_from_pvalue
fluoroquinolone,ciprofloxacin,ciprofloxacin_vs_control,not_regulated,b2737,b2737,68.65432543162215,0.031111862952205804,1.0217993073963285,0.906778229546875,0.9426134681076598,0.0007985282533691453,BH_from_pvalue
fluoroquinolone,ciprofloxacin,ciprofloxacin_vs_control,not_regulated,b0420,b0420,1300.3166656721946,-0.021398190628040936,0.9852773582147341,0.8782431661749869,0.9186832003383932,0.0007881857757699513,BH_from_pvalue
fluoroquinolone,ciprofloxacin,ciprofloxacin_vs_control,not_regulated,b3954,b3954,92.78197652059644,0.02318201107507889,1.0161983389603737,0.8866608305871926,0.9254867765280095,0.000779605981585538,BH_from_pvalue
fluoroquinolone,ciprofloxacin,ciprofloxacin_vs_control,not_regulated,b1601,b1601,136.95236689428722,0.026929677990029433,1.0188415335010694,0.900917653955355,0.9373956110441856,0.0007561068366753543,BH_from_pvalue
fluoroquinolone,ciprofloxacin,ciprofloxacin_vs_control,not_regulated,b2484,b2484,8.5191776288738,0.05766048913836341,1.0407766418581168,0.9407569414344604,0.9716474678696219,0.0007202531285844648,BH_from_pvalue
fluoroquinolone,ciprofloxacin,ciprofloxacin_vs_control,not_regulated,b3583,b3583,32.13912458147215,0.020187544182212136,1.0140912987515667,0.8820767731038094,0.9216216783788467,0.0007155943049049901,BH_from_pvalue
fluoroquinolone,ciprofloxacin,ciprofloxacin_vs_control,not_regulated,b0150,b0150,1393.801234516215,0.030752380137460733,1.0215447327833864,0.9146560245504504,0.9501438333551792,0.0006830302279660063,BH_from_pvalue
fluoroquinolone,ciprofloxacin,ciprofloxacin_vs_control,not_regulated,b0289,b0289,70.55850014149225,-0.025481213131723024,0.9824928319018821,0.904540430322235,0.9405045898264939,0.0006787960923277462,BH_from_pvalue
fluoroquinolone,ciprofloxacin,ciprofloxacin_vs_control,not_regulated,b3812,b3812,269.5967175363967,0.018464427577107756,1.012880818089189,0.8872596216281556,0.9257466430256192,0.0006187033458344137,BH_from_pvalue
fluoroquinolone,ciprofloxacin,ciprofloxacin_vs_control,not_regulated,b2359,b2359,8.87816886927928,0.034343253614710356,1.0240905284655288,0.9293132094313757,0.9623661303661332,0.0005721472724119458,BH_from_pvalue
fluoroquinolone,ciprofloxacin,ciprofloxacin_vs_control,not_regulated,b1930,b1930,21.222823264825593,-0.040665654930810646,0.9722062710114776,0.9370271428192455,0.9686849203403738,0.0005618960984506539,BH_from_pvalue
fluoroquinolone,ciprofloxacin,ciprofloxacin_vs_control,not_regulated,b0457,b0457,712.5909141399947,0.011571413475813586,1.0080529445508806,0.8517690802599401,0.8968298977081486,0.0005472112413153663,BH_from_pvalue
fluoroquinolone,ciprofloxacin,ciprofloxacin_vs_control,not_regulated,b4677,b4677,4.55497056060139,0.04193525188354874,1.0294938787382857,0.9416290534862783,0.97232495008753,0.0005111307533151488,BH_from_pvalue
fluoroquinolone,ciprofloxacin,ciprofloxacin_vs_control,not_regulated,b2894,b2894,711.252856901713,-0.011718696976128484,0.9919101188811259,0.8721821755668607,0.9140436686159692,0.00045741654671784264,BH_from_pvalue
fluoroquinolone,ciprofloxacin,ciprofloxacin_vs_control,not_regulated,b0097,b0097,1214.0837350426584,-0.01073307515750166,0.9925880045457884,0.8645134465968471,0.9083348476506934,0.0004481490785638182,BH_from_pvalue
fluoroquinolone,ciprofloxacin,ciprofloxacin_vs_control,not_regulated,b4124,b4124,181.93442866977435,-0.018093752676226593,0.9875366848780558,0.9192820740656269,0.9542931550426476,0.0003676323276823724,BH_from_pvalue
fluoroquinolone,ciprofloxacin,ciprofloxacin_vs_control,not_regulated,b1388,b1388,39.023034513186765,0.04121709738794621,1.0289815378408405,0.9501624770907346,0.9800116537386205,0.0003614228305625079,BH_from_pvalue
fluoroquinolone,ciprofloxacin,ciprofloxacin_vs_control,not_regulated,b0891,b0891,1182.1590982219116,-0.016037071075199805,0.9889455043963153,0.9150772648629398,0.9503619342769575,0.00035459515271925974,BH_from_pvalue
fluoroquinolone,ciprofloxacin,ciprofloxacin_vs_control,not_regulated,b3661,b3661,125.77638400479795,0.024517717978521425,1.0171396131966979,0.9362232754429896,0.9680763891821993,0.0003454637653408648,BH_from_pvalue
fluoroquinolone,ciprofloxacin,ciprofloxacin_vs_control,not_regulated,b2370,b2370,549.6955845342351,-0.021839332285420454,0.9849761300071621,0.933346148130831,0.965545302275179,0.00033255504310641444,BH_from_pvalue
fluoroquinolone,ciprofloxacin,ciprofloxacin_vs_control,not_regulated,b3755,b3755,219.45971029459716,0.019341682411400996,1.0134969044927893,0.9281103750416573,0.9619675198354927,0.00032570602813663006,BH_from_pvalue
fluoroquinolone,ciprofloxacin,ciprofloxacin_vs_control,not_regulated,b3309,b3309,3473.8540234423467,0.010936862357691979,1.0076096627399844,0.902553840556375,0.9388730746583198,0.00029959473504107253,BH_from_pvalue
fluoroquinolone,ciprofloxacin,ciprofloxacin_vs_control,not_regulated,b3898,b3898,54.90356590024752,0.02056991738076608,1.0143601100480537,0.9350362511828043,0.9670712940492652,0.00029911761506485273,BH_from_pvalue
fluoroquinolone,ciprofloxacin,ciprofloxacin_vs_control,not_regulated,b2463,b2463,4971.879873871411,0.017852324471355985,1.0124511666575597,0.9294171788151362,0.9623661303661332,0.0002974138346672051,BH_from_pvalue
fluoroquinolone,ciprofloxacin,ciprofloxacin_vs_control,not_regulated,b1508,b1508,20.73286270735139,0.03295555127516714,1.023105947857658,0.9495363437697103,0.9796203656049249,0.0002946949586712273,BH_from_pvalue
fluoroquinolone,ciprofloxacin,ciprofloxacin_vs_control,not_regulated,b3307,b3307,5319.211031865523,-0.014247046324380008,0.9901733006702997,0.9298082036256448,0.9625494361123474,0.00023617266111174409,BH_from_pvalue
fluoroquinolone,ciprofloxacin,ciprofloxacin_vs_control,not_regulated,b3895,b3895,455.2902889499447,-0.007519737286539652,0.9948012756867473,0.90092512817786,0.9373956110441856,0.0002111322970315619,BH_from_pvalue
fluoroquinolone,ciprofloxacin,ciprofloxacin_vs_control,not_regulated,b2688,b2688,2789.7787254221294,0.010421705884176902,1.0072499304603917,0.9246288006102538,0.959174433843386,0.00018865794680832348,BH_from_pvalue
fluoroquinolone,ciprofloxacin,ciprofloxacin_vs_control,not_regulated,b2593,b2593,432.305178607068,-0.01125107901254907,0.9922316769067584,0.9329991518825196,0.9654083701788759,0.00017201707339961454,BH_from_pvalue
fluoroquinolone,ciprofloxacin,ciprofloxacin_vs_control,not_regulated,b0534,b0534,3.427318840548598,0.02900234078902697,1.0203063147056544,0.9568887449584906,0.9864968083482216,0.00017123897024160618,BH_from_pvalue
fluoroquinolone,ciprofloxacin,ciprofloxacin_vs_control,not_regulated,b1835,b1835,29.49809274882239,0.010572684547909716,1.0073553451196087,0.9373477453962642,0.9687936945754588,0.00014557208446862142,BH_from_pvalue
fluoroquinolone,ciprofloxacin,ciprofloxacin_vs_control,not_regulated,b2485,b2485,3.1068055919613453,-0.03454442005642666,0.976340024614119,0.961544456596917,0.9903885884526981,0.00014489216079125497,BH_from_pvalue
fluoroquinolone,ciprofloxacin,ciprofloxacin_vs_control,not_regulated,b1234,b1234,968.2415576583741,0.015830853678602708,1.0110335369981835,0.9494553122986933,0.9796203656049249,0.00014156257716925146,BH_from_pvalue
fluoroquinolone,ciprofloxacin,ciprofloxacin_vs_control,not_regulated,b1595,b1595,71.73340649640792,0.01114323463942668,1.0077538079492885,0.9405464274297483,0.9716474678696219,0.0001391932280064187,BH_from_pvalue
fluoroquinolone,ciprofloxacin,ciprofloxacin_vs_control,not_regulated,b1842,b1842,33.830084286115444,-0.016982960962655724,0.9882973237773311,0.9546402155484215,0.9844043304761119,0.00011593391922658015,BH_from_pvalue
fluoroquinolone,ciprofloxacin,ciprofloxacin_vs_control,not_regulated,b1697,b1697,7.833054358992915,-0.024548458591953093,0.9831282544534039,0.9614977111405821,0.9903885884526981,0.00010296537627995317,BH_from_pvalue
fluoroquinolone,ciprofloxacin,ciprofloxacin_vs_control,not_regulated,b3732,b3732,11450.019921699057,-0.009610278396014138,0.9933608001507662,0.9495653165934799,0.9796203656049249,8.593698133238135e-05,BH_from_pvalue
fluoroquinolone,ciprofloxacin,ciprofloxacin_vs_control,not_regulated,b3999,b3999,499.8897669050605,0.004205562370851013,1.0029193266589214,0.9251125512588456,0.9594549816837187,7.559665683781202e-05,BH_from_pvalue
fluoroquinolone,ciprofloxacin,ciprofloxacin_vs_control,not_regulated,b3943,b3943,221.42800882570683,-0.005331703373219199,0.9963111653681102,0.9387996067325921,0.9700713602304615,7.035884817816778e-05,BH_from_pvalue
fluoroquinolone,ciprofloxacin,ciprofloxacin_vs_control,not_regulated,b2483,b2483,2.9442471431593007,0.01717675613035663,1.0119771788655787,0.96293059846194,0.9915892472256882,6.300762842177274e-05,BH_from_pvalue
fluoroquinolone,ciprofloxacin,ciprofloxacin_vs_control,not_regulated,b0225,b0225,115.0321098344416,0.011395165791565631,1.0079298026947803,0.9588721149569616,0.9883150259111854,5.816778336370098e-05,BH_from_pvalue
fluoroquinolone,ciprofloxacin,ciprofloxacin_vs_control,not_regulated,b3754,b3754,275.144379831773,0.006435841586240443,1.004470950458034,0.9492664802756389,0.9796203656049249,5.755054905426018e-05,BH_from_pvalue
fluoroquinolone,ciprofloxacin,ciprofloxacin_vs_control,not_regulated,b1059,b1059,310.0221900607917,-0.006486484133695569,0.9955140040845678,0.9595718923507521,0.9888097071692287,3.170125609941022e-05,BH_from_pvalue
fluoroquinolone,ciprofloxacin,ciprofloxacin_vs_control,not_regulated,b3593,b3593,6.16592606762318,0.012598124877663874,1.0087705929711677,0.966367056589246,0.9946725447456358,2.9226004669739023e-05,BH_from_pvalue
fluoroquinolone,ciprofloxacin,ciprofloxacin_vs_control,not_regulated,b3137,b3137,5.9337159806526385,-0.009858527267079698,0.9931898842782048,0.9653381553946744,0.9938409299531347,2.6451625575555355e-05,BH_from_pvalue
fluoroquinolone,ciprofloxacin,ciprofloxacin_vs_control,not_regulated,b1383,b1383,46.473720412960056,-0.010544916169643592,0.9927174681736582,0.9717529185399929,0.9999873318675105,5.801533314589436e-08,BH_from_pvalue
fluoroquinolone,ciprofloxacin,ciprofloxacin_vs_control,not_regulated,b0988,b0988,7.696489840268182,0.011063157017204617,1.007697873543977,0.9849229213105386,1.0,-0.0,BH_from_pvalue
fluoroquinolone,ciprofloxacin,ciprofloxacin_vs_control,not_regulated,b4708,b4708,4.952649419100024,0.010257571242972219,1.0071353426943255,0.9760762556173922,1.0,-0.0,BH_from_pvalue
fluoroquinolone,ciprofloxacin,ciprofloxacin_vs_control,not_regulated,b1577,b1577,9.721533564052487,0.008265776288976845,1.0057458439298421,0.9915158127660436,1.0,-0.0,BH_from_pvalue
fluoroquinolone,ciprofloxacin,ciprofloxacin_vs_control,not_regulated,b2264,b2264,743.5174921390447,0.006559757525110399,1.0045572301658066,0.9724600397380869,1.0,-0.0,BH_from_pvalue
fluoroquinolone,ciprofloxacin,ciprofloxacin_vs_control,not_regulated,b2470,b2470,238.27178399028028,0.006375372234455057,1.0044288497835112,0.9762763199995257,1.0,-0.0,BH_from_pvalue
fluoroquinolone,ciprofloxacin,ciprofloxacin_vs_control,not_regulated,b0224,b0224,1531.2861205710353,0.004834982831127377,1.0033569767854331,0.9746703729786096,1.0,-0.0,BH_from_pvalue
fluoroquinolone,ciprofloxacin,ciprofloxacin_vs_control,not_regulated,b0849,b0849,108.51586995414404,0.0031919781768134925,1.0022149600815216,0.9902738033135842,1.0,-0.0,BH_from_pvalue
fluoroquinolone,ciprofloxacin,ciprofloxacin_vs_control,not_regulated,b1078,b1078,35.688991248802964,0.002434556733539317,1.0016889307754953,0.9963099564249449,1.0,-0.0,BH_from_pvalue
fluoroquinolone,ciprofloxacin,ciprofloxacin_vs_control,not_regulated,b3222,b3222,297.87188427373786,0.0023692051427595118,1.0016435570266413,0.9900229046850079,1.0,-0.0,BH_from_pvalue
fluoroquinolone,ciprofloxacin,ciprofloxacin_vs_control,not_regulated,b1704,b1704,286.65647204709563,0.00039559024054725,1.0002742398567683,0.9980713348619108,1.0,-0.0,BH_from_pvalue
fluoroquinolone,ciprofloxacin,ciprofloxacin_vs_control,not_regulated,b0202,b0202,0.0,0.0,1.0,,1.0,-0.0,no_valid_pvalue_set_to_1
fluoroquinolone,ciprofloxacin,ciprofloxacin_vs_control,not_regulated,b0203,b0203,0.0,0.0,1.0,,1.0,-0.0,no_valid_pvalue_set_to_1
fluoroquinolone,ciprofloxacin,ciprofloxacin_vs_control,not_regulated,b0205,b0205,0.0,0.0,1.0,,1.0,-0.0,no_valid_pvalue_set_to_1
fluoroquinolone,ciprofloxacin,ciprofloxacin_vs_control,not_regulated,b0256,b0256,0.0,0.0,1.0,,1.0,-0.0,no_valid_pvalue_set_to_1
fluoroquinolone,ciprofloxacin,ciprofloxacin_vs_control,not_regulated,b0264,b0264,0.0,0.0,1.0,,1.0,-0.0,no_valid_pvalue_set_to_1
fluoroquinolone,ciprofloxacin,ciprofloxacin_vs_control,not_regulated,b0298,b0298,0.0,0.0,1.0,,1.0,-0.0,no_valid_pvalue_set_to_1
fluoroquinolone,ciprofloxacin,ciprofloxacin_vs_control,not_regulated,b0360,b0360,0.0,0.0,1.0,,1.0,-0.0,no_valid_pvalue_set_to_1
fluoroquinolone,ciprofloxacin,ciprofloxacin_vs_control,not_regulated,b0540,b0540,0.0,0.0,1.0,,1.0,-0.0,no_valid_pvalue_set_to_1
fluoroquinolone,ciprofloxacin,ciprofloxacin_vs_control,not_regulated,b0541,b0541,0.0,0.0,1.0,,1.0,-0.0,no_valid_pvalue_set_to_1
fluoroquinolone,ciprofloxacin,ciprofloxacin_vs_control,not_regulated,b0548,b0548,0.0,0.0,1.0,,1.0,-0.0,no_valid_pvalue_set_to_1
fluoroquinolone,ciprofloxacin,ciprofloxacin_vs_control,not_regulated,b0552,b0552,0.0,0.0,1.0,,1.0,-0.0,no_valid_pvalue_set_to_1
fluoroquinolone,ciprofloxacin,ciprofloxacin_vs_control,not_regulated,b0560,b0560,0.0,0.0,1.0,,1.0,-0.0,no_valid_pvalue_set_to_1
fluoroquinolone,ciprofloxacin,ciprofloxacin_vs_control,not_regulated,b0582,b0582,0.0,0.0,1.0,,1.0,-0.0,no_valid_pvalue_set_to_1
fluoroquinolone,ciprofloxacin,ciprofloxacin_vs_control,not_regulated,b0666,b0666,0.0,0.0,1.0,,1.0,-0.0,no_valid_pvalue_set_to_1
fluoroquinolone,ciprofloxacin,ciprofloxacin_vs_control,not_regulated,b0668,b0668,0.0,0.0,1.0,,1.0,-0.0,no_valid_pvalue_set_to_1
fluoroquinolone,ciprofloxacin,ciprofloxacin_vs_control,not_regulated,b0670,b0670,0.0,0.0,1.0,,1.0,-0.0,no_valid_pvalue_set_to_1
fluoroquinolone,ciprofloxacin,ciprofloxacin_vs_control,not_regulated,b0672,b0672,0.0,0.0,1.0,,1.0,-0.0,no_valid_pvalue_set_to_1
fluoroquinolone,ciprofloxacin,ciprofloxacin_vs_control,not_regulated,b1027,b1027,0.0,0.0,1.0,,1.0,-0.0,no_valid_pvalue_set_to_1
fluoroquinolone,ciprofloxacin,ciprofloxacin_vs_control,not_regulated,b1150,b1150,0.0,0.0,1.0,,1.0,-0.0,no_valid_pvalue_set_to_1
fluoroquinolone,ciprofloxacin,ciprofloxacin_vs_control,not_regulated,b1229,b1229,0.0,0.0,1.0,,1.0,-0.0,no_valid_pvalue_set_to_1
fluoroquinolone,ciprofloxacin,ciprofloxacin_vs_control,not_regulated,b1362,b1362,0.0,0.0,1.0,,1.0,-0.0,no_valid_pvalue_set_to_1
fluoroquinolone,ciprofloxacin,ciprofloxacin_vs_control,not_regulated,b1373,b1373,0.0,0.0,1.0,,1.0,-0.0,no_valid_pvalue_set_to_1
fluoroquinolone,ciprofloxacin,ciprofloxacin_vs_control,not_regulated,b1374,b1374,0.0,0.0,1.0,,1.0,-0.0,no_valid_pvalue_set_to_1
fluoroquinolone,ciprofloxacin,ciprofloxacin_vs_control,not_regulated,b1375,b1375,0.0,0.0,1.0,,1.0,-0.0,no_valid_pvalue_set_to_1
fluoroquinolone,ciprofloxacin,ciprofloxacin_vs_control,not_regulated,b1382,b1382,0.0,0.0,1.0,,1.0,-0.0,no_valid_pvalue_set_to_1
fluoroquinolone,ciprofloxacin,ciprofloxacin_vs_control,not_regulated,b1403,b1403,0.0,0.0,1.0,,1.0,-0.0,no_valid_pvalue_set_to_1
fluoroquinolone,ciprofloxacin,ciprofloxacin_vs_control,not_regulated,b1404,b1404,0.0,0.0,1.0,,1.0,-0.0,no_valid_pvalue_set_to_1
fluoroquinolone,ciprofloxacin,ciprofloxacin_vs_control,not_regulated,b1544,b1544,0.0,0.0,1.0,,1.0,-0.0,no_valid_pvalue_set_to_1
fluoroquinolone,ciprofloxacin,ciprofloxacin_vs_control,not_regulated,b1546,b1546,0.0,0.0,1.0,,1.0,-0.0,no_valid_pvalue_set_to_1
fluoroquinolone,ciprofloxacin,ciprofloxacin_vs_control,not_regulated,b1548,b1548,0.0,0.0,1.0,,1.0,-0.0,no_valid_pvalue_set_to_1
fluoroquinolone,ciprofloxacin,ciprofloxacin_vs_control,not_regulated,b1572,b1572,0.0,0.0,1.0,,1.0,-0.0,no_valid_pvalue_set_to_1
fluoroquinolone,ciprofloxacin,ciprofloxacin_vs_control,not_regulated,b1576,b1576,0.0,0.0,1.0,,1.0,-0.0,no_valid_pvalue_set_to_1
fluoroquinolone,ciprofloxacin,ciprofloxacin_vs_control,not_regulated,b1578,b1578,0.0,0.0,1.0,,1.0,-0.0,no_valid_pvalue_set_to_1
fluoroquinolone,ciprofloxacin,ciprofloxacin_vs_control,not_regulated,b1893,b1893,0.0,0.0,1.0,,1.0,-0.0,no_valid_pvalue_set_to_1
fluoroquinolone,ciprofloxacin,ciprofloxacin_vs_control,not_regulated,b1894,b1894,0.0,0.0,1.0,,1.0,-0.0,no_valid_pvalue_set_to_1
fluoroquinolone,ciprofloxacin,ciprofloxacin_vs_control,not_regulated,b1910,b1910,0.0,0.0,1.0,,1.0,-0.0,no_valid_pvalue_set_to_1
fluoroquinolone,ciprofloxacin,ciprofloxacin_vs_control,not_regulated,b1994,b1994,0.0,0.0,1.0,,1.0,-0.0,no_valid_pvalue_set_to_1
fluoroquinolone,ciprofloxacin,ciprofloxacin_vs_control,not_regulated,b1997,b1997,0.0,0.0,1.0,,1.0,-0.0,no_valid_pvalue_set_to_1
fluoroquinolone,ciprofloxacin,ciprofloxacin_vs_control,not_regulated,b2030,b2030,0.0,0.0,1.0,,1.0,-0.0,no_valid_pvalue_set_to_1
fluoroquinolone,ciprofloxacin,ciprofloxacin_vs_control,not_regulated,b2192,b2192,0.0,0.0,1.0,,1.0,-0.0,no_valid_pvalue_set_to_1
fluoroquinolone,ciprofloxacin,ciprofloxacin_vs_control,not_regulated,b2394,b2394,0.0,0.0,1.0,,1.0,-0.0,no_valid_pvalue_set_to_1
fluoroquinolone,ciprofloxacin,ciprofloxacin_vs_control,not_regulated,b2403,b2403,0.0,0.0,1.0,,1.0,-0.0,no_valid_pvalue_set_to_1
fluoroquinolone,ciprofloxacin,ciprofloxacin_vs_control,not_regulated,b2404,b2404,0.0,0.0,1.0,,1.0,-0.0,no_valid_pvalue_set_to_1
fluoroquinolone,ciprofloxacin,ciprofloxacin_vs_control,not_regulated,b2588,b2588,0.0,0.0,1.0,,1.0,-0.0,no_valid_pvalue_set_to_1
fluoroquinolone,ciprofloxacin,ciprofloxacin_vs_control,not_regulated,b2589,b2589,0.0,0.0,1.0,,1.0,-0.0,no_valid_pvalue_set_to_1
fluoroquinolone,ciprofloxacin,ciprofloxacin_vs_control,not_regulated,b2591,b2591,0.0,0.0,1.0,,1.0,-0.0,no_valid_pvalue_set_to_1
fluoroquinolone,ciprofloxacin,ciprofloxacin_vs_control,not_regulated,b2635,b2635,0.0,0.0,1.0,,1.0,-0.0,no_valid_pvalue_set_to_1
fluoroquinolone,ciprofloxacin,ciprofloxacin_vs_control,not_regulated,b2815,b2815,0.0,0.0,1.0,,1.0,-0.0,no_valid_pvalue_set_to_1
fluoroquinolone,ciprofloxacin,ciprofloxacin_vs_control,not_regulated,b2860,b2860,0.0,0.0,1.0,,1.0,-0.0,no_valid_pvalue_set_to_1
fluoroquinolone,ciprofloxacin,ciprofloxacin_vs_control,not_regulated,b2861,b2861,0.0,0.0,1.0,,1.0,-0.0,no_valid_pvalue_set_to_1
fluoroquinolone,ciprofloxacin,ciprofloxacin_vs_control,not_regulated,b3044,b3044,0.0,0.0,1.0,,1.0,-0.0,no_valid_pvalue_set_to_1
fluoroquinolone,ciprofloxacin,ciprofloxacin_vs_control,not_regulated,b3045,b3045,0.0,0.0,1.0,,1.0,-0.0,no_valid_pvalue_set_to_1
fluoroquinolone,ciprofloxacin,ciprofloxacin_vs_control,not_regulated,b3272,b3272,0.0,0.0,1.0,,1.0,-0.0,no_valid_pvalue_set_to_1
fluoroquinolone,ciprofloxacin,ciprofloxacin_vs_control,not_regulated,b3273,b3273,0.0,0.0,1.0,,1.0,-0.0,no_valid_pvalue_set_to_1
fluoroquinolone,ciprofloxacin,ciprofloxacin_vs_control,not_regulated,b3274,b3274,0.0,0.0,1.0,,1.0,-0.0,no_valid_pvalue_set_to_1
fluoroquinolone,ciprofloxacin,ciprofloxacin_vs_control,not_regulated,b3276,b3276,0.0,0.0,1.0,,1.0,-0.0,no_valid_pvalue_set_to_1
fluoroquinolone,ciprofloxacin,ciprofloxacin_vs_control,not_regulated,b3277,b3277,0.0,0.0,1.0,,1.0,-0.0,no_valid_pvalue_set_to_1
fluoroquinolone,ciprofloxacin,ciprofloxacin_vs_control,not_regulated,b3278,b3278,0.0,0.0,1.0,,1.0,-0.0,no_valid_pvalue_set_to_1
fluoroquinolone,ciprofloxacin,ciprofloxacin_vs_control,not_regulated,b3444,b3444,0.0,0.0,1.0,,1.0,-0.0,no_valid_pvalue_set_to_1
fluoroquinolone,ciprofloxacin,ciprofloxacin_vs_control,not_regulated,b3445,b3445,0.0,0.0,1.0,,1.0,-0.0,no_valid_pvalue_set_to_1
fluoroquinolone,ciprofloxacin,ciprofloxacin_vs_control,not_regulated,b3756,b3756,0.0,0.0,1.0,,1.0,-0.0,no_valid_pvalue_set_to_1
fluoroquinolone,ciprofloxacin,ciprofloxacin_vs_control,not_regulated,b3757,b3757,0.0,0.0,1.0,,1.0,-0.0,no_valid_pvalue_set_to_1
fluoroquinolone,ciprofloxacin,ciprofloxacin_vs_control,not_regulated,b3759,b3759,0.0,0.0,1.0,,1.0,-0.0,no_valid_pvalue_set_to_1
fluoroquinolone,ciprofloxacin,ciprofloxacin_vs_control,not_regulated,b3760,b3760,0.0,0.0,1.0,,1.0,-0.0,no_valid_pvalue_set_to_1
fluoroquinolone,ciprofloxacin,ciprofloxacin_vs_control,not_regulated,b3761,b3761,0.0,0.0,1.0,,1.0,-0.0,no_valid_pvalue_set_to_1
fluoroquinolone,ciprofloxacin,ciprofloxacin_vs_control,not_regulated,b3798,b3798,0.0,0.0,1.0,,1.0,-0.0,no_valid_pvalue_set_to_1
fluoroquinolone,ciprofloxacin,ciprofloxacin_vs_control,not_regulated,b3799,b3799,0.0,0.0,1.0,,1.0,-0.0,no_valid_pvalue_set_to_1
fluoroquinolone,ciprofloxacin,ciprofloxacin_vs_control,not_regulated,b3851,b3851,0.0,0.0,1.0,,1.0,-0.0,no_valid_pvalue_set_to_1
fluoroquinolone,ciprofloxacin,ciprofloxacin_vs_control,not_regulated,b3852,b3852,0.0,0.0,1.0,,1.0,-0.0,no_valid_pvalue_set_to_1
fluoroquinolone,ciprofloxacin,ciprofloxacin_vs_control,not_regulated,b3853,b3853,0.0,0.0,1.0,,1.0,-0.0,no_valid_pvalue_set_to_1
fluoroquinolone,ciprofloxacin,ciprofloxacin_vs_control,not_regulated,b3855,b3855,0.0,0.0,1.0,,1.0,-0.0,no_valid_pvalue_set_to_1
fluoroquinolone,ciprofloxacin,ciprofloxacin_vs_control,not_regulated,b3968,b3968,0.0,0.0,1.0,,1.0,-0.0,no_valid_pvalue_set_to_1
fluoroquinolone,ciprofloxacin,ciprofloxacin_vs_control,not_regulated,b3970,b3970,0.0,0.0,1.0,,1.0,-0.0,no_valid_pvalue_set_to_1
fluoroquinolone,ciprofloxacin,ciprofloxacin_vs_control,not_regulated,b3971,b3971,0.0,0.0,1.0,,1.0,-0.0,no_valid_pvalue_set_to_1
fluoroquinolone,ciprofloxacin,ciprofloxacin_vs_control,not_regulated,b4007,b4007,0.0,0.0,1.0,,1.0,-0.0,no_valid_pvalue_set_to_1
fluoroquinolone,ciprofloxacin,ciprofloxacin_vs_control,not_regulated,b4008,b4008,0.0,0.0,1.0,,1.0,-0.0,no_valid_pvalue_set_to_1
fluoroquinolone,ciprofloxacin,ciprofloxacin_vs_control,not_regulated,b4009,b4009,0.0,0.0,1.0,,1.0,-0.0,no_valid_pvalue_set_to_1
fluoroquinolone,ciprofloxacin,ciprofloxacin_vs_control,not_regulated,b4010,b4010,0.0,0.0,1.0,,1.0,-0.0,no_valid_pvalue_set_to_1
fluoroquinolone,ciprofloxacin,ciprofloxacin_vs_control,not_regulated,b4164,b4164,0.0,0.0,1.0,,1.0,-0.0,no_valid_pvalue_set_to_1
fluoroquinolone,ciprofloxacin,ciprofloxacin_vs_control,not_regulated,b4369,b4369,0.0,0.0,1.0,,1.0,-0.0,no_valid_pvalue_set_to_1
fluoroquinolone,ciprofloxacin,ciprofloxacin_vs_control,not_regulated,b4412,b4412,0.0,0.0,1.0,,1.0,-0.0,no_valid_pvalue_set_to_1
fluoroquinolone,ciprofloxacin,ciprofloxacin_vs_control,not_regulated,b4423,b4423,0.0,0.0,1.0,,1.0,-0.0,no_valid_pvalue_set_to_1
fluoroquinolone,ciprofloxacin,ciprofloxacin_vs_control,not_regulated,b4425,b4425,0.0,0.0,1.0,,1.0,-0.0,no_valid_pvalue_set_to_1
fluoroquinolone,ciprofloxacin,ciprofloxacin_vs_control,not_regulated,b4455,b4455,0.0,0.0,1.0,,1.0,-0.0,no_valid_pvalue_set_to_1
fluoroquinolone,ciprofloxacin,ciprofloxacin_vs_control,not_regulated,b4504,b4504,0.0,0.0,1.0,,1.0,-0.0,no_valid_pvalue_set_to_1
fluoroquinolone,ciprofloxacin,ciprofloxacin_vs_control,not_regulated,b4509,b4509,0.0,0.0,1.0,,1.0,-0.0,no_valid_pvalue_set_to_1
fluoroquinolone,ciprofloxacin,ciprofloxacin_vs_control,not_regulated,b4510,b4510,0.0,0.0,1.0,,1.0,-0.0,no_valid_pvalue_set_to_1
fluoroquinolone,ciprofloxacin,ciprofloxacin_vs_control,not_regulated,b4513,b4513,0.0,0.0,1.0,,1.0,-0.0,no_valid_pvalue_set_to_1
fluoroquinolone,ciprofloxacin,ciprofloxacin_vs_control,not_regulated,b4515,b4515,0.0,0.0,1.0,,1.0,-0.0,no_valid_pvalue_set_to_1
fluoroquinolone,ciprofloxacin,ciprofloxacin_vs_control,not_regulated,b4516,b4516,0.0,0.0,1.0,,1.0,-0.0,no_valid_pvalue_set_to_1
fluoroquinolone,ciprofloxacin,ciprofloxacin_vs_control,not_regulated,b4528,b4528,0.0,0.0,1.0,,1.0,-0.0,no_valid_pvalue_set_to_1
fluoroquinolone,ciprofloxacin,ciprofloxacin_vs_control,not_regulated,b4545,b4545,0.0,0.0,1.0,,1.0,-0.0,no_valid_pvalue_set_to_1
fluoroquinolone,ciprofloxacin,ciprofloxacin_vs_control,not_regulated,b4548,b4548,0.0,0.0,1.0,,1.0,-0.0,no_valid_pvalue_set_to_1
fluoroquinolone,ciprofloxacin,ciprofloxacin_vs_control,not_regulated,b4577,b4577,0.0,0.0,1.0,,1.0,-0.0,no_valid_pvalue_set_to_1
fluoroquinolone,ciprofloxacin,ciprofloxacin_vs_control,not_regulated,b4609,b4609,0.0,0.0,1.0,,1.0,-0.0,no_valid_pvalue_set_to_1
fluoroquinolone,ciprofloxacin,ciprofloxacin_vs_control,not_regulated,b4627,b4627,0.0,0.0,1.0,,1.0,-0.0,no_valid_pvalue_set_to_1
fluoroquinolone,ciprofloxacin,ciprofloxacin_vs_control,not_regulated,b4628,b4628,0.0,0.0,1.0,,1.0,-0.0,no_valid_pvalue_set_to_1
fluoroquinolone,ciprofloxacin,ciprofloxacin_vs_control,not_regulated,b4633,b4633,0.0,0.0,1.0,,1.0,-0.0,no_valid_pvalue_set_to_1
fluoroquinolone,ciprofloxacin,ciprofloxacin_vs_control,not_regulated,b4647,b4647,0.0,0.0,1.0,,1.0,-0.0,no_valid_pvalue_set_to_1
fluoroquinolone,ciprofloxacin,ciprofloxacin_vs_control,not_regulated,b4662,b4662,0.0,0.0,1.0,,1.0,-0.0,no_valid_pvalue_set_to_1
fluoroquinolone,ciprofloxacin,ciprofloxacin_vs_control,not_regulated,b4669,b4669,0.0,0.0,1.0,,1.0,-0.0,no_valid_pvalue_set_to_1
fluoroquinolone,ciprofloxacin,ciprofloxacin_vs_control,not_regulated,b4673,b4673,0.0,0.0,1.0,,1.0,-0.0,no_valid_pvalue_set_to_1
fluoroquinolone,ciprofloxacin,ciprofloxacin_vs_control,not_regulated,b4676,b4676,0.0,0.0,1.0,,1.0,-0.0,no_valid_pvalue_set_to_1
fluoroquinolone,ciprofloxacin,ciprofloxacin_vs_control,not_regulated,b4683,b4683,0.0,0.0,1.0,,1.0,-0.0,no_valid_pvalue_set_to_1
fluoroquinolone,ciprofloxacin,ciprofloxacin_vs_control,not_regulated,b4689,b4689,0.0,0.0,1.0,,1.0,-0.0,no_valid_pvalue_set_to_1
fluoroquinolone,ciprofloxacin,ciprofloxacin_vs_control,not_regulated,b4695,b4695,0.0,0.0,1.0,,1.0,-0.0,no_valid_pvalue_set_to_1
fluoroquinolone,ciprofloxacin,ciprofloxacin_vs_control,not_regulated,b4697,b4697,0.0,0.0,1.0,,1.0,-0.0,no_valid_pvalue_set_to_1
fluoroquinolone,ciprofloxacin,ciprofloxacin_vs_control,not_regulated,b4706,b4706,0.0,0.0,1.0,,1.0,-0.0,no_valid_pvalue_set_to_1
fluoroquinolone,ciprofloxacin,ciprofloxacin_vs_control,not_regulated,b4707,b4707,0.0,0.0,1.0,,1.0,-0.0,no_valid_pvalue_set_to_1
fluoroquinolone,ciprofloxacin,ciprofloxacin_vs_control,not_regulated,b3796,b3796,9.79790554349066,-0.00015153253662480992,0.9998949711653897,0.9998059004142656,1.0,-0.0,BH_from_pvalue
fluoroquinolone,ciprofloxacin,ciprofloxacin_vs_control,not_regulated,b2405,b2405,136.33535480869395,-0.0003678261542994221,0.9997450748371538,0.9983340860586049,1.0,-0.0,BH_from_pvalue
fluoroquinolone,ciprofloxacin,ciprofloxacin_vs_control,not_regulated,b1186,b1186,601.9176339228702,-0.0010305258192779831,0.9992859489897183,0.9870480456669548,1.0,-0.0,BH_from_pvalue
fluoroquinolone,ciprofloxacin,ciprofloxacin_vs_control,not_regulated,b3825,b3825,706.329246337392,-0.0010780550204962935,0.9992530283244029,0.9912174066113851,1.0,-0.0,BH_from_pvalue
fluoroquinolone,ciprofloxacin,ciprofloxacin_vs_control,not_regulated,b0777,b0777,17.553388537847287,-0.0063948745235995474,0.9955772201785756,0.9867725730479885,1.0,-0.0,BH_from_pvalue
fluoroquinolone,ciprofloxacin,ciprofloxacin_vs_control,not_regulated,b1083,b1083,126.32018460487028,-0.009004338635558717,0.9937781047162426,0.9799003314430363,1.0,-0.0,BH_from_pvalue
fluoroquinolone,ciprofloxacin,ciprofloxacin_vs_control,not_regulated,b0614,b0614,2.732774856461946,-0.010159511988159231,0.9929826999522838,0.99297174337479,1.0,-0.0,BH_from_pvalue
fluoroquinolone,ciprofloxacin,ciprofloxacin_vs_control,not_regulated,b0717,b0717,5.559398438861489,-0.023742486221248083,0.9836776398478189,0.9783302641087852,1.0,-0.0,BH_from_pvalue
