gene_id,gene,CIP_1,CIP_2,CIP_3,Wu_2,Wu_3,Wu_4
b0001,b0001,80,74,63,36,40,24
b0002,b0002,674,655,625,1831,2936,2561
b0003,b0003,622,662,456,1356,1550,1425
b0004,b0004,1153,1099,794,1643,1875,1723
b0005,b0005,190,255,216,104,60,116
b0006,b0006,303,337,318,195,165,169
b0007,b0007,312,438,274,187,193,196
b0008,b0008,10540,11162,8208,10501,10198,11164
b0009,b0009,882,864,764,661,578,609
b0010,b0010,296,348,413,130,170,105
b0011,b0011,38,39,26,20,21,15
b0013,b0013,9,8,6,1,1,0
b0014,b0014,8776,11344,9538,22675,30288,27300
b0015,b0015,1539,1813,1486,2279,3198,2324
b0016,b0016,3,4,3,1,1,4
b0018,b0018,2,6,0,3,6,0
b0019,b0019,2712,3093,2604,5745,7344,6671
b0020,b0020,629,693,594,748,959,683
b0021,b0021,7,5,7,4,2,2
b0022,b0022,10,9,23,4,1,1
b0023,b0023,6349,6014,7108,1223,1474,946
b0024,b0024,13,37,33,51,80,41
b0025,b0025,1893,1767,1651,1020,1093,899
b0026,b0026,6755,6302,5830,5158,5745,4987
b0027,b0027,1149,1182,1084,787,699,694
b0028,b0028,526,551,452,481,490,404
b0029,b0029,1085,1012,914,749,897,715
b0030,b0030,589,612,389,237,199,312
b0031,b0031,522,589,340,497,512,482
b0032,b0032,1845,1579,1379,143,173,103
b0033,b0033,5315,4512,3615,1815,2020,1666
b0034,b0034,155,184,116,34,58,61
b0035,b0035,20,38,23,17,18,10
b0036,b0036,17,20,26,4,6,2
b0037,b0037,73,90,69,24,45,34
b0038,b0038,79,104,105,46,49,33
b0039,b0039,212,259,223,132,166,143
b0040,b0040,26,27,26,9,7,4
b0041,b0041,38,18,16,2,7,4
b0042,b0042,24,19,24,7,6,11
b0043,b0043,22,31,15,8,11,7
b0044,b0044,0,1,2,1,0,0
b0045,b0045,18,17,22,6,7,9
b0046,b0046,91,126,75,43,43,31
b0047,b0047,540,608,347,323,469,340
b0048,b0048,1019,980,759,574,577,488
b0049,b0049,774,820,564,544,726,495
b0050,b0050,212,219,193,194,262,184
b0051,b0051,1450,1552,1159,878,1068,763
b0052,b0052,1231,1123,939,557,741,486
b0053,b0053,4607,4976,3636,3465,4759,3493
b0054,b0054,6641,6962,5074,4724,6211,4572
b0055,b0055,634,608,499,429,507,360
b0058,b0058,610,582,568,261,454,341
b0059,b0059,2587,2323,2296,826,1248,889
b0060,b0060,3661,3736,2681,793,954,765
b0061,b0061,179,434,212,28,39,32
b0062,b0062,711,1564,759,172,201,272
b0063,b0063,522,1233,595,90,114,124
b0064,b0064,855,1023,584,687,691,843
b0065,b0065,808,777,793,369,630,449
b0066,b0066,260,215,195,98,122,80
b0067,b0067,404,337,324,123,143,109
b0068,b0068,749,653,598,197,228,165
b0069,b0069,252,340,254,318,279,318
b0070,b0070,351,379,315,124,162,107
b0071,b0071,91,87,47,102,168,121
b0072,b0072,146,157,122,178,237,180
b0073,b0073,94,115,82,116,127,145
b0074,b0074,91,88,121,160,119,173
b0075,b0075,6,2,5,0,2,0
b0076,b0076,59,60,71,27,45,22
b0077,b0077,109,152,126,121,127,99
b0078,b0078,27,30,39,28,46,43
b0080,b0080,2471,2566,1689,2458,2431,2268
b0081,b0081,1005,1090,994,949,951,752
b0082,b0082,1222,1309,1036,1354,1457,1169
b0083,b0083,236,228,186,208,269,203
b0084,b0084,1638,1852,1344,1003,1125,879
b0085,b0085,1662,1688,1192,1578,1946,1692
b0086,b0086,1520,1651,1211,1454,1702,1473
b0087,b0087,1148,1258,837,1319,1608,1341
b0088,b0088,1673,1723,1302,1679,1996,1625
b0089,b0089,1227,1326,912,1068,1290,1020
b0090,b0090,1607,1661,1213,1255,1611,1261
b0091,b0091,2440,2567,1775,2174,2597,2050
b0092,b0092,1537,1739,1260,1404,1629,1454
b0093,b0093,1369,1514,1087,1131,1259,1154
b0094,b0094,2562,2681,1981,2009,2344,1933
b0095,b0095,6538,7258,4834,6400,7208,6556
b0096,b0096,21831,25679,22425,23516,26737,25764
b0097,b0097,1437,1570,1282,998,1019,986
b0098,b0098,8411,8272,6582,5370,6449,5557
b0099,b0099,227,209,226,122,130,116
b0101,b0101,152,148,105,92,119,80
b0102,b0102,435,442,355,249,303,233
b0103,b0103,407,420,313,227,256,207
b0104,b0104,1403,1413,1486,321,275,295
b0106,b0106,94,94,87,21,36,32
b0107,b0107,154,168,137,108,82,102
b0108,b0108,7,11,12,3,4,1
b0109,b0109,703,711,535,770,734,622
b0110,b0110,240,278,170,313,336,291
b0111,b0111,457,542,340,600,623,553
b0112,b0112,445,439,469,544,650,554
b0113,b0113,635,515,1755,631,682,516
b0114,b0114,6412,5682,12462,12458,13220,13099
b0115,b0115,5843,5808,9628,13549,13231,14107
b0116,b0116,7562,7377,8128,7878,8475,8111
b0117,b0117,56,66,47,31,45,49
b0118,b0118,24591,23203,16587,15650,17082,17248
b0119,b0119,721,857,575,1292,1413,1347
b0120,b0120,546,531,506,389,423,462
b0121,b0121,788,709,736,473,514,539
b0122,b0122,362,318,287,228,184,168
b0123,b0123,812,868,610,437,573,392
b0124,b0124,1137,1235,3180,792,1582,934
b0125,b0125,1133,1167,1066,750,711,643
b0126,b0126,1157,986,985,488,445,401
b0127,b0127,1038,1281,1110,433,468,367
b0128,b0128,683,778,631,399,489,379
b0129,b0129,292,346,205,383,273,265
b0130,b0130,377,442,354,114,160,118
b0131,b0131,1375,1382,1223,1139,1058,967
b0132,b0132,151,150,125,110,88,80
b0133,b0133,1080,1112,964,1294,1224,1254
b0134,b0134,1081,1113,987,1021,966,949
b0135,b0135,39,47,58,1,5,6
b0136,b0136,6,13,9,2,4,4
b0137,b0137,13,14,8,2,1,1
b0138,b0138,14,11,18,1,0,2
b0139,b0139,32,57,52,2,3,4
b0140,b0140,4,6,4,0,0,0
b0141,b0141,9,11,29,0,1,0
b0142,b0142,70,67,58,14,20,4
b0143,b0143,3189,2819,2763,575,661,423
b0144,b0144,477,388,310,94,97,61
b0145,b0145,6126,7156,4742,3518,3940,3828
b0146,b0146,2114,2670,1710,2104,2294,2052
b0147,b0147,85,70,75,40,35,41
b0148,b0148,1318,1298,1263,1069,1024,898
b0149,b0149,3194,3145,2976,1609,1852,1567
b0150,b0150,1796,1290,1885,1211,1106,1037
b0151,b0151,214,199,233,320,268,211
b0152,b0152,141,103,148,165,146,85
b0153,b0153,423,353,423,380,320,228
b0154,b0154,2251,2274,1734,1999,2162,2002
b0155,b0155,1106,1355,902,864,1101,756
b0156,b0156,1253,1484,1813,985,1568,1637
b0157,b0157,202,166,188,105,81,58
b0158,b0158,176,164,141,188,145,138
b0159,b0159,1034,1093,955,1117,1161,1172
b0160,b0160,392,413,347,225,282,192
b0161,b0161,2072,2163,2422,590,1001,694
b0162,b0162,1125,1443,747,145,143,118
b0163,b0163,1390,1830,1110,1659,1711,1797
b0164,b0164,68,84,59,31,31,22
b0166,b0166,1802,1762,1388,2005,2462,2375
b0167,b0167,823,838,802,739,762,740
b0168,b0168,2149,2309,2279,1532,1500,1486
b0169,b0169,29922,29526,31214,7570,8057,7444
b0170,b0170,6492,6236,7054,3784,4224,3988
b0171,b0171,999,910,1013,1112,1145,992
b0172,b0172,5949,6302,5142,3377,3688,3235
b0173,b0173,974,1122,778,1294,1154,1085
b0174,b0174,2971,2835,2576,1693,1492,1104
b0175,b0175,1809,1710,1529,868,944,694
b0176,b0176,4304,3962,3486,1707,2078,1596
b0177,b0177,12429,11375,9304,6317,7600,6608
b0178,b0178,4516,4753,3372,3271,3424,3301
b0179,b0179,4311,4166,3209,3076,3611,2947
b0180,b0180,1452,1337,1075,1058,1183,937
b0181,b0181,2633,2570,2186,1685,1728,1483
b0182,b0182,1125,1030,973,655,741,556
b0183,b0183,440,348,345,186,181,164
b0184,b0184,4230,3583,3422,1542,1976,1457
b0185,b0185,2489,2507,2044,1143,1271,1070
b0186,b0186,964,1298,831,918,1357,1141
b0187,b0187,183,282,208,193,239,207
b0188,b0188,672,675,577,363,492,376
b0189,b0189,260,369,227,198,225,226
b0190,b0190,299,258,254,178,145,160
b0191,b0191,103,124,90,55,78,70
b0192,b0192,676,682,598,617,739,559
b0193,b0193,136,108,113,56,53,50
b0194,b0194,4102,3878,3275,3509,3814,3557
b0195,b0195,213,181,162,98,94,60
b0196,b0196,280,271,229,145,142,113
b0197,b0197,738,866,600,1319,938,1173
b0198,b0198,125,162,202,436,317,444
b0199,b0199,109,140,220,1124,795,1308
b0200,b0200,12,8,9,16,11,9
b0201,b0201,0,1,0,0,0,0
b0202,b0202,0,0,0,0,0,0
b0203,b0203,0,0,0,0,0,0
b0204,b0204,1,1,0,1,0,0
b0205,b0205,0,0,0,0,0,0
b0206,b0206,0,1,0,0,0,0
b0207,b0207,46,65,59,68,74,112
b0208,b0208,122,134,114,227,340,307
b0209,b0209,504,615,507,1301,1518,1309
b0210,b0210,170,157,144,124,155,106
b0211,b0211,3231,2981,3443,3107,3533,2427
b0212,b0212,318,322,267,184,232,195
b0213,b0213,236,240,211,231,238,264
b0214,b0214,325,347,306,345,363,280
b0215,b0215,577,661,517,462,565,522
b0216,b0216,29,9,49,8,5,6
b0217,b0217,84,98,222,5,10,3
b0218,b0218,1,5,3,0,0,0
b0219,b0219,403,495,329,607,649,596
b0220,b0220,2319,2940,1607,1307,1703,1559
b0221,b0221,4116,4692,2692,1937,2974,2121
b0222,b0222,1057,1094,921,1174,1058,1044
b0223,b0223,429,405,349,338,325,351
b0224,b0224,2050,1826,1556,1398,1375,1017
b0225,b0225,127,131,147,98,118,70
b0226,b0226,216,243,222,337,426,418
b0227,b0227,72,72,50,44,61,51
b0228,b0228,135,150,85,166,127,162
b0229,b0229,72,117,88,43,35,50
b0230,b0230,60,52,37,26,29,18
b0231,b0231,2079,2104,1590,381,446,362
b0232,b0232,85,97,67,41,63,51
b0233,b0233,62,44,39,11,24,21
b0234,b0234,87,87,91,6,8,5
b0235,b0235,13,5,11,1,0,0
b0236,b0236,31,31,48,2,4,0
b0237,b0237,3141,3566,2447,3936,3670,3936
b0238,b0238,883,877,828,274,208,151
b0239,b0239,822,789,673,1428,1292,1436
b0240,b0240,1421,1388,1144,1294,1474,1082
b0241,b0241,11,16,23,3,4,3
b0242,b0242,1015,1159,938,608,684,583
b0243,b0243,1129,1145,930,908,1055,938
b0244,b0244,249,229,302,4,5,1
b0245,b0245,0,5,5,0,0,0
b0246,b0246,0,1,1,0,0,0
b0247,b0247,2,1,1,0,2,1
b0248,b0248,0,2,5,0,1,3
b0249,b0249,3,2,3,1,2,0
b0250,b0250,173,227,159,278,330,292
b0251,b0251,9,5,1,4,0,0
b0252,b0252,19,15,13,3,5,4
b0253,b0253,340,334,274,148,167,138
b0254,b0254,47,55,41,18,29,29
b0256,b0256,0,0,0,0,0,0
b0258,b0258,271,308,204,112,174,151
b0259,b0259,0,0,1,1,1,4
b0260,b0260,91,129,100,291,214,247
b0261,b0261,395,480,322,1071,801,791
b0262,b0262,110,74,133,21,23,29
b0263,b0263,22,12,25,4,2,7
b0264,b0264,0,0,0,0,0,0
b0265,b0265,0,0,0,1,0,1
b0266,b0266,36,40,21,48,58,47
b0267,b0267,18,29,18,18,33,27
b0268,b0268,233,246,167,197,186,221
b0269,b0269,747,854,561,458,519,436
b0270,b0270,71,78,49,63,110,72
b0271,b0271,183,210,103,218,289,234
b0272,b0272,311,342,395,85,54,65
b0273,b0273,111,111,129,122,109,99
b0274,b0274,1,1,0,1,0,1
b0275,b0275,0,1,0,0,0,0
b0276,b0276,192,227,211,105,173,130
b0277,b0277,79,72,94,25,18,13
b0278,b0278,34,37,16,4,2,3
b0279,b0279,17,23,5,7,4,3
b0280,b0280,115,127,124,168,126,131
b0281,b0281,147,165,169,96,126,89
b0283,b0283,81,92,38,146,213,160
b0284,b0284,190,247,148,355,609,434
b0285,b0285,65,60,63,71,127,69
b0286,b0286,65,86,53,63,123,67
b0287,b0287,66,102,73,97,88,111
b0288,b0288,37,31,34,10,10,10
b0289,b0289,94,89,65,52,55,68
b0290,b0290,100,100,107,75,65,62
b0291,b0291,71,91,64,34,51,38
b0292,b0292,9,5,7,0,1,3
b0293,b0293,32,49,31,11,15,23
b0294,b0294,8,6,6,0,0,0
b0295,b0295,35,35,25,6,10,5
b0296,b0296,3,3,4,3,5,2
b0297,b0297,6,3,10,1,0,0
b0298,b0298,0,0,0,0,0,0
b0299,b0299,4,4,6,1,2,0
b0300,b0300,64,72,42,28,44,26
b0301,b0301,36,32,33,1,4,1
b0303,b0303,5,3,4,1,1,0
b0304,b0304,190,307,160,63,112,83
b0305,b0305,67,67,42,4,6,5
b0306,b0306,65,88,57,40,32,24
b0307,b0307,217,233,115,100,84,84
b0308,b0308,118,106,82,37,48,20
b0310,b0310,17,16,27,1,5,3
b0311,b0311,200,191,254,265,461,221
b0312,b0312,349,332,496,459,744,465
b0313,b0313,216,180,280,221,337,202
b0314,b0314,482,430,580,545,983,581
b0315,b0315,258,260,462,17,20,18
b0316,b0316,181,192,138,88,85,54
b0317,b0317,11,25,15,1,0,0
b0318,b0318,34,35,22,17,18,16
b0319,b0319,6,13,13,3,2,3
b0320,b0320,31,54,46,18,19,15
b0321,b0321,32,36,41,20,21,15
b0323,b0323,12,15,10,4,11,15
b0324,b0324,191,241,145,221,248,224
b0325,b0325,943,1260,611,528,968,648
b0326,b0326,11,18,23,2,2,1
b0327,b0327,74,81,97,3,1,1
b0328,b0328,161,188,103,73,68,88
b0329,b0329,3303,5141,2420,1927,3968,2587
b0330,b0330,290,247,139,77,148,63
b0331,b0331,60,54,56,119,6107,101
b0333,b0333,27,47,37,52,8574,65
b0334,b0334,44,45,28,88,21235,82
b0335,b0335,93,103,65,167,32955,182
b0336,b0336,384,301,393,57,82,55
b0337,b0337,536,460,437,464,437,441
b0338,b0338,46,41,45,42,57,29
b0339,b0339,19,13,15,137,219,99
b0340,b0340,14,7,11,74,115,81
b0341,b0341,44,47,39,152,193,120
b0342,b0342,18,27,21,7,9,3
b0343,b0343,29,34,32,14,12,10
b0344,b0344,116,145,80,67,56,86
b0345,b0345,638,686,488,239,260,211
b0346,b0346,846,818,462,358,414,252
b0347,b0347,53,61,32,16,31,17
b0348,b0348,12,27,9,9,9,26
b0349,b0349,21,11,12,15,38,18
b0350,b0350,30,8,23,21,28,14
b0351,b0351,23,24,19,31,27,24
b0352,b0352,27,41,33,49,68,51
b0353,b0353,59,67,49,97,105,92
b0354,b0354,297,278,222,220,272,228
b0355,b0355,157,181,279,66,84,71
b0356,b0356,473,642,868,355,467,455
b0357,b0357,71,80,117,44,52,53
b0358,b0358,54,69,51,23,43,18
b0360,b0360,0,0,0,0,0,0
b0361,b0361,1,0,5,1,0,0
b0363,b0363,27,31,29,3,7,7
b0364,b0364,4,9,9,0,0,1
b0365,b0365,8,14,20,13,4,7
b0366,b0366,9,17,20,13,6,7
b0367,b0367,8,13,14,9,10,9
b0368,b0368,34,53,42,34,34,30
b0369,b0369,1936,2275,2238,1001,1176,1047
b0372,b0372,17,18,29,1,2,3
b0373,b0373,6,10,6,3,3,0
b0375,b0375,6,12,9,1,2,1
b0376,b0376,912,935,606,345,337,237
b0377,b0377,435,415,312,253,320,212
b0378,b0378,488,474,444,317,344,303
b0379,b0379,804,902,620,1467,482,1134
b0380,b0380,540,540,333,544,440,410
b0381,b0381,934,969,809,750,754,608
b0382,b0382,747,807,471,556,498,439
b0383,b0383,844,915,597,249,231,203
b0384,b0384,657,877,461,629,833,783
b0385,b0385,95,95,81,26,51,29
b0386,b0386,896,977,628,617,650,556
b0387,b0387,443,514,362,686,710,744
b0388,b0388,474,443,473,748,808,816
b0389,b0389,480,653,414,456,540,548
b0390,b0390,717,809,545,448,564,342
b0391,b0391,774,840,641,888,959,1114
b0392,b0392,95,149,130,44,46,33
b0393,b0393,540,542,507,286,269,201
b0394,b0394,461,536,312,258,309,253
b0396,b0396,229,282,197,167,255,147
b0397,b0397,388,422,305,392,463,368
b0398,b0398,200,145,143,72,74,77
b0399,b0399,194,215,269,136,149,134
b0400,b0400,145,233,242,142,178,137
b0401,b0401,1037,1274,1026,2330,3300,2320
b0402,b0402,947,969,886,490,638,464
b0403,b0403,347,361,332,279,281,265
b0404,b0404,251,271,171,199,264,177
b0405,b0405,720,629,659,230,220,162
b0406,b0406,1899,1748,1802,774,834,629
b0407,b0407,873,827,726,498,569,471
b0408,b0408,3602,3433,3167,1898,2009,1399
b0409,b0409,2475,2368,1977,1739,2111,1739
b0410,b0410,320,311,280,230,211,267
b0411,b0411,2560,2643,2055,737,690,713
b0412,b0412,264,313,271,422,253,371
b0413,b0413,553,529,458,958,942,941
b0414,b0414,1118,1167,1053,2007,1872,1964
b0415,b0415,953,840,803,914,870,888
b0416,b0416,827,881,830,742,698,742
b0417,b0417,295,282,273,386,355,355
b0418,b0418,470,583,504,1146,1205,1154
b0419,b0419,1940,2612,1488,3739,4077,3923
b0420,b0420,1691,1652,1245,1209,1100,927
b0421,b0421,1107,1103,838,1109,831,846
b0422,b0422,495,457,379,422,355,290
b0423,b0423,1201,1141,1204,584,491,416
b0424,b0424,255,310,204,343,394,329
b0425,b0425,305,358,277,608,696,717
b0426,b0426,1319,1520,1126,1336,1982,1628
b0427,b0427,590,583,443,167,177,157
b0428,b0428,8538,8030,6153,5454,5629,5511
b0429,b0429,979,964,731,581,675,626
b0430,b0430,2273,2071,1691,1208,1260,1167
b0431,b0431,14198,11931,10141,5571,5190,4238
b0432,b0432,8617,6962,6150,2926,2373,1637
b0433,b0433,792,710,773,316,321,209
b0434,b0434,977,910,811,418,261,227
b0435,b0435,4408,6844,3651,6354,9483,7121
b0436,b0436,11799,10768,10625,4477,4384,3477
b0437,b0437,3635,4084,3013,4620,5795,5109
b0438,b0438,8192,9674,6683,9604,13460,10269
b0439,b0439,4670,4743,3976,4607,6131,4804
b0440,b0440,6943,7740,4734,5085,4939,5729
b0441,b0441,3816,3329,2917,2854,2891,2320
b0442,b0442,109,123,86,134,119,74
b0443,b0443,340,483,264,138,193,143
b0444,b0444,333,382,251,306,297,254
b0445,b0445,238,312,184,351,290,347
b0446,b0446,271,279,239,433,447,475
b0447,b0447,161,281,302,330,447,439
b0448,b0448,401,452,516,476,596,406
b0449,b0449,405,438,494,384,542,329
b0450,b0450,2,15,16,8,9,5
b0451,b0451,156,149,144,150,134,115
b0452,b0452,661,662,535,445,506,399
b0453,b0453,1896,2029,1294,1675,2340,1971
b0454,b0454,226,235,170,624,605,624
b0455,b0455,4,6,6,0,2,0
b0456,b0456,50,54,78,33,55,51
b0457,b0457,809,985,751,575,614,561
b0458,b0458,648,646,910,421,547,282
b0459,b0459,460,499,577,94,101,83
b0460,b0460,443,433,425,159,266,175
b0461,b0461,728,763,733,263,520,460
b0462,b0462,5898,6082,5573,3113,4024,3073
b0463,b0463,1909,2055,1821,638,735,539
b0464,b0464,98,98,93,111,97,93
b0465,b0465,2710,2612,2484,1343,1510,1040
b0466,b0466,75,98,67,79,73,70
b0467,b0467,174,208,164,178,171,162
b0468,b0468,97,96,130,241,228,188
b0469,b0469,909,885,1005,252,227,173
b0470,b0470,2091,1797,1960,1854,1928,1339
b0471,b0471,564,523,363,450,527,428
b0472,b0472,728,768,676,634,715,654
b0473,b0473,2154,2356,1989,3650,4811,4102
b0474,b0474,2692,2477,2105,1167,1224,873
b0475,b0475,561,701,629,412,497,500
b0476,b0476,135,183,123,128,93,129
b0477,b0477,938,918,717,573,504,354
b0478,b0478,1209,1441,1343,1553,2012,1622
b0479,b0479,216,252,190,285,237,204
b0480,b0480,1059,1324,789,1200,1253,1156
b0481,b0481,140,181,111,112,116,95
b0482,b0482,222,235,173,255,250,275
b0483,b0483,180,246,199,427,316,436
b0484,b0484,1475,1795,1696,4306,5489,4294
b0485,b0485,195,342,151,1487,2006,1681
b0486,b0486,445,647,379,6457,9040,7129
b0487,b0487,482,553,372,1522,1947,1572
b0488,b0488,251,369,240,706,892,734
b0489,b0489,476,556,418,1361,1702,1691
b0490,b0490,59,84,63,116,152,139
b0491,b0491,95,107,67,105,147,122
b0492,b0492,781,926,734,1304,1430,1326
b0493,b0493,263,288,225,270,309,278
b0494,b0494,119,122,104,193,177,169
b0495,b0495,353,370,311,280,381,305
b0496,b0496,493,474,421,416,649,405
b0497,b0497,149,210,165,88,144,108
b0498,b0498,3,9,5,3,0,1
b0499,b0499,4,7,4,0,0,0
b0501,b0501,9,13,11,0,2,0
b0502,b0502,43,45,33,32,60,44
b0503,b0503,255,246,234,166,167,117
b0504,b0504,27,23,15,7,9,7
b0505,b0505,30,43,34,25,18,15
b0506,b0506,1158,1454,937,2543,3250,3002
b0507,b0507,76,91,41,91,89,51
b0508,b0508,11,14,9,4,22,7
b0509,b0509,16,26,23,10,16,8
b0511,b0511,13,21,13,2,4,0
b0512,b0512,32,65,31,14,19,23
b0513,b0513,74,87,45,43,40,32
b0514,b0514,139,126,77,30,57,37
b0515,b0515,48,63,62,29,29,32
b0516,b0516,49,50,37,18,21,28
b0517,b0517,8,17,13,11,8,11
b0518,b0518,15,28,30,11,10,8
b0520,b0520,26,33,16,12,20,12
b0521,b0521,30,37,28,29,24,32
b0522,b0522,384,336,367,269,291,262
b0523,b0523,200,194,184,73,83,58
b0524,b0524,221,164,165,112,129,110
b0525,b0525,1089,1182,779,1156,1254,1112
b0526,b0526,1119,1057,921,583,503,418
b0527,b0527,65,91,99,22,21,14
b0528,b0528,34,41,30,46,71,45
b0529,b0529,1003,1044,835,1148,1178,1088
b0530,b0530,22,38,18,5,15,14
b0531,b0531,6,2,4,0,0,0
b0532,b0532,48,69,97,6,11,9
b0533,b0533,8,5,24,0,1,0
b0534,b0534,3,6,3,3,5,1
b0535,b0535,13,13,9,3,1,3
b0536,b0536,129,111,126,6,5,1
b0537,b0537,358,402,302,182,178,162
b0539,b0539,2,6,2,2,2,1
b0540,b0540,0,0,0,0,0,0
b0541,b0541,0,0,0,0,0,0
b0542,b0542,10,6,11,6,1,3
b0543,b0543,92,63,82,26,28,36
b0544,b0544,12,22,27,3,4,2
b0545,b0545,21,35,38,114,139,106
b0546,b0546,154,182,161,98,145,140
b0547,b0547,3,3,3,0,1,0
b0548,b0548,0,0,0,0,0,0
b0549,b0549,0,0,2,0,1,0
b0550,b0550,2,3,4,0,0,0
b0551,b0551,10,15,14,3,0,9
b0552,b0552,0,0,0,0,0,0
b0553,b0553,696,758,412,871,1139,1214
b0554,b0554,4,9,6,3,0,0
b0555,b0555,8,11,8,7,1,2
b0556,b0556,0,1,0,0,0,0
b0557,b0557,80,102,105,5,16,2
b0558,b0558,7,5,2,0,0,0
b0559,b0559,10,16,18,3,8,3
b0560,b0560,0,0,0,0,0,0
b0561,b0561,0,0,0,1,2,1
b0562,b0562,30,53,57,13,4,8
b0563,b0563,8,4,5,6,6,5
b0564,b0564,483,798,452,43,35,38
b0565,b0565,398,365,303,118,156,127
b0566,b0566,21,10,12,9,13,22
b0567,b0567,50,85,54,77,73,62
b0568,b0568,366,451,297,403,462,445
b0569,b0569,280,260,275,167,217,163
b0570,b0570,192,206,167,121,123,69
b0571,b0571,273,269,221,155,163,109
b0572,b0572,12,5,10,5,6,1
b0573,b0573,1,4,2,2,1,3
b0574,b0574,16,29,28,9,3,6
b0575,b0575,135,152,128,66,65,62
b0576,b0576,489,489,483,158,148,149
b0577,b0577,447,541,561,267,279,255
b0578,b0578,1683,2388,2488,453,444,433
b0579,b0579,78,74,54,113,114,128
b0580,b0580,86,99,86,75,126,108
b0581,b0581,929,1371,787,1670,2154,1854
b0582,b0582,0,0,0,0,0,0
b0583,b0583,33,31,97,3,22,8
b0584,b0584,166,173,498,202,161,110
b0585,b0585,34,28,126,66,34,34
b0586,b0586,240,210,378,650,413,314
b0587,b0587,5,10,12,1,0,0
b0588,b0588,69,62,106,44,38,37
b0589,b0589,73,57,151,58,35,42
b0590,b0590,129,116,250,110,88,92
b0591,b0591,184,117,488,157,101,96
b0592,b0592,103,89,134,128,83,91
b0593,b0593,143,69,329,94,67,64
b0594,b0594,107,73,222,176,129,88
b0595,b0595,41,45,99,238,108,143
b0596,b0596,76,62,90,188,122,90
b0597,b0597,47,41,72,115,73,76
b0598,b0598,6230,6406,3510,8430,10578,7938
b0599,b0599,194,212,204,518,375,598
b0600,b0600,72,95,79,1189,599,1251
b0601,b0601,29,27,21,15,17,8
b0602,b0602,17,34,19,5,6,10
b0603,b0603,14,36,40,2,4,4
b0604,b0604,328,387,251,141,165,132
b0605,b0605,7380,8258,6400,24788,26915,28044
b0606,b0606,1852,1946,1658,4470,4815,4676
b0607,b0607,1374,2012,1173,2183,2584,3285
b0608,b0608,442,569,404,341,543,353
b0610,b0610,880,865,622,467,434,378
b0611,b0611,355,418,305,616,704,703
b0612,b0612,30,44,33,14,27,16
b0613,b0613,0,1,0,1,3,0
b0614,b0614,4,1,2,1,0,7
b0615,b0615,7,10,6,4,8,5
b0616,b0616,3,6,3,0,0,0
b0617,b0617,2,0,0,0,0,0
b0618,b0618,1,3,1,0,0,0
b0619,b0619,206,254,244,97,101,83
b0620,b0620,68,89,111,26,21,12
b0621,b0621,1017,1783,923,628,252,429
b0622,b0622,128,279,164,526,623,468
b0623,b0623,11507,11632,7960,15076,21957,17490
b0624,b0624,84,111,82,129,156,144
b0627,b0627,656,754,512,761,1022,848
b0628,b0628,1703,1729,1886,1605,1430,1326
b0629,b0629,27,25,38,1,6,5
b0630,b0630,223,198,210,190,183,142
b0631,b0631,365,433,325,1525,2289,2024
b0632,b0632,1360,1213,1035,618,722,495
b0633,b0633,1232,1225,1034,696,697,621
b0634,b0634,720,609,629,286,310,261
b0635,b0635,1170,1056,1420,313,371,292
b0636,b0636,310,326,414,164,139,104
b0637,b0637,510,549,580,314,271,240
b0638,b0638,148,125,89,34,54,42
b0639,b0639,267,220,218,121,153,114
b0640,b0640,610,574,499,376,405,305
b0641,b0641,876,810,674,745,845,662
b0642,b0642,5376,5353,4474,5198,5750,4909
b0643,b0643,3034,4690,2392,3769,4431,4025
b0644,b0644,28,43,43,19,40,36
b0645,b0645,5,10,13,0,1,0
b0646,b0646,17,20,20,1,1,0
b0647,b0647,7,4,13,0,1,0
b0648,b0648,13,10,23,2,6,0
b0649,b0649,65,66,94,29,35,32
b0650,b0650,130,153,100,27,24,28
b0651,b0651,945,970,571,1043,792,926
b0652,b0652,375,320,268,259,324,265
b0653,b0653,228,188,132,146,232,171
b0654,b0654,312,255,199,196,314,204
b0655,b0655,1851,1666,1177,2411,2849,2412
b0656,b0656,4,1,2,6,4,3
b0657,b0657,1429,1319,1196,1033,1327,813
b0658,b0658,2003,2203,1646,3251,3870,3347
b0659,b0659,462,473,357,902,1161,959
b0660,b0660,1181,1403,984,2227,2784,2450
b0661,b0661,2662,2519,2117,1314,1188,1059
b0662,b0662,512,679,452,1292,1591,1475
b0664,b0664,3,4,6,0,0,0
b0665,b0665,18,17,16,0,2,0
b0666,b0666,0,0,0,0,0,0
b0668,b0668,0,0,0,0,0,0
b0670,b0670,0,0,0,0,0,0
b0672,b0672,0,0,0,0,0,0
b0673,b0673,12,9,13,4,0,3
b0674,b0674,995,1177,1009,619,597,557
b0675,b0675,887,944,749,656,562,446
b0676,b0676,921,1141,842,963,1043,873
b0677,b0677,795,1199,672,458,568,572
b0678,b0678,1020,1796,1048,534,635,701
b0679,b0679,4070,5894,3325,2131,2138,2109
b0680,b0680,1956,1926,1612,1402,1317,1253
b0681,b0681,439,377,242,13,24,22
b0682,b0682,51,54,48,23,38,39
b0683,b0683,1803,1632,1523,1128,1150,1076
b0684,b0684,964,1022,841,798,676,618
b0685,b0685,350,318,359,67,69,31
b0686,b0686,250,247,204,272,307,270
b0687,b0687,900,911,714,740,723,585
b0688,b0688,3756,3798,2834,2818,2664,2422
b0689,b0689,75,67,64,4,7,7
b0691,b0691,14,10,24,0,0,2
b0692,b0692,84,99,71,65,81,69
b0693,b0693,29,38,25,12,20,16
b0694,b0694,80,103,72,136,179,156
b0695,b0695,667,772,580,700,961,745
b0696,b0696,77,89,68,38,58,43
b0697,b0697,82,102,89,103,113,89
b0698,b0698,30,50,43,29,60,28
b0699,b0699,418,918,729,2339,3977,4120
b0700,b0700,29,32,35,37,31,29
b0702,b0702,0,8,1,1,3,1
b0703,b0703,9,8,24,3,1,1
b0704,b0704,3,7,15,5,7,6
b0705,b0705,0,1,1,0,0,0
b0706,b0706,0,0,0,0,1,0
b0707,b0707,306,488,253,304,422,229
b0708,b0708,786,1099,666,663,1086,589
b0709,b0709,87,98,97,38,63,31
b0710,b0710,422,417,301,883,1106,1021
b0711,b0711,342,401,234,1105,1281,1111
b0712,b0712,584,570,374,1518,1742,1523
b0713,b0713,302,365,229,708,812,635
b0714,b0714,204,232,190,168,218,131
b0715,b0715,109,136,93,56,57,81
b0716,b0716,18,5,24,2,1,1
b0717,b0717,7,6,4,5,1,9
b0718,b0718,31,32,31,2,4,8
b0719,b0719,33,16,14,3,1,4
b0720,b0720,7352,7663,4986,3996,4587,4142
b0721,b0721,2380,2022,1424,227,326,170
b0722,b0722,258,198,140,43,76,44
b0723,b0723,8149,7566,4868,3174,5065,3306
b0724,b0724,5064,4820,2867,2166,3229,2403
b0726,b0726,16735,15167,9557,11452,14351,11829
b0727,b0727,13760,13677,8621,11396,13351,12042
b0728,b0728,11586,11566,6860,9754,12443,10933
b0729,b0729,7884,8435,4912,7010,9214,7968
b0730,b0730,105,120,101,217,203,214
b0731,b0731,38,35,34,13,11,10
b0732,b0732,262,278,254,157,187,162
b0733,b0733,12764,16538,8998,28228,26901,27084
b0734,b0734,5413,6920,3931,12587,11603,12432
b0735,b0735,363,423,270,657,668,647
b0736,b0736,663,599,594,196,153,148
b0737,b0737,945,902,929,271,298,199
b0738,b0738,358,327,319,149,176,132
b0739,b0739,2736,2524,2656,1020,1228,933
b0740,b0740,4407,4481,3963,2738,3162,2394
b0741,b0741,3925,4031,3465,3736,4039,3706
b0742,b0742,2600,2589,2176,1972,2235,1980
b0743,b0743,903,916,1254,154,167,120
b0744,b0744,166,177,229,10,30,15
b0745,b0745,35,39,60,10,6,10
b0746,b0746,90,71,111,12,21,12
b0747,b0747,13,7,22,1,1,0
b0748,b0748,244,231,411,31,23,29
b0749,b0749,14,4,33,2,1,0
b0750,b0750,470,572,764,185,185,176
b0751,b0751,641,657,680,356,470,328
b0752,b0752,173,241,149,221,348,244
b0753,b0753,1194,1966,1101,2800,4517,3649
b0754,b0754,1941,2057,1452,5720,5783,5570
b0755,b0755,4052,5075,3063,5935,7755,6737
b0756,b0756,1993,2240,1409,1394,1590,1304
b0757,b0757,1195,1317,762,868,745,895
b0758,b0758,893,972,551,739,681,728
b0759,b0759,1237,1418,924,995,807,1050
b0760,b0760,244,220,233,187,204,242
b0761,b0761,303,339,227,324,278,302
b0762,b0762,107,160,133,132,143,168
b0763,b0763,396,451,331,160,108,139
b0764,b0764,252,257,210,159,143,137
b0765,b0765,524,553,401,262,214,212
b0766,b0766,189,209,216,75,90,62
b0767,b0767,1532,1917,1092,1619,2004,1921
b0768,b0768,10,14,15,5,6,8
b0769,b0769,10,14,13,1,4,1
b0770,b0770,12,22,26,4,6,5
b0771,b0771,70,77,93,35,22,24
b0772,b0772,1011,949,832,448,502,373
b0773,b0773,617,840,506,615,861,744
b0774,b0774,39,59,105,87,66,62
b0775,b0775,25,41,73,54,34,47
b0776,b0776,24,21,67,34,36,33
b0777,b0777,15,22,24,13,11,19
b0778,b0778,11,13,22,20,8,15
b0779,b0779,6470,6425,5214,3225,3788,3190
b0780,b0780,332,363,303,280,262,213
b0781,b0781,1790,2456,1515,973,564,608
b0782,b0782,457,669,376,333,247,308
b0783,b0783,295,415,239,227,164,183
b0784,b0784,13,27,15,18,13,18
b0785,b0785,327,390,250,217,188,162
b0786,b0786,980,1323,780,1885,2603,2412
b0787,b0787,54,73,72,11,20,19
b0788,b0788,108,146,84,102,150,98
b0789,b0789,296,379,180,249,426,360
b0790,b0790,275,401,214,229,365,278
b0791,b0791,1244,1506,925,2299,2222,1959
b0792,b0792,103,135,97,117,154,133
b0793,b0793,116,112,89,133,156,138
b0794,b0794,314,400,294,410,418,384
b0795,b0795,243,266,173,157,190,195
b0796,b0796,139,139,139,57,57,44
b0797,b0797,1029,1112,1731,256,241,184
b0798,b0798,123,139,112,147,133,133
b0799,b0799,3463,3150,2576,2107,2129,2009
b0800,b0800,1307,1443,995,1058,961,1019
b0801,b0801,607,573,417,700,844,850
b0802,b0802,288,415,453,146,293,233
b0803,b0803,134,161,103,203,292,203
b0804,b0804,10,20,24,22,20,17
b0805,b0805,79,58,211,42,42,38
b0806,b0806,89,134,60,466,575,539
b0807,b0807,427,415,470,154,208,160
b0808,b0808,295,417,246,419,631,496
b0809,b0809,863,746,506,742,880,610
b0810,b0810,461,396,256,468,545,386
b0811,b0811,2135,2095,1148,2381,2868,2453
b0812,b0812,11798,20908,10600,38114,59123,53657
b0813,b0813,178,180,159,107,102,65
b0814,b0814,10519,13523,11422,12112,16060,13760
b0815,b0815,583,534,629,84,110,78
b0817,b0817,242,257,195,251,232,250
b0818,b0818,378,312,337,191,229,128
b0819,b0819,1729,1868,1925,1282,1196,1293
b0820,b0820,1846,1616,1839,888,984,639
b0821,b0821,593,528,522,143,191,128
b0822,b0822,170,140,210,78,84,47
b0823,b0823,114,157,95,111,122,122
b0824,b0824,19,29,17,11,5,4
b0825,b0825,88,120,70,133,123,129
b0826,b0826,360,375,326,525,389,405
b0827,b0827,770,846,628,1182,972,1010
b0828,b0828,410,486,326,1385,1101,1262
b0829,b0829,447,469,322,1568,1451,1400
b0830,b0830,306,355,230,1162,1238,1020
b0831,b0831,96,130,66,241,343,236
b0832,b0832,78,70,49,109,164,85
b0833,b0833,53,71,61,21,36,18
b0834,b0834,34,33,42,8,8,10
b0835,b0835,518,501,468,318,221,198
b0836,b0836,839,1268,620,8908,11683,12440
b0837,b0837,623,734,381,489,648,488
b0838,b0838,498,577,404,614,565,608
b0839,b0839,1251,1534,942,1217,1715,1342
b0840,b0840,322,299,313,219,269,250
b0841,b0841,340,342,341,58,63,47
b0842,b0842,579,673,703,228,410,242
b0843,b0843,177,232,184,142,293,179
b0844,b0844,870,997,770,877,1870,1072
b0845,b0845,1150,1437,1215,1599,3662,1837
b0846,b0846,672,789,550,872,1493,922
b0847,b0847,1068,1099,1124,653,745,581
b0848,b0848,117,156,129,48,45,47
b0849,b0849,122,127,130,66,96,107
b0850,b0850,121,194,168,75,112,105
b0851,b0851,446,661,558,298,381,391
b0852,b0852,676,819,695,284,347,292
b0853,b0853,628,708,566,265,218,225
b0854,b0854,279,315,187,218,291,241
b0855,b0855,80,77,67,143,178,154
b0856,b0856,29,31,26,53,71,54
b0857,b0857,68,87,78,111,165,103
b0858,b0858,93,108,79,34,41,29
b0859,b0859,373,353,369,114,112,86
b0860,b0860,110,116,76,62,106,55
b0861,b0861,732,899,522,1566,1960,1495
b0862,b0862,465,650,349,1175,1595,1319
b0863,b0863,1114,1607,819,2468,3009,2739
b0864,b0864,662,810,498,1037,1182,874
b0865,b0865,683,1046,522,675,985,845
b0866,b0866,365,518,321,645,809,708
b0867,b0867,685,816,595,1252,1459,1280
b0868,b0868,742,749,662,261,241,215
b0869,b0869,425,497,364,565,693,520
b0870,b0870,874,1139,697,967,1300,1012
b0871,b0871,3878,6604,3542,2862,4392,3748
b0872,b0872,55,142,67,119,55,1460
b0873,b0873,61,316,196,357,18,6606
b0874,b0874,167,128,124,38,31,27
b0875,b0875,363,480,312,136,147,98
b0876,b0876,576,723,463,739,656,724
b0877,b0877,587,651,758,149,171,154
b0878,b0878,308,354,222,371,438,386
b0879,b0879,354,443,332,692,1014,743
b0880,b0880,5820,7286,3739,15805,18409,19281
b0881,b0881,123,177,105,261,247,214
b0882,b0882,7499,9495,5901,16920,20033,18278
b0883,b0883,61,48,67,14,14,9
b0884,b0884,2379,2447,2381,1030,1393,1156
b0885,b0885,257,273,188,231,236,244
b0886,b0886,783,705,494,1487,1327,1255
b0887,b0887,696,704,629,986,1015,906
b0888,b0888,1067,949,1074,470,490,373
b0889,b0889,1361,1382,942,1208,1370,1227
b0890,b0890,8415,8986,7004,5922,7254,5702
b0891,b0891,1439,1596,1143,979,909,1034
b0892,b0892,1402,1475,1202,857,895,722
b0893,b0893,4397,5155,3729,11268,11074,11344
b0894,b0894,1052,1577,844,1842,1225,1974
b0895,b0895,139,200,126,264,173,276
b0896,b0896,275,343,219,498,358,463
b0897,b0897,2143,3830,1816,10471,12007,13528
b0898,b0898,1230,1365,1307,335,365,244
b0899,b0899,510,498,273,115,96,83
b0900,b0900,24,50,30,18,13,12
b0901,b0901,7,16,26,5,6,4
b0902,b0902,834,1020,695,1670,2050,1998
b0903,b0903,13957,16290,10118,37030,39226,42596
b0904,b0904,1024,1248,786,2141,2118,1767
b0905,b0905,1244,1129,1236,694,526,471
b0906,b0906,265,295,183,243,335,252
b0907,b0907,991,1132,835,1820,2110,1657
b0908,b0908,308,343,271,342,389,267
b0909,b0909,37,39,45,16,13,16
b0910,b0910,2631,2847,2917,947,1181,814
b0911,b0911,39806,39581,44124,25385,28792,23323
b0912,b0912,2250,2777,1909,1941,2383,2302
b0913,b0913,203,230,277,358,351,294
b0914,b0914,1847,1792,1684,1479,1477,1115
b0915,b0915,702,638,649,447,450,309
b0916,b0916,202,155,196,87,105,93
b0917,b0917,10,7,8,16,32,33
b0918,b0918,548,621,576,1204,1228,1300
b0919,b0919,838,1508,913,2765,2143,2811
b0920,b0920,145,152,111,85,103,82
b0921,b0921,589,617,481,317,324,276
b0922,b0922,665,722,538,473,504,441
b0923,b0923,309,293,241,305,308,288
b0924,b0924,4731,4540,3516,4789,5682,5002
b0925,b0925,1492,1897,1162,2029,2816,2107
b0926,b0926,1076,1148,782,1748,2042,1542
b0927,b0927,1332,1281,1011,1748,2016,1470
b0928,b0928,2375,2135,1467,2029,1909,1886
b0929,b0929,25825,22323,13663,4287,2647,2651
b0930,b0930,4034,4138,3743,5167,5226,4484
b0931,b0931,1661,1628,1993,1160,1212,853
b0932,b0932,2766,2717,1953,3096,3560,3288
b0933,b0933,52,61,36,43,48,24
b0934,b0934,13,6,7,6,11,2
b0935,b0935,19,12,10,21,27,13
b0936,b0936,3,5,5,13,10,6
b0937,b0937,2,2,4,1,3,1
b0938,b0938,14,15,16,11,26,7
b0939,b0939,6,1,5,1,7,2
b0940,b0940,46,48,34,13,12,11
b0941,b0941,66,59,39,18,26,24
b0942,b0942,9,23,20,3,13,1
b0943,b0943,6,8,10,5,7,6
b0944,b0944,32,28,26,23,43,32
b0945,b0945,407,426,476,89,76,51
b0946,b0946,500,469,542,201,199,141
b0947,b0947,334,351,300,459,409,435
b0948,b0948,1940,1736,1742,597,732,556
b0949,b0949,1805,1579,1473,1077,1303,920
b0950,b0950,524,493,476,378,492,356
b0951,b0951,641,656,598,596,807,644
b0952,b0952,206,222,153,257,311,238
b0953,b0953,2870,4753,2352,82725,124272,109793
b0954,b0954,1921,1865,1830,1719,1790,1542
b0955,b0955,1949,1962,1752,2086,2332,1917
b0956,b0956,205,229,194,267,268,308
b0957,b0957,50536,62372,47400,66123,77651,71855
b0958,b0958,8211,7701,7157,540,575,490
b0959,b0959,266,320,228,194,237,179
b0960,b0960,388,442,420,318,418,277
b0961,b0961,97,120,88,93,98,78
b0962,b0962,618,795,611,1676,1916,1921
b0963,b0963,987,1011,597,1043,875,937
b0964,b0964,125,171,113,96,124,113
b0965,b0965,905,1347,715,1270,1904,1359
b0966,b0966,777,1069,777,2439,3172,2937
b0967,b0967,693,615,675,405,344,295
b0968,b0968,164,192,125,240,347,238
b0969,b0969,211,215,174,146,204,145
b0970,b0970,2781,2834,2330,2500,4083,2969
b0971,b0971,55,36,59,16,24,6
b0972,b0972,32,89,49,367,669,605
b0973,b0973,33,71,28,383,591,589
b0974,b0974,11,23,15,165,244,224
b0975,b0975,21,45,20,172,288,239
b0976,b0976,9,15,7,62,76,62
b0977,b0977,31,51,25,134,238,162
b0978,b0978,109,134,71,616,1158,866
b0979,b0979,103,99,67,746,1493,1098
b0980,b0980,99,154,69,693,1236,943
b0981,b0981,268,332,255,263,376,285
b0982,b0982,14,11,8,5,6,6
b0983,b0983,28,35,39,19,19,15
b0984,b0984,75,71,79,7,15,10
b0985,b0985,28,30,27,0,0,0
b0986,b0986,16,22,42,1,1,1
b0987,b0987,77,64,78,4,4,10
b0988,b0988,9,6,11,9,3,7
b0989,b0989,104,80,124,1,4,3
b0990,b0990,5743,3758,5973,250,513,262
b0991,b0991,102,56,88,4,7,3
b0992,b0992,29,80,57,35,9,90
b0993,b0993,152,191,182,74,87,76
b0994,b0994,53,73,56,102,97,104
b0995,b0995,79,104,79,127,114,107
b0996,b0996,11,12,17,3,10,3
b0997,b0997,50,70,68,56,60,68
b0998,b0998,72,56,46,34,42,34
b0999,b0999,366,672,353,2341,3536,2747
b1000,b1000,1113,1837,1034,6696,9953,7869
b1001,b1001,19,28,25,8,8,2
b1002,b1002,2814,3718,1978,7199,6985,7433
b1003,b1003,654,1281,668,1298,1741,1619
b1004,b1004,2276,4526,2261,4587,5616,5422
b1006,b1006,54,63,50,84,101,79
b1007,b1007,2,10,3,11,11,5
b1008,b1008,1,8,5,5,2,1
b1009,b1009,11,9,3,3,6,3
b1010,b1010,0,1,1,2,1,2
b1011,b1011,5,3,4,1,4,0
b1012,b1012,16,16,7,1,2,2
b1013,b1013,120,135,122,115,135,116
b1014,b1014,21520,20664,10733,2876,2362,2948
b1015,b1015,5206,5351,2703,614,726,557
b1018,b1018,313,210,249,97,122,105
b1019,b1019,296,208,227,135,90,80
b1020,b1020,699,902,713,588,1139,519
b1021,b1021,103,94,71,3,3,6
b1022,b1022,222,180,120,9,6,2
b1023,b1023,337,303,189,6,12,8
b1024,b1024,1208,1061,794,33,51,25
b1025,b1025,203,185,162,17,24,18
b1026,b1026,3,4,4,3,1,1
b1027,b1027,0,0,0,0,0,0
b1028,b1028,5,3,4,0,0,0
b1029,b1029,22,22,32,3,5,6
b1032,b1032,9,2,4,2,0,2
b1033,b1033,267,322,260,321,373,373
b1034,b1034,406,467,323,528,522,487
b1035,b1035,371,373,346,375,349,254
b1036,b1036,488,437,506,201,228,209
b1037,b1037,107,114,64,84,149,85
b1038,b1038,16,12,2,8,9,8
b1039,b1039,15,27,14,17,25,7
b1040,b1040,98,72,67,144,228,123
b1041,b1041,5,9,0,4,4,1
b1042,b1042,13,13,5,34,37,24
b1043,b1043,4,5,3,1,1,0
b1044,b1044,9,12,13,10,6,5
b1045,b1045,231,353,161,517,624,477
b1046,b1046,401,464,305,644,761,587
b1047,b1047,228,238,286,41,54,33
b1048,b1048,1836,2072,1708,2846,3136,2620
b1049,b1049,3148,3173,2879,4290,5347,4039
b1050,b1050,27,37,39,62,89,90
b1051,b1051,1354,2177,1067,2045,2977,3004
b1053,b1053,184,304,222,201,241,208
b1054,b1054,890,1130,1027,1043,956,1269
b1055,b1055,418,299,393,205,239,170
b1056,b1056,125,112,93,117,148,132
b1057,b1057,30,21,40,5,8,8
b1058,b1058,3,3,4,0,1,1
b1059,b1059,319,410,367,246,264,254
b1060,b1060,3502,4827,3313,2029,3069,2688
b1061,b1061,1579,1445,1418,77,87,62
b1062,b1062,580,510,413,178,185,150
b1063,b1063,666,750,614,878,698,962
b1064,b1064,471,624,398,2823,2632,3206
b1065,b1065,322,399,268,672,842,750
b1066,b1066,277,288,222,416,448,451
b1067,b1067,196,263,174,358,358,392
b1068,b1068,298,329,223,526,536,573
b1069,b1069,446,444,475,246,222,166
b1070,b1070,43,41,74,39,47,39
b1071,b1071,32,56,59,71,47,52
b1072,b1072,35,38,52,29,40,24
b1073,b1073,7,4,18,2,0,0
b1074,b1074,6,5,13,2,1,0
b1075,b1075,13,8,57,10,6,3
b1076,b1076,43,35,94,15,16,17
b1077,b1077,28,22,69,19,22,17
b1078,b1078,28,32,69,25,29,29
b1079,b1079,22,7,24,10,8,9
b1080,b1080,17,19,44,7,15,5
b1081,b1081,7,19,15,7,18,11
b1082,b1082,130,143,241,36,53,42
b1083,b1083,106,149,191,81,116,111
b1084,b1084,10098,9716,7303,4057,5367,3828
b1085,b1085,1,4,3,0,1,1
b1086,b1086,1016,929,1010,278,248,154
b1087,b1087,445,553,289,508,549,497
b1088,b1088,5936,5781,6704,1880,1950,1680
b1089,b1089,2123,2234,2246,1390,1353,1215
b1090,b1090,1890,1696,1659,1207,1345,1058
b1091,b1091,1799,1525,1744,1243,1360,1084
b1092,b1092,1681,1667,1641,1705,2090,1799
b1093,b1093,7540,8298,6109,9470,10262,9296
b1094,b1094,10779,12400,9179,10644,13453,11232
b1095,b1095,9951,9778,9636,4548,4869,4040
b1096,b1096,259,266,276,249,235,191
b1097,b1097,299,295,301,242,270,181
b1098,b1098,259,289,253,289,275,248
b1099,b1099,400,363,360,358,405,333
b1100,b1100,845,1141,748,1201,1385,1319
b1101,b1101,2501,2915,2393,2797,3160,2565
b1102,b1102,71,83,123,79,49,45
b1103,b1103,426,526,334,556,605,533
b1104,b1104,248,294,172,259,301,267
b1105,b1105,554,677,510,735,961,772
b1106,b1106,201,178,159,203,269,181
b1107,b1107,514,562,402,655,740,640
b1108,b1108,665,700,458,1020,1052,1100
b1109,b1109,566,627,1388,1340,1409,1391
b1110,b1110,879,1111,1198,2141,1011,1868
b1111,b1111,256,213,297,613,627,788
b1112,b1112,97,113,321,232,533,528
b1113,b1113,564,492,395,246,410,254
b1114,b1114,1256,1249,1064,2255,2815,2397
b1115,b1115,13,7,14,6,4,3
b1116,b1116,719,701,631,393,453,301
b1117,b1117,381,377,323,278,337,278
b1118,b1118,841,885,685,803,880,680
b1119,b1119,926,975,685,1034,1070,966
b1120,b1120,658,590,455,511,571,521
b1121,b1121,17,14,23,1,1,1
b1122,b1122,11,10,6,4,1,2
b1123,b1123,858,943,735,2036,1687,2117
b1124,b1124,180,141,166,131,113,116
b1125,b1125,188,166,183,86,83,84
b1126,b1126,803,831,898,333,311,224
b1127,b1127,981,1414,785,1725,1869,1962
b1128,b1128,1753,1857,1441,3549,3644,3703
b1129,b1129,711,708,554,516,605,548
b1130,b1130,447,563,359,399,537,445
b1131,b1131,935,882,744,989,1088,1084
b1132,b1132,550,475,455,417,431,350
b1133,b1133,1638,1684,1336,1202,1242,910
b1134,b1134,110,124,87,149,176,119
b1135,b1135,193,210,161,169,205,157
b1136,b1136,7738,7550,5449,13270,15164,15118
b1137,b1137,116,121,92,25,39,18
b1138,b1138,52,39,34,35,40,36
b1139,b1139,69,92,71,51,67,64
b1140,b1140,121,142,210,20,42,32
b1141,b1141,21,38,45,2,2,7
b1143,b1143,86,80,64,85,72,105
b1144,b1144,342,344,461,31,59,41
b1145,b1145,261,324,274,296,363,330
b1146,b1146,11,4,8,1,1,0
b1147,b1147,33,27,57,9,18,7
b1148,b1148,14,22,19,0,5,3
b1150,b1150,0,0,0,0,0,0
b1151,b1151,13,12,19,1,9,6
b1152,b1152,25,23,34,3,13,8
b1153,b1153,13,3,4,0,2,3
b1154,b1154,1,7,5,0,2,1
b1155,b1155,6,4,3,0,1,0
b1156,b1156,2,2,5,2,1,1
b1157,b1157,2,4,8,0,1,1
b1158,b1158,6,3,3,0,1,0
b1159,b1159,33,31,54,19,22,14
b1160,b1160,17,15,15,0,0,1
b1161,b1161,15,10,34,1,2,0
b1162,b1162,411,404,493,614,608,571
b1163,b1163,330,209,307,185,252,190
b1164,b1164,10,8,9,1,2,2
b1165,b1165,8,10,16,2,2,0
b1166,b1166,57,88,57,46,110,132
b1167,b1167,11,11,24,5,30,12
b1168,b1168,34,55,30,40,67,41
b1171,b1171,210,229,210,30,36,17
b1172,b1172,85,116,80,2,4,3
b1174,b1174,278,254,154,294,344,221
b1175,b1175,1064,1120,689,1569,1712,1546
b1176,b1176,556,519,410,977,1094,891
b1177,b1177,75,85,57,56,63,57
b1178,b1178,15,39,20,198,165,244
b1179,b1179,132,142,124,154,193,156
b1180,b1180,208,228,178,343,405,324
b1181,b1181,146,245,153,149,225,192
b1182,b1182,103,222,103,55,56,68
b1183,b1183,241,266,194,18,19,21
b1184,b1184,463,385,402,20,37,32
b1185,b1185,587,622,589,300,272,241
b1186,b1186,764,736,633,469,563,458
b1187,b1187,1833,1774,1458,2185,1927,1683
b1188,b1188,2763,4573,2333,8812,11291,10386
b1189,b1189,4170,4488,2269,4720,6619,4552
b1190,b1190,2932,3075,1653,5133,6250,4465
b1191,b1191,518,634,436,495,600,440
b1192,b1192,163,161,149,218,225,206
b1193,b1193,425,454,382,144,218,168
b1194,b1194,58,66,79,7,6,5
b1195,b1195,128,258,156,364,710,495
b1196,b1196,36,45,26,18,27,15
b1197,b1197,668,904,463,394,567,397
b1198,b1198,396,465,411,860,881,992
b1199,b1199,141,177,118,494,517,523
b1200,b1200,297,389,372,1102,1006,1220
b1201,b1201,192,240,243,101,122,88
b1202,b1202,226,257,246,106,125,91
b1203,b1203,920,940,977,1439,1459,1393
b1204,b1204,258,290,204,198,200,173
b1205,b1205,3720,5622,2818,19847,23231,25326
b1206,b1206,430,364,441,156,181,137
b1207,b1207,4859,4305,3479,2074,2046,1810
b1208,b1208,3205,3238,2344,1925,2301,1646
b1209,b1209,361,408,276,377,376,341
b1210,b1210,1664,1594,1370,1277,1368,1070
b1211,b1211,755,721,668,524,611,465
b1212,b1212,407,339,284,146,200,111
b1213,b1213,67,33,50,11,14,9
b1214,b1214,831,883,842,474,536,449
b1215,b1215,1794,2110,1666,1131,1255,1025
b1216,b1216,289,237,340,52,75,44
b1217,b1217,138,186,152,194,214,197
b1218,b1218,264,371,316,622,667,588
b1219,b1219,665,746,457,915,739,884
b1220,b1220,162,183,195,207,219,151
b1221,b1221,598,870,492,1482,261,1487
b1222,b1222,1222,1348,920,1224,325,925
b1223,b1223,5058,8077,3881,5236,107,3296
b1224,b1224,24013,40989,20804,37780,2180,14111
b1225,b1225,4404,7828,4032,8344,496,3778
b1226,b1226,943,1586,897,1503,110,773
b1227,b1227,904,1664,835,1629,179,826
b1229,b1229,0,0,0,0,0,0
b1230,b1230,301,301,436,19,23,14
b1231,b1231,562,477,778,19,44,24
b1232,b1232,458,427,441,261,304,187
b1233,b1233,237,225,204,198,219,145
b1234,b1234,1153,1532,823,822,980,592
b1235,b1235,1182,1466,969,1434,1691,1287
b1236,b1236,2051,2478,1676,1016,1406,1043
b1237,b1237,10235,12065,8492,10843,13264,12552
b1238,b1238,94,113,83,30,53,27
b1241,b1241,6821,8679,5329,21449,27355,27334
b1242,b1242,206,238,235,112,144,115
b1243,b1243,25306,30100,19316,28271,36458,29917
b1244,b1244,2371,2402,1751,1995,3039,1977
b1245,b1245,2661,2599,1827,2508,3667,2470
b1246,b1246,4065,4155,2785,4018,5879,4388
b1247,b1247,5152,4994,3503,4465,6396,5130
b1248,b1248,139,192,176,169,231,178
b1249,b1249,634,709,570,724,836,652
b1250,b1250,248,277,206,369,609,482
b1251,b1251,308,326,194,428,433,391
b1252,b1252,340,286,437,438,263,301
b1253,b1253,111,114,107,38,44,29
b1254,b1254,413,437,344,470,638,528
b1255,b1255,480,450,387,573,551,534
b1256,b1256,167,225,126,386,741,388
b1257,b1257,48,100,67,45,161,99
b1258,b1258,37,56,44,34,80,50
b1259,b1259,93,218,143,260,510,339
b1260,b1260,213,201,157,393,580,427
b1261,b1261,251,232,195,434,688,512
b1262,b1262,160,142,147,351,500,412
b1263,b1263,29,34,43,133,271,238
b1264,b1264,32,26,28,100,163,180
b1265,b1265,6,4,3,13,8,9
b1266,b1266,227,278,233,235,274,229
b1267,b1267,298,296,231,364,399,378
b1268,b1268,124,147,125,42,53,26
b1269,b1269,1111,1056,1302,507,475,415
b1270,b1270,197,226,163,216,215,213
b1271,b1271,216,226,178,256,263,245
b1272,b1272,693,858,586,1257,1412,1234
b1273,b1273,605,772,554,1258,1355,1353
b1274,b1274,4603,4605,5228,4379,5163,4054
b1275,b1275,857,961,917,3776,3893,4001
b1276,b1276,4153,6345,3599,10651,16373,14819
b1277,b1277,889,1168,990,998,1090,1039
b1278,b1278,347,433,309,688,791,687
b1279,b1279,426,493,396,776,850,695
b1280,b1280,607,677,537,965,956,828
b1281,b1281,497,443,523,170,173,103
b1282,b1282,62,61,81,15,19,16
b1283,b1283,2857,4210,2708,3510,4325,4036
b1284,b1284,243,274,201,137,120,112
b1285,b1285,633,801,484,474,762,612
b1286,b1286,1637,1445,1452,1483,1158,1173
b1287,b1287,65,56,91,670,276,441
b1288,b1288,3001,3128,2581,6858,6538,6559
b1289,b1289,134,128,84,141,170,128
b1290,b1290,237,249,193,283,309,290
b1291,b1291,365,384,262,543,678,613
b1292,b1292,155,194,134,250,348,258
b1293,b1293,197,196,159,310,408,301
b1294,b1294,549,561,513,794,1002,852
b1295,b1295,147,152,149,107,119,110
b1296,b1296,288,266,151,242,671,251
b1297,b1297,560,499,507,311,1251,405
b1298,b1298,155,165,162,104,301,102
b1299,b1299,228,232,180,139,346,122
b1300,b1300,733,804,504,277,1719,554
b1301,b1301,371,449,260,200,1229,382
b1302,b1302,477,500,294,285,1513,474
b1303,b1303,137,147,116,148,136,140
b1304,b1304,930,1226,1404,284,529,354
b1305,b1305,14,17,26,9,11,18
b1306,b1306,91,122,112,47,55,47
b1307,b1307,49,61,76,21,34,26
b1308,b1308,1281,1431,939,1780,1252,1471
b1309,b1309,130,140,113,6,4,4
b1310,b1310,36,54,47,2,4,1
b1311,b1311,34,22,16,15,3,4
b1312,b1312,33,25,16,10,18,20
b1313,b1313,58,65,35,18,40,24
b1314,b1314,32,39,32,25,26,17
b1315,b1315,43,54,35,32,40,27
b1316,b1316,70,78,64,44,51,45
b1317,b1317,8,5,10,4,4,3
b1319,b1319,4,19,9,0,0,0
b1320,b1320,78,88,96,29,42,23
b1321,b1321,259,298,225,696,928,723
b1322,b1322,152,207,122,352,504,364
b1323,b1323,1226,1563,1062,1774,1839,1817
b1324,b1324,3629,3800,2693,3531,4310,4124
b1325,b1325,938,1116,822,983,1057,930
b1326,b1326,466,541,333,630,592,580
b1327,b1327,70,63,38,61,90,74
b1328,b1328,97,118,121,66,103,87
b1329,b1329,1238,1358,943,357,375,274
b1330,b1330,158,178,236,103,96,95
b1331,b1331,0,4,5,0,0,0
b1332,b1332,1217,1206,1080,1037,1582,1194
b1333,b1333,3572,5344,3113,9404,8432,10556
b1334,b1334,3268,3211,2978,4349,5601,5024
b1335,b1335,205,243,174,156,92,116
b1336,b1336,45,28,40,30,40,23
b1337,b1337,28,19,19,30,37,23
b1338,b1338,31,35,20,33,36,39
b1339,b1339,212,178,99,122,169,87
b1340,b1340,217,207,225,172,147,179
b1341,b1341,534,612,326,566,745,542
b1342,b1342,379,489,339,432,538,444
b1343,b1343,825,850,687,664,699,519
b1344,b1344,710,646,636,477,496,483
b1345,b1345,62,80,44,23,55,40
b1346,b1346,0,0,1,0,0,0
b1347,b1347,0,1,0,0,0,1
b1348,b1348,1,0,0,0,0,0
b1349,b1349,44,26,33,26,25,28
b1350,b1350,33,49,34,28,52,26
b1351,b1351,2,7,3,1,6,0
b1352,b1352,0,4,1,0,0,0
b1353,b1353,7,17,19,2,2,3
b1355,b1355,17,23,23,1,8,5
b1356,b1356,474,470,475,593,635,618
b1357,b1357,4,10,13,6,7,8
b1358,b1358,10,14,7,10,13,13
b1359,b1359,19,21,7,26,26,15
b1360,b1360,13,8,18,7,19,4
b1361,b1361,7,5,11,10,25,12
b1362,b1362,0,0,0,0,0,0
b1363,b1363,275,292,239,113,162,113
b1365,b1365,21,14,15,0,1,2
b1366,b1366,40,20,32,0,5,2
b1368,b1368,23,27,28,5,6,6
b1370,b1370,10,18,15,35,28,30
b1372,b1372,59,82,48,51,57,46
b1373,b1373,0,0,0,0,0,0
b1374,b1374,0,0,0,0,0,0
b1375,b1375,0,0,0,0,0,0
b1376,b1376,580,836,491,982,1025,1213
b1377,b1377,27,40,44,5,7,2
b1378,b1378,2819,4119,2826,5339,7308,6325
b1379,b1379,557,703,674,795,555,805
b1380,b1380,258,385,273,263,479,400
b1381,b1381,493,585,425,657,798,643
b1382,b1382,0,0,0,0,0,0
b1383,b1383,55,80,35,38,44,32
b1384,b1384,340,269,181,164,194,146
b1385,b1385,413,468,390,312,398,367
b1386,b1386,70,76,49,35,36,29
b1387,b1387,38,48,26,30,45,37
b1388,b1388,64,40,30,15,63,25
b1389,b1389,6,11,4,2,6,2
b1390,b1390,49,32,26,29,44,26
b1391,b1391,31,22,13,23,33,19
b1392,b1392,60,59,35,69,105,76
b1393,b1393,31,37,24,35,55,44
b1394,b1394,33,23,17,34,49,30
b1395,b1395,76,88,62,103,151,104
b1396,b1396,8,11,9,24,24,23
b1397,b1397,960,995,558,469,550,421
b1398,b1398,946,885,453,567,641,525
b1399,b1399,507,536,340,510,632,521
b1400,b1400,335,355,203,233,372,282
b1402,b1402,1,3,1,0,4,0
b1403,b1403,0,0,0,0,0,0
b1404,b1404,0,0,0,0,0,0
b1406,b1406,567,697,380,1029,790,873
b1407,b1407,131,135,120,15,23,23
b1408,b1408,8,4,10,0,0,0
b1409,b1409,17,13,31,0,2,1
b1410,b1410,90,100,116,37,59,33
b1411,b1411,128,107,127,80,89,62
b1412,b1412,85,106,74,115,157,112
b1413,b1413,1765,1831,1649,3207,3729,3418
b1414,b1414,378,483,392,1160,675,1047
b1415,b1415,7195,6895,3443,6505,8652,7163
b1418,b1418,401,432,362,137,215,154
b1419,b1419,419,477,328,247,191,183
b1420,b1420,5,8,6,2,4,0
b1421,b1421,340,361,446,68,92,54
b1422,b1422,2290,2004,1314,336,478,264
b1423,b1423,1905,2605,1342,2543,2868,2332
b1424,b1424,1563,1569,1114,835,939,773
b1426,b1426,890,1228,606,2225,1967,2729
b1427,b1427,284,337,217,412,318,275
b1428,b1428,204,313,181,389,566,463
b1429,b1429,206,223,166,240,207,230
b1430,b1430,279,323,238,178,196,175
b1431,b1431,998,1214,752,816,1072,1062
b1432,b1432,713,758,664,536,477,424
b1433,b1433,89,132,69,77,69,75
b1434,b1434,55,63,65,37,31,31
b1435,b1435,990,941,795,365,385,254
b1436,b1436,24,26,44,24,29,23
b1438,b1438,73,90,78,48,60,48
b1439,b1439,375,355,398,138,187,119
b1440,b1440,4475,6657,3350,3414,4480,2992
b1441,b1441,1494,2178,1070,1155,1606,1210
b1442,b1442,686,969,532,521,777,540
b1443,b1443,713,880,494,867,1130,911
b1444,b1444,3323,4604,2064,6629,7651,7963
b1445,b1445,105,114,144,42,57,42
b1446,b1446,352,426,425,448,472,554
b1447,b1447,61,69,49,95,112,99
b1448,b1448,145,149,96,260,302,256
b1449,b1449,323,425,253,724,970,830
b1450,b1450,501,649,449,66,83,40
b1451,b1451,593,582,862,102,206,96
b1452,b1452,480,386,698,308,287,243
b1453,b1453,89,101,140,38,44,35
b1454,b1454,80,115,62,155,172,137
b1455,b1455,3,6,3,0,1,0
b1456,b1456,15,15,13,10,3,5
b1457,b1457,67,61,38,2,7,4
b1459,b1459,214,245,191,4,12,6
b1460,b1460,1,5,0,0,0,0
b1461,b1461,122,135,98,109,111,75
b1462,b1462,98,130,67,144,118,122
b1463,b1463,125,218,112,97,100,90
b1464,b1464,440,502,373,913,758,895
b1465,b1465,206,301,137,311,189,235
b1466,b1466,181,311,167,325,173,252
b1467,b1467,645,954,485,831,531,746
b1468,b1468,1751,2783,1372,1439,1047,1340
b1469,b1469,475,824,410,102,141,117
b1471,b1471,4,3,6,0,2,1
b1472,b1472,0,1,1,0,0,0
b1473,b1473,56,74,44,43,28,19
b1474,b1474,3951,6595,3348,462,62,260
b1475,b1475,591,985,485,119,20,72
b1476,b1476,455,720,379,132,66,110
b1477,b1477,273,282,295,681,679,571
b1478,b1478,1326,1660,991,5555,9289,7627
b1479,b1479,3975,3821,2654,1883,2193,1766
b1480,b1480,3281,5152,2475,10926,15473,14970
b1481,b1481,70,82,50,24,46,23
b1482,b1482,2324,4146,2214,8717,10409,10002
b1483,b1483,181,161,99,180,173,155
b1484,b1484,179,145,65,171,210,151
b1485,b1485,130,114,55,63,137,89
b1486,b1486,100,68,49,68,77,59
b1487,b1487,233,213,107,121,207,130
b1488,b1488,111,101,52,17,34,19
b1489,b1489,351,432,269,627,804,550
b1490,b1490,369,535,315,648,666,543
b1491,b1491,373,388,373,406,449,376
b1492,b1492,1750,3516,1773,62735,76950,69564
b1493,b1493,53,127,82,1894,2685,2137
b1494,b1494,81,81,79,18,23,25
b1495,b1495,42,43,41,10,12,9
b1496,b1496,19,20,30,1,1,0
b1497,b1497,38,47,30,3,4,1
b1498,b1498,322,466,226,42,47,45
b1499,b1499,14,30,15,1,2,1
b1500,b1500,3,5,4,0,0,0
b1501,b1501,308,354,271,41,49,41
b1502,b1502,38,38,46,1,1,3
b1503,b1503,16,5,11,1,0,2
b1504,b1504,10,6,5,0,0,0
b1505,b1505,81,65,106,0,3,0
b1506,b1506,2,1,8,1,2,0
b1507,b1507,134,188,133,164,188,130
b1508,b1508,18,39,18,18,10,22
b1511,b1511,1101,2212,1101,2294,2129,2400
b1512,b1512,654,1246,660,1632,1432,1353
b1513,b1513,732,1850,937,2645,2372,2454
b1514,b1514,363,920,485,1147,1077,1125
b1515,b1515,254,545,229,536,570,570
b1516,b1516,871,1578,803,1523,1566,1653
b1517,b1517,809,1521,758,1248,1425,1385
b1518,b1518,244,426,219,388,376,475
b1519,b1519,705,959,528,937,1172,979
b1520,b1520,42,37,93,16,21,12
b1521,b1521,190,223,171,271,185,190
b1522,b1522,183,196,150,230,236,246
b1523,b1523,33,41,31,9,13,11
b1524,b1524,209,215,192,130,99,84
b1525,b1525,130,154,109,178,217,138
b1526,b1526,109,159,117,98,124,100
b1527,b1527,2,13,8,0,2,0
b1528,b1528,105,113,186,97,133,116
b1529,b1529,565,669,502,402,489,377
b1530,b1530,2673,4534,3084,19,21,19
b1531,b1531,2362,3615,2538,51,62,34
b1532,b1532,896,1517,1125,8,22,19
b1533,b1533,213,181,165,222,313,186
b1534,b1534,151,141,126,124,185,110
b1535,b1535,401,451,399,137,172,107
b1536,b1536,263,481,297,408,621,519
b1537,b1537,150,207,148,72,131,77
b1538,b1538,850,989,593,1179,1358,1292
b1539,b1539,1084,1215,774,1091,1155,1185
b1540,b1540,704,735,602,471,473,359
b1541,b1541,45,67,68,44,52,76
b1542,b1542,51,66,84,20,29,19
b1544,b1544,0,0,0,0,0,0
b1545,b1545,0,1,0,0,0,0
b1546,b1546,0,0,0,0,0,0
b1547,b1547,3,9,7,2,3,5
b1548,b1548,0,0,0,0,0,0
b1549,b1549,2,6,6,1,1,0
b1550,b1550,234,269,269,40,69,46
b1551,b1551,95,97,152,23,47,23
b1552,b1552,1522,1708,1510,761,1321,798
b1553,b1553,0,1,2,0,0,0
b1554,b1554,11,9,22,4,1,1
b1555,b1555,5,6,13,2,2,0
b1556,b1556,17,16,26,2,4,2
b1557,b1557,5493,4229,5318,1130,2107,958
b1558,b1558,575,396,554,22,39,22
b1559,b1559,26,29,58,11,16,5
b1560,b1560,103,92,188,3,6,1
b1561,b1561,34,36,51,28,33,25
b1562,b1562,237,292,364,318,388,361
b1563,b1563,169,241,247,287,388,403
b1564,b1564,149,171,142,157,171,180
b1565,b1565,13,8,7,8,3,7
b1566,b1566,76,80,80,3,9,5
b1567,b1567,6,3,1,1,1,2
b1568,b1568,0,0,0,0,0,1
b1569,b1569,0,0,0,0,1,0
b1570,b1570,347,347,299,429,457,473
b1571,b1571,3,3,0,1,5,2
b1572,b1572,0,0,0,0,0,0
b1573,b1573,30,12,13,10,16,5
b1574,b1574,8,11,15,8,11,7
b1575,b1575,0,1,0,0,0,0
b1576,b1576,0,0,0,0,0,0
b1577,b1577,8,7,17,6,17,3
b1578,b1578,0,0,0,0,0,0
b1579,b1579,23,31,33,5,6,7
b1580,b1580,20,27,21,13,7,9
b1581,b1581,31,42,38,11,12,10
b1582,b1582,71,77,64,34,33,21
b1583,b1583,202,228,170,182,141,171
b1584,b1584,221,205,175,92,110,89
b1585,b1585,268,330,205,166,151,111
b1586,b1586,266,245,230,337,475,392
b1587,b1587,90,121,65,167,246,262
b1588,b1588,128,212,112,179,296,225
b1589,b1589,34,34,12,37,52,42
b1590,b1590,117,115,98,116,131,106
b1591,b1591,184,181,134,167,213,129
b1592,b1592,123,122,125,35,53,40
b1593,b1593,471,650,386,688,528,601
b1594,b1594,513,604,387,657,536,555
b1595,b1595,90,100,67,65,64,48
b1596,b1596,189,244,250,241,233,263
b1597,b1597,41,90,37,34452,29864,35867
b1598,b1598,778,1015,646,3670,3852,3785
b1599,b1599,179,178,210,6,9,13
b1600,b1600,378,339,373,23,40,23
b1601,b1601,135,197,158,89,124,122
b1602,b1602,962,1089,790,1434,1636,1703
b1603,b1603,1088,1239,802,1434,1437,1447
b1604,b1604,1015,1082,874,1044,1055,977
b1605,b1605,196,180,229,77,71,66
b1606,b1606,128,199,105,126,140,118
b1607,b1607,115,79,84,103,122,94
b1608,b1608,298,278,252,92,122,89
b1609,b1609,310,274,246,206,204,199
b1610,b1610,135,136,75,231,257,280
b1611,b1611,2519,2561,1611,3663,3355,3311
b1612,b1612,4864,4305,2457,3276,3556,2877
b1613,b1613,892,1044,806,1508,1403,1541
b1614,b1614,4141,5458,3224,4602,6784,5100
b1615,b1615,27,47,31,19,13,17
b1616,b1616,38,46,34,41,42,53
b1617,b1617,137,160,97,328,298,337
b1618,b1618,580,643,499,1549,1527,1566
b1619,b1619,924,1478,810,1044,1237,1356
b1620,b1620,195,180,221,684,618,643
b1621,b1621,261,249,154,104,95,87
b1622,b1622,333,357,254,388,401,441
b1623,b1623,693,821,635,1047,1131,883
b1624,b1624,871,890,735,1190,1146,1022
b1625,b1625,133,154,150,42,62,40
b1626,b1626,320,384,393,129,145,109
b1627,b1627,338,371,419,88,61,39
b1628,b1628,310,282,396,76,95,54
b1629,b1629,706,625,794,171,166,130
b1630,b1630,329,268,368,120,79,90
b1631,b1631,205,158,182,93,91,59
b1632,b1632,219,155,191,93,68,91
b1633,b1633,250,197,222,81,79,66
b1634,b1634,1835,1648,1548,615,579,560
b1635,b1635,478,531,392,1473,1646,1689
b1636,b1636,484,455,367,287,235,207
b1637,b1637,2507,2417,2238,2273,2175,1945
b1638,b1638,417,456,294,488,424,463
b1639,b1639,134,123,115,249,188,252
b1640,b1640,231,274,200,340,294,309
b1641,b1641,3394,4028,2796,3881,4641,4662
b1642,b1642,908,1091,752,1262,1255,1377
b1643,b1643,79,78,74,25,22,10
b1644,b1644,165,148,196,54,47,37
b1645,b1645,309,283,267,75,110,78
b1646,b1646,503,706,417,1401,1664,1746
b1647,b1647,625,890,472,915,835,777
b1648,b1648,67,81,39,102,137,91
b1649,b1649,101,112,183,35,33,26
b1650,b1650,512,606,572,238,303,209
b1651,b1651,474,590,382,222,273,218
b1652,b1652,384,374,387,130,127,98
b1653,b1653,688,707,621,1109,1108,1103
b1654,b1654,1045,1241,1035,1116,987,1334
b1655,b1655,275,277,186,75,72,42
b1656,b1656,4698,6908,4165,6724,10916,11795
b1657,b1657,252,263,401,206,256,234
b1658,b1658,1332,1151,1312,642,629,499
b1659,b1659,145,166,131,178,247,222
b1660,b1660,221,234,350,64,63,37
b1661,b1661,1374,1963,1309,5394,7523,6402
b1662,b1662,599,670,525,445,558,432
b1663,b1663,1318,1314,1234,544,715,473
b1664,b1664,1213,1433,908,1794,2245,1837
b1665,b1665,0,1,0,0,0,0
b1666,b1666,5,5,7,0,0,0
b1667,b1667,885,945,982,1086,1183,1330
b1668,b1668,736,1047,754,1329,1950,1432
b1669,b1669,47,45,45,40,36,34
b1670,b1670,29,30,32,22,23,36
b1671,b1671,28,47,27,15,21,9
b1672,b1672,40,38,19,35,33,42
b1673,b1673,97,139,86,28,24,28
b1674,b1674,50,64,44,4,6,4
b1675,b1675,59,73,62,42,91,67
b1676,b1676,3441,4817,3018,6176,7613,7287
b1677,b1677,62162,80557,60094,49164,92997,71772
b1678,b1678,835,1406,773,2011,2948,2813
b1679,b1679,91,124,81,303,365,296
b1680,b1680,473,652,415,1950,2198,2037
b1681,b1681,526,728,460,2432,2885,2868
b1682,b1682,252,375,206,1244,1658,1624
b1683,b1683,630,1140,600,3508,4749,5059
b1684,b1684,189,333,208,1111,1521,1950
b1685,b1685,41,64,40,306,354,398
b1686,b1686,130,133,66,324,377,364
b1687,b1687,1018,864,670,1839,2566,1997
b1688,b1688,710,843,658,792,1027,824
b1689,b1689,15,12,13,6,5,10
b1690,b1690,11,19,21,3,3,0
b1691,b1691,16,13,15,0,0,0
b1692,b1692,21,17,22,3,11,3
b1693,b1693,99,92,94,169,127,123
b1694,b1694,12,28,15,1,9,7
b1695,b1695,49,40,31,9,7,6
b1696,b1696,79,107,77,33,24,19
b1697,b1697,9,7,10,11,4,5
b1698,b1698,25,26,18,35,38,32
b1699,b1699,26,14,32,22,30,23
b1700,b1700,0,2,2,1,1,2
b1701,b1701,25,25,22,13,25,21
b1702,b1702,8954,8230,5848,9437,9950,9334
b1703,b1703,315,326,220,466,477,477
b1704,b1704,303,345,363,207,281,221
b1705,b1705,20,18,44,4,6,5
b1706,b1706,1380,1228,1225,2407,2059,1588
b1707,b1707,413,544,377,72,135,85
b1708,b1708,338,372,232,270,302,282
b1709,b1709,264,343,165,156,168,116
b1710,b1710,580,773,428,298,382,281
b1711,b1711,244,265,294,147,166,129
b1712,b1712,2402,2986,2138,2781,4018,3872
b1713,b1713,3980,3765,3688,3870,4626,4378
b1714,b1714,1180,1043,1102,602,708,538
b1715,b1715,14,16,12,9,20,14
b1716,b1716,15040,14860,16426,7935,10443,9407
b1717,b1717,2961,3087,3058,2385,3089,2823
b1718,b1718,18741,20092,20959,12446,14674,12993
b1719,b1719,9069,9599,8079,14202,15415,14627
b1722,b1722,394,321,432,10,16,14
b1723,b1723,1034,1355,768,1965,2515,2505
b1724,b1724,371,418,223,536,683,619
b1725,b1725,1638,2242,1107,3305,3446,3615
b1726,b1726,493,546,427,781,1110,916
b1727,b1727,295,341,243,211,220,187
b1728,b1728,317,384,387,45,51,58
b1729,b1729,586,564,763,1823,1860,1668
b1730,b1730,19,13,21,5,3,6
b1731,b1731,71,78,60,19,29,21
b1732,b1732,1297,1522,849,3176,3801,3744
b1733,b1733,136,171,159,119,159,116
b1734,b1734,82,69,69,18,37,29
b1735,b1735,84,108,72,96,85,91
b1736,b1736,37,51,23,24,19,25
b1737,b1737,270,287,213,96,157,111
b1738,b1738,196,257,161,139,133,129
b1739,b1739,1945,3116,1541,2223,3048,2423
b1740,b1740,602,755,485,651,749,547
b1741,b1741,1325,1270,1077,496,527,392
b1742,b1742,90,109,123,16,23,16
b1743,b1743,713,830,514,532,841,634
b1744,b1744,1812,1592,891,2797,4947,3088
b1745,b1745,3189,2966,1569,6430,10620,6694
b1746,b1746,4052,3790,1986,7029,12740,7542
b1747,b1747,2183,1962,1042,2298,4846,2433
b1748,b1748,3884,3480,1868,1898,4376,2098
b1749,b1749,610,544,464,271,239,197
b1750,b1750,25,24,28,8,2,6
b1751,b1751,17,26,12,34,23,20
b1752,b1752,23,32,21,47,70,58
b1753,b1753,32,36,22,41,52,31
b1754,b1754,104,115,87,123,147,132
b1755,b1755,77,72,60,90,141,108
b1756,b1756,47,34,29,35,41,28
b1757,b1757,184,291,146,257,189,169
b1758,b1758,230,235,203,205,209,169
b1759,b1759,60,51,61,24,20,25
b1760,b1760,62,78,53,68,63,63
b1761,b1761,799,836,653,631,822,524
b1762,b1762,148,184,148,36,43,21
b1763,b1763,1336,1320,1043,1621,1416,1280
b1764,b1764,1347,1346,1043,2965,2617,2548
b1765,b1765,300,277,241,859,1120,911
b1766,b1766,745,764,651,1391,1429,1210
b1767,b1767,450,413,347,197,160,152
b1768,b1768,362,280,237,174,155,127
b1769,b1769,107,85,100,23,15,14
b1770,b1770,174,177,154,171,129,171
b1771,b1771,85,67,56,13,22,16
b1772,b1772,25,39,18,9,7,8
b1773,b1773,20,20,23,6,8,11
b1774,b1774,21,20,12,7,5,7
b1775,b1775,49,50,32,13,18,9
b1776,b1776,73,86,44,18,32,24
b1777,b1777,368,311,220,338,483,363
b1778,b1778,618,579,381,826,1103,789
b1779,b1779,10809,13000,8904,18959,20050,19936
b1780,b1780,153,217,140,291,350,311
b1781,b1781,337,344,313,982,840,964
b1782,b1782,1225,1233,1139,702,497,475
b1783,b1783,8775,14466,7027,18863,22017,21193
b1784,b1784,2077,3667,1774,4557,5218,5023
b1785,b1785,127,158,92,7,36,9
b1786,b1786,348,405,408,108,70,63
b1787,b1787,210,205,187,184,186,158
b1788,b1788,17,26,16,12,15,17
b1789,b1789,58,86,89,48,37,33
b1790,b1790,97,120,93,122,142,119
b1791,b1791,55,52,42,38,60,40
b1792,b1792,192,278,180,399,441,447
b1793,b1793,106,118,106,146,162,172
b1794,b1794,484,484,420,599,612,459
b1795,b1795,756,1186,575,658,1218,824
b1796,b1796,12,9,1,1,1,2
b1797,b1797,14,17,19,0,2,0
b1798,b1798,202,205,184,44,44,20
b1799,b1799,505,560,278,668,692,491
b1800,b1800,166,241,130,356,289,399
b1801,b1801,51,54,19,6,14,6
b1802,b1802,27,28,14,18,12,30
b1803,b1803,38,32,27,55,59,58
b1804,b1804,1048,989,927,410,403,288
b1805,b1805,3676,3647,2427,1075,1785,950
b1806,b1806,600,701,751,1348,2227,1576
b1807,b1807,439,452,381,318,267,228
b1808,b1808,1196,1036,916,815,834,630
b1809,b1809,497,473,389,286,333,257
b1810,b1810,587,803,462,378,528,458
b1811,b1811,180,213,160,217,288,177
b1812,b1812,208,201,186,94,104,79
b1813,b1813,135,149,120,102,136,118
b1814,b1814,6439,7004,5277,5995,7138,5136
b1815,b1815,209,220,243,212,309,223
b1816,b1816,1595,1544,1172,2435,2643,2033
b1817,b1817,3657,4390,2600,3109,2459,2748
b1818,b1818,2044,2589,1484,2194,1847,2290
b1819,b1819,3047,3732,2234,3346,2901,3465
b1820,b1820,75,91,66,63,57,57
b1821,b1821,138,135,105,23,27,17
b1822,b1822,720,570,557,175,223,202
b1823,b1823,2771,3394,1801,3864,5238,3345
b1824,b1824,2491,2750,1357,1421,2375,1638
b1825,b1825,603,593,627,123,206,120
b1826,b1826,33,29,49,21,18,20
b1827,b1827,601,727,481,1244,1396,1258
b1828,b1828,141,125,104,66,87,46
b1829,b1829,2658,2685,2889,2223,3743,2934
b1830,b1830,5738,5124,4515,2583,3109,2289
b1831,b1831,3783,3645,3327,1561,1725,1409
b1832,b1832,873,957,706,396,565,379
b1833,b1833,396,463,377,406,584,399
b1834,b1834,921,1127,739,864,1180,729
b1835,b1835,40,35,30,24,29,20
b1836,b1836,650,737,463,1840,2668,2139
b1837,b1837,214,267,153,339,400,338
b1838,b1838,242,319,213,116,198,148
b1839,b1839,216,224,229,115,145,114
b1840,b1840,419,446,513,276,394,233
b1841,b1841,372,415,374,334,417,314
b1842,b1842,39,41,37,36,32,18
b1843,b1843,255,287,196,102,122,109
b1844,b1844,263,242,223,236,222,196
b1845,b1845,654,755,864,729,844,779
b1846,b1846,1366,1097,2029,225,323,211
b1847,b1847,4249,4644,3929,1197,1761,1370
b1848,b1848,3678,3257,3240,632,804,779
b1849,b1849,92,128,112,244,314,271
b1850,b1850,871,991,855,700,764,776
b1851,b1851,341,365,304,266,255,259
b1852,b1852,734,884,835,1109,1167,1142
b1853,b1853,241,313,186,782,649,680
b1854,b1854,2880,3583,2165,3791,3655,3565
b1855,b1855,874,825,670,541,523,457
b1856,b1856,1256,1359,971,1511,1734,1322
b1857,b1857,447,544,409,2171,2436,1662
b1858,b1858,297,347,318,1018,1196,1035
b1859,b1859,295,340,300,643,674,572
b1860,b1860,1437,1409,1244,559,515,499
b1861,b1861,1054,1061,897,493,436,339
b1862,b1862,13,47,30,5,12,10
b1863,b1863,433,395,440,335,312,273
b1864,b1864,861,902,834,1112,1062,1066
b1865,b1865,456,514,411,611,552,553
b1866,b1866,3222,3402,2835,3669,3399,3231
b1867,b1867,156,150,143,121,124,96
b1868,b1868,49,78,61,32,43,47
b1869,b1869,349,380,244,390,379,375
b1870,b1870,225,232,137,104,155,126
b1871,b1871,643,563,475,387,408,302
b1872,b1872,95,121,134,65,69,68
b1873,b1873,28,22,59,7,15,11
b1874,b1874,786,1002,884,1301,2190,1491
b1875,b1875,146,174,113,184,237,149
b1876,b1876,1612,1669,1447,1002,1078,840
b1877,b1877,23,12,26,2,1,3
b1878,b1878,3,15,19,6,2,5
b1879,b1879,63,62,94,82,99,74
b1880,b1880,19,18,20,7,8,8
b1881,b1881,60,108,109,25,34,25
b1882,b1882,13,42,33,4,13,7
b1883,b1883,54,69,64,2,11,8
b1884,b1884,54,79,75,14,10,9
b1885,b1885,150,243,208,12,10,16
b1886,b1886,188,275,303,8,15,3
b1887,b1887,59,107,91,23,24,18
b1888,b1888,191,276,236,27,18,17
b1889,b1889,120,174,186,4,11,0
b1890,b1890,175,228,296,10,8,5
b1891,b1891,242,195,158,53,41,44
b1892,b1892,252,242,142,33,32,25
b1893,b1893,0,0,0,0,0,0
b1894,b1894,0,0,0,0,0,0
b1895,b1895,82,122,75,265,249,270
b1896,b1896,1188,1607,976,1911,3304,2454
b1897,b1897,938,1385,662,1435,2445,1685
b1900,b1900,368,1025,521,154,178,169
b1901,b1901,877,2238,1123,369,485,480
b1902,b1902,277,384,270,389,304,386
b1904,b1904,10,5,24,2,3,4
b1905,b1905,568,768,461,137,168,126
b1906,b1906,61,87,55,80,83,81
b1907,b1907,239,326,349,87,128,85
b1908,b1908,846,849,767,1531,1411,1485
b1909,b1909,4,10,8,2,0,0
b1910,b1910,0,0,0,0,0,0
b1911,b1911,76,67,88,46,47,37
b1912,b1912,854,792,597,1364,1356,1363
b1913,b1913,1247,1307,895,1117,1242,1055
b1914,b1914,529,633,503,309,323,212
b1915,b1915,180,187,187,42,27,24
b1916,b1916,245,266,271,78,136,113
b1917,b1917,421,653,423,329,437,352
b1918,b1918,269,439,313,263,323,242
b1919,b1919,744,1165,774,697,724,706
b1920,b1920,938,1234,709,1210,997,1113
b1921,b1921,28,25,33,6,3,13
b1922,b1922,73,82,116,0,0,4
b1923,b1923,2001,3331,3544,365,511,402
b1924,b1924,93,171,192,5,19,2
b1925,b1925,16,19,12,1,3,2
b1926,b1926,7,4,10,1,3,1
b1927,b1927,2857,3524,1858,2355,2984,2615
b1928,b1928,583,618,532,575,590,594
b1929,b1929,505,446,327,376,347,320
b1930,b1930,36,29,12,12,26,15
b1931,b1931,55,74,41,68,93,51
b1932,b1932,17,25,11,15,20,11
b1936,b1936,9,15,18,0,3,1
b1937,b1937,5,3,8,3,2,3
b1938,b1938,21,23,62,5,8,5
b1939,b1939,18,20,38,13,23,13
b1940,b1940,10,17,31,4,4,5
b1941,b1941,21,27,53,10,11,12
b1942,b1942,1,6,6,0,3,1
b1943,b1943,11,16,29,5,7,7
b1944,b1944,7,8,33,2,2,2
b1945,b1945,17,27,44,8,14,11
b1946,b1946,3,5,16,3,1,2
b1947,b1947,2,2,8,0,0,1
b1948,b1948,5,11,14,0,2,4
b1949,b1949,1,2,1,0,0,0
b1950,b1950,3,4,8,2,2,3
b1951,b1951,54,66,139,7,3,5
b1952,b1952,106,100,102,79,96,90
b1953,b1953,604,938,512,2383,4263,3411
b1954,b1954,22,22,24,10,13,13
b1955,b1955,796,1219,676,2229,3508,2751
b1956,b1956,763,827,569,651,822,647
b1957,b1957,150,166,91,160,234,136
b1958,b1958,332,384,248,422,570,371
b1959,b1959,173,186,155,102,90,62
b1960,b1960,59,65,70,58,84,36
b1961,b1961,430,424,395,560,558,438
b1962,b1962,250,266,259,215,240,171
b1963,b1963,30,40,57,32,51,37
b1967,b1967,1354,2396,1246,4545,7269,7072
b1968,b1968,94,81,98,39,50,39
b1969,b1969,94,70,97,43,59,37
b1970,b1970,19,18,8,7,21,14
b1971,b1971,318,434,339,349,508,384
b1972,b1972,91,130,122,53,93,63
b1973,b1973,22,21,23,80,122,70
b1974,b1974,58,69,45,38,55,37
b1975,b1975,67,67,62,91,84,115
b1976,b1976,2115,2148,1141,2899,1918,2243
b1977,b1977,58,40,52,41,41,45
b1978,b1978,462,449,510,358,408,327
b1981,b1981,275,352,236,211,239,196
b1982,b1982,600,728,482,656,752,768
b1983,b1983,309,338,313,200,136,113
b1984,b1984,7,9,21,4,1,2
b1985,b1985,124,112,117,133,176,146
b1986,b1986,93,80,162,9,8,8
b1987,b1987,39,46,26,65,46,47
b1988,b1988,88,78,54,46,60,32
b1989,b1989,56,38,72,0,1,2
b1990,b1990,677,1028,591,1342,1947,1630
b1991,b1991,207,229,192,182,181,128
b1992,b1992,90,67,66,47,82,49
b1993,b1993,95,98,100,97,81,63
b1994,b1994,0,0,0,0,0,0
b1996,b1996,7,13,2,6,18,6
b1997,b1997,0,0,0,0,0,0
b1999,b1999,55,81,56,58,66,59
b2000,b2000,147,157,139,655,694,752
b2001,b2001,29,35,30,35,43,24
b2002,b2002,10,5,4,7,3,5
b2003,b2003,0,2,0,0,1,0
b2004,b2004,2,2,1,0,1,3
b2005,b2005,1,0,1,1,1,0
b2006,b2006,30,41,42,15,26,27
b2007,b2007,1043,1281,874,1181,1380,1416
b2008,b2008,1504,1713,999,510,712,501
b2009,b2009,2661,3405,1636,1563,2011,1751
b2010,b2010,132,156,103,63,93,73
b2011,b2011,438,435,334,1022,1106,994
b2012,b2012,54,39,49,459,550,464
b2013,b2013,167,126,144,1018,673,807
b2014,b2014,1066,984,1769,193,185,128
b2015,b2015,330,400,677,596,766,750
b2016,b2016,1237,1222,1336,2305,2587,2511
b2017,b2017,69,78,120,93,143,125
b2018,b2018,2,1,1,0,0,0
b2019,b2019,148,148,136,388,481,450
b2020,b2020,164,180,159,574,532,610
b2021,b2021,144,119,110,436,414,490
b2022,b2022,176,200,118,428,424,390
b2023,b2023,89,63,67,211,218,223
b2024,b2024,73,95,91,253,261,249
b2025,b2025,132,115,69,234,269,258
b2026,b2026,130,158,115,308,355,318
b2027,b2027,3846,3979,3424,1997,2277,1608
b2028,b2028,195,170,177,119,125,84
b2029,b2029,2989,3270,2772,3224,3161,3408
b2030,b2030,0,0,0,0,0,0
b2032,b2032,537,646,441,658,688,736
b2033,b2033,214,209,196,303,287,301
b2034,b2034,526,518,358,534,692,684
b2035,b2035,443,428,319,532,638,648
b2036,b2036,649,698,500,818,921,895
b2037,b2037,516,498,489,567,621,585
b2038,b2038,187,180,137,185,254,203
b2039,b2039,608,533,470,420,473,406
b2040,b2040,739,622,587,377,475,371
b2041,b2041,1302,1180,1084,636,661,530
b2042,b2042,2553,3079,1998,1829,1631,1419
b2043,b2043,36,56,39,20,12,24
b2044,b2044,68,61,84,50,38,36
b2045,b2045,43,47,52,26,27,20
b2046,b2046,48,46,48,10,15,13
b2047,b2047,25,38,39,12,27,15
b2048,b2048,51,61,75,18,26,27
b2049,b2049,50,55,62,20,17,13
b2050,b2050,34,43,56,5,7,5
b2051,b2051,9,12,23,0,5,4
b2052,b2052,29,31,90,8,12,4
b2053,b2053,44,51,125,4,7,5
b2054,b2054,13,10,31,0,0,1
b2055,b2055,18,17,62,3,4,1
b2056,b2056,20,24,40,5,5,4
b2057,b2057,24,21,60,8,12,11
b2058,b2058,6,7,8,4,2,2
b2059,b2059,18,23,47,5,9,2
b2060,b2060,55,55,139,5,4,6
b2061,b2061,1,2,13,0,1,0
b2062,b2062,33,23,88,6,1,3
b2063,b2063,373,411,350,577,616,517
b2064,b2064,1143,1153,919,970,1027,951
b2065,b2065,1152,1193,932,958,898,862
b2066,b2066,399,412,347,140,155,80
b2067,b2067,829,862,637,795,1089,882
b2068,b2068,183,230,150,529,517,454
b2069,b2069,302,270,483,163,121,97
b2070,b2070,135,125,115,141,140,154
b2071,b2071,13,32,24,3,7,3
b2072,b2072,12,11,22,3,6,6
b2073,b2073,44,31,35,15,21,18
b2074,b2074,245,247,231,141,179,168
b2075,b2075,384,391,286,310,396,272
b2076,b2076,364,433,291,341,432,379
b2077,b2077,110,150,93,115,161,96
b2078,b2078,129,119,82,129,146,120
b2079,b2079,186,220,167,360,415,369
b2080,b2080,708,1318,707,2984,4170,4187
b2081,b2081,694,754,788,559,653,486
b2082,b2082,33,49,51,20,17,24
b2083,b2083,12,11,21,6,9,4
b2085,b2085,18,12,14,6,6,9
b2086,b2086,797,1179,579,517,570,509
b2088,b2088,1,0,2,0,0,0
b2089,b2089,12,16,29,2,5,4
b2091,b2091,8977,10752,5413,13000,12469,12353
b2092,b2092,22182,28545,14634,36739,34766,35781
b2093,b2093,1973,2516,1227,3186,3269,3554
b2094,b2094,5295,6827,3459,9580,8547,8955
b2095,b2095,27717,34811,18271,68115,62029,66685
b2096,b2096,26644,33340,17798,76620,73379,77905
b2097,b2097,2624,3926,1972,8498,11450,10311
b2098,b2098,56,60,41,45,51,40
b2099,b2099,92,70,53,49,66,61
b2100,b2100,93,111,64,59,83,61
b2101,b2101,322,363,295,150,129,157
b2102,b2102,173,156,163,68,62,59
b2103,b2103,440,394,391,191,163,224
b2104,b2104,513,456,456,157,177,169
b2105,b2105,43,44,46,15,27,21
b2106,b2106,49,46,123,13,17,14
b2107,b2107,271,373,292,80,109,95
b2108,b2108,20,16,20,1,0,1
b2109,b2109,18,29,19,3,4,4
b2110,b2110,10,5,2,0,2,1
b2111,b2111,29,54,22,9,20,13
b2112,b2112,111,157,85,62,68,59
b2113,b2113,1682,1608,1403,3294,3283,3408
b2114,b2114,2081,2079,1665,1607,1560,1306
b2118,b2118,116,124,86,47,51,42
b2119,b2119,26,25,27,1,1,2
b2120,b2120,42,64,63,20,30,22
b2121,b2121,16,14,17,7,14,9
b2122,b2122,53,76,51,44,59,56
b2123,b2123,17,15,13,6,16,13
b2124,b2124,590,560,527,520,642,615
b2125,b2125,303,267,158,168,143,116
b2126,b2126,601,664,382,289,263,256
b2127,b2127,283,350,211,607,689,512
b2128,b2128,175,212,137,185,273,172
b2129,b2129,123,123,73,135,177,133
b2130,b2130,258,340,191,186,308,181
b2131,b2131,702,938,473,466,610,406
b2132,b2132,917,978,785,462,540,446
b2133,b2133,2625,2714,1576,3777,3494,3573
b2134,b2134,293,287,213,415,488,383
b2135,b2135,304,586,307,3821,5145,4264
b2136,b2136,415,549,364,419,472,314
b2137,b2137,193,320,187,396,581,536
b2139,b2139,32,34,38,14,5,14
b2140,b2140,173,194,206,55,49,30
b2141,b2141,17,32,31,41,51,46
b2142,b2142,77,110,87,183,255,235
b2143,b2143,608,830,506,660,523,681
b2144,b2144,51,62,43,41,43,24
b2145,b2145,22,27,18,17,20,6
b2146,b2146,146,224,154,310,493,497
b2147,b2147,184,246,135,328,553,539
b2148,b2148,580,549,268,299,372,359
b2149,b2149,884,755,396,295,390,306
b2150,b2150,4309,4100,2107,3626,3330,4204
b2151,b2151,681,698,402,325,245,199
b2152,b2152,288,301,278,170,206,115
b2153,b2153,1248,1186,932,1027,1089,955
b2154,b2154,573,609,447,1450,1625,1587
b2155,b2155,347,288,994,109,132,121
b2156,b2156,1018,1195,819,1006,1422,931
b2157,b2157,672,799,522,1203,1981,1227
b2158,b2158,249,266,209,158,235,178
b2159,b2159,460,454,392,434,473,528
b2160,b2160,383,350,313,293,284,325
b2161,b2161,44,54,37,23,31,19
b2162,b2162,13,15,6,6,8,6
b2163,b2163,22,42,28,5,13,6
b2164,b2164,167,194,159,98,114,70
b2165,b2165,82,87,57,17,15,14
b2166,b2166,47,68,28,11,9,2
b2167,b2167,1052,1171,849,1896,1879,1756
b2168,b2168,292,395,321,802,690,738
b2169,b2169,200,234,292,1118,936,1058
b2170,b2170,237,303,220,125,86,74
b2171,b2171,533,577,563,168,118,107
b2172,b2172,573,503,330,420,377,394
b2173,b2173,696,985,636,78,82,52
b2174,b2174,402,509,337,18,18,20
b2175,b2175,3109,2864,2269,387,338,208
b2176,b2176,534,466,368,185,225,168
b2177,b2177,472,517,382,637,714,663
b2178,b2178,137,196,122,142,180,140
b2179,b2179,207,218,147,112,148,123
b2180,b2180,350,384,217,277,258,253
b2181,b2181,806,826,1383,528,786,552
b2182,b2182,933,773,817,455,583,408
b2183,b2183,926,900,819,471,461,393
b2184,b2184,254,261,219,484,489,489
b2185,b2185,4309,4186,5209,1343,2354,1296
b2186,b2186,816,790,678,347,349,346
b2187,b2187,245,185,176,181,148,218
b2188,b2188,1465,1374,1288,1252,1290,1054
b2189,b2189,10,15,17,3,4,2
b2190,b2190,317,304,332,257,327,263
b2192,b2192,0,0,0,0,0,0
b2193,b2193,453,499,439,232,355,258
b2194,b2194,207,263,187,286,295,340
b2195,b2195,47,75,46,83,80,111
b2196,b2196,235,259,196,217,245,252
b2197,b2197,65,97,44,82,84,82
b2198,b2198,0,1,0,2,0,0
b2199,b2199,140,178,113,138,105,114
b2200,b2200,71,113,69,64,41,57
b2201,b2201,158,211,160,143,112,120
b2202,b2202,110,206,104,111,98,158
b2203,b2203,78,114,56,26,19,59
b2204,b2204,198,291,133,75,24,166
b2205,b2205,233,329,226,92,44,192
b2206,b2206,2255,2939,1577,932,155,1582
b2207,b2207,24,27,18,4,0,10
b2208,b2208,662,908,487,233,25,244
b2209,b2209,1246,1540,1080,1013,1006,1110
b2210,b2210,627,527,1115,70,82,59
b2211,b2211,652,421,782,234,226,156
b2212,b2212,60,90,58,129,126,102
b2213,b2213,376,426,345,649,784,603
b2214,b2214,282,238,277,150,154,130
b2215,b2215,39830,49281,31453,156387,159620,173642
b2216,b2216,2163,2217,1712,2086,2093,1975
b2217,b2217,1810,1982,1602,2022,2206,2040
b2218,b2218,1716,1970,1581,1456,1350,1341
b2219,b2219,214,302,179,307,249,323
b2220,b2220,177,213,123,192,170,178
b2221,b2221,4,4,0,3,0,1
b2222,b2222,3,1,3,0,1,4
b2223,b2223,24,20,13,6,10,7
b2224,b2224,28,24,18,22,49,17
b2225,b2225,27,45,26,12,34,22
b2226,b2226,46,44,49,36,34,24
b2229,b2229,8,13,20,2,1,2
b2230,b2230,140,133,142,39,43,57
b2231,b2231,6740,6707,6231,6317,6185,5315
b2232,b2232,655,642,567,673,589,505
b2233,b2233,322,317,286,291,371,274
b2234,b2234,2752,2436,2024,498,611,453
b2235,b2235,947,833,632,495,536,486
b2236,b2236,33,42,43,29,25,22
b2237,b2237,1758,2534,2027,543,551,519
b2238,b2238,8,8,13,0,3,2
b2239,b2239,457,526,633,307,291,287
b2240,b2240,285,366,677,226,63,118
b2241,b2241,57,72,249,724,186,463
b2242,b2242,56,67,127,238,52,71
b2243,b2243,27,43,67,83,23,55
b2244,b2244,21,18,15,13,18,15
b2245,b2245,17,14,11,33,25,20
b2246,b2246,17,34,14,24,30,21
b2247,b2247,91,130,58,164,157,176
b2248,b2248,27,18,19,38,31,31
b2249,b2249,669,831,604,1011,1032,999
b2250,b2250,119,101,90,36,53,28
b2251,b2251,55,58,46,20,29,21
b2252,b2252,11,21,15,11,9,6
b2253,b2253,129,202,127,79,92,69
b2254,b2254,46,77,54,19,39,11
b2255,b2255,406,419,333,148,222,143
b2256,b2256,132,148,108,49,58,41
b2257,b2257,121,99,95,56,81,53
b2258,b2258,12,16,15,17,14,10
b2259,b2259,241,263,173,419,357,366
b2260,b2260,490,447,355,422,447,422
b2261,b2261,667,770,516,934,864,856
b2262,b2262,619,729,461,846,895,925
b2263,b2263,100,72,68,30,36,29
b2264,b2264,927,1070,668,698,572,555
b2265,b2265,1035,1131,729,687,816,569
b2266,b2266,4545,6776,3463,6886,7922,7883
b2267,b2267,227,234,141,137,181,156
b2268,b2268,290,305,227,178,163,125
b2269,b2269,24,19,11,7,5,5
b2270,b2270,31,28,34,1,12,6
b2271,b2271,11,8,15,0,3,0
b2272,b2272,11,20,17,38,19,19
b2273,b2273,11,12,16,6,4,4
b2274,b2274,3,10,7,1,0,0
b2275,b2275,35,43,53,12,14,6
b2276,b2276,2396,2889,1914,5990,6022,5956
b2277,b2277,1766,2145,1351,3296,3360,3219
b2278,b2278,2901,3586,2033,6211,6221,6207
b2279,b2279,48,52,49,101,131,118
b2280,b2280,488,634,394,1188,1359,1406
b2281,b2281,658,754,449,1145,1228,1212
b2282,b2282,1328,1700,929,2994,3027,3013
b2283,b2283,5318,5627,3330,8794,9021,9174
b2284,b2284,2971,2825,1760,3571,3821,3753
b2285,b2285,888,928,520,1264,1199,1187
b2286,b2286,4444,3989,2577,4511,4383,4063
b2287,b2287,2465,2345,1517,2411,2449,2140
b2288,b2288,2316,2116,1355,2262,1935,1783
b2289,b2289,406,445,474,484,455,430
b2290,b2290,700,716,556,806,776,833
b2291,b2291,138,160,139,306,304,357
b2292,b2292,770,990,674,1929,1321,1752
b2293,b2293,515,538,395,806,858,828
b2294,b2294,280,341,248,402,417,398
b2295,b2295,714,781,579,1357,1856,1510
b2296,b2296,2541,3215,2512,3457,2842,2898
b2297,b2297,3048,3536,2632,3423,3245,3523
b2298,b2298,70,65,82,29,37,31
b2299,b2299,578,575,549,458,566,531
b2300,b2300,517,539,475,455,527,490
b2301,b2301,382,413,269,446,488,346
b2302,b2302,237,359,227,282,285,230
b2303,b2303,333,348,270,280,274,246
b2304,b2304,1316,1613,1044,1986,1739,1906
b2305,b2305,81,81,61,22,28,29
b2306,b2306,254,212,117,82,116,59
b2307,b2307,113,116,68,44,86,41
b2308,b2308,216,185,128,110,196,127
b2309,b2309,943,938,539,688,989,712
b2310,b2310,1488,1381,803,689,904,601
b2311,b2311,196,194,157,95,98,91
b2312,b2312,868,763,759,728,803,610
b2313,b2313,734,675,621,415,499,377
b2314,b2314,1026,973,889,978,1061,1013
b2315,b2315,594,586,507,374,363,248
b2316,b2316,3387,3394,3001,1990,2000,1595
b2317,b2317,383,397,294,404,351,387
b2318,b2318,320,332,248,462,359,430
b2319,b2319,398,481,396,483,481,463
b2320,b2320,881,951,771,1016,1103,1003
b2321,b2321,498,618,522,223,230,224
b2322,b2322,275,210,247,47,50,40
b2323,b2323,2748,3010,2324,6388,5239,5442
b2324,b2324,433,470,386,495,505,396
b2325,b2325,277,264,214,156,142,175
b2326,b2326,282,255,254,196,177,220
b2327,b2327,253,236,230,228,255,187
b2328,b2328,313,292,236,241,230,186
b2329,b2329,733,730,592,776,790,693
b2330,b2330,802,796,662,401,377,327
b2331,b2331,557,577,481,772,849,795
b2332,b2332,352,420,355,198,224,185
b2333,b2333,2,10,7,5,3,5
b2334,b2334,5,5,3,3,4,3
b2335,b2335,6,2,12,6,1,4
b2336,b2336,7,4,10,3,4,1
b2339,b2339,15,13,36,0,1,0
b2340,b2340,1667,1853,1575,1248,1748,1453
b2341,b2341,3461,3490,1876,1902,2183,1709
b2342,b2342,1653,1719,959,788,1121,750
b2343,b2343,2586,3821,2355,3938,4579,5278
b2344,b2344,9121,7560,4418,1528,2281,1624
b2345,b2345,36,37,26,6,11,4
b2346,b2346,1540,1973,1404,1247,1471,1166
b2347,b2347,143,201,105,351,275,297
b2348,b2348,3,3,6,0,0,0
b2349,b2349,166,125,241,14,16,15
b2350,b2350,206,172,195,41,40,29
b2351,b2351,281,241,226,89,118,70
b2352,b2352,278,229,189,76,91,67
b2353,b2353,26,18,20,23,59,23
b2354,b2354,13,6,7,3,4,1
b2355,b2355,1,2,2,1,0,1
b2356,b2356,0,3,0,0,0,0
b2357,b2357,0,2,2,0,0,0
b2358,b2358,3,5,10,0,0,1
b2359,b2359,16,11,6,6,7,8
b2360,b2360,25,31,18,4,14,8
b2361,b2361,0,0,5,0,0,0
b2362,b2362,0,1,1,0,0,0
b2363,b2363,0,0,2,0,1,0
b2364,b2364,73,89,67,67,54,65
b2365,b2365,303,118,72,52,35,80
b2366,b2366,1394,551,302,133,84,151
b2367,b2367,22,44,26,3,3,2
b2368,b2368,8,23,14,0,8,3
b2369,b2369,381,476,284,353,553,410
b2370,b2370,748,727,468,393,640,359
b2371,b2371,27,29,29,8,31,11
b2372,b2372,10,15,16,1,3,1
b2373,b2373,22,26,36,4,10,6
b2374,b2374,15,14,33,4,5,5
b2375,b2375,13,24,26,3,3,0
b2376,b2376,1,6,2,0,0,0
b2377,b2377,231,242,171,328,458,417
b2378,b2378,1227,1168,1312,2239,3520,2555
b2379,b2379,361,356,355,282,352,278
b2380,b2380,411,472,322,712,815,638
b2381,b2381,193,218,145,336,364,312
b2382,b2382,152,189,114,218,212,215
b2383,b2383,94,113,92,72,73,61
b2384,b2384,27,18,12,16,16,14
b2385,b2385,18,21,19,21,20,19
b2386,b2386,18,25,13,17,15,14
b2387,b2387,6,13,5,4,3,4
b2388,b2388,1054,1139,772,1241,1197,1138
b2389,b2389,145,206,108,199,264,214
b2390,b2390,854,1122,905,3377,1884,3232
b2392,b2392,884,977,816,608,1033,647
b2393,b2393,1186,1307,899,400,458,366
b2394,b2394,0,0,0,0,0,0
b2395,b2395,494,427,705,184,210,171
b2396,b2396,35,20,60,0,1,0
b2397,b2397,2,1,3,0,0,1
b2398,b2398,309,379,230,257,256,285
b2399,b2399,313,334,213,105,102,85
b2400,b2400,3052,3217,2454,2311,2284,1943
b2401,b2401,1,1,1,0,0,3
b2402,b2402,79,61,76,7,7,6
b2403,b2403,0,0,0,0,0,0
b2404,b2404,0,0,0,0,0,0
b2405,b2405,161,156,162,92,124,121
b2406,b2406,84,87,106,116,123,104
b2407,b2407,7,22,11,9,8,10
b2408,b2408,57,60,55,12,29,12
b2409,b2409,60,85,83,46,63,38
b2410,b2410,370,401,281,1223,1202,1340
b2411,b2411,1397,1409,1151,795,1085,789
b2412,b2412,3463,3922,2905,2079,2150,1882
b2413,b2413,393,426,397,315,259,210
b2414,b2414,1529,1580,1088,13538,6629,10321
b2415,b2415,1850,2384,1542,2818,3324,3011
b2416,b2416,7068,9302,5742,10377,12185,11361
b2417,b2417,6138,8028,4938,8050,10132,9718
b2418,b2418,200,274,180,137,179,189
b2419,b2419,79,69,50,28,27,23
b2420,b2420,133,133,120,20,30,20
b2421,b2421,363,386,286,1020,1263,922
b2422,b2422,160,118,118,4343,3745,3398
b2423,b2423,79,71,41,2094,1668,1708
b2424,b2424,40,42,30,1480,993,1251
b2425,b2425,122,94,79,3518,2067,3696
b2426,b2426,4737,5108,3117,6543,4781,6002
b2427,b2427,105,93,65,97,66,56
b2428,b2428,166,250,147,96,95,89
b2429,b2429,177,199,115,95,100,94
b2430,b2430,145,190,99,111,107,136
b2431,b2431,1859,2435,1747,2437,2119,2142
b2432,b2432,436,492,478,171,205,174
b2433,b2433,59,48,52,41,62,34
b2434,b2434,173,205,134,118,123,117
b2435,b2435,722,668,694,456,493,462
b2436,b2436,376,390,359,271,319,239
b2437,b2437,89,103,53,202,212,253
b2438,b2438,73,92,63,176,187,198
b2439,b2439,77,89,52,163,164,163
b2440,b2440,145,163,117,306,313,363
b2441,b2441,120,126,118,259,345,310
b2442,b2442,240,220,225,404,505,310
b2443,b2443,55,91,50,43,62,66
b2444,b2444,3,3,0,1,1,8
b2445,b2445,5,5,4,0,2,1
b2446,b2446,4,10,4,5,6,5
b2447,b2447,23,24,21,13,31,15
b2448,b2448,5,12,6,2,5,4
b2449,b2449,41,107,45,108,147,173
b2450,b2450,297,290,198,176,184,162
b2451,b2451,61,69,43,50,66,45
b2452,b2452,55,68,34,45,60,37
b2453,b2453,36,56,25,42,37,46
b2454,b2454,31,24,11,27,13,12
b2455,b2455,66,48,36,47,41,50
b2456,b2456,8,7,8,4,5,9
b2457,b2457,60,66,43,53,54,67
b2458,b2458,72,63,56,42,43,43
b2459,b2459,69,84,58,41,41,30
b2460,b2460,54,48,32,17,26,32
b2461,b2461,28,30,15,10,16,7
b2462,b2462,33,29,31,7,6,12
b2463,b2463,6969,6904,4167,3832,4378,3904
b2464,b2464,1089,1636,876,3649,5896,5131
b2465,b2465,2516,3687,1929,11371,16118,14375
b2466,b2466,840,848,799,1598,1041,1293
b2467,b2467,274,335,206,344,339,316
b2468,b2468,266,337,236,131,110,128
b2469,b2469,327,361,280,324,413,282
b2470,b2470,294,286,258,167,275,158
b2471,b2471,181,198,106,52,67,51
b2472,b2472,736,767,630,242,254,205
b2473,b2473,507,526,384,616,790,685
b2474,b2474,856,994,737,605,745,508
b2475,b2475,720,861,583,1148,1382,1135
b2476,b2476,404,364,301,597,741,597
b2477,b2477,3721,3732,3399,2120,2368,1950
b2478,b2478,3302,3292,2648,2882,2740,2698
b2479,b2479,436,498,316,546,527,510
b2480,b2480,676,629,455,477,360,316
b2481,b2481,9,10,7,1,1,1
b2482,b2482,45,54,48,27,28,11
b2483,b2483,3,6,2,2,2,3
b2484,b2484,16,9,5,9,11,2
b2485,b2485,1,6,4,1,5,2
b2486,b2486,41,56,42,60,53,47
b2487,b2487,63,86,62,67,60,50
b2488,b2488,10,16,5,9,12,8
b2489,b2489,12,18,12,17,15,16
b2490,b2490,10,9,6,6,12,6
b2491,b2491,48,67,40,30,34,28
b2492,b2492,45,45,39,27,37,20
b2493,b2493,776,825,751,505,562,425
b2494,b2494,685,755,577,659,803,691
b2495,b2495,365,360,291,301,387,297
b2496,b2496,668,601,650,417,354,324
b2497,b2497,559,448,437,36,34,40
b2498,b2498,1191,1264,1235,484,419,424
b2499,b2499,785,696,680,329,416,246
b2500,b2500,261,253,299,175,201,150
b2501,b2501,1453,1520,1054,2177,2349,2364
b2502,b2502,1070,1027,795,1376,1538,1314
b2503,b2503,142,135,134,27,23,32
b2504,b2504,133,135,127,257,292,342
b2505,b2505,33,32,48,4,2,3
b2506,b2506,44,62,52,9,33,14
b2507,b2507,2089,2027,2023,3279,4099,3330
b2508,b2508,1476,1440,1913,1182,1595,1127
b2509,b2509,1004,1130,1022,2082,2181,1594
b2510,b2510,199,186,189,154,212,128
b2511,b2511,2632,2278,2319,1424,2005,1463
b2512,b2512,3498,3463,3054,2899,4130,3161
b2513,b2513,1142,1158,1012,978,1231,998
b2514,b2514,3453,3162,2617,3000,3630,2894
b2515,b2515,2752,2804,2264,3628,4161,3688
b2516,b2516,2965,2698,2321,2722,2982,2633
b2517,b2517,3727,3427,3001,882,764,567
b2518,b2518,2031,1883,1438,447,417,301
b2519,b2519,512,536,391,226,216,210
b2520,b2520,4666,5096,3548,6046,6611,5926
b2521,b2521,1872,2255,1268,4946,3800,4817
b2522,b2522,424,388,419,325,388,261
b2523,b2523,1273,1250,1204,1448,1425,1278
b2524,b2524,207,160,235,158,177,197
b2525,b2525,138,141,169,144,194,141
b2526,b2526,1783,1676,2188,1082,1469,1084
b2527,b2527,365,289,453,127,206,140
b2528,b2528,1007,912,1176,714,877,646
b2529,b2529,699,605,783,432,705,592
b2530,b2530,2959,2607,3651,1789,2827,2312
b2531,b2531,898,808,1372,684,1143,956
b2532,b2532,1391,1422,1444,3107,3211,3119
b2533,b2533,1674,1372,1962,198,123,136
b2534,b2534,60,54,102,0,4,5
b2535,b2535,3142,4255,2258,7722,7399,7943
b2536,b2536,701,595,510,287,268,210
b2537,b2537,595,668,343,167,252,145
b2538,b2538,254,242,218,165,218,140
b2539,b2539,34,21,17,11,26,10
b2540,b2540,6,12,2,6,6,1
b2541,b2541,53,45,57,36,47,38
b2542,b2542,60,76,42,59,66,45
b2543,b2543,384,545,275,160,225,164
b2544,b2544,73,73,61,60,89,71
b2545,b2545,71,108,74,94,98,70
b2546,b2546,17,37,19,17,25,24
b2547,b2547,55,50,42,29,39,45
b2548,b2548,22,30,25,17,24,21
b2549,b2549,81,112,89,85,120,97
b2550,b2550,137,134,134,123,120,125
b2551,b2551,7017,6171,4513,6359,4928,4687
b2552,b2552,177,340,285,514,242,3864
b2553,b2553,456,510,368,594,605,498
b2554,b2554,352,332,305,164,223,186
b2555,b2555,288,257,236,95,117,75
b2556,b2556,615,656,556,196,224,212
b2557,b2557,1960,1613,1657,4318,5255,4301
b2558,b2558,320,284,440,74,85,52
b2559,b2559,388,371,390,127,176,109
b2560,b2560,401,427,299,372,502,325
b2561,b2561,169,162,172,40,53,45
b2562,b2562,115,101,167,11,5,12
b2563,b2563,64,84,78,38,38,51
b2564,b2564,505,538,465,487,479,410
b2565,b2565,366,341,320,100,113,94
b2566,b2566,1773,1712,1456,556,681,453
b2567,b2567,1367,1401,1125,377,550,337
b2568,b2568,2340,2203,1938,1783,1892,1568
b2569,b2569,4945,4299,4246,2198,2313,1764
b2570,b2570,1045,960,871,337,374,277
b2571,b2571,1790,1818,1658,1114,1355,1007
b2572,b2572,3981,4537,4574,4088,5383,4396
b2573,b2573,2598,3006,2770,2326,3281,2749
b2574,b2574,524,514,1219,66,70,66
b2575,b2575,309,322,280,140,131,106
b2576,b2576,1613,1620,1311,732,651,545
b2577,b2577,192,192,145,152,140,122
b2578,b2578,77,80,64,44,98,68
b2579,b2579,3090,3534,2183,19428,25287,26716
b2580,b2580,284,265,221,274,289,295
b2581,b2581,2660,2551,2330,1104,917,855
b2582,b2582,393,361,462,182,268,271
b2583,b2583,169,123,151,49,38,50
b2584,b2584,2950,3765,2138,10260,7307,9011
b2585,b2585,2081,2211,1579,2188,1886,1834
b2586,b2586,38,40,24,38,50,49
b2587,b2587,5145,4113,4380,3511,5713,3527
b2588,b2588,0,0,0,0,0,0
b2589,b2589,0,0,0,0,0,0
b2590,b2590,1,0,2,0,0,0
b2591,b2591,0,0,0,0,0,0
b2592,b2592,2544,3194,2314,8079,11760,9636
b2593,b2593,526,535,460,353,445,286
b2594,b2594,1165,1145,994,472,604,438
b2595,b2595,2248,2262,1795,1821,1947,1580
b2597,b2597,13322,17787,10079,25902,24478,31852
b2598,b2598,2,5,5,14,7,4
b2599,b2599,593,659,468,831,1027,1051
b2600,b2600,720,705,761,303,415,304
b2601,b2601,916,1021,1017,318,414,314
b2602,b2602,51,73,58,45,85,54
b2603,b2603,175,234,202,86,87,48
b2604,b2604,141,178,151,88,129,74
b2605,b2605,129,140,101,72,64,60
b2606,b2606,9579,9065,10186,4610,5559,5487
b2607,b2607,18329,16526,17784,9951,10529,9686
b2608,b2608,10037,8939,9776,5632,6008,5463
b2609,b2609,4994,4521,4637,2588,2758,2419
b2610,b2610,4114,4236,3814,6789,7482,7096
b2611,b2611,310,304,228,237,216,181
b2614,b2614,1856,1999,1574,1724,1871,1637
b2615,b2615,624,712,429,500,442,446
b2616,b2616,11953,13626,12284,269,365,300
b2617,b2617,2570,2750,2812,949,937,961
b2618,b2618,54,63,79,44,66,47
b2619,b2619,277,267,263,271,258,267
b2620,b2620,1262,1248,1037,1169,1294,1386
b2621,b2621,368442,426865,326880,784500,1103266,858749
b2622,b2622,305,309,273,504,523,557
b2623,b2623,38,44,49,12,11,9
b2624,b2624,1,2,5,2,2,5
b2625,b2625,5,9,9,3,2,3
b2626,b2626,12,7,12,0,4,2
b2627,b2627,575,693,430,397,494,443
b2628,b2628,600,756,491,355,384,310
b2629,b2629,30,27,25,2,5,5
b2630,b2630,852,964,729,514,826,570
b2631,b2631,179,185,196,72,130,128
b2632,b2632,53,56,57,20,37,36
b2633,b2633,26,14,9,4,8,7
b2634,b2634,6,9,6,1,2,5
b2635,b2635,0,0,0,0,0,0
b2636,b2636,0,3,2,1,0,0
b2637,b2637,13,20,15,11,19,10
b2638,b2638,3,7,4,5,2,1
b2641,b2641,106,132,119,62,67,35
b2642,b2642,187,198,120,197,236,158
b2643,b2643,0,0,0,0,0,1
b2644,b2644,0,2,0,0,0,0
b2645,b2645,1,3,1,0,0,0
b2646,b2646,2,8,6,1,0,2
b2647,b2647,188,253,208,50,115,81
b2648,b2648,4,6,11,0,0,0
b2650,b2650,10,24,19,2,1,1
b2652,b2652,0,1,2,0,1,0
b2659,b2659,1458,1254,650,1471,457,1921
b2660,b2660,1548,1343,690,1918,834,2392
b2661,b2661,3598,3069,1562,4931,2356,6210
b2662,b2662,5320,4149,2204,7661,3105,9519
b2663,b2663,842,722,332,1181,438,1423
b2664,b2664,432,391,202,536,295,768
b2665,b2665,2042,3755,1925,7576,12276,10613
b2666,b2666,146,232,150,59,140,93
b2667,b2667,204,274,411,6,16,11
b2668,b2668,567,677,1142,38,57,37
b2669,b2669,52,54,93,0,10,1
b2670,b2670,462,529,687,1355,1298,1776
b2671,b2671,382,399,402,102,129,79
b2672,b2672,2457,3533,1863,1673,2256,1971
b2673,b2673,21,33,27,26,18,19
b2674,b2674,8,17,19,25,21,7
b2675,b2675,115,101,181,272,162,157
b2676,b2676,44,52,39,59,55,24
b2677,b2677,153,121,356,31,69,25
b2678,b2678,155,109,327,50,59,25
b2679,b2679,106,84,147,41,54,47
b2681,b2681,384,457,335,55,59,38
b2682,b2682,340,426,372,305,420,347
b2683,b2683,54,42,45,33,40,37
b2684,b2684,736,703,985,288,311,268
b2685,b2685,547,513,786,137,187,104
b2686,b2686,473,430,628,198,228,193
b2687,b2687,2120,2653,1894,2312,3458,2799
b2688,b2688,3151,3398,3332,2043,2625,2207
b2689,b2689,396,462,528,182,222,158
b2690,b2690,682,647,899,355,315,306
b2691,b2691,15,8,17,0,1,0
b2692,b2692,9,13,17,0,3,5
b2693,b2693,60,56,47,10,6,0
b2694,b2694,3,9,7,0,3,2
b2695,b2695,46,54,48,13,13,6
b2696,b2696,5254,7237,4345,6098,10068,7650
b2697,b2697,7787,7158,6992,6391,7460,6296
b2698,b2698,728,670,821,58,59,62
b2699,b2699,37046,38894,38351,4953,4985,5109
b2700,b2700,277,291,191,115,97,87
b2701,b2701,543,489,371,234,272,187
b2702,b2702,64,70,55,25,20,25
b2703,b2703,121,129,106,35,32,40
b2704,b2704,27,37,17,19,11,10
b2705,b2705,206,275,207,82,77,93
b2706,b2706,14,37,19,18,12,24
b2707,b2707,227,267,164,175,124,172
b2708,b2708,351,407,260,269,208,275
b2709,b2709,495,638,495,244,133,169
b2710,b2710,116,127,73,49,57,50
b2711,b2711,73,79,75,21,41,17
b2712,b2712,336,404,261,204,205,239
b2713,b2713,50,60,37,18,16,7
b2714,b2714,271,269,223,138,118,109
b2715,b2715,149,181,144,96,94,79
b2716,b2716,195,207,182,149,151,137
b2717,b2717,166,209,124,284,239,255
b2718,b2718,17,18,20,19,18,22
b2719,b2719,22,30,23,36,22,19
b2720,b2720,4,4,5,3,12,4
b2721,b2721,33,29,29,17,33,22
b2722,b2722,9,9,12,8,5,9
b2723,b2723,30,36,32,20,13,12
b2724,b2724,6,4,3,3,3,6
b2725,b2725,2,2,2,1,1,0
b2726,b2726,10,12,4,4,5,7
b2727,b2727,393,735,377,558,284,423
b2728,b2728,12,24,8,20,10,9
b2729,b2729,481,835,400,542,296,398
b2730,b2730,469,705,417,406,377,393
b2731,b2731,552,758,397,436,534,406
b2732,b2732,42,86,77,104,44,410
b2733,b2733,1450,1241,928,874,759,718
b2734,b2734,21,25,31,4,6,3
b2735,b2735,208,203,128,364,359,384
b2736,b2736,36,56,47,26,36,28
b2737,b2737,83,92,69,39,68,63
b2738,b2738,34,34,27,26,38,36
b2739,b2739,37,67,34,25,36,25
b2740,b2740,70,69,67,39,53,35
b2741,b2741,7683,7964,6461,12400,16796,14951
b2742,b2742,4337,4110,3235,3983,5392,3942
b2743,b2743,515,536,387,426,479,455
b2744,b2744,634,701,434,279,365,328
b2745,b2745,843,820,649,420,534,409
b2746,b2746,166,149,143,78,106,87
b2747,b2747,321,324,286,100,152,94
b2748,b2748,454,458,370,202,242,211
b2749,b2749,64,50,38,135,195,171
b2750,b2750,17,24,11,235,149,146
b2751,b2751,158,183,124,1797,1224,1502
b2752,b2752,50,48,55,1073,458,829
b2753,b2753,452,396,468,100,89,79
b2754,b2754,35,72,33,21,12,8
b2755,b2755,78,76,90,19,32,28
b2756,b2756,23,25,22,6,6,7
b2757,b2757,20,34,15,5,9,4
b2758,b2758,42,49,44,7,15,13
b2759,b2759,2,7,7,4,4,2
b2760,b2760,51,37,46,3,6,2
b2761,b2761,171,264,154,152,130,150
b2762,b2762,67,44,41,1493,1343,1314
b2763,b2763,138,114,82,4905,3285,3831
b2764,b2764,171,137,123,5569,2638,4424
b2765,b2765,245,218,206,33,47,26
b2766,b2766,559,561,373,241,138,156
b2767,b2767,5,4,7,4,1,1
b2768,b2768,139,105,81,43,34,36
b2769,b2769,47,33,27,39,27,15
b2770,b2770,15,14,12,15,12,18
b2771,b2771,23,21,24,18,9,11
b2774,b2774,13,6,4,2,0,4
b2775,b2775,27,41,19,4,3,2
b2776,b2776,60,44,44,29,24,27
b2777,b2777,330,344,268,502,698,551
b2778,b2778,6,3,8,2,3,0
b2779,b2779,12484,16714,10272,19265,24048,22267
b2780,b2780,5797,6425,5199,5345,6789,5927
b2781,b2781,545,677,492,512,700,509
b2782,b2782,45,38,45,55,43,39
b2783,b2783,30,26,22,26,42,30
b2784,b2784,1066,1117,774,1554,1484,1424
b2785,b2785,557,562,373,861,843,744
b2786,b2786,609,608,503,304,364,245
b2787,b2787,479,868,443,89,127,134
b2788,b2788,477,760,395,43,37,38
b2789,b2789,1194,1667,825,41,69,34
b2790,b2790,398,397,298,583,551,646
b2791,b2791,274,295,222,106,132,84
b2792,b2792,60,57,42,14,23,15
b2793,b2793,220,233,213,150,151,114
b2794,b2794,731,689,503,424,507,427
b2795,b2795,3445,4128,2353,5724,4785,5493
b2796,b2796,8125,7006,4409,1307,1188,1057
b2797,b2797,5573,4422,2860,776,752,705
b2798,b2798,578,402,333,217,164,145
b2799,b2799,548,702,401,438,374,457
b2800,b2800,74,70,41,40,49,40
b2801,b2801,188,226,112,44,49,42
b2802,b2802,507,549,316,271,198,191
b2803,b2803,193,206,104,63,68,55
b2804,b2804,65,75,39,76,48,58
b2805,b2805,542,570,307,705,582,535
b2806,b2806,652,743,813,267,334,275
b2807,b2807,77,81,83,55,71,50
b2808,b2808,224,202,243,134,173,176
b2809,b2809,810,1371,726,686,786,720
b2810,b2810,1656,1637,2112,954,1005,895
b2811,b2811,552,563,671,409,471,399
b2812,b2812,398,359,363,191,212,181
b2813,b2813,989,1094,847,414,436,307
b2814,b2814,19,21,13,38,22,22
b2815,b2815,0,0,0,0,0,0
b2816,b2816,21,6,23,0,0,0
b2817,b2817,967,978,826,261,345,265
b2818,b2818,136,183,188,128,123,90
b2819,b2819,696,699,507,934,1036,985
b2820,b2820,1431,1276,1067,1683,1816,1547
b2821,b2821,938,950,919,869,1112,786
b2822,b2822,1243,1216,1030,1241,1231,1114
b2823,b2823,42,44,38,52,82,42
b2824,b2824,40,47,27,55,41,43
b2825,b2825,73,96,53,108,77,71
b2826,b2826,80,61,53,91,40,46
b2827,b2827,661,655,518,421,427,395
b2828,b2828,428,459,333,280,294,209
b2829,b2829,1755,1746,1456,2311,2198,2178
b2830,b2830,1093,1099,940,2065,2199,2119
b2831,b2831,111,178,136,200,263,193
b2832,b2832,544,506,528,168,154,85
b2833,b2833,617,817,518,607,674,723
b2834,b2834,1750,1729,1174,1099,1151,1232
b2835,b2835,503,582,454,380,451,311
b2836,b2836,904,984,642,602,707,502
b2837,b2837,410,450,362,825,774,857
b2838,b2838,148,171,134,99,80,104
b2839,b2839,120,88,102,66,82,72
b2840,b2840,302,281,248,153,162,157
b2841,b2841,334,317,253,119,157,137
b2842,b2842,285,212,133,29,55,53
b2843,b2843,368,245,181,14,11,14
b2844,b2844,2503,1874,1108,542,560,387
b2845,b2845,255,299,262,135,147,136
b2846,b2846,24,14,21,4,7,4
b2847,b2847,90,134,80,38,23,30
b2848,b2848,9,28,13,3,4,4
b2849,b2849,0,9,6,0,0,0
b2850,b2850,0,6,1,0,0,0
b2851,b2851,1,3,1,0,1,0
b2852,b2852,8,7,6,0,2,4
b2853,b2853,3,5,6,0,4,1
b2854,b2854,1,1,3,0,0,0
b2856,b2856,11,4,30,1,0,4
b2858,b2858,8,12,19,0,0,0
b2859,b2859,9,5,8,1,1,1
b2860,b2860,0,0,0,0,0,0
b2861,b2861,0,0,0,0,0,0
b2863,b2863,452,393,782,18,33,13
b2864,b2864,14,9,21,0,1,0
b2865,b2865,546,562,455,287,296,299
b2866,b2866,456,765,481,143,153,141
b2867,b2867,74,126,68,23,49,25
b2868,b2868,49,116,68,28,36,29
b2869,b2869,2243,3114,1602,3571,2616,2854
b2870,b2870,330,939,497,36,31,29
b2871,b2871,242,611,360,28,23,21
b2872,b2872,223,647,326,39,38,40
b2873,b2873,91,231,133,10,12,14
b2874,b2874,226,292,186,109,115,100
b2875,b2875,1017,1499,779,412,290,350
b2876,b2876,553,877,455,328,176,216
b2877,b2877,430,742,388,493,404,305
b2878,b2878,1010,2355,1177,194,133,136
b2879,b2879,257,619,336,33,37,34
b2880,b2880,98,257,124,11,22,18
b2881,b2881,422,780,408,137,129,98
b2882,b2882,34,52,53,14,11,20
b2883,b2883,49,80,49,36,63,34
b2886,b2886,26,54,33,27,8,12
b2887,b2887,101,174,95,20,25,25
b2888,b2888,32,89,35,2,6,2
b2889,b2889,757,1125,798,287,381,325
b2890,b2890,3555,3195,2809,2369,2539,2289
b2891,b2891,2659,2499,2229,1553,1473,1283
b2892,b2892,1830,1692,1636,987,1147,884
b2893,b2893,649,592,522,417,513,411
b2894,b2894,865,846,793,599,646,521
b2895,b2895,542,534,540,679,737,732
b2896,b2896,492,446,329,533,458,469
b2897,b2897,578,618,408,766,753,667
b2898,b2898,2571,2942,2349,3246,2782,2978
b2899,b2899,2076,2469,1472,7159,7265,6868
b2900,b2900,223,201,157,149,165,167
b2901,b2901,869,945,789,1255,1205,1362
b2902,b2902,208,261,126,236,204,216
b2903,b2903,4805,4410,2513,11144,13123,12187
b2904,b2904,1388,1430,783,2015,2370,2323
b2905,b2905,3495,3520,1970,3664,4980,3709
b2906,b2906,697,706,574,948,1017,964
b2907,b2907,887,897,685,1898,1919,1800
b2908,b2908,1509,1626,1230,3638,3758,3808
b2909,b2909,898,843,723,1366,1465,1407
b2910,b2910,1021,1141,1059,1205,1542,1436
b2911,b2911,1591,1976,2284,3679,5946,3960
b2912,b2912,819,721,906,424,488,509
b2913,b2913,543,573,473,578,626,572
b2914,b2914,1284,1426,1017,1508,1429,1479
b2915,b2915,28,30,17,14,11,14
b2916,b2916,400,445,293,631,636,661
b2917,b2917,68,83,63,25,33,31
b2918,b2918,41,31,22,18,22,7
b2919,b2919,17,27,21,12,12,15
b2920,b2920,64,70,60,25,34,24
b2921,b2921,64,65,79,28,22,23
b2922,b2922,1739,1924,1377,1250,1266,1282
b2923,b2923,72,69,90,15,24,32
b2924,b2924,639,736,743,931,1515,1128
b2925,b2925,7892,9447,5819,11677,13020,12744
b2926,b2926,4853,5836,3847,6448,7314,7199
b2927,b2927,1562,1701,1471,1095,1220,1146
b2928,b2928,343,348,265,151,182,136
b2929,b2929,223,261,186,163,184,204
b2930,b2930,17,28,17,4,12,10
b2933,b2933,38,25,22,7,8,4
b2934,b2934,1,4,7,1,4,1
b2935,b2935,3741,3541,3387,3484,3048,3271
b2936,b2936,2308,2643,1788,3273,2728,2741
b2937,b2937,1697,1883,1583,2075,2511,2172
b2938,b2938,7196,6166,5801,2651,3617,3075
b2939,b2939,331,250,312,44,39,28
b2940,b2940,3,5,3,2,0,2
b2942,b2942,743,678,939,6538,4005,6582
b2943,b2943,377,428,585,62,113,63
b2944,b2944,61,57,74,11,12,9
b2945,b2945,77,81,98,12,10,12
b2946,b2946,515,619,573,256,323,245
b2947,b2947,1417,1730,1541,931,811,786
b2948,b2948,791,820,735,686,633,547
b2949,b2949,362,384,363,275,268,184
b2950,b2950,39,40,32,27,38,28
b2951,b2951,299,268,280,182,259,183
b2952,b2952,380,333,285,266,253,227
b2953,b2953,34,29,30,14,31,18
b2954,b2954,316,269,217,114,145,86
b2955,b2955,663,533,557,283,332,225
b2956,b2956,43,64,38,11,9,6
b2957,b2957,1338,2384,1351,477,316,759
b2958,b2958,458,525,487,232,301,201
b2959,b2959,992,1011,751,598,651,574
b2960,b2960,1200,1271,927,346,454,329
b2961,b2961,843,883,746,381,379,285
b2962,b2962,193,196,165,98,144,120
b2963,b2963,399,383,344,85,145,109
b2964,b2964,1111,1299,767,542,478,495
b2965,b2965,539,474,521,264,319,245
b2966,b2966,282,497,280,473,477,497
b2967,b2967,32,18,48,0,6,3
b2968,b2968,38,38,36,21,16,11
b2969,b2969,27,20,29,6,2,1
b2970,b2970,13,15,36,0,2,0
b2971,b2971,7,5,20,0,3,0
b2972,b2972,52,78,50,12,11,11
b2975,b2975,2496,3226,1662,67,56,50
b2976,b2976,23309,28501,14529,1682,2319,2153
b2977,b2977,2959,3899,1810,190,225,220
b2979,b2979,3606,3595,1903,1180,1213,1048
b2980,b2980,1248,1232,782,448,509,388
b2981,b2981,34,35,26,13,21,11
b2982,b2982,1,1,4,0,0,0
b2983,b2983,19,25,9,5,4,10
b2984,b2984,11,8,11,2,2,0
b2985,b2985,18,11,19,4,1,1
b2986,b2986,10,16,14,0,0,0
b2987,b2987,53,59,49,11,19,14
b2988,b2988,1327,1355,945,1454,1313,1316
b2989,b2989,1445,1769,1009,1505,1652,1641
b2990,b2990,66,49,39,28,49,24
b2991,b2991,25,26,23,14,14,9
b2992,b2992,148,199,125,50,64,54
b2993,b2993,237,298,218,98,110,85
b2994,b2994,871,1015,702,297,318,361
b2995,b2995,382,541,265,120,132,106
b2996,b2996,522,706,433,222,235,227
b2997,b2997,1092,1478,922,664,679,651
b2998,b2998,22,25,22,2,6,4
b3001,b3001,1899,2566,1291,2185,1844,2021
b3002,b3002,980,968,777,173,190,191
b3003,b3003,511,699,428,641,725,784
b3005,b3005,586,447,742,630,537,509
b3006,b3006,867,759,1013,971,797,737
b3008,b3008,156,151,127,738,449,603
b3009,b3009,1018,1145,769,1994,2323,2010
b3010,b3010,87,110,109,32,68,53
b3011,b3011,370,460,376,418,482,528
b3012,b3012,835,1379,651,1576,2123,2074
b3013,b3013,47,45,31,27,32,13
b3014,b3014,16,15,18,10,11,6
b3017,b3017,1092,1094,1010,1044,1038,982
b3018,b3018,481,454,458,296,298,206
b3019,b3019,2244,2279,2260,1465,1533,1406
b3020,b3020,685,669,828,300,295,241
b3021,b3021,375,465,478,165,207,221
b3022,b3022,258,280,297,102,163,142
b3023,b3023,228,295,163,156,254,179
b3024,b3024,3201,4574,2226,6229,8943,8456
b3025,b3025,97,68,73,87,71,69
b3026,b3026,153,166,115,119,139,113
b3027,b3027,17,29,23,4,4,4
b3028,b3028,184,288,276,193,175,179
b3029,b3029,1284,1627,1041,1823,2049,1885
b3030,b3030,3749,3178,2481,1115,1111,990
b3031,b3031,729,708,448,538,491,577
b3032,b3032,2351,2320,1446,3067,2492,2763
b3033,b3033,156,202,129,72,80,73
b3034,b3034,434,481,329,187,232,183
b3035,b3035,6183,7834,5647,3330,3662,3327
b3037,b3037,2768,2634,2060,3507,3853,3601
b3038,b3038,2794,2690,2106,2700,2984,2517
b3039,b3039,111,121,107,123,150,112
b3040,b3040,635,584,487,1202,1268,1214
b3041,b3041,3832,3457,2752,3079,2279,2706
b3042,b3042,563,596,482,422,438,487
b3043,b3043,23,21,25,0,1,1
b3044,b3044,0,0,0,0,0,0
b3045,b3045,0,0,0,0,0,0
b3046,b3046,35,36,58,6,10,5
b3047,b3047,5,3,2,0,0,0
b3048,b3048,11,25,30,6,1,5
b3049,b3049,477,835,459,1347,2339,2088
b3050,b3050,89,106,108,59,76,96
b3051,b3051,184,170,172,104,92,72
b3052,b3052,769,801,573,779,894,814
b3053,b3053,746,813,652,1565,1692,1462
b3054,b3054,367,359,294,546,638,585
b3055,b3055,999,1078,913,363,268,290
b3056,b3056,2081,2242,1680,1978,2039,1774
b3057,b3057,383,381,389,145,215,153
b3058,b3058,69,66,77,32,42,40
b3059,b3059,189,190,308,272,268,203
b3060,b3060,56,157,78,39,41,33
b3061,b3061,10,15,10,0,2,4
b3062,b3062,8,11,4,1,7,3
b3063,b3063,21,36,31,9,21,16
b3064,b3064,1346,1287,1209,606,509,426
b3065,b3065,7517,7235,7840,2128,2322,1692
b3066,b3066,3108,2836,3049,1133,1405,1061
b3067,b3067,9757,10444,9997,5528,6592,5483
b3068,b3068,499,576,496,594,779,731
b3069,b3069,5,2,7,2,0,0
b3070,b3070,91,62,142,78,80,64
b3071,b3071,123,176,192,108,143,142
b3072,b3072,526,570,486,100,180,121
b3073,b3073,884,1402,694,2538,3184,2441
b3074,b3074,66,129,78,108,129,88
b3075,b3075,621,720,517,519,403,440
b3076,b3076,302,363,268,243,207,172
b3077,b3077,24,38,15,16,20,20
b3078,b3078,34,66,36,31,33,19
b3079,b3079,12,11,5,0,4,1
b3080,b3080,82,93,72,22,41,22
b3081,b3081,2555,2493,1365,1775,1968,1298
b3082,b3082,61,62,62,39,31,30
b3083,b3083,22,17,28,4,8,5
b3084,b3084,561,573,586,176,159,125
b3085,b3085,67,81,59,102,89,117
b3086,b3086,29,27,24,5,6,4
b3087,b3087,1684,2219,1333,2995,2457,2673
b3088,b3088,475,397,560,79,244,101
b3089,b3089,4721,4648,2780,826,935,669
b3090,b3090,57,52,60,29,35,27
b3091,b3091,328,375,288,304,252,318
b3092,b3092,378,452,308,401,308,409
b3093,b3093,617,760,462,336,449,358
b3094,b3094,1093,1226,1165,1738,1839,1970
b3095,b3095,906,926,899,571,777,637
b3096,b3096,347,337,327,104,181,120
b3097,b3097,3013,3908,2172,2034,2959,2626
b3098,b3098,818,1124,621,813,1401,1113
b3099,b3099,1760,2556,1359,1805,2811,2405
b3100,b3100,1929,2593,1501,1992,2885,2484
b3101,b3101,153,160,126,67,69,61
b3102,b3102,677,953,480,844,1243,1064
b3103,b3103,746,921,555,432,678,579
b3104,b3104,37,30,30,5,3,4
b3105,b3105,263,263,288,266,253,174
b3106,b3106,25,45,26,57,63,44
b3107,b3107,615,577,387,328,270,266
b3110,b3110,334,539,316,38,24,41
b3113,b3113,169,221,122,22,14,11
b3114,b3114,1720,2444,1288,283,96,133
b3115,b3115,1009,1711,808,318,123,198
b3116,b3116,2091,3337,1639,1228,486,570
b3117,b3117,2209,3408,1724,1268,525,595
b3118,b3118,1616,2196,1075,1755,658,600
b3119,b3119,4,3,1,1,0,1
b3120,b3120,1,13,6,5,0,1
b3121,b3121,16,20,12,0,2,0
b3123,b3123,192213,211979,170505,135243,189008,148730
b3124,b3124,2704,5796,2869,132,161,137
b3125,b3125,3785,8414,4145,111,118,130
b3126,b3126,2338,5076,2568,28,48,27
b3127,b3127,5000,9134,4552,24,30,20
b3128,b3128,11458,22381,11161,247,284,224
b3129,b3129,328,446,248,166,199,237
b3130,b3130,490,663,404,275,282,274
b3131,b3131,428,468,414,623,670,553
b3132,b3132,38,34,32,55,47,50
b3133,b3133,13,24,14,40,47,54
b3134,b3134,12,8,3,20,12,27
b3135,b3135,32,59,28,72,89,112
b3136,b3136,5,17,13,6,1,4
b3137,b3137,6,9,6,4,7,4
b3138,b3138,3,5,2,0,0,0
b3139,b3139,13,16,7,1,1,0
b3140,b3140,16,29,13,2,9,4
b3141,b3141,8,11,5,2,3,0
b3142,b3142,14,25,17,4,4,2
b3143,b3143,2,3,1,0,0,0
b3144,b3144,104,128,98,20,22,22
b3145,b3145,116,111,100,56,42,46
b3146,b3146,305,334,262,148,175,153
b3147,b3147,1324,1426,1117,1188,1373,1140
b3148,b3148,64,50,60,59,69,62
b3149,b3149,504,510,339,405,423,341
b3150,b3150,684,678,539,509,508,386
b3151,b3151,435,449,521,158,199,141
b3152,b3152,229,234,192,297,365,346
b3153,b3153,295,490,283,454,460,485
b3154,b3154,232,257,161,146,142,125
b3155,b3155,108,124,125,40,43,47
b3156,b3156,1094,1464,908,1702,1263,1581
b3157,b3157,1191,1650,909,1875,1432,2026
b3158,b3158,229,291,165,91,63,66
b3159,b3159,221,236,125,72,45,64
b3160,b3160,1408,1752,1503,259,367,248
b3161,b3161,209,252,331,4578,6809,10167
b3162,b3162,13708,13161,18326,6431,7890,5798
b3163,b3163,10955,10630,11422,9591,10532,8750
b3164,b3164,17022,16408,16017,10365,11367,9980
b3165,b3165,10236,9402,11307,3482,3678,3078
b3166,b3166,1647,1610,1854,802,1063,833
b3167,b3167,929,883,978,613,789,736
b3168,b3168,18008,15933,18661,8610,10227,8859
b3169,b3169,7695,6797,7942,2963,3468,2775
b3170,b3170,2194,1880,2103,702,820,606
b3171,b3171,130,136,246,31,49,42
b3172,b3172,762,899,630,520,683,566
b3173,b3173,122,129,144,22,31,33
b3174,b3174,10,9,18,1,4,2
b3175,b3175,6765,7093,8681,1011,1006,1020
b3176,b3176,3609,3366,2649,1598,1654,1564
b3177,b3177,298,306,284,140,180,174
b3178,b3178,18147,18635,17687,12361,16707,12093
b3179,b3179,3529,3786,3458,3535,4709,3406
b3180,b3180,964,810,851,535,588,496
b3181,b3181,1146,1150,1118,428,490,410
b3182,b3182,659,573,463,301,290,218
b3183,b3183,3618,2946,3833,1994,2465,1780
b3184,b3184,2354,1893,2515,749,958,583
b3185,b3185,3451,3387,3680,1115,1151,731
b3186,b3186,3914,3884,3876,1192,1216,922
b3187,b3187,2655,2628,2172,1902,1876,1713
b3188,b3188,148,163,123,37,49,45
b3189,b3189,2176,1922,1977,962,1004,887
b3190,b3190,372,241,311,120,123,88
b3191,b3191,415,396,376,269,341,293
b3192,b3192,1196,1322,1110,1027,1116,1120
b3193,b3193,605,668,597,297,442,311
b3194,b3194,938,952,986,448,610,405
b3195,b3195,1429,1554,1561,629,700,593
b3196,b3196,563,505,517,304,367,312
b3197,b3197,789,827,727,564,590,573
b3198,b3198,685,724,647,494,704,531
b3199,b3199,514,584,437,429,513,458
b3200,b3200,681,695,524,528,656,516
b3201,b3201,993,1061,848,736,926,728
b3202,b3202,2494,2597,1978,3001,3570,2949
b3203,b3203,467,586,389,497,477,375
b3204,b3204,826,867,637,1273,1337,1373
b3205,b3205,908,915,663,1178,1233,1231
b3206,b3206,61,91,55,62,66,57
b3207,b3207,4235,5527,3859,5414,7585,5890
b3208,b3208,151,142,104,156,132,119
b3209,b3209,381,403,279,631,544,697
b3210,b3210,1647,1799,1227,2614,2111,2237
b3211,b3211,130,171,105,90,66,72
b3212,b3212,1188,1163,1064,981,985,1033
b3213,b3213,460,490,410,533,560,520
b3214,b3214,34,37,43,4,9,4
b3215,b3215,5,6,8,0,1,0
b3216,b3216,106,128,98,19,19,13
b3218,b3218,3,6,3,0,0,0
b3219,b3219,54,66,87,17,20,14
b3220,b3220,146,149,142,13,35,23
b3221,b3221,176,273,145,141,185,129
b3222,b3222,310,477,287,234,290,211
b3223,b3223,224,384,204,239,224,186
b3224,b3224,528,816,499,472,469,469
b3225,b3225,574,956,652,292,267,255
b3226,b3226,416,441,436,890,820,938
b3227,b3227,43,58,37,13,15,12
b3228,b3228,1122,1199,1135,799,830,666
b3229,b3229,2727,2888,2569,2119,1955,1958
b3230,b3230,14685,14095,16548,4999,4053,4509
b3231,b3231,15162,14098,15544,5429,4505,4838
b3232,b3232,547,476,477,343,378,244
b3233,b3233,1767,1764,1494,2921,3133,2894
b3234,b3234,745,852,505,659,682,670
b3235,b3235,624,527,496,303,379,274
b3236,b3236,17240,17929,10687,11284,13376,12285
b3237,b3237,722,673,557,863,641,993
b3238,b3238,541,597,882,44,130,67
b3239,b3239,141,175,100,125,291,174
b3240,b3240,186,218,453,56,82,54
b3241,b3241,71,86,172,22,38,14
b3242,b3242,8,20,25,2,11,1
b3243,b3243,331,392,357,353,357,364
b3244,b3244,1962,2288,1555,2148,2627,2182
b3247,b3247,1355,1148,1042,635,839,644
b3248,b3248,444,374,340,172,218,155
b3249,b3249,320,248,242,95,118,82
b3250,b3250,1948,1648,1795,612,669,441
b3251,b3251,4756,4364,4245,1842,1951,1479
b3252,b3252,1639,1576,1407,458,459,344
b3253,b3253,848,1085,636,784,858,773
b3255,b3255,1903,1664,1479,1185,1226,1045
b3256,b3256,4003,3260,3294,2445,2496,1944
b3257,b3257,27,32,36,8,16,9
b3258,b3258,306,289,313,168,152,103
b3259,b3259,517,572,469,354,334,311
b3260,b3260,6824,6432,7726,1353,1159,857
b3261,b3261,1395,1177,1450,298,321,218
b3262,b3262,44,37,74,8,1,14
b3263,b3263,85,63,52,9,6,10
b3264,b3264,5,10,13,1,0,0
b3265,b3265,25,40,23,1,0,0
b3266,b3266,214,246,208,112,130,118
b3267,b3267,32,45,40,304,827,512
b3268,b3268,178,218,96,119,112,82
b3269,b3269,68,61,35,11,12,3
b3270,b3270,28,38,22,20,26,12
b3271,b3271,52,53,29,18,15,15
b3272,b3272,0,0,0,0,0,0
b3273,b3273,0,0,0,0,0,0
b3274,b3274,0,0,0,0,0,0
b3275,b3275,0,0,1,0,0,0
b3276,b3276,0,0,0,0,0,0
b3277,b3277,0,0,0,0,0,0
b3278,b3278,0,0,0,0,0,0
b3279,b3279,256,276,198,294,343,319
b3280,b3280,306,265,213,152,227,134
b3281,b3281,828,813,603,599,619,520
b3282,b3282,633,583,400,439,505,455
b3283,b3283,851,897,603,716,845,841
b3284,b3284,1107,1314,875,2034,2039,2154
b3287,b3287,2064,2301,1756,2744,3357,3116
b3288,b3288,3039,3076,2549,3505,4104,3331
b3289,b3289,1719,1694,1391,1549,1910,1408
b3290,b3290,1158,1225,907,786,1065,818
b3291,b3291,864,1013,633,291,460,381
b3292,b3292,95,131,92,231,256,237
b3293,b3293,124,140,113,267,287,241
b3294,b3294,9689,9201,12633,4471,4998,4949
b3295,b3295,30707,29134,36208,15590,16386,15990
b3296,b3296,15750,14457,17489,9202,9211,9248
b3297,b3297,6757,6416,7262,3478,3542,3329
b3298,b3298,9226,8706,10255,4837,5286,5051
b3299,b3299,2161,1968,2260,1468,1761,1644
b3300,b3300,38173,37375,45904,24606,24594,24941
b3301,b3301,13298,12870,16148,7664,7449,7912
b3302,b3302,55,57,62,44,52,22
b3303,b3303,11035,10106,12395,6392,6363,6758
b3304,b3304,4133,3622,4396,2466,2325,2422
b3305,b3305,10964,9999,11827,7213,6750,6970
b3306,b3306,7229,6334,7205,4487,4327,4111
b3307,b3307,6400,5730,6521,4446,4397,4272
b3308,b3308,14036,13212,14244,10022,9725,9860
b3309,b3309,4308,4058,3954,2702,3064,2767
b3310,b3310,14701,14022,13484,9415,9661,9089
b3311,b3311,2719,2365,3160,1137,1455,1538
b3312,b3312,140,103,137,69,69,79
b3313,b3313,6142,5408,6863,3212,3074,3383
b3314,b3314,18049,15908,19725,8987,8203,8997
b3315,b3315,5081,4348,5416,2011,2031,2087
b3316,b3316,2288,1960,2343,865,769,862
b3317,b3317,21981,18131,22000,7709,7184,7472
b3318,b3318,3239,2753,3292,1086,1014,928
b3319,b3319,11973,10106,11906,4258,3827,3645
b3320,b3320,21639,18926,21076,6978,6282,6271
b3321,b3321,18385,15554,17046,5336,4619,4416
b3322,b3322,24,30,23,19,24,18
b3323,b3323,40,50,51,0,6,3
b3324,b3324,17,27,31,1,0,5
b3325,b3325,105,111,92,18,24,14
b3326,b3326,34,39,36,3,4,3
b3327,b3327,16,24,18,8,9,5
b3328,b3328,7,5,10,0,3,0
b3329,b3329,10,9,6,2,1,2
b3330,b3330,3,5,4,1,0,0
b3331,b3331,10,8,7,1,0,0
b3332,b3332,17,15,20,1,4,2
b3333,b3333,24,26,21,6,9,7
b3334,b3334,8,11,7,3,2,4
b3335,b3335,57,65,46,19,14,29
b3336,b3336,2453,3580,1718,2575,4410,3827
b3337,b3337,48,40,54,135,121,104
b3338,b3338,455,546,509,274,352,323
b3339,b3339,180,219,170,237,260,312
b3340,b3340,65072,59095,62316,40140,42426,42682
b3341,b3341,13066,11958,12361,4010,4436,4069
b3342,b3342,15199,14004,13751,5312,5490,4791
b3343,b3343,157,140,103,31,86,53
b3344,b3344,77,80,50,29,28,41
b3345,b3345,153,143,128,85,107,73
b3346,b3346,628,685,484,378,444,362
b3347,b3347,3495,3272,3124,1888,1960,1700
b3348,b3348,359,341,330,127,150,117
b3349,b3349,6887,7155,6038,3631,3828,3286
b3350,b3350,239,255,259,226,329,150
b3351,b3351,151,129,134,118,168,123
b3352,b3352,1168,1087,1041,486,585,386
b3353,b3353,312,312,289,175,185,128
b3354,b3354,18,9,9,10,21,16
b3355,b3355,368,362,266,306,355,324
b3356,b3356,879,967,673,1041,753,756
b3357,b3357,5979,6459,4701,7627,7361,7711
b3358,b3358,779,807,627,975,986,710
b3359,b3359,188,219,273,93,113,90
b3360,b3360,151,180,142,93,116,113
b3361,b3361,498,730,395,839,1047,866
b3362,b3362,4,14,11,11,6,7
b3363,b3363,898,998,697,338,390,378
b3364,b3364,96,129,363,17,26,20
b3365,b3365,632,920,637,3659,148,1590
b3366,b3366,37,61,38,247,4,110
b3367,b3367,48,67,36,65,6,30
b3368,b3368,790,761,753,437,376,358
b3369,b3369,29,27,27,5,4,4
b3370,b3370,11,14,11,9,4,10
b3371,b3371,49,73,50,39,40,41
b3374,b3374,66,104,50,46,54,29
b3375,b3375,257,284,224,192,149,143
b3376,b3376,87,109,101,56,57,59
b3377,b3377,62,82,28,22,17,31
b3378,b3378,7,10,1,6,2,2
b3379,b3379,12,15,6,11,8,7
b3380,b3380,15,19,10,13,7,8
b3381,b3381,15,24,11,21,18,6
b3382,b3382,18,24,21,43,41,54
b3383,b3383,109,136,96,233,231,225
b3384,b3384,1404,1387,1125,1133,1283,1189
b3385,b3385,519,437,370,399,395,330
b3386,b3386,529,513,406,348,393,346
b3387,b3387,587,558,507,241,286,181
b3388,b3388,3964,3934,3558,2989,3649,2890
b3389,b3389,3166,3099,2913,2409,2536,2147
b3390,b3390,2295,2107,2187,1529,1643,1342
b3391,b3391,81,73,70,30,35,28
b3392,b3392,6,2,1,2,3,1
b3393,b3393,12,15,4,1,8,8
b3394,b3394,14,19,12,7,11,11
b3395,b3395,75,70,61,97,58,71
b3396,b3396,1451,1280,1252,415,419,299
b3397,b3397,855,730,891,374,400,265
b3398,b3398,1586,1608,1625,942,1022,819
b3399,b3399,571,642,488,250,286,247
b3400,b3400,259,233,236,173,237,180
b3401,b3401,1116,1199,1123,716,858,731
b3402,b3402,311,381,282,238,297,249
b3403,b3403,11984,12573,8066,8241,7595,8455
b3404,b3404,955,1062,739,557,689,570
b3405,b3405,1373,1632,1131,860,934,994
b3406,b3406,269,321,227,128,131,142
b3407,b3407,1357,1421,1199,509,554,479
b3408,b3408,359,339,288,707,495,718
b3409,b3409,2358,2590,1717,5500,3903,4598
b3410,b3410,107,88,61,155,136,127
b3411,b3411,73,77,63,45,38,42
b3412,b3412,252,300,257,257,262,211
b3413,b3413,261,254,186,308,362,265
b3414,b3414,870,919,1131,1025,1159,1192
b3415,b3415,852,853,531,124,127,119
b3416,b3416,1965,2209,1373,805,963,855
b3417,b3417,1619,1759,1034,540,638,674
b3418,b3418,9624,9944,5428,7663,6890,6781
b3421,b3421,121,190,131,157,223,151
b3422,b3422,64,80,68,66,62,84
b3423,b3423,428,403,445,131,137,118
b3424,b3424,536,502,592,125,151,121
b3425,b3425,190,178,242,41,62,62
b3426,b3426,1860,2116,7007,2567,2660,2718
b3427,b3427,65,65,51,27,39,32
b3428,b3428,4304,5224,2841,5521,6567,5804
b3429,b3429,2720,3490,1922,3610,3993,3470
b3430,b3430,1986,2458,1430,2622,2804,2823
b3431,b3431,2269,2843,1643,2884,3291,3053
b3432,b3432,2681,3165,1920,3464,4079,3631
b3433,b3433,3176,3245,2196,3460,3648,3336
b3434,b3434,279,257,279,110,119,75
b3437,b3437,158,126,89,28,20,34
b3438,b3438,856,879,737,995,946,904
b3439,b3439,451,470,413,536,661,620
b3440,b3440,671,859,769,588,823,761
b3441,b3441,102,124,76,114,121,114
b3442,b3442,4,18,9,0,2,0
b3443,b3443,4,12,5,1,0,0
b3444,b3444,0,0,0,0,0,0
b3445,b3445,0,0,0,0,0,0
b3446,b3446,43,51,50,17,29,24
b3447,b3447,1276,1382,777,835,1115,820
b3448,b3448,664,1071,663,1585,2297,2306
b3449,b3449,727,658,435,592,746,615
b3450,b3450,650,536,300,560,956,655
b3451,b3451,80,87,47,93,173,100
b3452,b3452,105,88,52,49,103,54
b3453,b3453,654,572,367,260,460,287
b3454,b3454,47,71,49,14,20,14
b3455,b3455,33,39,33,10,17,7
b3456,b3456,105,78,80,34,28,23
b3457,b3457,59,65,64,23,16,14
b3458,b3458,67,82,95,28,26,18
b3459,b3459,454,463,381,187,218,140
b3460,b3460,238,212,305,46,74,49
b3461,b3461,7630,7968,8508,4721,5925,5114
b3462,b3462,1285,1248,1152,803,973,912
b3463,b3463,696,678,728,393,445,387
b3464,b3464,1419,1492,1516,827,902,771
b3465,b3465,316,277,252,208,183,207
b3466,b3466,69,53,54,30,35,42
b3467,b3467,155,190,149,78,87,85
b3468,b3468,464,645,475,542,541,590
b3469,b3469,1204,1201,1512,4979,4846,5422
b3470,b3470,332,362,339,108,83,71
b3471,b3471,314,245,521,101,86,77
b3472,b3472,2563,2649,2447,2878,3491,3303
b3473,b3473,387,426,406,112,127,103
b3474,b3474,296,347,258,228,385,248
b3475,b3475,395,382,360,142,155,112
b3476,b3476,430,630,357,251,27,132
b3477,b3477,143,202,110,120,39,93
b3478,b3478,149,142,85,79,22,41
b3479,b3479,131,143,61,61,32,57
b3480,b3480,154,131,91,47,26,40
b3481,b3481,81,60,62,23,26,31
b3482,b3482,23,16,15,2,10,9
b3483,b3483,3,6,6,0,5,1
b3484,b3484,2,9,2,3,0,2
b3485,b3485,184,254,211,328,376,322
b3486,b3486,544,654,758,801,999,859
b3487,b3487,967,1110,1176,591,714,599
b3488,b3488,39,65,41,27,34,34
b3491,b3491,160,201,172,3160,6038,4009
b3492,b3492,547,514,748,205,184,168
b3493,b3493,4295,4228,4200,1090,1102,874
b3494,b3494,1028,1623,924,3603,5405,4593
b3495,b3495,3029,3696,2644,3237,2905,3608
b3496,b3496,2936,3253,2112,1468,1718,1417
b3497,b3497,396,407,341,216,311,218
b3498,b3498,2301,2803,2094,2243,2990,2642
b3499,b3499,684,619,619,963,1037,909
b3500,b3500,1345,1420,1197,1999,2311,2075
b3501,b3501,100,85,106,237,280,230
b3502,b3502,231,176,207,530,738,592
b3503,b3503,90,66,64,169,220,210
b3504,b3504,13,22,4,1,5,0
b3505,b3505,5,1,2,1,1,0
b3506,b3506,1081,1969,1004,10672,16460,14630
b3507,b3507,52,71,43,163,313,193
b3508,b3508,331,524,263,1297,1721,905
b3509,b3509,2294,4342,2222,9242,12707,9503
b3510,b3510,6135,11278,5393,30975,39757,31689
b3511,b3511,986,1760,901,6952,10116,7766
b3512,b3512,1115,2003,933,3912,6024,4379
b3513,b3513,337,528,257,1354,2094,1445
b3514,b3514,758,1078,639,6043,10362,7181
b3515,b3515,847,981,633,327,660,401
b3516,b3516,1864,2472,1483,1356,2078,1448
b3517,b3517,10,9,13,193,285,189
b3518,b3518,78,138,109,23,42,38
b3519,b3519,451,587,378,634,1099,773
b3520,b3520,36,57,56,39,67,38
b3521,b3521,44,51,55,47,63,51
b3522,b3522,448,560,290,849,1314,1046
b3523,b3523,66,67,78,76,95,93
b3524,b3524,993,1140,751,890,1323,952
b3525,b3525,174,226,256,3,3,7
b3526,b3526,649,713,620,155,133,145
b3527,b3527,1531,1283,1370,339,383,288
b3528,b3528,5670,5376,3610,1066,1380,913
b3529,b3529,951,1021,864,522,580,468
b3530,b3530,998,1055,775,612,718,603
b3531,b3531,123,137,112,42,56,52
b3532,b3532,324,301,289,56,70,74
b3533,b3533,301,289,386,43,61,26
b3534,b3534,181,178,173,22,23,20
b3535,b3535,238,258,202,67,59,41
b3536,b3536,1895,2067,1659,941,1033,911
b3537,b3537,0,0,1,1,0,0
b3538,b3538,948,1024,693,401,478,362
b3539,b3539,290,281,309,55,43,47
b3540,b3540,3995,3254,1739,1337,2260,1518
b3541,b3541,3470,2866,1637,1323,2327,1360
b3542,b3542,2577,2208,1219,1021,1757,947
b3543,b3543,3357,2938,1616,1199,2132,1140
b3544,b3544,28185,27157,14508,20440,28216,19174
b3545,b3545,7,6,7,0,2,1
b3546,b3546,1721,1679,1323,662,609,414
b3547,b3547,114,133,88,134,165,152
b3548,b3548,524,668,398,268,463,302
b3549,b3549,246,262,207,152,199,192
b3550,b3550,75,88,88,49,68,53
b3551,b3551,956,1016,875,599,745,542
b3552,b3552,490,557,654,43,51,36
b3553,b3553,823,843,641,745,636,655
b3554,b3554,3486,4072,3153,1782,2166,1761
b3555,b3555,2518,3755,1961,4381,6775,5881
b3556,b3556,63971,51252,64623,27136,42557,23985
b3557,b3557,132,78,240,9,8,5
b3558,b3558,82,59,167,5,6,0
b3559,b3559,4650,4546,4093,5462,5693,5384
b3560,b3560,1812,1760,1663,1473,1327,1264
b3561,b3561,114,107,106,27,44,31
b3562,b3562,8,21,20,0,3,7
b3563,b3563,8,10,5,2,0,1
b3564,b3564,201,249,185,181,222,184
b3565,b3565,319,387,234,233,327,284
b3566,b3566,168,198,93,152,154,206
b3567,b3567,75,80,42,40,64,54
b3568,b3568,121,106,84,76,103,76
b3569,b3569,166,197,120,61,85,70
b3570,b3570,1006,1093,1624,1043,1206,999
b3571,b3571,208,198,178,101,73,80
b3572,b3572,874,793,752,497,549,437
b3573,b3573,272,354,232,161,72,127
b3574,b3574,383,377,354,161,176,157
b3575,b3575,17,14,19,27,27,14
b3576,b3576,4,5,2,1,8,0
b3577,b3577,4,4,5,0,0,0
b3578,b3578,12,15,7,2,1,5
b3579,b3579,7,21,9,4,9,6
b3580,b3580,37,43,22,17,14,16
b3581,b3581,18,16,7,11,22,14
b3582,b3582,16,18,11,11,17,25
b3583,b3583,39,44,32,30,27,22
b3584,b3584,53,52,51,31,24,14
b3585,b3585,119,148,135,181,230,182
b3586,b3586,32,60,47,14,12,12
b3587,b3587,13,18,14,15,16,8
b3588,b3588,2937,4781,2512,14283,13862,12457
b3589,b3589,10,20,20,0,6,2
b3590,b3590,1152,1341,996,1330,1197,1169
b3591,b3591,907,977,783,1119,885,1153
b3592,b3592,575,566,387,289,322,247
b3593,b3593,5,8,9,4,6,5
b3594,b3594,28,28,26,15,30,14
b3595,b3595,11,14,16,4,2,6
b3596,b3596,8,8,10,2,0,0
b3597,b3597,166,292,149,179,162,148
b3598,b3598,36,96,45,49,58,59
b3599,b3599,2406,3069,1766,2372,2161,2157
b3600,b3600,1469,1804,1173,963,1102,1073
b3601,b3601,444,517,397,117,128,121
b3602,b3602,522,512,519,418,481,460
b3603,b3603,1282,1284,942,199,350,233
b3604,b3604,411,339,247,132,220,140
b3605,b3605,1160,1150,710,650,847,724
b3606,b3606,117,127,118,32,19,32
b3607,b3607,1594,1531,1266,1101,1221,1137
b3608,b3608,3292,3199,2361,2163,2317,1949
b3609,b3609,2642,2819,1877,1212,1320,1052
b3610,b3610,755,815,603,367,419,348
b3611,b3611,1558,1574,1325,653,668,484
b3612,b3612,1462,1827,1708,1633,1562,1442
b3613,b3613,797,678,750,208,205,153
b3614,b3614,415,382,393,112,108,98
b3615,b3615,127,114,142,15,30,12
b3616,b3616,4866,5131,3557,3670,3162,3946
b3617,b3617,5003,5071,3560,3316,2718,3120
b3618,b3618,348,393,511,224,280,214
b3619,b3619,1379,1510,1209,1066,1055,1071
b3620,b3620,712,713,626,558,569,477
b3621,b3621,331,325,318,217,192,149
b3622,b3622,427,412,298,84,124,77
b3623,b3623,339,357,288,271,270,315
b3624,b3624,152,196,198,184,171,180
b3625,b3625,228,254,207,188,211,209
b3626,b3626,265,283,215,207,228,282
b3627,b3627,308,288,291,245,290,311
b3628,b3628,444,431,351,358,361,311
b3629,b3629,311,289,221,252,283,257
b3630,b3630,279,262,302,183,245,178
b3631,b3631,646,660,558,585,507,506
b3632,b3632,1052,1040,923,775,839,754
b3633,b3633,1192,1250,1083,461,401,311
b3634,b3634,395,391,310,152,161,112
b3635,b3635,203,197,297,105,139,93
b3636,b3636,88,86,122,21,30,25
b3637,b3637,9140,8233,10338,2224,2112,1694
b3638,b3638,841,840,782,594,523,542
b3639,b3639,695,653,694,421,300,371
b3640,b3640,544,544,543,197,159,125
b3641,b3641,595,593,679,163,189,133
b3642,b3642,66,68,88,35,22,16
b3643,b3643,920,845,1082,190,158,107
b3644,b3644,2162,2260,1895,1061,1191,804
b3645,b3645,1936,1709,1190,284,291,289
b3646,b3646,560,478,437,52,59,39
b3647,b3647,181,238,148,489,431,321
b3648,b3648,1718,1786,1702,1260,1400,1145
b3649,b3649,952,973,1019,522,603,423
b3650,b3650,2808,2462,2774,1183,1230,992
b3651,b3651,589,386,499,120,119,110
b3652,b3652,1290,1194,1161,318,375,313
b3653,b3653,800,907,925,748,766,620
b3654,b3654,652,577,669,165,182,117
b3655,b3655,571,625,512,482,566,553
b3656,b3656,133,172,120,109,105,98
b3657,b3657,33,40,24,13,14,10
b3658,b3658,26,20,32,3,1,1
b3659,b3659,24,32,36,1,2,1
b3660,b3660,217,246,196,191,258,248
b3661,b3661,134,182,130,125,77,106
b3662,b3662,195,183,405,46,84,72
b3663,b3663,151,213,160,110,108,116
b3664,b3664,59,82,52,16,27,15
b3665,b3665,351,394,355,101,125,109
b3666,b3666,191,194,757,56,64,54
b3667,b3667,212,150,143,33,57,46
b3668,b3668,366,274,416,79,93,61
b3669,b3669,502,396,388,150,143,106
b3670,b3670,138,100,48,74,118,60
b3671,b3671,1306,1079,892,981,1100,958
b3672,b3672,117,97,74,67,101,103
b3673,b3673,5067,5036,4015,792,859,556
b3674,b3674,255,327,182,330,167,246
b3675,b3675,11,14,13,13,11,11
b3676,b3676,112,118,91,101,125,119
b3677,b3677,175,130,155,55,49,52
b3678,b3678,53,50,44,27,30,20
b3679,b3679,39,44,49,9,11,13
b3680,b3680,33,44,18,43,41,39
b3683,b3683,16,28,17,4,7,8
b3684,b3684,29,49,40,15,15,5
b3685,b3685,721,927,707,508,347,438
b3686,b3686,369,409,779,49,135,41
b3687,b3687,508,565,926,485,694,546
b3688,b3688,1364,1299,955,1157,1025,968
b3689,b3689,288,306,285,262,281,246
b3690,b3690,78,91,102,12,8,14
b3691,b3691,79,85,62,27,22,39
b3693,b3693,49,68,44,139,113,113
b3696,b3696,111,115,156,9,16,11
b3697,b3697,369,384,312,592,615,661
b3698,b3698,108,119,101,70,116,95
b3699,b3699,6658,6254,6225,8592,9783,9529
b3700,b3700,813,654,735,160,157,133
b3701,b3701,2036,2024,1898,819,761,646
b3702,b3702,4571,4432,4005,1195,1322,964
b3703,b3703,3117,2951,3407,488,530,449
b3704,b3704,482,441,644,48,62,47
b3705,b3705,9220,8365,8935,1868,1778,1365
b3706,b3706,1062,999,999,470,485,411
b3707,b3707,7528,9941,4748,489,453,434
b3708,b3708,146584,195836,95033,22096,20163,25586
b3709,b3709,6668,9111,4517,2474,2571,2992
b3710,b3710,264,269,181,48,42,41
b3711,b3711,124,148,124,59,36,45
b3712,b3712,596,600,554,270,296,256
b3713,b3713,556,670,497,565,703,636
b3714,b3714,1399,1260,1587,238,352,229
b3715,b3715,183,152,148,38,65,35
b3716,b3716,73,68,58,2,4,2
b3717,b3717,203,170,145,27,28,30
b3718,b3718,29,40,20,7,17,10
b3719,b3719,27,23,17,11,7,12
b3720,b3720,18,30,24,1,0,3
b3721,b3721,19,20,15,3,3,1
b3722,b3722,22,34,26,4,6,12
b3723,b3723,28,44,34,3,1,1
b3724,b3724,401,405,296,236,237,201
b3725,b3725,383,372,387,180,213,211
b3726,b3726,374,496,445,172,229,150
b3727,b3727,284,371,407,94,109,91
b3728,b3728,821,1123,1299,189,187,193
b3729,b3729,11092,11058,11784,3641,3768,3454
b3730,b3730,5431,5088,5178,2192,2257,1966
b3731,b3731,5620,5353,5462,3032,3249,3378
b3732,b3732,14614,12883,12744,9239,9041,9935
b3733,b3733,6523,5311,5430,3593,3742,3937
b3734,b3734,17561,15520,16179,7540,7920,7639
b3735,b3735,2855,2409,2429,1239,1256,1200
b3736,b3736,5411,4652,4655,1880,2068,1843
b3737,b3737,2023,1901,1655,887,1013,831
b3738,b3738,5172,4413,4088,1244,1489,1003
b3739,b3739,1969,1635,1773,313,395,280
b3740,b3740,350,329,368,111,157,81
b3741,b3741,3891,3329,4229,1065,913,695
b3742,b3742,1625,1432,1618,725,492,362
b3743,b3743,97,85,117,28,42,41
b3744,b3744,4943,6748,6452,1788,1624,1464
b3745,b3745,535,699,470,378,352,377
b3746,b3746,626,919,525,523,510,550
b3747,b3747,847,875,747,261,409,266
b3748,b3748,4522,4057,2649,1806,1821,1384
b3749,b3749,1918,1864,1193,1545,1424,1163
b3750,b3750,1655,1594,913,1418,1349,1167
b3751,b3751,5489,5570,3324,4995,4912,5056
b3752,b3752,1488,1336,857,815,731,597
b3753,b3753,396,322,206,170,164,127
b3754,b3754,293,377,309,206,259,214
b3755,b3755,236,329,221,172,160,203
b3756,b3756,0,0,0,0,0,0
b3757,b3757,0,0,0,0,0,0
b3758,b3758,0,0,1,0,2,2
b3759,b3759,0,0,0,0,0,0
b3760,b3760,0,0,0,0,0,0
b3761,b3761,0,0,0,0,0,0
b3764,b3764,1934,1988,1686,295,399,300
b3765,b3765,59,91,72,164,150,186
b3766,b3766,21,21,28,11,8,15
b3769,b3769,0,1,2,0,0,0
b3770,b3770,291,342,298,299,323,284
b3771,b3771,420,385,343,388,411,395
b3772,b3772,319,361,343,313,406,364
b3773,b3773,181,245,317,286,265,253
b3774,b3774,186,248,267,296,301,350
b3775,b3775,448,506,631,113,105,102
b3777,b3777,88,94,124,66,47,46
b3778,b3778,741,744,862,397,445,262
b3779,b3779,3436,3041,3288,1474,1674,1265
b3780,b3780,4982,4421,4472,2768,3061,2490
b3781,b3781,4416,4721,3939,4324,5547,4764
b3783,b3783,12693,11256,10986,3539,3736,2743
b3784,b3784,1801,1736,1574,423,438,342
b3785,b3785,1616,1499,1401,383,532,366
b3786,b3786,1058,938,853,271,285,216
b3787,b3787,1301,1280,1061,350,401,265
b3788,b3788,970,823,746,233,311,233
b3789,b3789,626,581,570,239,261,220
b3790,b3790,299,263,272,91,98,77
b3791,b3791,807,708,620,310,351,320
b3792,b3792,600,560,480,166,208,165
b3793,b3793,335,315,290,74,143,93
b3794,b3794,319,335,257,148,167,139
b3795,b3795,994,982,908,149,203,172
b3796,b3796,9,15,9,13,10,3
b3797,b3797,1,1,0,1,0,0
b3798,b3798,0,0,0,0,0,0
b3799,b3799,0,0,0,0,0,0
b3800,b3800,292,228,637,105,123,86
b3801,b3801,119,139,120,41,69,55
b3802,b3802,1834,1980,1595,1611,2017,1550
b3803,b3803,1420,1602,1195,1304,1636,1408
b3804,b3804,455,486,418,573,652,547
b3805,b3805,1458,1496,1338,2242,2104,2019
b3806,b3806,4469,4658,4235,4562,5238,4719
b3807,b3807,201,254,195,142,139,96
b3809,b3809,1080,1170,963,1365,1419,1184
b3810,b3810,534,559,450,438,494,413
b3811,b3811,562,524,389,393,364,325
b3812,b3812,367,315,280,228,249,186
b3813,b3813,5082,4531,4451,1856,1867,1582
b3816,b3816,1374,1303,1433,213,294,187
b3817,b3817,37,41,34,3,7,5
b3818,b3818,12,2,11,0,0,2
b3819,b3819,194,209,228,83,85,70
b3820,b3820,206,212,205,44,39,46
b3821,b3821,540,541,573,153,163,121
b3822,b3822,1147,894,981,365,309,259
b3823,b3823,481,493,432,495,609,474
b3824,b3824,57,74,57,52,51,56
b3825,b3825,837,885,774,631,576,536
b3826,b3826,438,443,380,294,321,222
b3827,b3827,214,174,353,321,272,320
b3828,b3828,60,50,74,1234,591,1252
b3829,b3829,207,273,280,2655,668,1811
b3830,b3830,1027,1140,643,872,1198,850
b3831,b3831,3108,4360,2720,2581,2478,2945
b3832,b3832,5081,4784,3073,861,690,579
b3833,b3833,3595,3479,2439,1314,1324,1172
b3834,b3834,733,643,499,215,222,213
b3835,b3835,3361,3100,2082,947,1128,849
b3836,b3836,1193,1134,782,981,988,888
b3838,b3838,1042,965,791,538,580,457
b3839,b3839,1267,1162,961,407,404,361
b3842,b3842,283,322,385,78,107,108
b3843,b3843,3609,3379,3060,2944,3136,2794
b3844,b3844,1995,1787,1540,1697,1808,1395
b3845,b3845,4014,3200,1944,1015,1638,1136
b3846,b3846,6738,6548,3706,784,1524,811
b3847,b3847,2567,2623,2327,2192,2160,2137
b3848,b3848,376,396,319,260,396,286
b3849,b3849,822,818,785,498,660,478
b3850,b3850,8,9,8,9,6,7
b3851,b3851,0,0,0,0,0,0
b3852,b3852,0,0,0,0,0,0
b3853,b3853,0,0,0,0,0,0
b3854,b3854,0,1,2,0,3,1
b3855,b3855,0,0,0,0,0,0
b3856,b3856,2,1,1,1,0,4
b3857,b3857,126,136,108,126,129,111
b3858,b3858,243,289,185,325,446,376
b3859,b3859,890,877,938,288,475,296
b3860,b3860,1345,1265,1193,498,820,590
b3861,b3861,54,93,75,5,10,6
b3862,b3862,143,134,152,29,17,8
b3863,b3863,2450,2498,1971,4659,4282,4755
b3864,b3864,27,25,70,15,14,15
b3865,b3865,1596,1687,1643,1221,1179,1200
b3866,b3866,943,1135,858,1043,1162,1031
b3867,b3867,1287,1431,1063,1211,1319,1059
b3868,b3868,207,290,277,356,441,362
b3869,b3869,151,176,218,203,196,203
b3870,b3870,1209,1147,1626,1860,1381,1319
b3871,b3871,5793,5692,8871,2450,2832,2147
b3872,b3872,96,96,65,172,141,143
b3873,b3873,116,125,61,160,176,140
b3874,b3874,54,62,36,18,24,15
b3875,b3875,3,9,11,0,0,1
b3876,b3876,30,39,48,7,13,11
b3877,b3877,20,33,19,6,8,4
b3878,b3878,18,32,33,5,13,9
b3879,b3879,5,6,6,6,3,2
b3880,b3880,38,42,30,42,41,56
b3881,b3881,19,29,11,21,22,13
b3882,b3882,4,9,3,9,12,13
b3883,b3883,87,116,62,92,70,62
b3884,b3884,489,585,414,124,106,128
b3885,b3885,859,890,536,541,472,451
b3886,b3886,422,485,296,373,480,397
b3887,b3887,278,254,183,122,178,147
b3888,b3888,573,642,482,434,557,538
b3889,b3889,4,7,9,0,1,0
b3890,b3890,71,56,47,39,34,18
b3891,b3891,2460,2318,1823,1241,1043,1106
b3892,b3892,2009,2213,1630,1182,1251,1229
b3893,b3893,3976,4304,3129,2724,2873,2788
b3894,b3894,19680,20010,14897,13999,16367,14334
b3895,b3895,569,565,476,348,429,353
b3896,b3896,49,46,51,10,18,17
b3897,b3897,39,48,48,18,9,8
b3898,b3898,55,70,69,36,63,38
b3899,b3899,19,45,35,6,7,19
b3900,b3900,6,3,3,0,1,2
b3901,b3901,4,3,0,1,4,2
b3902,b3902,6,16,7,11,5,9
b3903,b3903,18,9,6,30,26,29
b3904,b3904,20,20,21,55,29,33
b3905,b3905,46,70,48,48,61,46
b3906,b3906,87,123,60,70,48,48
b3907,b3907,76,95,63,98,71,85
b3908,b3908,7115,6072,6777,5340,3987,3718
b3909,b3909,180,164,165,47,40,52
b3910,b3910,257,280,245,261,236,234
b3911,b3911,1512,1466,1364,1149,1498,1193
b3912,b3912,1155,1139,950,912,1051,958
b3915,b3915,984,1077,1225,732,748,593
b3916,b3916,3442,4218,3473,2771,3536,3110
b3917,b3917,128,143,217,224,93,186
b3918,b3918,102,95,124,15,9,14
b3919,b3919,4887,6445,3993,5179,5660,5094
b3920,b3920,99,87,101,32,38,33
b3921,b3921,147,158,154,68,101,79
b3922,b3922,155,214,127,240,528,398
b3923,b3923,244,441,261,485,805,778
b3924,b3924,937,968,838,642,662,658
b3925,b3925,764,885,756,325,311,261
b3926,b3926,1684,1973,2539,2061,1308,1735
b3927,b3927,467,535,871,1145,656,920
b3928,b3928,3127,3598,2904,2614,2571,2909
b3929,b3929,1918,2314,1728,2686,2972,3123
b3930,b3930,304,296,263,137,122,88
b3931,b3931,1908,2044,1749,2007,2862,2231
b3932,b3932,525,709,564,657,868,682
b3933,b3933,1149,1237,1114,618,629,531
b3934,b3934,1036,1021,713,789,700,491
b3935,b3935,668,690,720,317,332,264
b3936,b3936,6204,6037,6755,3943,3775,3862
b3937,b3937,150,151,231,165,156,206
b3938,b3938,528,629,594,1944,1613,2227
b3939,b3939,282,307,312,682,479,781
b3940,b3940,1221,1301,1391,1309,1076,1217
b3941,b3941,78,89,129,1404,855,1665
b3942,b3942,4742,5471,3736,9678,9866,11429
b3943,b3943,268,273,241,186,207,157
b3944,b3944,20,39,23,3,3,8
b3945,b3945,666,1129,611,1384,1044,1518
b3946,b3946,30,47,26,33,58,54
b3947,b3947,61,51,46,75,55,92
b3949,b3949,18,34,16,15,26,15
b3950,b3950,8,9,2,6,6,4
b3951,b3951,86,98,86,146,134,128
b3952,b3952,24,25,30,30,21,32
b3953,b3953,17,24,11,16,13,15
b3954,b3954,117,120,94,87,83,59
b3955,b3955,808,864,697,235,313,226
b3956,b3956,2078,2015,1559,4473,4558,4756
b3957,b3957,386,522,361,382,387,354
b3958,b3958,26,38,65,55,39,56
b3959,b3959,101,128,97,103,93,84
b3960,b3960,433,550,348,445,554,481
b3961,b3961,860,1066,904,2028,1922,1774
b3962,b3962,4235,3426,2695,1798,2142,1623
b3963,b3963,1475,1499,1240,765,795,646
b3964,b3964,1581,1551,1157,574,569,571
b3965,b3965,1637,1577,1596,671,905,651
b3966,b3966,1097,993,824,565,482,434
b3967,b3967,5,4,2,16,8,18
b3968,b3968,0,0,0,0,0,0
b3969,b3969,0,0,1,1,0,0
b3970,b3970,0,0,0,0,0,0
b3971,b3971,0,0,0,0,0,0
b3972,b3972,303,262,237,138,141,94
b3973,b3973,781,694,724,300,286,205
b3974,b3974,777,665,539,199,120,99
b3976,b3976,8,11,8,0,3,1
b3977,b3977,288,309,347,23,43,19
b3978,b3978,16,15,30,4,9,5
b3979,b3979,20,18,19,5,0,4
b3980,b3980,523,507,519,104,143,117
b3981,b3981,3493,3510,3551,1462,1787,1341
b3982,b3982,3745,3678,4099,1482,1804,1446
b3983,b3983,9761,8639,10223,4007,3877,3846
b3984,b3984,25523,23411,28556,9990,9614,9826
b3985,b3985,23425,21363,25139,8246,7937,7235
b3986,b3986,16533,15189,17759,5689,5957,5618
b3987,b3987,28305,23938,25027,17890,20492,18855
b3988,b3988,28805,26968,26466,37338,38909,38904
b3989,b3989,53,56,49,13,6,13
b3990,b3990,1764,1610,1139,2048,1983,2219
b3991,b3991,1076,913,670,1139,1222,1306
b3992,b3992,1023,791,610,887,993,969
b3993,b3993,776,649,577,512,613,608
b3994,b3994,3721,3018,2665,1153,1484,1408
b3995,b3995,1177,1215,791,1194,1270,940
b3996,b3996,738,724,622,403,681,490
b3997,b3997,1423,1379,1195,1306,1375,1193
b3998,b3998,580,595,486,487,553,433
b3999,b3999,605,633,536,420,450,365
b4000,b4000,3721,3763,2868,1834,1625,1682
b4001,b4001,255,210,238,100,91,80
b4002,b4002,14,21,26,14,13,7
b4003,b4003,204,223,192,102,87,109
b4004,b4004,286,319,294,206,201,188
b4005,b4005,576,478,442,929,1274,930
b4006,b4006,728,666,574,624,795,659
b4007,b4007,0,0,0,0,0,0
b4008,b4008,0,0,0,0,0,0
b4009,b4009,0,0,0,0,0,0
b4010,b4010,0,0,0,0,0,0
b4011,b4011,1,0,1,0,0,0
b4012,b4012,0,2,0,3,3,0
b4013,b4013,49,43,69,548,290,509
b4014,b4014,5493,5547,3020,29765,37548,32422
b4015,b4015,14344,16610,8417,74590,76884,84146
b4016,b4016,2580,2679,1394,15708,18152,17899
b4017,b4017,47,67,63,8,18,7
b4018,b4018,1689,1569,1247,3380,3294,3325
b4019,b4019,1706,1650,1251,2588,2328,2144
b4020,b4020,479,557,382,500,702,548
b4021,b4021,625,784,448,153,113,147
b4022,b4022,393,385,371,215,216,208
b4023,b4023,442,427,373,510,550,565
b4024,b4024,262,262,243,231,261,198
b4025,b4025,4324,5232,3846,4605,5841,5583
b4026,b4026,215,273,309,67,60,61
b4027,b4027,12,13,23,1,2,0
b4028,b4028,9,12,17,0,2,0
b4029,b4029,275,304,220,67,110,66
b4030,b4030,30,45,49,48,41,43
b4031,b4031,117,137,100,65,80,48
b4032,b4032,1600,1606,851,277,167,279
b4033,b4033,1893,1901,1115,245,133,305
b4034,b4034,14192,14507,7839,1987,871,2115
b4035,b4035,1974,2138,1056,99,34,160
b4036,b4036,13094,13168,7229,887,388,945
b4037,b4037,2442,2090,1203,191,137,250
b4038,b4038,24,36,35,2,4,5
b4039,b4039,492,503,380,325,495,403
b4040,b4040,725,726,681,601,816,554
b4041,b4041,5363,5177,3696,2940,2829,2591
b4042,b4042,275,323,326,196,214,211
b4043,b4043,9795,10885,8740,2801,3113,2891
b4044,b4044,2071,2024,2096,337,413,273
b4045,b4045,3852,5645,3151,5796,9356,8723
b4046,b4046,464,440,433,1124,938,1219
b4047,b4047,4,8,9,0,0,2
b4048,b4048,15,21,29,3,4,5
b4049,b4049,856,714,822,333,328,208
b4050,b4050,252,317,316,22,73,33
b4051,b4051,1161,1815,999,2061,2719,2599
b4052,b4052,1722,1683,1624,1047,934,802
b4053,b4053,1035,896,856,606,590,540
b4054,b4054,565,533,476,552,538,541
b4055,b4055,798,876,538,951,777,553
b4056,b4056,289,425,243,1515,1825,1721
b4057,b4057,345,494,294,1713,2044,1809
b4058,b4058,13572,13215,11070,4809,5391,4199
b4059,b4059,2315,2399,2054,1167,1118,949
b4060,b4060,110,141,788,109,183,134
b4061,b4061,345,442,272,269,380,257
b4062,b4062,654,727,1529,152,673,508
b4063,b4063,113,175,152,37,61,47
b4064,b4064,476,496,596,141,206,143
b4065,b4065,570,597,459,711,845,794
b4066,b4066,39,45,28,2,18,1
b4067,b4067,3713,2727,1357,3040,4851,3522
b4068,b4068,697,498,256,422,813,507
b4069,b4069,13193,10941,5543,5231,9063,6360
b4070,b4070,446,898,498,472,27,525
b4071,b4071,74,134,96,75,4,117
b4072,b4072,83,150,83,84,7,70
b4073,b4073,126,224,113,95,13,109
b4074,b4074,66,102,53,38,25,37
b4075,b4075,2,7,4,2,1,2
b4076,b4076,23,27,15,11,1,5
b4077,b4077,700,703,685,366,607,347
b4078,b4078,627,623,475,507,547,522
b4079,b4079,639,1027,680,636,612,686
b4080,b4080,33,34,23,10,6,6
b4081,b4081,24,29,24,6,3,5
b4082,b4082,11,5,12,2,1,0
b4083,b4083,17,34,19,0,4,1
b4084,b4084,60,59,35,31,25,23
b4085,b4085,18,16,11,16,14,9
b4086,b4086,15,18,7,7,0,5
b4087,b4087,28,32,24,7,5,11
b4088,b4088,89,83,50,57,48,42
b4089,b4089,480,493,357,568,423,403
b4090,b4090,19,28,14,25,20,19
b4092,b4092,171,194,119,76,129,80
b4093,b4093,71,90,46,29,42,40
b4094,b4094,13,11,10,8,8,9
b4095,b4095,4,24,8,6,8,10
b4096,b4096,13,22,11,10,15,9
b4097,b4097,3,13,8,4,6,2
b4098,b4098,5,4,3,2,4,3
b4099,b4099,1,4,3,5,3,5
b4100,b4100,0,7,1,0,1,1
b4101,b4101,0,0,1,0,0,0
b4102,b4102,1,1,4,0,0,3
b4104,b4104,0,8,0,1,2,1
b4105,b4105,9,8,6,0,4,3
b4106,b4106,1,3,4,0,1,0
b4107,b4107,100,195,86,265,350,294
b4108,b4108,163,223,163,111,122,111
b4109,b4109,243,263,187,74,119,69
b4110,b4110,109,101,104,17,18,9
b4111,b4111,3609,4348,4521,1141,1722,1111
b4112,b4112,314,304,248,270,333,230
b4113,b4113,183,185,144,217,208,189
b4114,b4114,54,73,47,38,43,41
b4115,b4115,40,72,48,47,51,44
b4116,b4116,17,22,10,7,9,6
b4117,b4117,277,282,158,78,77,66
b4118,b4118,351,447,239,456,406,396
b4119,b4119,488,944,513,389,358,449
b4120,b4120,240,411,201,195,200,189
b4121,b4121,80,72,64,48,38,41
b4122,b4122,139,192,100,39,39,37
b4123,b4123,119,159,123,19,35,31
b4124,b4124,245,242,160,141,149,159
b4125,b4125,722,694,544,479,620,564
b4126,b4126,37,57,25,10,28,13
b4127,b4127,200,290,109,78,129,91
b4128,b4128,8,6,3,0,2,1
b4129,b4129,5435,6349,4122,6518,6809,7078
b4130,b4130,108,104,87,42,54,28
b4131,b4131,34,59,39,5,4,7
b4132,b4132,27,32,33,8,4,4
b4133,b4133,136,146,144,46,45,47
b4134,b4134,11,7,17,4,3,3
b4135,b4135,1299,1661,930,1309,1510,1128
b4136,b4136,529,541,385,589,658,622
b4137,b4137,101,117,87,109,106,110
b4138,b4138,7735,9159,5444,9286,8205,9911
b4139,b4139,47320,51400,28270,54328,48207,49268
b4140,b4140,231,277,275,783,959,680
b4141,b4141,197,189,126,100,115,61
b4142,b4142,727,784,552,691,760,635
b4143,b4143,7509,8241,6872,9489,15138,12849
b4144,b4144,1152,1207,800,965,882,966
b4145,b4145,68,68,91,1,4,4
b4146,b4146,983,962,877,552,444,351
b4147,b4147,2249,2186,2220,975,981,785
b4148,b4148,670,675,628,449,540,371
b4149,b4149,1005,1339,694,774,916,823
b4150,b4150,173,162,87,51,64,45
b4151,b4151,384,396,258,461,677,604
b4152,b4152,249,270,139,314,399,371
b4153,b4153,549,642,391,753,905,928
b4154,b4154,2516,3057,1963,3862,3848,4391
b4155,b4155,500,560,622,131,141,119
b4156,b4156,242,319,256,44,109,41
b4157,b4157,11,12,32,4,7,5
b4158,b4158,62,50,71,5,6,7
b4159,b4159,1039,963,972,774,998,764
b4160,b4160,1219,1262,1041,980,1074,916
b4161,b4161,2181,2175,1979,1292,1184,1090
b4162,b4162,474,597,471,410,430,311
b4163,b4163,141,145,117,229,201,161
b4164,b4164,0,0,0,0,0,0
b4165,b4165,13,12,35,4,3,5
b4166,b4166,493,549,466,435,463,361
b4167,b4167,1123,1427,1293,1441,2295,1961
b4168,b4168,181,189,158,177,257,248
b4169,b4169,1088,1087,975,1058,1501,1077
b4170,b4170,1516,1531,1557,1617,1952,1516
b4171,b4171,4655,5240,4262,3691,5030,4110
b4172,b4172,3008,3368,2383,2188,2751,2300
b4173,b4173,3922,4277,3547,3537,4798,3480
b4174,b4174,5957,5625,4763,4786,6828,4950
b4175,b4175,3645,3530,3021,2941,4196,3111
b4176,b4176,28,27,17,9,13,11
b4177,b4177,9907,9599,8042,25138,19113,25530
b4178,b4178,752,551,786,247,377,319
b4179,b4179,6015,5761,5690,5243,5771,5248
b4180,b4180,1225,1226,1269,584,631,545
b4181,b4181,6,9,6,0,0,0
b4182,b4182,36,23,44,5,4,4
b4183,b4183,12,12,12,0,1,1
b4184,b4184,5,7,11,2,0,1
b4185,b4185,13,16,14,4,2,1
b4186,b4186,50,54,58,7,16,13
b4187,b4187,973,1430,723,8762,14365,10573
b4188,b4188,1935,2324,1246,2727,3051,2302
b4189,b4189,3303,3981,2061,6044,5821,4195
b4190,b4190,126,145,103,159,151,210
b4191,b4191,213,187,164,154,137,121
b4192,b4192,85,82,57,35,31,54
b4193,b4193,37,70,33,21,24,37
b4194,b4194,5,8,6,7,7,8
b4195,b4195,15,14,25,10,21,25
b4196,b4196,65,84,47,55,53,50
b4197,b4197,83,94,90,46,42,41
b4198,b4198,111,99,99,42,38,49
b4199,b4199,32,40,25,27,78,41
b4200,b4200,8333,7881,10203,4055,3120,3547
b4201,b4201,1030,1020,1344,625,521,584
b4202,b4202,393,364,577,330,336,374
b4203,b4203,6799,6261,10137,4061,3691,4292
b4204,b4204,26,25,48,1,0,3
b4205,b4205,16,14,46,0,0,0
b4206,b4206,1202,1336,988,1062,962,1007
b4207,b4207,1336,1364,1250,483,450,324
b4208,b4208,8600,8324,5354,1447,2104,1423
b4209,b4209,108,224,270,105,26,1131
b4210,b4210,254,229,266,100,138,108
b4211,b4211,95,87,69,119,131,114
b4212,b4212,69,83,62,160,177,138
b4213,b4213,782,880,478,474,428,424
b4214,b4214,1026,1591,901,1546,2387,1907
b4215,b4215,51,56,49,9,13,10
b4216,b4216,803,860,526,797,924,638
b4217,b4217,7736,10851,6372,9366,18644,12532
b4218,b4218,863,863,743,533,524,427
b4219,b4219,696,880,557,673,842,810
b4220,b4220,542,662,472,379,453,417
b4221,b4221,1828,1981,1423,1130,1494,1116
b4222,b4222,418,479,454,233,276,254
b4224,b4224,29,40,17,29,41,19
b4225,b4225,146,164,105,113,123,128
b4226,b4226,5143,5298,4423,1749,1799,1327
b4227,b4227,1209,1720,803,1325,1629,1712
b4230,b4230,196,236,131,250,350,307
b4231,b4231,251,366,194,292,394,328
b4232,b4232,5056,4960,3617,2022,2053,2029
b4233,b4233,1906,1997,1821,1205,1171,1012
b4234,b4234,1282,1458,1234,1085,1302,1125
b4235,b4235,1458,1801,1269,1878,2089,1961
b4236,b4236,448,520,343,218,272,219
b4237,b4237,121,146,89,96,140,108
b4238,b4238,1040,1360,835,1524,2165,1943
b4239,b4239,297,192,113,120,139,109
b4240,b4240,533,494,304,135,187,131
b4241,b4241,378,396,361,302,222,248
b4242,b4242,482,527,676,99,126,80
b4243,b4243,3655,3622,2771,5242,4563,5537
b4244,b4244,299,215,160,431,280,589
b4245,b4245,445,386,248,573,431,691
b4246,b4246,85,97,67,21,31,15
b4248,b4248,151,198,124,29,70,53
b4249,b4249,52,60,68,16,36,23
b4251,b4251,71,90,70,59,76,43
b4252,b4252,283,408,240,210,252,216
b4253,b4253,77,102,96,28,42,23
b4254,b4254,16,25,24,11,14,3
b4255,b4255,3054,3464,2662,4237,5037,5227
b4256,b4256,125,154,137,64,85,80
b4257,b4257,23,31,25,0,2,3
b4258,b4258,5917,5699,4630,4578,5896,4711
b4259,b4259,255,262,190,267,375,281
b4260,b4260,3005,3370,2438,2878,3482,2948
b4261,b4261,1403,1283,1296,774,1134,839
b4262,b4262,1442,1285,1255,1096,1449,1065
b4263,b4263,1291,1564,922,865,1320,956
b4264,b4264,83,84,82,31,47,46
b4265,b4265,102,134,85,41,39,48
b4266,b4266,82,60,46,34,15,21
b4267,b4267,96,111,56,23,25,31
b4268,b4268,40,60,57,10,8,15
b4269,b4269,1583,1959,1058,810,1399,1083
b4270,b4270,25,22,38,0,0,0
b4271,b4271,1028,1020,951,169,256,172
b4272,b4272,1,5,1,0,0,0
b4273,b4273,5,3,3,2,0,0
b4277,b4277,38,30,42,6,4,4
b4278,b4278,235,226,186,63,79,70
b4279,b4279,124,127,74,37,36,30
b4280,b4280,169,251,163,89,126,114
b4281,b4281,32,36,30,12,9,4
b4282,b4282,14,7,21,1,1,0
b4284,b4284,4,10,6,0,3,1
b4286,b4286,13,12,11,1,3,7
b4287,b4287,154,82,171,121,39,55
b4288,b4288,111,82,163,101,60,61
b4289,b4289,217,147,282,155,57,83
b4290,b4290,323,253,403,414,177,219
b4291,b4291,1348,831,1784,1837,576,845
b4292,b4292,97,67,205,110,98,72
b4293,b4293,85,54,159,115,101,99
b4294,b4294,10,11,16,9,12,15
b4295,b4295,1277,1350,1175,1024,1101,1104
b4296,b4296,31,41,37,4,6,6
b4297,b4297,256,281,243,105,145,143
b4298,b4298,73,81,45,9,23,18
b4299,b4299,42,58,42,12,13,15
b4300,b4300,72,55,36,48,40,50
b4301,b4301,50,67,46,49,64,52
b4302,b4302,49,49,22,47,50,50
b4303,b4303,60,89,45,72,77,77
b4304,b4304,124,124,95,154,128,149
b4305,b4305,186,213,126,119,102,119
b4306,b4306,378,373,210,55,49,52
b4307,b4307,236,233,148,29,30,30
b4308,b4308,94,108,97,1,3,5
b4309,b4309,16,15,12,2,4,2
b4310,b4310,81,103,89,19,37,26
b4311,b4311,9,35,18,1,0,0
b4312,b4312,97,107,159,7,11,6
b4313,b4313,47,47,52,8,9,5
b4314,b4314,12746,8930,5131,1008,1233,1210
b4315,b4315,827,529,285,118,143,120
b4316,b4316,491,298,186,32,73,45
b4317,b4317,954,542,443,44,86,59
b4318,b4318,84,53,50,10,12,5
b4319,b4319,100,78,51,6,14,6
b4320,b4320,327,226,171,33,76,38
b4321,b4321,281,447,307,103,97,102
b4322,b4322,400,442,380,322,236,322
b4323,b4323,379,451,353,418,364,417
b4324,b4324,585,709,746,873,960,1022
b4325,b4325,13,9,16,5,1,4
b4326,b4326,50,63,48,71,81,71
b4327,b4327,254,264,257,87,134,78
b4328,b4328,452,498,487,185,230,150
b4329,b4329,27,35,27,4,15,7
b4330,b4330,67,107,52,10,35,10
b4331,b4331,192,204,151,247,223,230
b4332,b4332,75,86,60,21,42,27
b4333,b4333,65,69,45,15,9,9
b4334,b4334,56,76,46,117,111,137
b4335,b4335,223,321,177,311,427,389
b4336,b4336,363,479,278,364,508,312
b4337,b4337,215,275,178,178,200,126
b4339,b4339,82,102,63,56,44,43
b4340,b4340,187,214,261,50,104,54
b4341,b4341,4,3,2,1,0,0
b4342,b4342,412,530,315,22,24,17
b4345,b4345,162,188,132,23,22,23
b4346,b4346,226,215,171,84,92,88
b4347,b4347,112,111,126,13,11,17
b4348,b4348,582,539,338,147,144,110
b4349,b4349,1203,1168,835,316,354,260
b4350,b4350,4172,4524,2745,4938,4373,4672
b4351,b4351,293,396,339,273,257,350
b4352,b4352,274,269,184,273,262,211
b4353,b4353,0,0,0,1,3,2
b4354,b4354,1382,1336,780,515,516,611
b4355,b4355,545,701,947,88,120,99
b4356,b4356,260,271,191,107,122,77
b4357,b4357,241,301,158,270,212,236
b4358,b4358,18,28,18,2,7,7
b4359,b4359,1256,1318,1151,899,773,871
b4360,b4360,302,324,332,123,163,100
b4361,b4361,329,367,355,338,342,337
b4362,b4362,405,379,331,335,373,359
b4363,b4363,23,41,33,28,40,28
b4364,b4364,85,121,121,44,47,46
b4365,b4365,12,14,12,0,0,1
b4366,b4366,25,27,18,9,11,6
b4367,b4367,774,516,1483,1209,705,807
b4368,b4368,77,70,101,3,0,2
b4369,b4369,0,0,0,0,0,0
b4370,b4370,9,10,11,0,0,0
b4371,b4371,1137,1052,935,396,336,305
b4372,b4372,296,277,298,72,106,73
b4373,b4373,187,146,145,66,79,32
b4374,b4374,612,644,433,321,383,327
b4375,b4375,3441,2989,2844,749,796,582
b4376,b4376,7461,11132,6383,8037,13505,10862
b4377,b4377,304,337,245,667,828,728
b4378,b4378,151,171,143,531,551,496
b4379,b4379,238,462,232,177,103,173
b4380,b4380,687,1252,624,731,430,697
b4381,b4381,1546,2212,1372,1119,1352,1330
b4382,b4382,2001,2939,1618,1787,2259,2132
b4383,b4383,5820,7589,5222,6729,8770,8576
b4384,b4384,3570,4584,2980,4058,5457,4995
b4385,b4385,567,721,520,205,258,229
b4386,b4386,276,276,245,269,257,251
b4387,b4387,127,141,134,118,110,92
b4388,b4388,816,818,645,354,350,295
b4389,b4389,939,917,759,657,734,591
b4390,b4390,930,1098,739,1489,1958,1571
b4391,b4391,5567,5343,4440,3665,3999,3802
b4392,b4392,1785,2012,1268,1481,1759,1476
b4393,b4393,177,172,164,462,581,548
b4394,b4394,254,261,287,145,146,115
b4395,b4395,1159,1219,826,625,581,549
b4396,b4396,3520,3619,2608,5421,5055,5696
b4397,b4397,184,200,150,93,108,68
b4398,b4398,105,123,106,67,57,61
b4399,b4399,205,233,190,137,122,110
b4400,b4400,115,91,92,67,71,38
b4401,b4401,10604,11678,7778,7019,11770,8031
b4402,b4402,51,32,32,34,68,53
b4403,b4403,187,202,149,76,119,72
b4406,b4406,237,291,193,168,241,208
b4407,b4407,3,3,0,0,2,3
b4408,b4408,12516,15553,7634,47015,60311,45020
b4409,b4409,184,203,150,35,80,75
b4410,b4410,8,13,9,4,4,4
b4411,b4411,796,1014,619,582,1032,701
b4412,b4412,0,0,0,0,0,0
b4413,b4413,34,22,41,13,21,20
b4414,b4414,38,43,28,25,43,24
b4415,b4415,7,4,5,0,1,2
b4417,b4417,7,8,16,0,0,0
b4418,b4418,18,6,20,4,2,2
b4419,b4419,0,0,0,0,0,1
b4420,b4420,0,1,0,0,2,2
b4421,b4421,0,0,0,0,1,0
b4422,b4422,2,2,0,0,0,1
b4423,b4423,0,0,0,0,0,0
b4424,b4424,0,3,4,0,2,0
b4425,b4425,0,0,0,0,0,0
b4426,b4426,39,38,21,8,7,7
b4427,b4427,1,0,2,0,0,0
b4428,b4428,5,9,1,2,0,1
b4429,b4429,106,119,97,104,155,118
b4430,b4430,2,5,2,17,14,26
b4431,b4431,3,7,7,0,2,0
b4432,b4432,240,272,176,355,409,433
b4433,b4433,11,17,11,7,22,18
b4435,b4435,3,3,2,0,1,0
b4436,b4436,102,73,50,66,52,43
b4437,b4437,72,62,30,42,32,25
b4438,b4438,41,26,18,2,1,2
b4439,b4439,21,26,22,2,6,7
b4440,b4440,570,553,571,106,169,115
b4441,b4441,22,11,10,10,15,17
b4442,b4442,29,31,57,11,15,17
b4443,b4443,2001,1976,1880,1251,1671,1626
b4444,b4444,1,3,2,1,4,4
b4445,b4445,5,7,10,8,20,10
b4446,b4446,377,375,405,116,140,129
b4447,b4447,134,124,113,24,19,14
b4449,b4449,3,2,0,1,4,1
b4450,b4450,71,55,41,20,16,11
b4451,b4451,12,7,14,0,1,3
b4452,b4452,31,29,37,42,71,42
b4453,b4453,88,73,69,93,100,96
b4454,b4454,49,53,69,19,30,30
b4455,b4455,0,0,0,0,0,0
b4456,b4456,252,260,343,79,113,97
b4457,b4457,2210,2454,1739,4407,7107,5818
b4458,b4458,2,7,13,1,0,0
b4459,b4459,7,7,4,3,1,3
b4460,b4460,246,632,344,154,166,202
b4461,b4461,447,489,382,278,315,265
b4462,b4462,18,36,16,0,2,2
b4463,b4463,49,38,32,12,19,20
b4464,b4464,136,149,97,99,80,100
b4465,b4465,22,27,26,9,8,2
b4466,b4466,466,521,424,205,259,213
b4467,b4467,3420,3206,1718,401,595,462
b4468,b4468,1980,2030,1015,331,423,348
b4469,b4469,2286,1981,2051,791,701,591
b4470,b4470,268,377,314,68,57,63
b4471,b4471,412,574,331,105,66,57
b4472,b4472,1374,1362,1132,872,1064,875
b4473,b4473,210,237,199,135,203,164
b4474,b4474,33,34,24,17,16,16
b4475,b4475,221,298,214,186,259,165
b4476,b4476,343,301,187,53,72,49
b4477,b4477,20,31,22,64,56,45
b4478,b4478,73,79,35,89,113,102
b4479,b4479,73,85,71,152,176,229
b4480,b4480,125,173,124,161,146,177
b4481,b4481,473,417,361,173,199,148
b4482,b4482,16,27,34,5,4,10
b4483,b4483,486,418,355,173,172,143
b4484,b4484,4405,4498,6083,730,2237,1279
b4485,b4485,452,589,314,515,660,625
b4486,b4486,508,586,415,87,101,105
b4487,b4487,335,345,384,232,187,227
b4488,b4488,342,359,421,348,341,316
b4490,b4490,392,292,367,227,169,157
b4491,b4491,83,121,144,15,19,19
b4492,b4492,1861,2007,2068,437,593,485
b4493,b4493,3651,4921,2986,5388,6975,4835
b4494,b4494,6,11,9,5,3,4
b4495,b4495,8,9,13,1,0,0
b4496,b4496,192,262,175,250,350,196
b4497,b4497,4,17,11,5,3,2
b4498,b4498,806,917,462,982,1036,946
b4499,b4499,110,127,110,13,15,13
b4500,b4500,163,167,154,76,74,66
b4501,b4501,17,12,16,3,5,11
b4502,b4502,65,69,90,9,8,5
b4503,b4503,3,7,10,3,0,0
b4504,b4504,0,0,0,0,0,0
b4505,b4505,52,53,63,62,85,70
b4506,b4506,2,0,1,3,4,2
b4508,b4508,8,14,13,2,4,1
b4509,b4509,0,0,0,0,0,0
b4510,b4510,0,0,0,0,0,0
b4511,b4511,0,0,0,1,1,0
b4512,b4512,476,619,310,1204,1354,1187
b4513,b4513,0,0,0,0,0,0
b4514,b4514,0,0,0,0,1,2
b4515,b4515,0,0,0,0,0,0
b4516,b4516,0,0,0,0,0,0
b4517,b4517,38,40,41,1,2,0
b4518,b4518,318,553,311,2727,4488,3588
b4519,b4519,2,4,4,0,0,0
b4520,b4520,6,20,12,3,4,4
b4521,b4521,1,5,1,0,3,1
b4522,b4522,8,12,18,4,9,5
b4523,b4523,200,223,152,50,74,50
b4524,b4524,13,8,17,4,7,3
b4525,b4525,1,6,2,4,3,8
b4526,b4526,0,2,1,0,0,0
b4527,b4527,13,5,14,1,0,6
b4528,b4528,0,0,0,0,0,0
b4529,b4529,711,804,399,1155,1351,1134
b4532,b4532,18,28,30,17,15,13
b4533,b4533,0,0,0,2,0,0
b4535,b4535,25,31,18,41,36,29
b4536,b4536,458,543,454,85,86,80
b4537,b4537,144,133,146,17,29,23
b4538,b4538,16,19,20,13,19,6
b4539,b4539,53,41,40,79,73,73
b4541,b4541,0,1,1,0,0,0
b4542,b4542,102,100,116,89,108,92
b4543,b4543,38,34,32,26,33,23
b4544,b4544,11,22,9,8,11,5
b4545,b4545,0,0,0,0,0,0
b4546,b4546,40,40,40,22,38,56
b4547,b4547,188,236,154,239,355,192
b4548,b4548,0,0,0,0,0,0
b4550,b4550,27,8,13,9,19,7
b4551,b4551,57,49,25,33,42,42
b4552,b4552,0,0,1,0,0,0
b4553,b4553,136,138,123,41,36,19
b4554,b4554,703,974,661,1812,2757,2392
b4555,b4555,30,52,48,22,18,11
b4556,b4556,60,68,55,15,16,12
b4557,b4557,44,26,44,5,4,4
b4558,b4558,343,337,233,547,484,462
b4559,b4559,1,8,7,0,0,0
b4561,b4561,7,11,5,13,6,17
b4565,b4565,4,8,2,7,10,10
b4566,b4566,314,267,148,32,26,22
b4567,b4567,12,21,33,6,10,1
b4568,b4568,2010,3145,1586,1132,1786,1357
b4569,b4569,21,13,22,9,4,4
b4570,b4570,14,13,21,6,8,7
b4571,b4571,389,432,371,539,534,539
b4572,b4572,32,35,29,25,28,17
b4573,b4573,73,56,46,31,25,29
b4575,b4575,537,576,617,410,557,424
b4576,b4576,27,23,35,7,6,3
b4577,b4577,0,0,0,0,0,0
b4578,b4578,8,10,17,6,2,1
b4579,b4579,13,8,2,1,3,0
b4580,b4580,189,174,160,51,55,43
b4581,b4581,332,374,260,377,401,348
b4582,b4582,78,84,66,60,81,67
b4585,b4585,26,28,21,19,19,8
b4586,b4586,3,10,7,0,1,2
b4587,b4587,81,78,77,77,78,51
b4588,b4588,0,0,0,0,1,1
b4589,b4589,1,3,3,4,3,1
b4590,b4590,1,1,3,0,0,0
b4592,b4592,0,0,0,1,2,2
b4593,b4593,4,7,0,0,0,0
b4594,b4594,7,10,3,0,2,0
b4595,b4595,172,173,194,85,125,100
b4596,b4596,49,37,32,31,29,28
b4597,b4597,25,26,27,2,3,8
b4598,b4598,162,188,138,67,65,48
b4599,b4599,99,109,88,33,44,21
b4600,b4600,75,64,90,11,9,6
b4601,b4601,0,0,0,188,187,181
b4602,b4602,35,48,42,81,103,78
b4603,b4603,1,0,2,0,0,0
b4606,b4606,900,1277,746,146,229,250
b4608,b4608,5,0,9,0,0,0
b4609,b4609,0,0,0,0,0,0
b4611,b4611,48,48,15,7,7,11
b4613,b4613,2108,2386,2363,320,516,365
b4614,b4614,4,6,6,0,0,0
b4615,b4615,3,9,6,0,3,0
b4616,b4616,5,15,6,2,7,1
b4618,b4618,28479,27423,24963,678,970,829
b4620,b4620,12,18,7,12,13,7
b4621,b4621,6,5,10,1,0,0
b4622,b4622,0,1,0,0,0,0
b4623,b4623,36,54,32,12,8,10
b4624,b4624,147,208,184,192,195,235
b4625,b4625,16,25,26,4,3,3
b4626,b4626,4,1,1,0,1,2
b4627,b4627,0,0,0,0,0,0
b4628,b4628,0,0,0,0,0,0
b4629,b4629,30,22,25,4,1,0
b4630,b4630,1,1,1,0,0,0
b4631,b4631,13,12,15,0,0,0
b4632,b4632,13,2,10,0,2,0
b4633,b4633,0,0,0,0,0,0
b4634,b4634,0,0,0,0,3,0
b4635,b4635,14,11,9,0,3,0
b4636,b4636,1,0,0,0,0,0
b4637,b4637,26,32,10,16,14,11
b4638,b4638,86,67,62,14,24,11
b4639,b4639,4,6,12,3,1,3
b4640,b4640,102,61,94,20,27,25
b4641,b4641,64,51,57,25,37,18
b4642,b4642,23,30,24,22,13,13
b4643,b4643,1,9,5,0,1,0
b4644,b4644,2,4,0,0,0,1
b4645,b4645,48,52,33,8,9,11
b4646,b4646,36,48,45,2,4,3
b4647,b4647,0,0,0,0,0,0
b4648,b4648,19,13,12,7,9,2
b4649,b4649,0,3,1,0,1,0
b4650,b4650,0,3,1,0,0,0
b4651,b4651,4,6,3,0,3,1
b4652,b4652,0,2,7,1,1,0
b4653,b4653,12,10,28,0,0,0
b4654,b4654,15,7,29,0,0,0
b4655,b4655,4,5,2,0,0,0
b4656,b4656,309,281,185,291,320,370
b4657,b4657,3,14,13,1,2,0
b4658,b4658,239,386,199,639,822,610
b4659,b4659,442,412,358,118,157,114
b4660,b4660,30,38,33,10,29,23
b4661,b4661,134,181,155,62,109,79
b4662,b4662,0,0,0,0,0,0
b4663,b4663,5,9,9,0,4,7
b4664,b4664,0,1,1,0,0,0
b4665,b4665,19,6,10,1,4,1
b4666,b4666,0,3,3,2,4,6
b4667,b4667,6,6,6,13,17,4
b4668,b4668,8,4,6,4,3,1
b4669,b4669,0,0,0,0,0,0
b4670,b4670,52,39,159,5,6,4
b4671,b4671,7,9,2,0,3,0
b4672,b4672,7,9,12,13,6,4
b4673,b4673,0,0,0,0,0,0
b4674,b4674,1,0,2,0,0,0
b4675,b4675,6,6,5,1,1,0
b4676,b4676,0,0,0,0,0,0
b4677,b4677,8,3,5,6,2,3
b4678,b4678,4,4,9,2,1,0
b4679,b4679,88,188,89,162,230,137
b4680,b4680,274,267,302,32,58,42
b4682,b4682,0,2,1,0,0,0
b4683,b4683,0,0,0,0,0,0
b4684,b4684,1,0,0,0,0,0
b4685,b4685,8,5,3,1,0,0
b4686,b4686,765,621,555,258,251,194
b4687,b4687,92,137,143,35,79,61
b4688,b4688,11,13,7,16,18,17
b4689,b4689,0,0,0,0,0,0
b4690,b4690,98,92,54,42,61,47
b4691,b4691,255,192,186,106,136,129
b4692,b4692,5,3,3,2,2,0
b4693,b4693,61,76,112,13,26,14
b4694,b4694,15,21,19,14,23,20
b4695,b4695,0,0,0,0,0,0
b4696,b4696,358,399,261,280,363,367
b4697,b4697,0,0,0,0,0,0
b4698,b4698,2,0,13,0,0,0
b4699,b4699,10,14,8,3,3,3
b4700,b4700,1,0,1,0,2,2
b4701,b4701,3,1,5,3,0,0
b4702,b4702,69,71,72,19,19,29
b4703,b4703,42,56,104,39,28,22
b4704,b4704,58,111,53,720,1299,934
b4705,b4705,228,286,297,465,691,691
b4706,b4706,0,0,0,0,0,0
b4707,b4707,0,0,0,0,0,0
b4708,b4708,4,9,5,3,4,5
b4712,b4712,40,41,46,29,31,40
b4713,b4713,6,5,10,2,1,1
b4714,b4714,4,0,5,0,0,1
