antibiotic_class,treatment,comparison,regulation,gene,gene_id,baseMean,log2FoldChange,FoldChange,pvalue,padj,signal_strength,padj_source
polymyxin,polymixinE,polymixinE_vs_control,downregulated,b2762,b2762,799.4941233510098,-5.170035876717522,0.02777564305746394,6.015383879171289e-06,0.027057196688512457,8.10515417526812,BH_from_pvalue
polymyxin,polymixinE,polymixinE_vs_control,not_regulated,b2763,b2763,2296.5981275246436,-6.281823900549054,0.012852351022330146,9.022633946918606e-05,0.056329304443022865,7.847666575957327,BH_from_pvalue
polymyxin,polymixinE,polymixinE_vs_control,not_regulated,b2424,b2424,713.3282840195748,-6.151131553516786,0.014070997799331542,0.0001101209112020959,0.056329304443022865,7.684397121134039,BH_from_pvalue
polymyxin,polymixinE,polymixinE_vs_control,not_regulated,b2423,b2423,1039.9174880889086,-6.451691792735917,0.011424764261555332,0.0007742597910008747,0.09450999221882189,6.609901937546452,BH_from_pvalue
polymyxin,polymixinE,polymixinE_vs_control,not_regulated,b2422,b2422,2183.2210298614586,-6.120970833585533,0.014368259945805442,0.0005476731249215111,0.09123828577396137,6.364725539177883,BH_from_pvalue
polymyxin,polymixinE,polymixinE_vs_control,not_regulated,b2013,b2013,480.6836197886941,-5.692281106468596,0.019339829597048018,0.0006675890838966675,0.09450999221882189,5.831868775422442,BH_from_pvalue
polymyxin,polymixinE,polymixinE_vs_control,not_regulated,b2764,b2764,2436.5077613452113,-6.1339724913982625,0.014239354016388187,0.0021461879709551166,0.12219687966273561,5.599948133550551,BH_from_pvalue
polymyxin,polymixinE,polymixinE_vs_control,not_regulated,b2752,b2752,460.64523046150447,-5.333213151306976,0.024805207719811855,0.0007592602492488631,0.09450999221882189,5.463995657985881,BH_from_pvalue
polymyxin,polymixinE,polymixinE_vs_control,not_regulated,b2012,b2012,281.5250272884518,-5.2338028322711985,0.02657469911845543,0.000524050859117969,0.09123828577396137,5.442227950311069,BH_from_pvalue
polymyxin,polymixinE,polymixinE_vs_control,not_regulated,b2425,b2425,1791.873495632842,-6.085641957138148,0.014724454963577271,0.0030535926776121057,0.13735059863899252,5.246854538784522,BH_from_pvalue
polymyxin,polymixinE,polymixinE_vs_control,not_regulated,b4245,b4245,340.4194248218744,-4.082138276374978,0.059041030951593076,0.00046626286161025206,0.09123828577396137,4.244700791504979,BH_from_pvalue
polymyxin,polymixinE,polymixinE_vs_control,not_regulated,b2241,b2241,270.8095356157344,-5.109333745807891,0.028969252199925247,0.004445648193888922,0.1528173428788604,4.168334240302407,BH_from_pvalue
polymyxin,polymixinE,polymixinE_vs_control,not_regulated,b1729,b1729,1105.64688736893,-3.244895712219952,0.10548459938276394,5.317066155218345e-05,0.056329304443022865,4.053736625923252,BH_from_pvalue
polymyxin,polymixinE,polymixinE_vs_control,not_regulated,b2750,b2750,107.13522842444,-3.6770940749756815,0.07817796952714076,0.0007492712636660299,0.09450999221882189,3.767264778222676,BH_from_pvalue
polymyxin,polymixinE,polymixinE_vs_control,not_regulated,b2667,b2667,103.75768045108333,3.8895075559963748,14.820349405441323,0.0015059728861165184,0.11504212863535529,3.652804148976156,BH_from_pvalue
polymyxin,polymixinE,polymixinE_vs_control,not_regulated,b2751,b2751,930.7559213438709,-3.4521672673762565,0.09136799662218432,0.0005471123680821118,0.09123828577396137,3.5896425206968026,BH_from_pvalue
polymyxin,polymixinE,polymixinE_vs_control,not_regulated,b4244,b4244,264.9399509429949,-3.823564264117862,0.07063053016477201,0.001819427792006089,0.11612879295940275,3.5752623372300025,BH_from_pvalue
polymyxin,polymixinE,polymixinE_vs_control,not_regulated,b1287,b1287,278.8833076147169,-4.0191810502202525,0.06167454381925544,0.0034609873663505575,0.1382921767234871,3.453289954189126,BH_from_pvalue
polymyxin,polymixinE,polymixinE_vs_control,not_regulated,b1597,b1597,21790.621447548594,-2.6921377764696324,0.15473400864848966,0.00021125984624458183,0.06293082418210207,3.2336251628441737,BH_from_pvalue
polymyxin,polymixinE,polymixinE_vs_control,not_regulated,b0341,b0341,100.03970263942942,-2.584268652375095,0.1667468424490873,0.00023825464944538094,0.06303937724737196,3.1021253008183125,BH_from_pvalue
polymyxin,polymixinE,polymixinE_vs_control,not_regulated,b2421,b2421,702.0189238274088,-2.473760002167003,0.18002135956463086,0.0001138087157450012,0.056329304443022865,3.0903833016155273,BH_from_pvalue
polymyxin,polymixinE,polymixinE_vs_control,not_regulated,b0033,b0033,1106.994736921946,-3.7042074707533112,0.07672244616760096,0.004993160061457254,0.15409124940922847,3.008638887198797,BH_from_pvalue
polymyxin,polymixinE,polymixinE_vs_control,not_regulated,b3161,b3161,4336.38857199082,-4.214464737041254,0.05386661665223298,0.012731070593766802,0.19572622643123908,2.9853202137697186,BH_from_pvalue
polymyxin,polymixinE,polymixinE_vs_control,not_regulated,b4026,b4026,327.4860665055577,3.0103429716451426,8.057559695070598,0.001079709363326803,0.10424232747770092,2.9560240433774605,BH_from_pvalue
polymyxin,polymixinE,polymixinE_vs_control,not_regulated,b0339,b0339,90.02515968293007,-3.6710299996632747,0.07850726631011186,0.005906633686994979,0.15712127597164124,2.950645437464937,BH_from_pvalue
polymyxin,polymixinE,polymixinE_vs_control,not_regulated,b4453,b4453,64.90503576894828,-2.273557545502568,0.2068192609754295,3.0259828131224954e-05,0.056329304443022865,2.8402772571826818,BH_from_pvalue
polymyxin,polymixinE,polymixinE_vs_control,not_regulated,b1922,b1922,75.33305614009451,5.055333533757075,33.251177689704896,0.0458685249101248,0.27816633610918995,2.8092257408013146,BH_from_pvalue
polymyxin,polymixinE,polymixinE_vs_control,not_regulated,b3469,b3469,3474.1107546656003,-2.240963571551992,0.2115449906520414,0.00027024816964140065,0.06499828394708468,2.660243618656959,BH_from_pvalue
polymyxin,polymixinE,polymixinE_vs_control,not_regulated,b1264,b1264,93.98321374431926,-2.826599385059179,0.14096418974135688,0.0021203481997228058,0.12219687966273561,2.580515314154767,BH_from_pvalue
polymyxin,polymixinE,polymixinE_vs_control,not_regulated,b1885,b1885,160.11268878404397,4.000739773296031,16.008206452229082,0.023423304450979936,0.23622875206391872,2.507132568917028,BH_from_pvalue
polymyxin,polymixinE,polymixinE_vs_control,not_regulated,b1600,b1600,101.26157973291193,2.4070386985768666,5.3038453086224395,0.0007774276816577167,0.09450999221882189,2.466064757678942,BH_from_pvalue
polymyxin,polymixinE,polymixinE_vs_control,not_regulated,b2414,b2414,6383.62771061344,-3.21746068536158,0.10750974303680207,0.011668610089965253,0.19064451060228804,2.315850001711206,BH_from_pvalue
polymyxin,polymixinE,polymixinE_vs_control,not_regulated,b1951,b1951,26.865729530942275,2.838762579954979,7.15406179464485,0.0054865061685070785,0.15712127597164124,2.2816980126445867,BH_from_pvalue
polymyxin,polymixinE,polymixinE_vs_control,not_regulated,b1558,b1558,91.9678145264324,2.297726497645246,4.9168232621566155,0.001143211584281869,0.10424232747770092,2.2562660919772046,BH_from_pvalue
polymyxin,polymixinE,polymixinE_vs_control,not_regulated,b4326,b4326,53.45294707609437,-1.7753588123547779,0.29212164959585746,0.00010590648767228814,0.056329304443022865,2.2178947122077304,BH_from_pvalue
polymyxin,polymixinE,polymixinE_vs_control,not_regulated,b3426,b3426,1911.768455288885,-1.816071000744989,0.28399333941413907,0.00022385353199502736,0.06293082418210207,2.1813493116320224,BH_from_pvalue
polymyxin,polymixinE,polymixinE_vs_control,not_regulated,b2148,b2148,248.13732145098996,-1.785244224349701,0.29012686077157385,0.00018616800902404045,0.06293082418210207,2.144322142847261,BH_from_pvalue
polymyxin,polymixinE,polymixinE_vs_control,not_regulated,b2670,b2670,1005.3026444479614,-2.321498032791842,0.20005962815282027,0.00204358934153729,0.11937746569136012,2.1429229373197276,BH_from_pvalue
polymyxin,polymixinE,polymixinE_vs_control,not_regulated,b2060,b2060,24.38196380482816,2.6573579628548694,6.308766535375523,0.006138186429693908,0.15776892891864686,2.1311440137322735,BH_from_pvalue
polymyxin,polymixinE,polymixinE_vs_control,not_regulated,b1886,b1886,175.04816593017105,4.149952947803447,17.752532560818242,0.06184443617525979,0.30669930972030707,2.1301177348145606,BH_from_pvalue
polymyxin,polymixinE,polymixinE_vs_control,not_regulated,b1599,b1599,38.63590255400563,2.5959380957852796,6.045820289217272,0.004521851421415288,0.1528173428788604,2.11783731278964,BH_from_pvalue
polymyxin,polymixinE,polymixinE_vs_control,not_regulated,b2668,b2668,324.0384911260739,3.389561134665912,10.479958760614085,0.02475665971591317,0.23880286099254686,2.108173051390423,BH_from_pvalue
polymyxin,polymixinE,polymixinE_vs_control,not_regulated,b4555,b4555,59.72921849416415,2.357185252600331,5.12369732330954,0.0024652780711617813,0.1308543889707717,2.0818936086905753,BH_from_pvalue
polymyxin,polymixinE,polymixinE_vs_control,not_regulated,b3238,b3238,314.1767046813152,2.6771423162776573,6.3958775402470645,0.008070366096726712,0.1740713119569,2.032681335618874,BH_from_pvalue
polymyxin,polymixinE,polymixinE_vs_control,not_regulated,b1883,b1883,47.76889591932514,3.2418261617241386,9.459908056822083,0.02484654045009158,0.23880286099254686,2.016287737531218,BH_from_pvalue
polymyxin,polymixinE,polymixinE_vs_control,not_regulated,b2053,b2053,28.474791006138414,2.813617247622205,7.030451034955655,0.012122168626874229,0.192049408544417,2.0162016157639915,BH_from_pvalue
polymyxin,polymixinE,polymixinE_vs_control,not_regulated,b1450,b1450,223.96134834201862,2.4038486269864574,5.292130460181763,0.004041457275455111,0.1454277985999767,2.012868825514751,BH_from_pvalue
polymyxin,polymixinE,polymixinE_vs_control,not_regulated,b4289,b4289,64.02769799484736,-2.6723549386451024,0.15687040016594891,0.011967158471893544,0.19155971105543473,1.917937986951926,BH_from_pvalue
polymyxin,polymixinE,polymixinE_vs_control,not_regulated,b3889,b3889,3.4480975587774823,2.488128975570113,5.610498553406511,0.007483174709228801,0.16951391152477494,1.917836514536155,BH_from_pvalue
polymyxin,polymixinE,polymixinE_vs_control,not_regulated,b1889,b1889,50.23971475359186,3.778476564666781,13.722548799611753,0.06418541218479332,0.31147028066923194,1.9141134512390978,BH_from_pvalue
polymyxin,polymixinE,polymixinE_vs_control,not_regulated,b2149,b2149,248.57545290535003,-1.5108267646788365,0.35091006540955016,7.857982389342837e-05,0.056329304443022865,1.8874239219274445,BH_from_pvalue
polymyxin,polymixinE,polymixinE_vs_control,not_regulated,b3502,b3502,390.83243813839425,-3.2705493122820934,0.10362547987149956,0.03913768136874054,0.26911970661197326,1.8643913507785652,BH_from_pvalue
polymyxin,polymixinE,polymixinE_vs_control,not_regulated,b3941,b3941,841.7746507667234,-3.323092884565697,0.09991929551545296,0.043124757363256175,0.2759248344522422,1.8583041445498085,BH_from_pvalue
polymyxin,polymixinE,polymixinE_vs_control,not_regulated,b1707,b1707,321.22619553643244,2.267679399903873,4.815479295505896,0.005214982729128905,0.1553443199710054,1.8338828112725112,BH_from_pvalue
polymyxin,polymixinE,polymixinE_vs_control,not_regulated,b4291,b4291,706.1420731988145,-2.72567255684607,0.15117876807104327,0.01799908779723363,0.2136239709564567,1.8271546429020336,BH_from_pvalue
polymyxin,polymixinE,polymixinE_vs_control,not_regulated,b0797,b0797,692.3866920232346,2.1217462730039927,4.352204276544476,0.0037139121298342265,0.13854706394780464,1.8213126726758582,BH_from_pvalue
polymyxin,polymixinE,polymixinE_vs_control,not_regulated,b0340,b0340,57.7677060642964,-2.7213594103957752,0.15163141525479004,0.018733313418450383,0.21626559077695198,1.8097382264572626,BH_from_pvalue
polymyxin,polymixinE,polymixinE_vs_control,not_regulated,b3409,b3409,3287.4523223494107,-2.03648435328569,0.2437570155598374,0.0024097602149921364,0.1308543889707717,1.798646820238995,BH_from_pvalue
polymyxin,polymixinE,polymixinE_vs_control,not_regulated,b1674,b1674,121.10818025788058,3.982070059573921,15.802381153344982,0.09842068835760785,0.3576763528655651,1.7780331924267263,BH_from_pvalue
polymyxin,polymixinE,polymixinE_vs_control,not_regulated,b4601,b4601,121.1220235954475,-2.6845138568841964,0.1555538646201094,0.01990946692763693,0.21880175800735333,1.7716427531715149,BH_from_pvalue
polymyxin,polymixinE,polymixinE_vs_control,not_regulated,b0553,b0553,751.638658760824,-2.050377711317804,0.24142086767138055,0.003123351072144801,0.1376380233661861,1.7659115327995143,BH_from_pvalue
polymyxin,polymixinE,polymixinE_vs_control,not_regulated,b1263,b1263,145.18773304689554,-2.159788244255334,0.2237891126168896,0.005138658828675916,0.15409124940922847,1.7542275779871295,BH_from_pvalue
polymyxin,polymixinE,polymixinE_vs_control,not_regulated,b3410,b3410,91.93480402046845,-2.57078202884513,0.1683129364823664,0.016713148923952228,0.2121333993881926,1.7311413488239988,BH_from_pvalue
polymyxin,polymixinE,polymixinE_vs_control,not_regulated,b0597,b0597,61.546815119060085,-2.0047821017952447,0.24917269679447362,0.0037270330675154197,0.13854706394780464,1.7209103154373966,BH_from_pvalue
polymyxin,polymixinE,polymixinE_vs_control,not_regulated,b2253,b2253,160.48919227955653,1.364712617320535,2.575250221957322,0.00012523189071370134,0.056329304443022865,1.7048885422906443,BH_from_pvalue
polymyxin,polymixinE,polymixinE_vs_control,not_regulated,b0459,b0459,255.5148989351825,1.9504692703270718,3.865002293710588,0.003409394219259625,0.1382921767234871,1.6758478538323032,BH_from_pvalue
polymyxin,polymixinE,polymixinE_vs_control,not_regulated,b4290,b4290,181.25765428095247,-2.360491527720355,0.19472479067095613,0.014179399587837977,0.19769030402581306,1.6618205711423588,BH_from_pvalue
polymyxin,polymixinE,polymixinE_vs_control,not_regulated,b3005,b3005,412.0662519222633,-1.6848261315195785,0.31104039654936255,0.0011070524658210088,0.10424232747770092,1.6544249610737027,BH_from_pvalue
polymyxin,polymixinE,polymixinE_vs_control,not_regulated,b0199,b0199,718.1926146188458,-2.722733835209623,0.15148702802579764,0.03184077732324288,0.25126283578937975,1.6332910915169585,BH_from_pvalue
polymyxin,polymixinE,polymixinE_vs_control,not_regulated,b0796,b0796,139.70027873305946,1.8698306853710358,3.654896837208322,0.0028033141454925866,0.13414156411091122,1.6313087893446583,BH_from_pvalue
polymyxin,polymixinE,polymixinE_vs_control,not_regulated,b1530,b1530,67.69557126258809,2.266031334649461,4.8099814649657135,0.011665184588853086,0.19064451060228804,1.6310342793313266,BH_from_pvalue
polymyxin,polymixinE,polymixinE_vs_control,not_regulated,b0595,b0595,107.86103544510348,-2.481753167438849,0.17902671994318228,0.020657682862361425,0.2225190254333073,1.6196736446644593,BH_from_pvalue
polymyxin,polymixinE,polymixinE_vs_control,not_regulated,b3267,b3267,362.74605005182724,-2.2327832356292046,0.212747895264185,0.011825215308590122,0.19064451060228804,1.607103105743637,BH_from_pvalue
polymyxin,polymixinE,polymixinE_vs_control,not_regulated,b3927,b3927,639.8975588573736,-2.026906030242931,0.24538074828653356,0.0065697742158018985,0.16148002416763355,1.6050687678892142,BH_from_pvalue
polymyxin,polymixinE,polymixinE_vs_control,not_regulated,b2242,b2242,76.47619426359235,-2.802616014794166,0.14332716584930816,0.03960810266276707,0.26911970661197326,1.5976438691547388,BH_from_pvalue
polymyxin,polymixinE,polymixinE_vs_control,not_regulated,b4111,b4111,2993.947760060137,1.6209480031899695,3.075770805326904,0.0010614282836648261,0.10424232747770092,1.5916994560509037,BH_from_pvalue
polymyxin,polymixinE,polymixinE_vs_control,not_regulated,b0304,b0304,219.1779681947937,1.8506384737959047,3.6065976198480434,0.0034597266824079524,0.1382921767234871,1.5900729951055768,BH_from_pvalue
polymyxin,polymixinE,polymixinE_vs_control,not_regulated,b4452,b4452,36.526215022049506,-1.780046830740651,0.2911739447839663,0.002497974301101744,0.1308543889707717,1.5721581984278679,BH_from_pvalue
polymyxin,polymixinE,polymixinE_vs_control,not_regulated,b2274,b2274,3.428715844062809,2.364417941076885,5.14944854098988,0.0192030309970604,0.21777002089898428,1.5652491864074927,BH_from_pvalue
polymyxin,polymixinE,polymixinE_vs_control,not_regulated,b4288,b4288,52.13595995556856,-1.944478046861942,0.2598087551224068,0.005935645597556121,0.15712127597164124,1.5629034025192359,BH_from_pvalue
polymyxin,polymixinE,polymixinE_vs_control,not_regulated,b1924,b1924,67.40387205539746,3.218706026722899,9.309515112312706,0.07680853242808355,0.3285436663382447,1.5559447046997048,BH_from_pvalue
polymyxin,polymixinE,polymixinE_vs_control,not_regulated,b0795,b0795,392.9994556615045,1.5159643496581463,2.8598993010674945,0.0007482500852378256,0.09450999221882189,1.5531392406777491,BH_from_pvalue
polymyxin,polymixinE,polymixinE_vs_control,not_regulated,b0460,b0460,458.0401725899822,1.6492666059484735,3.136741423657875,0.0017615869180098683,0.11612879295940275,1.542163377672203,BH_from_pvalue
polymyxin,polymixinE,polymixinE_vs_control,not_regulated,b3501,b3501,162.97762891907303,-2.714160296150448,0.15238995395017785,0.04078401385783102,0.27100172480550333,1.5390047351959593,BH_from_pvalue
polymyxin,polymixinE,polymixinE_vs_control,not_regulated,b3323,b3323,15.67468653859388,2.9121794910204413,7.52754533158129,0.05701061460257479,0.29887382806804363,1.527473420631511,BH_from_pvalue
polymyxin,polymixinE,polymixinE_vs_control,not_regulated,b0150,b0150,856.843616733055,-1.4602415929723307,0.36343226405326506,0.0005069574067934484,0.09123828577396137,1.5183926231382712,BH_from_pvalue
polymyxin,polymixinE,polymixinE_vs_control,not_regulated,b3043,b3043,5.353604627474578,2.4868408197592604,5.605491278442986,0.029959724466189507,0.24591029315496424,1.515041352041617,BH_from_pvalue
polymyxin,polymixinE,polymixinE_vs_control,not_regulated,b3993,b3993,430.803428374092,-1.6124778098699348,0.3270361879720384,0.0015836296503963397,0.11504212863535529,1.5143473946834962,BH_from_pvalue
polymyxin,polymixinE,polymixinE_vs_control,not_regulated,b0605,b0605,18972.966291810128,-1.92470386288419,0.26339431949834613,0.0068082345269669855,0.16464214463600807,1.507926535620854,BH_from_pvalue
polymyxin,polymixinE,polymixinE_vs_control,not_regulated,b4109,b4109,293.7104700609228,2.2387723715239147,4.719952600298047,0.017669946686154552,0.21308155548075922,1.503232980860135,BH_from_pvalue
polymyxin,polymixinE,polymixinE_vs_control,not_regulated,b1469,b1469,456.67542508626394,2.4221371715054802,5.359643980662236,0.026155589925903312,0.24047991876152683,1.4991120047140898,BH_from_pvalue
polymyxin,polymixinE,polymixinE_vs_control,not_regulated,b4238,b4238,4006.8694236339966,1.4948474076371046,2.8183434012512647,0.0009426362346676776,0.10095185198893367,1.488697170996345,BH_from_pvalue
polymyxin,polymixinE,polymixinE_vs_control,not_regulated,b0991,b0991,13.045437575342255,1.8471083911801993,3.5977835436598635,0.005565668502432161,0.15712127597164124,1.484641080960649,BH_from_pvalue
polymyxin,polymixinE,polymixinE_vs_control,not_regulated,b3991,b3991,915.3468686604415,-1.6073846296211531,0.32819277187790485,0.0020421512378861295,0.11937746569136012,1.4837408187539896,BH_from_pvalue
polymyxin,polymixinE,polymixinE_vs_control,not_regulated,b1617,b1617,242.24660986710526,-1.566410263099649,0.33764748974824604,0.001578020620390477,0.11504212863535529,1.4710833764104823,BH_from_pvalue
polymyxin,polymixinE,polymixinE_vs_control,not_regulated,b4110,b4110,92.86729362859148,2.8432903251098782,7.176549326650858,0.06321548354057985,0.3108114495772305,1.4429783447551163,BH_from_pvalue
polymyxin,polymixinE,polymixinE_vs_control,not_regulated,b0606,b0606,3445.9842875426716,-1.662724691905348,0.3158420815489341,0.0028751156616893024,0.13612916048714194,1.4400007803245853,BH_from_pvalue
polymyxin,polymixinE,polymixinE_vs_control,not_regulated,b0953,b0953,68963.88729378584,-3.012142887533317,0.1239523142379531,0.08201941345661548,0.33266304934883356,1.439790552357717,BH_from_pvalue
polymyxin,polymixinE,polymixinE_vs_control,not_regulated,b0828,b0828,947.888984079027,-1.539011223057857,0.34412122338880374,0.001934781689259256,0.11612879295940275,1.4390679696454625,BH_from_pvalue
polymyxin,polymixinE,polymixinE_vs_control,not_regulated,b0234,b0234,24.51066229947097,2.3186319631659074,4.988589517705642,0.02518269245116803,0.23960235732309335,1.4387318001868963,BH_from_pvalue
polymyxin,polymixinE,polymixinE_vs_control,not_regulated,b0721,b0721,679.2480762936572,1.980615259546333,3.946613553339735,0.01277135640128016,0.19572622643123908,1.4029707540453784,BH_from_pvalue
polymyxin,polymixinE,polymixinE_vs_control,not_regulated,b4028,b4028,4.0122867369278765,2.3443122038497846,5.078182360186805,0.03264025297708635,0.2526951082460145,1.4004995308258226,BH_from_pvalue
polymyxin,polymixinE,polymixinE_vs_control,not_regulated,b0443,b0443,538.9816362442435,2.2455527888104996,4.742187771360491,0.02388221218160487,0.23818667492873327,1.399164731457378,BH_from_pvalue
polymyxin,polymixinE,polymixinE_vs_control,not_regulated,b2645,b2645,1.0539632071032743,1.6291367498410392,3.093278540890438,0.0036149402485911816,0.13854706394780464,1.3984553411311025,BH_from_pvalue
polymyxin,polymixinE,polymixinE_vs_control,not_regulated,b1905,b1905,496.71513409716005,2.257624023749594,4.782032794065649,0.02852491015636739,0.24491933137254657,1.3793562060844233,BH_from_pvalue
polymyxin,polymixinE,polymixinE_vs_control,not_regulated,b1853,b1853,544.0398278533422,-1.4243653346694316,0.37258323524061865,0.001306390227756884,0.11087062725378234,1.3605302591400252,BH_from_pvalue
polymyxin,polymixinE,polymixinE_vs_control,not_regulated,b1973,b1973,215.0309504589566,1.6903359937102698,3.227318569575356,0.005765860003027215,0.15712127597164124,1.3586329144903349,BH_from_pvalue
polymyxin,polymixinE,polymixinE_vs_control,not_regulated,b4131,b4131,15.806341197099442,1.8817876330279444,3.6853142208340057,0.01147118932138836,0.19064451060228804,1.354465001855382,BH_from_pvalue
polymyxin,polymixinE,polymixinE_vs_control,not_regulated,b1268,b1268,94.77451388905376,1.7007367182597015,3.250669129455966,0.006361955996446238,0.16076448355064707,1.350061627749906,BH_from_pvalue
polymyxin,polymixinE,polymixinE_vs_control,not_regulated,b1884,b1884,50.7571416553212,2.4935656996955453,5.631681324713466,0.05262189687985107,0.28857247928652413,1.3458898411687807,BH_from_pvalue
polymyxin,polymixinE,polymixinE_vs_control,not_regulated,b4108,b4108,240.00236634252784,1.4383678807051536,2.7101409405404415,0.0017510175224441068,0.11612879295940275,1.3449603970898378,BH_from_pvalue
polymyxin,polymixinE,polymixinE_vs_control,not_regulated,b0207,b0207,60.08036435074596,-1.9093674002366505,0.2662092487190505,0.014372021577457313,0.19769221117860242,1.3442145854694596,BH_from_pvalue
polymyxin,polymixinE,polymixinE_vs_control,not_regulated,b3990,b3990,1549.498851039445,-1.671347689638596,0.3139599217973311,0.005803824985942601,0.15712127597164124,1.3433707802175503,BH_from_pvalue
polymyxin,polymixinE,polymixinE_vs_control,not_regulated,b4432,b4432,295.87039254597374,-1.669396102059408,0.3143849145214536,0.0059626817382947206,0.15712127597164124,1.341802162421762,BH_from_pvalue
polymyxin,polymixinE,polymixinE_vs_control,not_regulated,b2579,b2579,17385.996865158162,-1.7750591439227978,0.29218233375047675,0.009176866909974586,0.17792046276321416,1.3308933729972867,BH_from_pvalue
polymyxin,polymixinE,polymixinE_vs_control,not_regulated,b0787,b0787,41.875555233397755,1.7465932857666244,3.355652413619849,0.008223543725948263,0.1740713119569,1.3261407700698598,BH_from_pvalue
polymyxin,polymixinE,polymixinE_vs_control,not_regulated,b3577,b3577,1.4979490588937114,1.9542796522488945,3.8752238581505165,0.016503934724039975,0.21104631605126328,1.3203547656191514,BH_from_pvalue
polymyxin,polymixinE,polymixinE_vs_control,not_regulated,b1216,b1216,128.9459823852459,1.6253900353366744,3.0852556427814464,0.004901738248830672,0.15409124940922847,1.3201775834075624,BH_from_pvalue
polymyxin,polymixinE,polymixinE_vs_control,not_regulated,b0317,b0317,7.245961233324388,2.8377631473390523,7.149107506685847,0.08970618923524747,0.3428194045710647,1.3193742843813083,BH_from_pvalue
polymyxin,polymixinE,polymixinE_vs_control,not_regulated,b3994,b3994,1066.3002775791283,-1.2807062985968365,0.41159395570845697,0.0007079878917098535,0.09450999221882189,1.3121121275592342,BH_from_pvalue
polymyxin,polymixinE,polymixinE_vs_control,not_regulated,b1014,b1014,7945.743101500252,1.9824022690020673,3.951505096772571,0.019955834409782224,0.21880175800735333,1.3082847774250788,BH_from_pvalue
polymyxin,polymixinE,polymixinE_vs_control,not_regulated,b2000,b2000,551.635715924219,-1.326450232295727,0.39874816025716237,0.0011644842737588946,0.10424232747770092,1.3025156322526807,BH_from_pvalue
polymyxin,polymixinE,polymixinE_vs_control,not_regulated,b4293,b4293,76.36939957828058,-1.783167716114555,0.2905447485220263,0.01072115711048111,0.18693352916017789,1.2987038629292438,BH_from_pvalue
polymyxin,polymixinE,polymixinE_vs_control,not_regulated,b3216,b3216,53.86751548113866,2.0733289805768127,4.208566695113305,0.025139493234928777,0.23960235732309335,1.2865191129910674,BH_from_pvalue
polymyxin,polymixinE,polymixinE_vs_control,not_regulated,b1023,b1023,23.974016311103586,1.839772838068174,3.579536617482994,0.015281966406184944,0.2016281900659007,1.2794677174766778,BH_from_pvalue
polymyxin,polymixinE,polymixinE_vs_control,not_regulated,b3992,b3992,705.1618042895954,-1.653330104768127,0.3179055030271193,0.007259577944366934,0.16868814624604933,1.2778843559838726,BH_from_pvalue
polymyxin,polymixinE,polymixinE_vs_control,not_regulated,b1304,b1304,846.2799466406926,1.5633366502510135,2.955365675888545,0.004991686358776376,0.15409124940922847,1.2697764574109471,BH_from_pvalue
polymyxin,polymixinE,polymixinE_vs_control,not_regulated,b1940,b1940,17.46655853088697,2.2204756212385113,4.660470535687396,0.040014949422081385,0.2708826985316937,1.259495368036168,BH_from_pvalue
polymyxin,polymixinE,polymixinE_vs_control,not_regulated,b0596,b0596,95.6891602591874,-1.7771782114457864,0.2917534838656844,0.012904757190882585,0.19572622643123908,1.2588659222772107,BH_from_pvalue
polymyxin,polymixinE,polymixinE_vs_control,not_regulated,b3534,b3534,56.1651371535223,1.7810554890009769,3.4367752026477643,0.014365016799260652,0.19769221117860242,1.253881660255026,BH_from_pvalue
polymyxin,polymixinE,polymixinE_vs_control,not_regulated,b1196,b1196,42.07558580605427,1.4581238375607954,2.7475082964098863,0.003336195065232785,0.1382921767234871,1.2528234825192697,BH_from_pvalue
polymyxin,polymixinE,polymixinE_vs_control,not_regulated,b0880,b0880,14189.151889714502,-1.266337510757106,0.41571378380332796,0.0009963636914447,0.10422427637484327,1.2435828331990635,BH_from_pvalue
polymyxin,polymixinE,polymixinE_vs_control,not_regulated,b4502,b4502,16.74302703090282,1.5264470617712393,2.8807551860136695,0.004930414649639846,0.15409124940922847,1.2398139212114188,BH_from_pvalue
polymyxin,polymixinE,polymixinE_vs_control,not_regulated,b4027,b4027,5.104921536643974,2.2260117812049107,4.678388860285025,0.0458220491162218,0.27816633610918995,1.2369845734867617,BH_from_pvalue
polymyxin,polymixinE,polymixinE_vs_control,not_regulated,b3337,b3337,90.86080548523859,-1.5132376930526839,0.3503241394169577,0.004556658115136449,0.1528173428788604,1.2345407059859916,BH_from_pvalue
polymyxin,polymixinE,polymixinE_vs_control,not_regulated,b1579,b1579,17.411936253137686,1.8411509335979956,3.5829575068965194,0.018002563696987092,0.2136239709564567,1.2342155583426428,BH_from_pvalue
polymyxin,polymixinE,polymixinE_vs_control,not_regulated,b3006,b3006,647.6709083397708,-1.400524246465059,0.37879147138640323,0.002577383207800558,0.1318158951391424,1.232506457285698,BH_from_pvalue
polymyxin,polymixinE,polymixinE_vs_control,not_regulated,b2420,b2420,45.79690696425828,1.3115636998208178,2.4821042309816863,0.0014696314855581454,0.11504212863535529,1.2317459872178393,BH_from_pvalue
polymyxin,polymixinE,polymixinE_vs_control,not_regulated,b3716,b3716,6.900839507035563,1.619695370627054,3.073101399511119,0.007968785796780653,0.17365367797995054,1.231480327945355,BH_from_pvalue
polymyxin,polymixinE,polymixinE_vs_control,not_regulated,b0586,b0586,326.98445554754477,-1.8352516920561612,0.2802426242150434,0.018262041938687842,0.21447170924338882,1.2271043151261694,BH_from_pvalue
polymyxin,polymixinE,polymixinE_vs_control,not_regulated,b3365,b3365,1105.840354327682,-3.232993970952104,0.10635841066105364,0.14980811397950464,0.4190527964426691,1.2212028760187903,BH_from_pvalue
polymyxin,polymixinE,polymixinE_vs_control,not_regulated,b0318,b0318,42.83531979823902,1.7239891252545583,3.303485758636912,0.013087042792139805,0.19572622643123908,1.2211893811110155,BH_from_pvalue
polymyxin,polymixinE,polymixinE_vs_control,not_regulated,b2052,b2052,21.897907615059193,1.8700425869657122,3.6554337042012235,0.020678735578284226,0.2225190254333073,1.2204512246615844,BH_from_pvalue
polymyxin,polymixinE,polymixinE_vs_control,not_regulated,b0151,b0151,203.67798547518944,-1.4531082264586308,0.36523369492204955,0.004018662546124266,0.1454277985999767,1.2167639078024546,BH_from_pvalue
polymyxin,polymixinE,polymixinE_vs_control,not_regulated,b1197,b1197,920.1190104628112,1.3982025807313274,2.635729982109952,0.0029248066385584325,0.1370393777107899,1.2068650202580409,BH_from_pvalue
polymyxin,polymixinE,polymixinE_vs_control,not_regulated,b0594,b0594,95.54192056607674,-1.6685063808346712,0.31457885793442314,0.011339889119276322,0.19064451060228804,1.200950340276463,BH_from_pvalue
polymyxin,polymixinE,polymixinE_vs_control,not_regulated,b0372,b0372,7.1868239423475435,1.9384300438642783,3.8328832226065757,0.026197234369308167,0.24047991876152683,1.1997354168216745,BH_from_pvalue
polymyxin,polymixinE,polymixinE_vs_control,not_regulated,b1888,b1888,114.33648039450829,2.596499873560509,6.048174957898161,0.09096697182424697,0.3455822966769112,1.198151006831264,BH_from_pvalue
polymyxin,polymixinE,polymixinE_vs_control,not_regulated,b3265,b3265,3.1133417071988663,2.152529420912875,4.446066173138487,0.044327386070570705,0.2780817050842776,1.1964352238676101,BH_from_pvalue
polymyxin,polymixinE,polymixinE_vs_control,not_regulated,b4393,b4393,398.5540141277091,-1.574334157493836,0.3357980697642279,0.008670247252128652,0.1740713119569,1.195349099862007,BH_from_pvalue
polymyxin,polymixinE,polymixinE_vs_control,not_regulated,b1275,b1275,3176.9163095711774,-1.146061361064561,0.4518571444663,0.0004499485990540147,0.09123828577396137,1.1917008286020034,BH_from_pvalue
polymyxin,polymixinE,polymixinE_vs_control,not_regulated,b2054,b2054,2.279031912571992,1.8991283242674697,3.7298776946778536,0.02325078697795157,0.2361712491914291,1.190322306414253,BH_from_pvalue
polymyxin,polymixinE,polymixinE_vs_control,not_regulated,b1223,b1223,1746.4561074367302,-3.527803271339118,0.08670125751431032,0.19124128309058036,0.46000176007563126,1.1897181624177067,BH_from_pvalue
polymyxin,polymixinE,polymixinE_vs_control,not_regulated,b4127,b4127,197.76588123075598,1.3720118219120527,2.5883125183528066,0.0031071305152614533,0.1376380233661861,1.181661059851538,BH_from_pvalue
polymyxin,polymixinE,polymixinE_vs_control,not_regulated,b1890,b1890,75.41382642429953,2.9227316361821774,7.582805069617299,0.13030824008763897,0.39492688650929136,1.1792734015275264,BH_from_pvalue
polymyxin,polymixinE,polymixinE_vs_control,not_regulated,b4128,b4128,6.34931972788344,2.3387138469372624,5.0585147327876685,0.06561668971589026,0.31398284078944083,1.1765931041611895,BH_from_pvalue
polymyxin,polymixinE,polymixinE_vs_control,not_regulated,b2112,b2112,138.01643676104638,1.5160820340517898,2.860132600020651,0.0073426372315223785,0.16868814624604933,1.1718032037980102,BH_from_pvalue
polymyxin,polymixinE,polymixinE_vs_control,not_regulated,b0646,b0646,5.461785281394088,2.3620267307227625,5.14092060164337,0.07355289770781626,0.322316482706892,1.1614498431839022,BH_from_pvalue
polymyxin,polymixinE,polymixinE_vs_control,not_regulated,b2396,b2396,1.8256857256061652,1.7206757846122003,3.2959075706269867,0.018094871706182746,0.2136239709564567,1.1534550402566321,BH_from_pvalue
polymyxin,polymixinE,polymixinE_vs_control,not_regulated,b2681,b2681,127.6590838298834,1.7381454147410764,3.3360604126196125,0.018916884443319043,0.21706159751543128,1.1531152253414836,BH_from_pvalue
polymyxin,polymixinE,polymixinE_vs_control,not_regulated,b1161,b1161,3.8269788552200303,1.9927368056219827,3.9799127558481175,0.03695346508120764,0.2646762514892866,1.1503771161240908,BH_from_pvalue
polymyxin,polymixinE,polymixinE_vs_control,not_regulated,b0153,b0153,233.71388396108884,-1.5144063701078636,0.35004046893217716,0.008261659221047666,0.1740713119569,1.1498475610892103,BH_from_pvalue
polymyxin,polymixinE,polymixinE_vs_control,not_regulated,b4237,b4237,288.1869654533463,1.7511313887703368,3.3662244831559196,0.02039054166233621,0.22188208818477395,1.1450258621201943,BH_from_pvalue
polymyxin,polymixinE,polymixinE_vs_control,not_regulated,b4330,b4330,75.30055305102006,2.4522831729543064,5.4728153173117144,0.088923568737122,0.3415697798288427,1.144040519650361,BH_from_pvalue
polymyxin,polymixinE,polymixinE_vs_control,not_regulated,b2062,b2062,11.944639920033,2.1220811475839465,4.353214616013059,0.053360836524927194,0.29022617011985796,1.1401165943099836,BH_from_pvalue
polymyxin,polymixinE,polymixinE_vs_control,not_regulated,b3121,b3121,5.248700689107026,2.3893517491759484,5.23921893128391,0.08357782192965676,0.3338659352039042,1.1383538131465212,BH_from_pvalue
polymyxin,polymixinE,polymixinE_vs_control,not_regulated,b3503,b3503,139.42969439808738,-2.3083437806481175,0.20189207968781375,0.07158712983581626,0.3218292455395536,1.1365695983616606,BH_from_pvalue
polymyxin,polymixinE,polymixinE_vs_control,not_regulated,b1722,b1722,29.60780515942932,1.4927881793608306,2.8143235132350273,0.0084994106177252,0.1740713119569,1.1334334569251696,BH_from_pvalue
polymyxin,polymixinE,polymixinE_vs_control,not_regulated,b0623,b0623,13152.332690518835,-1.809265518896403,0.2853361576340353,0.02357879434551276,0.23673530572793838,1.132124320736956,BH_from_pvalue
polymyxin,polymixinE,polymixinE_vs_control,not_regulated,b4204,b4204,5.527227119947237,2.151540349746705,4.4430191197546165,0.05638350943709339,0.29826409216747973,1.1304172083290795,BH_from_pvalue
polymyxin,polymixinE,polymixinE_vs_control,not_regulated,b4145,b4145,10.503015392475039,2.0318794186210045,4.089372315788554,0.044887737954042745,0.27816633610918995,1.12910610682346,BH_from_pvalue
polymyxin,polymixinE,polymixinE_vs_control,not_regulated,b4517,b4517,4.0925001663707965,1.984361115787869,3.9568739724190634,0.04057049195975152,0.27100172480550333,1.1251882056736804,BH_from_pvalue
polymyxin,polymixinE,polymixinE_vs_control,not_regulated,b2110,b2110,4.934441235064621,2.1284226149117758,4.372391592445087,0.05547796880309005,0.29803848068869854,1.1189706390675374,BH_from_pvalue
polymyxin,polymixinE,polymixinE_vs_control,not_regulated,b3364,b3364,41.09200131115181,1.302563906478591,2.466668609741596,0.0036638288087377092,0.13854706394780464,1.118124339382386,BH_from_pvalue
polymyxin,polymixinE,polymixinE_vs_control,not_regulated,b1915,b1915,68.30865330287304,1.5460877098860646,2.920241554509741,0.011300800682814109,0.19064451060228804,1.11283635628416,BH_from_pvalue
polymyxin,polymixinE,polymixinE_vs_control,not_regulated,b4106,b4106,3.92930046295114,2.311473610603514,4.963898481212701,0.08105051935807189,0.3305215195581209,1.1113571112537333,BH_from_pvalue
polymyxin,polymixinE,polymixinE_vs_control,not_regulated,b1882,b1882,28.554921820809906,2.1504441021953613,4.439644325599627,0.06147577354101287,0.3058195286499979,1.1064782946195746,BH_from_pvalue
polymyxin,polymixinE,polymixinE_vs_control,not_regulated,b0691,b0691,4.068387195874561,2.2104122974914735,4.628075171131031,0.06664141425892665,0.316830242230554,1.1033789570011026,BH_from_pvalue
polymyxin,polymixinE,polymixinE_vs_control,not_regulated,b0032,b0032,99.22717062682126,-1.9653145099000966,0.25608337307461443,0.04280648436924034,0.2746698526288774,1.1029128953180276,BH_from_pvalue
polymyxin,polymixinE,polymixinE_vs_control,not_regulated,b2410,b2410,1005.1731739631617,-1.2541352733138567,0.41924478017736716,0.002698251717906272,0.13231716312927613,1.1016121308345572,BH_from_pvalue
polymyxin,polymixinE,polymixinE_vs_control,not_regulated,b4013,b4013,320.5877705748605,-2.253459319773113,0.20972062858851953,0.07583427363688733,0.326413935711693,1.0957024726374414,BH_from_pvalue
polymyxin,polymixinE,polymixinE_vs_control,not_regulated,b1057,b1057,16.12657625111468,1.5016649401626823,2.8316931512660553,0.011821503854854294,0.19064451060228804,1.0808619263220578,BH_from_pvalue
polymyxin,polymixinE,polymixinE_vs_control,not_regulated,b1923,b1923,3212.449161034819,2.7459153453102463,6.708151841974822,0.1386699923937392,0.4042275523349461,1.0801719449645413,BH_from_pvalue
polymyxin,polymixinE,polymixinE_vs_control,not_regulated,b2824,b2824,36.18990089976145,-1.326401608433164,0.39876159968956404,0.0050106991488515565,0.15409124940922847,1.0773325983178481,BH_from_pvalue
polymyxin,polymixinE,polymixinE_vs_control,not_regulated,b1044,b1044,15.914692637716733,1.5200674584526914,2.868044598750651,0.013931549983408096,0.19643922202310224,1.074340805393992,BH_from_pvalue
polymyxin,polymixinE,polymixinE_vs_control,not_regulated,b2254,b2254,57.22620853258555,1.931121647395459,3.8135157215228244,0.045727107163243644,0.27816633610918995,1.0731154738370325,BH_from_pvalue
polymyxin,polymixinE,polymixinE_vs_control,not_regulated,b0946,b0946,334.6590476440462,1.218721613343253,2.3274039227999412,0.0026081846748296296,0.1318158951391424,1.0725142830411383,BH_from_pvalue
polymyxin,polymixinE,polymixinE_vs_control,not_regulated,b0003,b0003,1158.2837735656437,-1.2194588143744998,0.42944378151336055,0.002734155674846064,0.13231716312927613,1.071152890404261,BH_from_pvalue
polymyxin,polymixinE,polymixinE_vs_control,not_regulated,b2757,b2757,13.080906325931416,1.466539944772328,2.7635830046445413,0.010805406309836873,0.18693352916017789,1.0680998058701427,BH_from_pvalue
polymyxin,polymixinE,polymixinE_vs_control,not_regulated,b1566,b1566,47.08582575270847,2.727835605837765,6.624610377619367,0.14195893631018094,0.40660966727538395,1.0660989857258896,BH_from_pvalue
polymyxin,polymixinE,polymixinE_vs_control,not_regulated,b0716,b0716,5.617723342222976,1.9521811037970316,3.8695910438702232,0.049129540774882685,0.2855099152524836,1.0627260161941412,BH_from_pvalue
polymyxin,polymixinE,polymixinE_vs_control,not_regulated,b4370,b4370,1.9294618735668774,2.0963842351859405,4.276362743448102,0.06442127273480576,0.31147028066923194,1.0619934237673043,BH_from_pvalue
polymyxin,polymixinE,polymixinE_vs_control,not_regulated,b1224,b1224,11583.487680353026,-2.7754079892563297,0.14605584613218184,0.14775256217032012,0.4148508268677278,1.0605057068351085,BH_from_pvalue
polymyxin,polymixinE,polymixinE_vs_control,not_regulated,b1121,b1121,3.296985579210808,1.5744656391166796,2.9782516051130967,0.01714756035149294,0.2121333993881926,1.0602309101257865,BH_from_pvalue
polymyxin,polymixinE,polymixinE_vs_control,not_regulated,b4036,b4036,4045.947331183265,2.4941998570553956,5.634157355404764,0.11435144864070411,0.37666169398592103,1.057661819690386,BH_from_pvalue
polymyxin,polymixinE,polymixinE_vs_control,not_regulated,b2823,b2823,43.73412228346615,-1.4872261429122897,0.3566977095662394,0.013694968302007195,0.19572622643123908,1.0534780912652277,BH_from_pvalue
polymyxin,polymixinE,polymixinE_vs_control,not_regulated,b2350,b2350,74.59797097281644,1.361728448250985,2.5699289036972397,0.007388927487678489,0.16870759309430375,1.0524327616707692,BH_from_pvalue
polymyxin,polymixinE,polymixinE_vs_control,not_regulated,b0707,b0707,678.50475149585,1.4837447534058406,2.7967373132686983,0.01336004058507344,0.19572622643123908,1.0510120456072198,BH_from_pvalue
polymyxin,polymixinE,polymixinE_vs_control,not_regulated,b0990,b0990,959.1539116714094,1.9180248769313835,3.779053327060102,0.048658683112111294,0.2840090574260229,1.0485224580468506,BH_from_pvalue
polymyxin,polymixinE,polymixinE_vs_control,not_regulated,b2669,b2669,10.348900717189276,2.5135845458841697,5.710371261484447,0.1208169552461513,0.38346801081149495,1.046331999026222,BH_from_pvalue
polymyxin,polymixinE,polymixinE_vs_control,not_regulated,b0940,b0940,26.310415112853246,1.4455855579991304,2.7237335118526502,0.011544380393519939,0.19064451060228804,1.0404973500366976,BH_from_pvalue
polymyxin,polymixinE,polymixinE_vs_control,not_regulated,b4309,b4309,7.626981755328228,1.6971469076099233,3.242590651182678,0.02901507688751063,0.24491933137254657,1.0369176156093143,BH_from_pvalue
polymyxin,polymixinE,polymixinE_vs_control,not_regulated,b4357,b4357,178.90015280056366,-1.69308803196735,0.30926424806687286,0.02921133250305665,0.24491933137254657,1.0344377362102593,BH_from_pvalue
polymyxin,polymixinE,polymixinE_vs_control,not_regulated,b1024,b1024,89.6228754642528,1.6954500007760451,3.2387789381146765,0.030325494544559663,0.2475573039227393,1.0279924598531056,BH_from_pvalue
polymyxin,polymixinE,polymixinE_vs_control,not_regulated,b1977,b1977,33.60879359464879,-1.259910385036604,0.41756989683032514,0.004611546547410307,0.1528173428788604,1.0278693581075236,BH_from_pvalue
polymyxin,polymixinE,polymixinE_vs_control,not_regulated,b1163,b1163,366.14838091747947,1.0939018957552946,2.134505523316363,0.0016219226954238873,0.11504212863535529,1.0273304077344096,BH_from_pvalue
polymyxin,polymixinE,polymixinE_vs_control,not_regulated,b0809,b0809,615.2368104384364,-1.0400762642652541,0.48630176596742847,0.001181938350680913,0.10424232747770092,1.0213090246106082,BH_from_pvalue
polymyxin,polymixinE,polymixinE_vs_control,not_regulated,b4248,b4248,111.72108490738331,1.5969590294215266,3.0250500860368232,0.021727878528908433,0.230499994393939,1.0177884303554767,BH_from_pvalue
polymyxin,polymixinE,polymixinE_vs_control,not_regulated,b4310,b4310,54.635387783217276,1.370222655730183,2.5851045979328586,0.009672356280335167,0.18104293363830665,1.0170044968367462,BH_from_pvalue
polymyxin,polymixinE,polymixinE_vs_control,not_regulated,b1234,b1234,1575.8431057981634,1.33792034000194,2.5278666141085564,0.008869058163799152,0.1740713119569,1.0158465193020185,BH_from_pvalue
polymyxin,polymixinE,polymixinE_vs_control,not_regulated,b3862,b3862,44.14595064718866,1.8271198820532035,3.5482800559087933,0.04501682075943293,0.27816633610918995,1.0153221681456654,BH_from_pvalue
polymyxin,polymixinE,polymixinE_vs_control,not_regulated,b2623,b2623,28.0205433492815,1.7194823753414008,3.2931822959633696,0.03433567627145612,0.25783284118365546,1.0121935310931824,BH_from_pvalue
polymyxin,polymixinE,polymixinE_vs_control,not_regulated,b2621,b2621,692343.5667040403,-1.5257533057733603,0.3472981652555129,0.019025627245552866,0.21720119632105783,1.0117846707424958,BH_from_pvalue
polymyxin,polymixinE,polymixinE_vs_control,not_regulated,b3028,b3028,151.1948425349857,-1.0751880276428247,0.4746092002329736,0.0016610841441322315,0.11504212863535529,1.0097554077889186,BH_from_pvalue
polymyxin,polymixinE,polymixinE_vs_control,not_regulated,b1947,b1947,1.830897120132666,1.6448153886878971,3.127078397170835,0.029957887833039737,0.24591029315496424,1.0020598465879311,BH_from_pvalue
polymyxin,polymixinE,polymixinE_vs_control,not_regulated,b4239,b4239,98.91082956727506,-1.1658574292545314,0.44569929089497623,0.0034090899994012173,0.1382921767234871,1.001707486713196,BH_from_pvalue
polymyxin,polymixinE,polymixinE_vs_control,not_regulated,b4126,b4126,38.2618970791598,1.6732571130077574,3.1893382503101084,0.032140531354299826,0.2522148709882891,1.0009914486983955,BH_from_pvalue
polymyxin,polymixinE,polymixinE_vs_control,not_regulated,b0986,b0986,1.9317971758924795,0.8148376610294099,1.7591001983101675,0.0001454958030222656,0.05949455654492278,0.9986021060044024,BH_from_pvalue
polymyxin,polymixinE,polymixinE_vs_control,not_regulated,b1975,b1975,73.08853637640318,-1.6251924611061987,0.3241666406926855,0.027149076231118247,0.24408265629022852,0.9953703787327549,BH_from_pvalue
polymyxin,polymixinE,polymixinE_vs_control,not_regulated,b2131,b2131,1070.06568991288,1.4950611481504748,2.818760980000764,0.0186111472628432,0.21626559077695198,0.9942344625128019,BH_from_pvalue
polymyxin,polymixinE,polymixinE_vs_control,not_regulated,b0600,b0600,741.7464799908571,-2.1185168880912624,0.23028352589598727,0.08863793378084557,0.34134711142657825,0.9889316657556662,BH_from_pvalue
polymyxin,polymixinE,polymixinE_vs_control,not_regulated,b2378,b2378,2199.942786592538,-1.2316952229117177,0.4258168004630423,0.006119271364456194,0.15776892891864686,0.9877931154713251,BH_from_pvalue
polymyxin,polymixinE,polymixinE_vs_control,not_regulated,b1571,b1571,1.4428718458813699,-1.8274146759464427,0.2817691020905262,0.052227857695611696,0.28857247928652413,0.9863380973917599,BH_from_pvalue
polymyxin,polymixinE,polymixinE_vs_control,not_regulated,b1243,b1243,51847.267202734954,0.9560722444741945,1.94002096684502,0.0006842156579271395,0.09450999221882189,0.9795173086692792,BH_from_pvalue
polymyxin,polymixinE,polymixinE_vs_control,not_regulated,b0445,b0445,247.63554119018718,-1.6901145617875795,0.30990231522880274,0.036421222079492006,0.2634905813875164,0.9789733463917376,BH_from_pvalue
polymyxin,polymixinE,polymixinE_vs_control,not_regulated,b1585,b1585,264.10195963124113,1.2145427571152805,2.3206722062039864,0.006214091480472204,0.1579151608992315,0.9735485350102032,BH_from_pvalue
polymyxin,polymixinE,polymixinE_vs_control,not_regulated,b0590,b0590,75.62167003267402,-1.3764181127626385,0.3851739093327862,0.014148511944439739,0.19769030402581306,0.9690184893359535,BH_from_pvalue
polymyxin,polymixinE,polymixinE_vs_control,not_regulated,b2505,b2505,6.995977631173742,1.4021132636708407,2.642884291773492,0.015583422231897445,0.20373856206316704,0.9687575790633147,BH_from_pvalue
polymyxin,polymixinE,polymixinE_vs_control,not_regulated,b3433,b3433,3095.442571110912,-0.7737672843458636,0.5848881705050166,8.648684850493169e-05,0.056329304443022865,0.966640859575762,BH_from_pvalue
polymyxin,polymixinE,polymixinE_vs_control,not_regulated,b1673,b1673,168.46261023473878,2.4883857640417295,5.611497267294757,0.14372546584530682,0.4094218780064535,0.9650680478826238,BH_from_pvalue
polymyxin,polymixinE,polymixinE_vs_control,not_regulated,b1551,b1551,63.4550009997811,1.4314038653725598,2.6970903762797254,0.0170593603054165,0.2121333993881926,0.9638944066082924,BH_from_pvalue
polymyxin,polymixinE,polymixinE_vs_control,not_regulated,b3070,b3070,57.2436972654692,-1.3856221590114908,0.3827244146316664,0.015241135972878192,0.2016281900659007,0.9636291961659257,BH_from_pvalue
polymyxin,polymixinE,polymixinE_vs_control,not_regulated,b4329,b4329,35.17009425016237,2.2691993873758505,4.8205554378312865,0.11438980106797617,0.37666169398592103,0.9622506979555756,BH_from_pvalue
polymyxin,polymixinE,polymixinE_vs_control,not_regulated,b1806,b1806,1357.7944635574072,-1.222927202989407,0.42841259412825733,0.0066876708605973926,0.16348447571177757,0.9618609608575266,BH_from_pvalue
polymyxin,polymixinE,polymixinE_vs_control,not_regulated,b2562,b2562,23.010398434783266,1.6703770190977978,3.182977633009658,0.037294065647800155,0.2660269239875685,0.960591074016927,BH_from_pvalue
polymyxin,polymixinE,polymixinE_vs_control,not_regulated,b3828,b3828,739.1936660110678,-2.409607715606854,0.1882070119925899,0.13471640870400275,0.4006389748432516,0.9572089641086031,BH_from_pvalue
polymyxin,polymixinE,polymixinE_vs_control,not_regulated,b3956,b3956,3909.1440135026605,-0.967231934967252,0.5114864990949461,0.0011570913757649294,0.10424232747770092,0.9497791056422981,BH_from_pvalue
polymyxin,polymixinE,polymixinE_vs_control,not_regulated,b0152,b0152,101.2826655370605,-1.3711843439785838,0.38657377013831506,0.015649514489467165,0.20373856206316704,0.9473879606876423,BH_from_pvalue
polymyxin,polymixinE,polymixinE_vs_control,not_regulated,b4417,b4417,1.468867151595583,1.831601208197035,3.5593189250461905,0.060158627427181796,0.30530582485642965,0.9437598313720431,BH_from_pvalue
polymyxin,polymixinE,polymixinE_vs_control,not_regulated,b4668,b4668,6.832120667813765,1.645577498478776,3.128730726019504,0.03770217573912826,0.26738692212688187,0.942685258969886,BH_from_pvalue
polymyxin,polymixinE,polymixinE_vs_control,not_regulated,b1988,b1988,85.73914663109753,1.241421261499588,2.3643133636525215,0.00879069161426346,0.1740713119569,0.9425773940173815,BH_from_pvalue
polymyxin,polymixinE,polymixinE_vs_control,not_regulated,b3939,b3939,488.7647794439052,-1.7446315227937905,0.29841014264275495,0.05221413822731549,0.28857247928652413,0.9416562970037945,BH_from_pvalue
polymyxin,polymixinE,polymixinE_vs_control,not_regulated,b0810,b0810,389.208125729909,-1.001237005592893,0.49957147027319454,0.001663874806469511,0.11504212863535529,0.9403048163513044,BH_from_pvalue
polymyxin,polymixinE,polymixinE_vs_control,not_regulated,b1164,b1164,3.9535213665133284,1.3194383791522448,2.495689371974738,0.013106801275938489,0.19572622643123908,0.9346254648869288,BH_from_pvalue
polymyxin,polymixinE,polymixinE_vs_control,not_regulated,b2826,b2826,43.77234677762876,-1.6566243784060033,0.3171804205088603,0.0413761603442865,0.2735431846616245,0.9326366204831487,BH_from_pvalue
polymyxin,polymixinE,polymixinE_vs_control,not_regulated,b2543,b2543,305.01895342748395,0.9965968202962268,1.9952877512240876,0.0018269593938652728,0.11612879295940275,0.9318779104737557,BH_from_pvalue
polymyxin,polymixinE,polymixinE_vs_control,not_regulated,b3408,b3408,491.71363318702817,-1.4677054572873356,0.3615568820793668,0.022111884986698783,0.23185004589504166,0.9316888770595269,BH_from_pvalue
polymyxin,polymixinE,polymixinE_vs_control,not_regulated,b3366,b3366,73.93767911053504,-3.0158561791170464,0.12363368885700203,0.2268906143228546,0.49159633103285166,0.9300640099810611,BH_from_pvalue
polymyxin,polymixinE,polymixinE_vs_control,not_regulated,b1520,b1520,29.987393310962673,1.1668632072066103,2.245229946875994,0.0064782449639802005,0.16113359858418091,0.9251053627574921,BH_from_pvalue
polymyxin,polymixinE,polymixinE_vs_control,not_regulated,b1182,b1182,139.42831110386837,1.5685693993953933,2.9661044435606394,0.03450413970197255,0.25831399414933703,0.9220867610084653,BH_from_pvalue
polymyxin,polymixinE,polymixinE_vs_control,not_regulated,b1846,b1846,553.2370929194007,1.5008612977672087,2.8301162171958008,0.02659273902439859,0.24310899753332407,0.9218274594442232,BH_from_pvalue
polymyxin,polymixinE,polymixinE_vs_control,not_regulated,b3324,b3324,7.209693553347212,2.144825019738242,4.422386202464463,0.11096507054825923,0.3729961085096623,0.9186193314637388,BH_from_pvalue
polymyxin,polymixinE,polymixinE_vs_control,not_regulated,b4083,b4083,7.112646965405097,2.135949028312705,4.3952615790989515,0.10864181887906729,0.371680056282081,0.9180965552445444,BH_from_pvalue
polymyxin,polymixinE,polymixinE_vs_control,not_regulated,b2735,b2735,312.97893052469675,-0.9773477562903716,0.5079126262846376,0.0018881312069116112,0.11612879295940275,0.9138788789907734,BH_from_pvalue
polymyxin,polymixinE,polymixinE_vs_control,not_regulated,b3477,b3477,61.10424101264491,-1.934242644275435,0.26165855891179995,0.08522766334990622,0.3371627350465068,0.9132728422176537,BH_from_pvalue
polymyxin,polymixinE,polymixinE_vs_control,not_regulated,b1887,b1887,79.35365159079409,2.0665714962183586,4.188900152455777,0.10150764800356671,0.36176324708336355,0.9125474592713474,BH_from_pvalue
polymyxin,polymixinE,polymixinE_vs_control,not_regulated,b3733,b3733,3187.9085791263915,-0.9753493169880869,0.508616680757935,0.0018655890284607,0.11612879295940275,0.9120102181609423,BH_from_pvalue
polymyxin,polymixinE,polymixinE_vs_control,not_regulated,b0875,b0875,218.26001211861333,1.0578117849218511,2.0817715881672703,0.0034624364848559563,0.1382921767234871,0.9088744111423682,BH_from_pvalue
polymyxin,polymixinE,polymixinE_vs_control,not_regulated,b1936,b1936,4.809894168688859,1.9087580252653034,3.7548571563877924,0.08385748912925385,0.3340781969518279,0.9088586972504236,BH_from_pvalue
polymyxin,polymixinE,polymixinE_vs_control,not_regulated,b1989,b1989,3.4252443291439345,1.7316186076297777,3.321002036733756,0.057248793106896054,0.29907673797307605,0.9077445434082513,BH_from_pvalue
polymyxin,polymixinE,polymixinE_vs_control,not_regulated,b0252,b0252,8.96220034446339,1.3736417009517767,2.591238306612845,0.01964132348744937,0.21867988377858233,0.9068661156600877,BH_from_pvalue
polymyxin,polymixinE,polymixinE_vs_control,not_regulated,b0829,b0829,1140.2939955271615,-1.4518196417534988,0.3655600596649346,0.024053976217618293,0.23829992081736578,0.904303759206566,BH_from_pvalue
polymyxin,polymixinE,polymixinE_vs_control,not_regulated,b2195,b2195,70.91293966669853,-1.4567948745571977,0.36430157196303475,0.02510471352670188,0.23960235732309335,0.9039542047513592,BH_from_pvalue
polymyxin,polymixinE,polymixinE_vs_control,not_regulated,b2911,b2911,3379.1775702951086,-1.623737045510806,0.3244938305904801,0.045827630105804165,0.27816633610918995,0.9023032553801867,BH_from_pvalue
polymyxin,polymixinE,polymixinE_vs_control,not_regulated,b1601,b1601,202.55866043343462,1.1504520308814508,2.219834362413015,0.0068953672523435275,0.16497532926085737,0.9003218963981999,BH_from_pvalue
polymyxin,polymixinE,polymixinE_vs_control,not_regulated,b2109,b2109,15.181923137436486,2.0375290131486095,4.10541769625032,0.10246785731306206,0.36184228627469295,0.8995296966788989,BH_from_pvalue
polymyxin,polymixinE,polymixinE_vs_control,not_regulated,b0337,b0337,357.83539385203426,-1.2658214693898815,0.41586250815251985,0.012474372168306193,0.1950766282487578,0.8984734453920015,BH_from_pvalue
polymyxin,polymixinE,polymixinE_vs_control,not_regulated,b3363,b3363,609.5036711914844,0.9555115484603771,1.9392671341618615,0.0015488627439502948,0.11504212863535529,0.8973620691981373,BH_from_pvalue
polymyxin,polymixinE,polymixinE_vs_control,not_regulated,b0593,b0593,59.9839139979108,-1.2272381442255291,0.42713435798462196,0.010368432577363515,0.18575833646435488,0.8971745155128316,BH_from_pvalue
polymyxin,polymixinE,polymixinE_vs_control,not_regulated,b1353,b1353,6.262940097985667,1.512946287419955,2.853922755849002,0.03344216901065771,0.2558212180441129,0.8957601798110365,BH_from_pvalue
polymyxin,polymixinE,polymixinE_vs_control,not_regulated,b4050,b4050,90.76888087399338,1.623329149087338,3.080851509225704,0.04761190848078724,0.28268171235143086,0.890724416008383,BH_from_pvalue
polymyxin,polymixinE,polymixinE_vs_control,not_regulated,b2590,b2590,1.2490366179238024,1.6949894205878928,3.237745123427248,0.056123825788259044,0.29826409216747973,0.8905457939442597,BH_from_pvalue
polymyxin,polymixinE,polymixinE_vs_control,not_regulated,b1785,b1785,38.82584329853962,1.898488833538114,3.7282247509997615,0.08703181527712497,0.33960585125762316,0.8904384131583475,BH_from_pvalue
polymyxin,polymixinE,polymixinE_vs_control,not_regulated,b3563,b3563,5.240146957382646,2.0040007612911817,4.011107860212569,0.10075149715637709,0.3605252459899635,0.887901230885792,BH_from_pvalue
polymyxin,polymixinE,polymixinE_vs_control,not_regulated,b1237,b1237,10416.950734005348,-0.944686516096171,0.519542431010922,0.001632565728294728,0.11504212863535529,0.8871958148424124,BH_from_pvalue
polymyxin,polymixinE,polymixinE_vs_control,not_regulated,b2758,b2758,26.428400177186006,1.5017060468756087,2.8317738358546185,0.034012910939802195,0.256694754038977,0.8868820723863959,BH_from_pvalue
polymyxin,polymixinE,polymixinE_vs_control,not_regulated,b0327,b0327,4.801680294372546,1.5746510034446461,2.978634289643729,0.04204434828388809,0.2735431846616245,0.8864877333907595,BH_from_pvalue
polymyxin,polymixinE,polymixinE_vs_control,not_regulated,b1588,b1588,916.5438534826721,2.1661835241659855,4.488344844826176,0.12960875433129912,0.39376934317213436,0.8767803248621595,BH_from_pvalue
polymyxin,polymixinE,polymixinE_vs_control,not_regulated,b0244,b0244,9.607667980137125,1.7653205075351246,3.3994951407522103,0.0676696643709157,0.31905466492702184,0.8758371154799853,BH_from_pvalue
polymyxin,polymixinE,polymixinE_vs_control,not_regulated,b3331,b3331,2.532433151598855,1.867291439853663,3.648469617588447,0.08794888772629826,0.3401496964685207,0.8745084361615988,BH_from_pvalue
polymyxin,polymixinE,polymixinE_vs_control,not_regulated,b2863,b2863,43.43816250459738,1.4219230401364031,2.6794242684619825,0.02681413522641969,0.24316528275894309,0.8732007067414214,BH_from_pvalue
polymyxin,polymixinE,polymixinE_vs_control,not_regulated,b3903,b3903,21.976868190493544,-1.3912283057754906,0.3812400774867486,0.02322464543181088,0.2361712491914291,0.8719843017023247,BH_from_pvalue
polymyxin,polymixinE,polymixinE_vs_control,not_regulated,b2240,b2240,98.88021210042889,-1.803051552645396,0.2865678061581425,0.0775707811585629,0.3285436663382447,0.871607562898663,BH_from_pvalue
polymyxin,polymixinE,polymixinE_vs_control,not_regulated,b2348,b2348,0.9004316331128427,1.4407703860848835,2.7146578706422626,0.03128258953855891,0.24846593167023134,0.871281615448652,BH_from_pvalue
polymyxin,polymixinE,polymixinE_vs_control,not_regulated,b3859,b3859,637.8231882348097,1.1721312824220966,2.2534435066088654,0.009846908658595091,0.18104293363830665,0.869977430398749,BH_from_pvalue
polymyxin,polymixinE,polymixinE_vs_control,not_regulated,b3704,b3704,108.34304483637817,1.3862158371839968,2.613921539326362,0.023312591071808473,0.2361712491914291,0.8688426218598331,BH_from_pvalue
polymyxin,polymixinE,polymixinE_vs_control,not_regulated,b2169,b2169,828.4018134201492,-1.3039880513361286,0.405005091128281,0.018799432190704363,0.21626559077695198,0.8671684505661469,BH_from_pvalue
polymyxin,polymixinE,polymixinE_vs_control,not_regulated,b2459,b2459,30.979357724942727,-1.0029177374685885,0.49898981110820567,0.0030046174348892164,0.13713940700689362,0.8653552667454358,BH_from_pvalue
polymyxin,polymixinE,polymixinE_vs_control,not_regulated,b0329,b0329,5615.824113010155,1.4161308945248194,2.6686884562626774,0.02819067160079618,0.24491933137254657,0.8652233132895437,BH_from_pvalue
polymyxin,polymixinE,polymixinE_vs_control,not_regulated,b2533,b2533,294.7784977204314,1.284122100241417,2.43533813964393,0.017430790106387907,0.2121333993881926,0.8647161990879746,BH_from_pvalue
polymyxin,polymixinE,polymixinE_vs_control,not_regulated,b1535,b1535,317.7440080822426,1.5554257780769492,2.9392045768246136,0.045104941603247295,0.27816633610918995,0.8643429962636466,BH_from_pvalue
polymyxin,polymixinE,polymixinE_vs_control,not_regulated,b1843,b1843,228.26679740149714,1.3771739397291318,2.5975903672270726,0.023365912948755126,0.23617949762584392,0.8631545162749628,BH_from_pvalue
polymyxin,polymixinE,polymixinE_vs_control,not_regulated,b1452,b1452,239.04225882154898,-0.921793626168502,0.5278523613473283,0.0019363404784249012,0.11612879295940275,0.8619324291909767,BH_from_pvalue
polymyxin,polymixinE,polymixinE_vs_control,not_regulated,b4686,b4686,197.1097606843673,-0.9801614112990569,0.5069230212687672,0.002735522388368104,0.13231716312927613,0.8609579236296175,BH_from_pvalue
polymyxin,polymixinE,polymixinE_vs_control,not_regulated,b2234,b2234,1226.21380452485,1.5903537493484095,3.0112317594289797,0.05077766461393504,0.2880060403988117,0.8597426980801006,BH_from_pvalue
polymyxin,polymixinE,polymixinE_vs_control,not_regulated,b2825,b2825,67.52781252985415,-1.2987854872664775,0.40646823381232555,0.019525867869539467,0.21867988377858233,0.857446704695225,BH_from_pvalue
polymyxin,polymixinE,polymixinE_vs_control,not_regulated,b0536,b0536,9.859502609151539,1.7442082060311481,3.3501093943042664,0.07393364214057208,0.3225543378741932,0.8570988771210981,BH_from_pvalue
polymyxin,polymixinE,polymixinE_vs_control,not_regulated,b3708,b3708,171562.19796739492,2.507017408619662,5.684436764907279,0.18779434319661478,0.45560892971864797,0.8559152292056884,BH_from_pvalue
polymyxin,polymixinE,polymixinE_vs_control,not_regulated,b4342,b4342,77.7411960020301,2.0175299847775348,4.048899924507542,0.11570739702994005,0.3787247651170132,0.8507445692041502,BH_from_pvalue
polymyxin,polymixinE,polymixinE_vs_control,not_regulated,b3731,b3731,2743.216377542767,-0.9615088479276377,0.5135195660522287,0.00250188471575953,0.1308543889707717,0.8492158700686526,BH_from_pvalue
polymyxin,polymixinE,polymixinE_vs_control,not_regulated,b3734,b3734,6780.16418418142,-0.8161647268088057,0.5679497802287826,0.0004116205325887458,0.09123828577396137,0.8486667592652491,BH_from_pvalue
polymyxin,polymixinE,polymixinE_vs_control,not_regulated,b4593,b4593,1.1742639331466886,1.624490302007782,3.0833321303015206,0.05840083572310822,0.3019037498386632,0.8449485657034111,BH_from_pvalue
polymyxin,polymixinE,polymixinE_vs_control,not_regulated,b4367,b4367,702.974982239797,-1.4797143121471699,0.3585598083248151,0.03925761424451831,0.26911970661197326,0.8435178013767513,BH_from_pvalue
polymyxin,polymixinE,polymixinE_vs_control,not_regulated,b3143,b3143,1.1825749220297685,1.6287516874027304,3.0924530397264673,0.060205928556614746,0.30530582485642965,0.8392385913324709,BH_from_pvalue
polymyxin,polymixinE,polymixinE_vs_control,not_regulated,b4101,b4101,1.1825749220297685,1.6287516874027304,3.0924530397264673,0.060205928556614746,0.30530582485642965,0.8392385913324709,BH_from_pvalue
polymyxin,polymixinE,polymixinE_vs_control,not_regulated,b4181,b4181,1.1825749220297685,1.6287516874027304,3.0924530397264673,0.060205928556614746,0.30530582485642965,0.8392385913324709,BH_from_pvalue
polymyxin,polymixinE,polymixinE_vs_control,not_regulated,b3047,b3047,1.6057898554051573,1.819011030675388,3.5283924383561995,0.09283458488494249,0.3473719612560814,0.835299395673504,BH_from_pvalue
polymyxin,polymixinE,polymixinE_vs_control,not_regulated,b2749,b2749,135.13193082601626,-1.167552344620126,0.445175979326052,0.012247736394195982,0.19277745790190542,0.8347342526782363,BH_from_pvalue
polymyxin,polymixinE,polymixinE_vs_control,not_regulated,b3710,b3710,119.3145189910387,1.7231835509434577,3.301641667998424,0.0786245122589,0.3289330670395575,0.8321123534118215,BH_from_pvalue
polymyxin,polymixinE,polymixinE_vs_control,not_regulated,b1455,b1455,2.497813099951463,1.8528070789240572,3.6120229988438215,0.09741750097194755,0.35595769242227465,0.8311722521621162,BH_from_pvalue
polymyxin,polymixinE,polymixinE_vs_control,not_regulated,b4631,b4631,2.170076433239009,1.9929163583759513,3.980408112625556,0.12098617905442031,0.38346801081149495,0.8295930051630975,BH_from_pvalue
polymyxin,polymixinE,polymixinE_vs_control,not_regulated,b2820,b2820,1323.9396835538669,-1.3334196857260565,0.3968265102631444,0.025825352709420418,0.2402648222728891,0.825799893016011,BH_from_pvalue
polymyxin,polymixinE,polymixinE_vs_control,not_regulated,b0592,b0592,81.04823893929404,-1.2062501970335022,0.43339361465918763,0.016002583606268495,0.2068379915545853,0.8255210709705753,BH_from_pvalue
polymyxin,polymixinE,polymixinE_vs_control,not_regulated,b2567,b2567,707.518732858597,1.0266090462290087,2.0372302524463204,0.005681077985315912,0.15712127597164124,0.8251524227788127,BH_from_pvalue
polymyxin,polymixinE,polymixinE_vs_control,not_regulated,b1115,b1115,9.575211672486887,1.351748602422517,2.552212761739568,0.029723426071572773,0.24591029315496424,0.823516734148199,BH_from_pvalue
polymyxin,polymixinE,polymixinE_vs_control,not_regulated,b0313,b0313,206.7971464231732,-1.0651425640742422,0.4779254288827289,0.007350572846648659,0.16868814624604933,0.8232651275130062,BH_from_pvalue
polymyxin,polymixinE,polymixinE_vs_control,not_regulated,b1959,b1959,152.2879109409809,1.1596579516662793,2.234044544090536,0.012490455521485602,0.1950766282487578,0.8231191368653537,BH_from_pvalue
polymyxin,polymixinE,polymixinE_vs_control,not_regulated,b1651,b1651,346.31248006906145,0.6845764508777883,1.6072300585936703,0.00020837332273481015,0.06293082418210207,0.8222698172423736,BH_from_pvalue
polymyxin,polymixinE,polymixinE_vs_control,not_regulated,b4120,b4120,582.4817671975054,1.8309923485043047,3.5578171048176843,0.09680340410778365,0.3557366925464141,0.8218799836846078,BH_from_pvalue
polymyxin,polymixinE,polymixinE_vs_control,not_regulated,b3907,b3907,69.30096540200378,-1.1344724834610167,0.45550143890321476,0.011051251114400766,0.18900580803260322,0.8208190334462853,BH_from_pvalue
polymyxin,polymixinE,polymixinE_vs_control,not_regulated,b1926,b1926,3.8901592649758734,1.3375212856665315,2.5271674943339066,0.027435760840423918,0.24408265629022852,0.8191824048770434,BH_from_pvalue
polymyxin,polymixinE,polymixinE_vs_control,not_regulated,b0585,b0585,33.99255294588477,-1.4156739046863445,0.37483461549989,0.03667258997523797,0.2643482527381737,0.8180097294651834,BH_from_pvalue
polymyxin,polymixinE,polymixinE_vs_control,not_regulated,b2238,b2238,4.665801373988347,1.7702830221908352,3.4112086988282373,0.09115199893421047,0.34578360887020215,0.816446735936691,BH_from_pvalue
polymyxin,polymixinE,polymixinE_vs_control,not_regulated,b2175,b2175,664.0143122696244,1.4440283815371586,2.7207952293539353,0.042051054833274,0.2735431846616245,0.8129505802241103,BH_from_pvalue
polymyxin,polymixinE,polymixinE_vs_control,not_regulated,b1141,b1141,9.130074298016408,1.6399589040705593,3.116569540249824,0.06832465279556676,0.3199409710600928,0.8116650922678293,BH_from_pvalue
polymyxin,polymixinE,polymixinE_vs_control,not_regulated,b3525,b3525,35.748268356147754,2.4389144641973153,5.422335813341249,0.19677084786082613,0.46525163102421485,0.8104807768212546,BH_from_pvalue
polymyxin,polymixinE,polymixinE_vs_control,not_regulated,b2248,b2248,27.860844617323284,-1.0097300154131403,0.49663917960948933,0.006069319295392949,0.15776892891864686,0.8097817862376693,BH_from_pvalue
polymyxin,polymixinE,polymixinE_vs_control,not_regulated,b0748,b0748,52.77590938208778,1.2017889357387226,2.300247239138324,0.017756141570087106,0.2135484619846305,0.8058037502810078,BH_from_pvalue
polymyxin,polymixinE,polymixinE_vs_control,not_regulated,b3061,b3061,5.738387851758944,1.8795162949390691,3.6795167317142305,0.11016174532389034,0.3727724146482527,0.8054784234948378,BH_from_pvalue
polymyxin,polymixinE,polymixinE_vs_control,not_regulated,b3291,b3291,645.8908346213619,1.058859741036553,2.08328431105119,0.008795942259956162,0.1740713119569,0.8039633976709402,BH_from_pvalue
polymyxin,polymixinE,polymixinE_vs_control,not_regulated,b4484,b4484,2934.7063362550584,1.504929888077875,2.838108782975943,0.05413001812510982,0.29264041048887496,0.8031294662039173,BH_from_pvalue
polymyxin,polymixinE,polymixinE_vs_control,not_regulated,b2895,b2895,632.4351643092435,-0.8045671080473795,0.5725338477956236,0.0009354486002455975,0.10095185198893367,0.8012568851560112,BH_from_pvalue
polymyxin,polymixinE,polymixinE_vs_control,not_regulated,b2594,b2594,810.9761685835168,0.9096916785329956,1.878643966471817,0.002583744044860201,0.1318158951391424,0.8005579844553979,BH_from_pvalue
polymyxin,polymixinE,polymixinE_vs_control,not_regulated,b2369,b2369,728.9484226427467,0.9922142778832104,1.989235768858061,0.005786984525876041,0.15712127597164124,0.7975071117076685,BH_from_pvalue
polymyxin,polymixinE,polymixinE_vs_control,not_regulated,b4314,b4314,3231.7341435206276,1.7467215893349533,3.355950855987683,0.094556607964999,0.35039175273795337,0.7955375784188382,BH_from_pvalue
polymyxin,polymixinE,polymixinE_vs_control,not_regulated,b3173,b3173,51.323306566841374,1.122932455445869,2.1778920630436938,0.013608981155165959,0.19572622643123908,0.795430301854677,BH_from_pvalue
polymyxin,polymixinE,polymixinE_vs_control,not_regulated,b3141,b3141,5.1601439225101045,1.7821063036488174,3.439279355751883,0.10211843457647049,0.36176324708336355,0.7869345834499726,BH_from_pvalue
polymyxin,polymixinE,polymixinE_vs_control,not_regulated,b0718,b0718,10.782487921940474,1.5951837276041299,3.0213299138092693,0.07079664079252519,0.3218292455395536,0.7854277789103983,BH_from_pvalue
polymyxin,polymixinE,polymixinE_vs_control,not_regulated,b4034,b4034,6050.36566925744,1.9823543496165712,3.951373848971767,0.13961582119857452,0.40490943486463726,0.7783557818010564,BH_from_pvalue
polymyxin,polymixinE,polymixinE_vs_control,not_regulated,b3392,b3392,1.2483199842505188,-1.3144754130276541,0.4020716684786282,0.03372808728854268,0.2563938265451865,0.7769764739184924,BH_from_pvalue
polymyxin,polymixinE,polymixinE_vs_control,not_regulated,b4646,b4646,6.868573713282703,1.339544952278179,2.5307148365060996,0.036200176548467994,0.2631858545805963,0.7765843833747763,BH_from_pvalue
polymyxin,polymixinE,polymixinE_vs_control,not_regulated,b4096,b4096,19.092390603365303,0.9825092921522312,1.9758991206686431,0.006725276045927171,0.16351509002475897,0.7726867320977364,BH_from_pvalue
polymyxin,polymixinE,polymixinE_vs_control,not_regulated,b3707,b3707,5957.187867331667,2.682413790123057,6.419290231306864,0.2546218979241651,0.5154355980711561,0.7720673334091522,BH_from_pvalue
polymyxin,polymixinE,polymixinE_vs_control,not_regulated,b3123,b3123,133726.62117673285,-0.9450163449029567,0.5194236668448503,0.004620733718227515,0.1528173428788604,0.7709701859535824,BH_from_pvalue
polymyxin,polymixinE,polymixinE_vs_control,not_regulated,b2215,b2215,141618.16560762946,-0.889215071239736,0.5399077866109256,0.0037216630221876866,0.13854706394780464,0.7633045942342276,BH_from_pvalue
polymyxin,polymixinE,polymixinE_vs_control,not_regulated,b0886,b0886,1098.0962833549718,-1.2161346625189715,0.43043441513908565,0.023276092863494004,0.2361712491914291,0.7622403383185101,BH_from_pvalue
polymyxin,polymixinE,polymixinE_vs_control,not_regulated,b0964,b0964,181.71238792014364,0.9330722284174833,1.909337616729147,0.004469664699600911,0.1528173428788604,0.7612258489825616,BH_from_pvalue
polymyxin,polymixinE,polymixinE_vs_control,not_regulated,b0463,b0463,979.333679856952,0.8093501031180654,1.7524218439854125,0.001397122417652936,0.11504212863535529,0.7600955576204322,BH_from_pvalue
polymyxin,polymixinE,polymixinE_vs_control,not_regulated,b3506,b3506,10599.979341852142,-1.6869902680618498,0.31057416546847383,0.09618070167441785,0.35440194900338917,0.7599956923463814,BH_from_pvalue
polymyxin,polymixinE,polymixinE_vs_control,not_regulated,b4119,b4119,1176.4707593265846,1.7654312816565891,3.3997561734269017,0.10926675856483212,0.371680056282081,0.7588366373565837,BH_from_pvalue
polymyxin,polymixinE,polymixinE_vs_control,not_regulated,b0877,b0877,258.2801403775327,0.9300602224799803,1.9053555297641682,0.0046467646567928695,0.1528173428788604,0.7587685721425844,BH_from_pvalue
polymyxin,polymixinE,polymixinE_vs_control,not_regulated,b2375,b2375,6.924919204156802,1.8957230753728445,3.721084301894183,0.1327221849360441,0.3979895918948842,0.7585324235859009,BH_from_pvalue
polymyxin,polymixinE,polymixinE_vs_control,not_regulated,b4102,b4102,4.0859742278348765,1.8996157032376217,3.731137954811108,0.13343870834174923,0.39904720690742346,0.7579005517507476,BH_from_pvalue
polymyxin,polymixinE,polymixinE_vs_control,not_regulated,b3110,b3110,184.19787431008498,2.2046975042560613,4.609778734779488,0.18369050134670203,0.45334988607248616,0.7574601810050356,BH_from_pvalue
polymyxin,polymixinE,polymixinE_vs_control,not_regulated,b2819,b2819,792.8856066830799,-1.2338941855054095,0.4251682628626739,0.027170361620503226,0.24408265629022852,0.7557146320422217,BH_from_pvalue
polymyxin,polymixinE,polymixinE_vs_control,not_regulated,b2071,b2071,8.550311702229507,1.2705170990800982,2.4124801955058692,0.03305915250542878,0.2549839500784246,0.7540355788909984,BH_from_pvalue
polymyxin,polymixinE,polymixinE_vs_control,not_regulated,b1743,b1743,1363.8923051778331,1.348018878496621,2.5456231812813437,0.04326856689858009,0.27605959419831666,0.7535387176351867,BH_from_pvalue
polymyxin,polymixinE,polymixinE_vs_control,not_regulated,b1691,b1691,3.742622333111847,2.290213654328951,4.8912854266475145,0.20128301155125225,0.46896198666643446,0.7531650651998416,BH_from_pvalue
polymyxin,polymixinE,polymixinE_vs_control,not_regulated,b3615,b3615,36.420681524734555,1.303629057136484,2.4684904388598974,0.03686161115828651,0.2646762514892866,0.7525655324944696,BH_from_pvalue
polymyxin,polymixinE,polymixinE_vs_control,not_regulated,b3491,b3491,3238.0317320452486,-2.06512960403194,0.23896486110487303,0.16031857853482745,0.4322297371160836,0.7522964755842142,BH_from_pvalue
polymyxin,polymixinE,polymixinE_vs_control,not_regulated,b1225,b1225,2856.5246574324215,-2.3633992885632686,0.194332716888523,0.21575260105713862,0.4808995042393506,0.7514325717955685,BH_from_pvalue
polymyxin,polymixinE,polymixinE_vs_control,not_regulated,b3664,b3664,33.238676682435916,1.0588290547936605,2.0832399998927698,0.01327447595229188,0.19572622643123908,0.7500225953773968,BH_from_pvalue
polymyxin,polymixinE,polymixinE_vs_control,not_regulated,b3339,b3339,218.4549167804424,-1.2275341740201302,0.42704672232992574,0.02823985036730953,0.24491933137254657,0.7499950670719768,BH_from_pvalue
polymyxin,polymixinE,polymixinE_vs_control,not_regulated,b1709,b1709,339.07461010538674,1.5239221579708282,2.875717899321644,0.07338500621770563,0.322316482706892,0.7493391706274628,BH_from_pvalue
polymyxin,polymixinE,polymixinE_vs_control,not_regulated,b4005,b4005,880.554553425554,-0.9652333084282034,0.5121955740462453,0.0071511988450575536,0.168092398171199,0.7475267954244045,BH_from_pvalue
polymyxin,polymixinE,polymixinE_vs_control,not_regulated,b3967,b3967,10.649345878554216,-1.3921256943856095,0.3810030113623656,0.05347003165968053,0.290468843484593,0.7474329040298613,BH_from_pvalue
polymyxin,polymixinE,polymixinE_vs_control,not_regulated,b3213,b3213,455.58963170498095,-0.9783067428087229,0.5075751193984965,0.007860980643165691,0.1724814191851672,0.7467001378610413,BH_from_pvalue
polymyxin,polymixinE,polymixinE_vs_control,not_regulated,b1320,b1320,53.01876700650367,1.03296673421643,2.04622775683321,0.011691795652092187,0.19064451060228804,0.7435043492796873,BH_from_pvalue
polymyxin,polymixinE,polymixinE_vs_control,not_regulated,b2270,b2270,15.243115560408514,1.8402791387683606,3.580793043748107,0.13038382091291634,0.39492688650929136,0.7425218972790564,BH_from_pvalue
polymyxin,polymixinE,polymixinE_vs_control,not_regulated,b2602,b2602,106.22313008582672,1.1018202996127693,2.146253221375055,0.017591655164928194,0.21270770142969625,0.7406620999731083,BH_from_pvalue
polymyxin,polymixinE,polymixinE_vs_control,not_regulated,b2646,b2646,2.999269658820032,1.5319834401344905,2.891831395233842,0.0774125747409223,0.3285436663382447,0.740571366746352,BH_from_pvalue
polymyxin,polymixinE,polymixinE_vs_control,not_regulated,b2610,b2610,6046.080346982838,-0.9735796362045601,0.5092409578319059,0.008385110094857269,0.1740713119569,0.739212533909376,BH_from_pvalue
polymyxin,polymixinE,polymixinE_vs_control,not_regulated,b2889,b2889,520.7074468645711,0.8551265034956472,1.8089173640665244,0.0030184084690267825,0.13713940700689362,0.7378354135019416,BH_from_pvalue
polymyxin,polymixinE,polymixinE_vs_control,not_regulated,b2622,b2622,462.9762295136593,-0.8397609560773862,0.5587361398221989,0.002735770602717359,0.13231716312927613,0.7376324355917894,BH_from_pvalue
polymyxin,polymixinE,polymixinE_vs_control,not_regulated,b1527,b1527,2.692789111088534,1.7294528751020855,3.316020383565229,0.11252342811909036,0.37574638432046653,0.7351993927012157,BH_from_pvalue
polymyxin,polymixinE,polymixinE_vs_control,not_regulated,b3614,b3614,181.5530087094261,1.016548268891178,2.02307284610122,0.011684396007969675,0.19064451060228804,0.731686736985442,BH_from_pvalue
polymyxin,polymixinE,polymixinE_vs_control,not_regulated,b4242,b4242,162.04219915998684,0.8995907072061806,1.8655366549704406,0.005117989775121166,0.15409124940922847,0.7306673844898763,BH_from_pvalue
polymyxin,polymixinE,polymixinE_vs_control,not_regulated,b1932,b1932,25.972453058885506,1.01294185836562,2.0180219383337614,0.011684354473526736,0.19064451060228804,0.7290909303420902,BH_from_pvalue
polymyxin,polymixinE,polymixinE_vs_control,not_regulated,b1074,b1074,11.508386878709864,2.3259673175350533,5.014018494112436,0.223367279384481,0.4863086991331565,0.7282323663443976,BH_from_pvalue
polymyxin,polymixinE,polymixinE_vs_control,not_regulated,b0259,b0259,1.1630220489159784,-1.5527716290089308,0.340854603030474,0.08771386398148538,0.3401496964685207,0.7272094007495241,BH_from_pvalue
polymyxin,polymixinE,polymixinE_vs_control,not_regulated,b0019,b0019,5240.671006120301,-1.3071822093799774,0.40410939300465826,0.04591149768862515,0.27816633610918995,0.726395179662586,BH_from_pvalue
polymyxin,polymixinE,polymixinE_vs_control,not_regulated,b3188,b3188,71.85243615618482,0.9339034196419558,1.9104379753544232,0.00704583985697685,0.16745164913603788,0.7248123162619929,BH_from_pvalue
polymyxin,polymixinE,polymixinE_vs_control,not_regulated,b0588,b0588,32.2396034829962,-1.16091264604679,0.44722952943774574,0.02445191552357673,0.2384526157986396,0.7227817860090102,BH_from_pvalue
polymyxin,polymixinE,polymixinE_vs_control,not_regulated,b3558,b3558,9.786374978501403,1.972273981606532,3.923861124010944,0.15890831462251617,0.4305840958867938,0.7217379157043645,BH_from_pvalue
polymyxin,polymixinE,polymixinE_vs_control,not_regulated,b1948,b1948,6.248672663230731,1.8190778253413369,3.528555801536518,0.13693143671729532,0.40177273473867864,0.720390361529147,BH_from_pvalue
polymyxin,polymixinE,polymixinE_vs_control,not_regulated,b4443,b4443,1182.8366971719422,-1.461658599367981,0.36307547831356085,0.06991976466639695,0.3218292455395536,0.7196834116099873,BH_from_pvalue
polymyxin,polymixinE,polymixinE_vs_control,not_regulated,b2898,b2898,2569.4556469006607,-0.95590044366946,0.5155197327380255,0.00908088113212012,0.17682165944708353,0.7192811856748151,BH_from_pvalue
polymyxin,polymixinE,polymixinE_vs_control,not_regulated,b2050,b2050,12.808071143245956,1.3801939488742736,2.603033626488771,0.05844793536155092,0.3019037498386632,0.717882338880382,BH_from_pvalue
polymyxin,polymixinE,polymixinE_vs_control,not_regulated,b1921,b1921,30.62616680756013,2.014623142380486,4.040750132229788,0.16897042768492335,0.4405965123053827,0.7171231282947612,BH_from_pvalue
polymyxin,polymixinE,polymixinE_vs_control,not_regulated,b2059,b2059,12.539284026347824,1.5526150147861077,2.9334837795800155,0.09196250776423998,0.346728717454779,0.7142187230631802,BH_from_pvalue
polymyxin,polymixinE,polymixinE_vs_control,not_regulated,b0461,b0461,774.5564330097726,1.2820724363740936,2.4318806657637855,0.04405724491088316,0.27739921715640825,0.7139794331368957,BH_from_pvalue
polymyxin,polymixinE,polymixinE_vs_control,not_regulated,b0166,b0166,2008.9923992053589,-0.8082378080272061,0.5710789813113224,0.0023963329290891725,0.1308543889707717,0.713845093412869,BH_from_pvalue
polymyxin,polymixinE,polymixinE_vs_control,not_regulated,b1781,b1781,796.1548724408132,-0.939831534779584,0.5212937489593824,0.008624074228229325,0.1740713119569,0.7135885185322245,BH_from_pvalue
polymyxin,polymixinE,polymixinE_vs_control,not_regulated,b1421,b1421,199.9804158921278,1.7004562470837365,3.250037235430775,0.11772816931599678,0.38079352880335776,0.7130190582120368,BH_from_pvalue
polymyxin,polymixinE,polymixinE_vs_control,not_regulated,b2368,b2368,8.790926547018328,1.9625012487746152,3.8973709383096473,0.1619912584551117,0.4332269432959868,0.7129463663902297,BH_from_pvalue
polymyxin,polymixinE,polymixinE_vs_control,not_regulated,b0945,b0945,142.11508855150015,1.2748231192071415,2.419691495372327,0.04380728215855695,0.27636066640839996,0.7120190130180937,BH_from_pvalue
polymyxin,polymixinE,polymixinE_vs_control,not_regulated,b2150,b2150,2968.384131978224,-1.3915290752767024,0.38116060578070526,0.062285157566076915,0.3078666359694659,0.7119582816099785,BH_from_pvalue
polymyxin,polymixinE,polymixinE_vs_control,not_regulated,b4217,b4217,10675.886058154643,-1.268430230291898,0.41511120206436986,0.04276019745544753,0.2746698526288774,0.711829099491696,BH_from_pvalue
polymyxin,polymixinE,polymixinE_vs_control,not_regulated,b0446,b0446,397.7409599204703,-0.8240851917322338,0.5648402522523394,0.003307004269883438,0.1382921767234871,0.7080559642489835,BH_from_pvalue
polymyxin,polymixinE,polymixinE_vs_control,not_regulated,b3926,b3926,1390.1119783567756,-1.2035977343723552,0.43419116213539544,0.03456854765002717,0.25831399414933703,0.7075374139469468,BH_from_pvalue
polymyxin,polymixinE,polymixinE_vs_control,not_regulated,b4317,b4317,121.63675587564398,1.2557047775053638,2.387837694620141,0.04202035470045523,0.2735431846616245,0.7069292685068354,BH_from_pvalue
polymyxin,polymixinE,polymixinE_vs_control,not_regulated,b1488,b1488,41.06967509245823,1.1345482284362012,2.1954980124810506,0.024107102148122256,0.23829992081736578,0.7066829780156706,BH_from_pvalue
polymyxin,polymixinE,polymixinE_vs_control,not_regulated,b2975,b2975,129.4057997442325,1.4336670007635828,2.7013245841687143,0.07414076082204077,0.32283169620284546,0.7039646645767962,BH_from_pvalue
polymyxin,polymixinE,polymixinE_vs_control,not_regulated,b3629,b3629,219.5330487401989,-1.0607348739116764,0.4793878089211418,0.019223349310527722,0.21777002089898428,0.7022085095615997,BH_from_pvalue
polymyxin,polymixinE,polymixinE_vs_control,not_regulated,b0099,b0099,114.2453751328739,-0.5915155373645433,0.6636453876009389,0.0002745592252100064,0.06499828394708468,0.7021869759893864,BH_from_pvalue
polymyxin,polymixinE,polymixinE_vs_control,not_regulated,b4613,b4613,325.7583950627624,-1.1267736224994946,0.45793869407226623,0.02449202056446676,0.2384526157986396,0.7015269013317326,BH_from_pvalue
polymyxin,polymixinE,polymixinE_vs_control,not_regulated,b4598,b4598,118.37370510837242,1.2616892414664411,2.3977632903798995,0.04517409615477464,0.27816633610918995,0.7011149453051955,BH_from_pvalue
polymyxin,polymixinE,polymixinE_vs_control,not_regulated,b3687,b3687,488.65480455537426,-0.9226700008566837,0.5275318112932439,0.008547606253998438,0.1740713119569,0.7005582326622627,BH_from_pvalue
polymyxin,polymixinE,polymixinE_vs_control,not_regulated,b1426,b1426,1840.9040210004405,-1.412921741062906,0.3755503528971828,0.06815164376366555,0.3199409710600928,0.699297557079335,BH_from_pvalue
polymyxin,polymixinE,polymixinE_vs_control,not_regulated,b1911,b1911,35.33311701003978,-1.1232856569177159,0.4590471797599278,0.02475364472992671,0.23880286099254686,0.6986392800850674,BH_from_pvalue
polymyxin,polymixinE,polymixinE_vs_control,not_regulated,b3548,b3548,566.0711393341763,0.984557868078328,1.9787068204726181,0.013572830065180069,0.19572622643123908,0.6974125277089681,BH_from_pvalue
polymyxin,polymixinE,polymixinE_vs_control,not_regulated,b0388,b0388,674.9832717869468,-0.9575488402926116,0.5149310458184884,0.010797306038250038,0.18693352916017789,0.697395072035693,BH_from_pvalue
polymyxin,polymixinE,polymixinE_vs_control,not_regulated,b3628,b3628,310.94228242088656,-0.6963745288203462,0.617121075799473,0.0009295573398841976,0.10095185198893367,0.6935094416409047,BH_from_pvalue
polymyxin,polymixinE,polymixinE_vs_control,not_regulated,b1881,b1881,66.01103960078773,1.5035333407924227,2.8353627866023796,0.09123863511481221,0.34578360887020215,0.6934229572753777,BH_from_pvalue
polymyxin,polymixinE,polymixinE_vs_control,not_regulated,b0278,b0278,6.473057046371999,1.2298755328998578,2.345467536822514,0.04146210791012213,0.2735431846616245,0.6923880727400011,BH_from_pvalue
polymyxin,polymixinE,polymixinE_vs_control,not_regulated,b2196,b2196,207.48770143171961,-0.860694447478787,0.5506874183670093,0.005697423930892623,0.15712127597164124,0.6917960748720748,BH_from_pvalue
polymyxin,polymixinE,polymixinE_vs_control,not_regulated,b2108,b2108,3.0189258944135435,1.6053468710887002,3.0426889805223793,0.10916867533450596,0.371680056282081,0.6900274364147271,BH_from_pvalue
polymyxin,polymixinE,polymixinE_vs_control,not_regulated,b2011,b2011,918.582202981392,-0.802218581265242,0.5734666201836762,0.0034388147562011144,0.1382921767234871,0.6892681203289661,BH_from_pvalue
polymyxin,polymixinE,polymixinE_vs_control,not_regulated,b2371,b2371,31.933553302792134,1.4437621924880224,2.720293266663324,0.08392804858949877,0.3340781969518279,0.6874500633581863,BH_from_pvalue
polymyxin,polymixinE,polymixinE_vs_control,not_regulated,b2250,b2250,31.687670382433833,-1.0506092772225655,0.48276424099546783,0.0204222286590699,0.22188208818477395,0.6869700361250357,BH_from_pvalue
polymyxin,polymixinE,polymixinE_vs_control,not_regulated,b0486,b0486,5721.718641206652,-1.9799273767262306,0.25350263059827366,0.1780358434222027,0.4499780331803765,0.6866560136687876,BH_from_pvalue
polymyxin,polymixinE,polymixinE_vs_control,not_regulated,b3220,b3220,49.59866626170426,1.3954526593551995,2.6307108015860154,0.07298640042055174,0.322316482706892,0.6861684718880039,BH_from_pvalue
polymyxin,polymixinE,polymixinE_vs_control,not_regulated,b1060,b1060,4408.795410549009,1.0156523003768054,2.0218168309436337,0.016706711930962796,0.2121333993881926,0.6839310659100692,BH_from_pvalue
polymyxin,polymixinE,polymixinE_vs_control,not_regulated,b4318,b4318,17.82702678092852,1.2639107707005466,2.4014583224917123,0.05109081359661207,0.2880060403988117,0.6832681449519005,BH_from_pvalue
polymyxin,polymixinE,polymixinE_vs_control,not_regulated,b3978,b3978,4.528573193239046,-1.1119509759777961,0.46266793560743613,0.026699832099035592,0.24310899753332407,0.6829591413523964,BH_from_pvalue
polymyxin,polymixinE,polymixinE_vs_control,not_regulated,b2243,b2243,40.24509286053432,-1.5647355588943324,0.3380396641021096,0.10521181055034647,0.36628693796862105,0.6825041158217842,BH_from_pvalue
polymyxin,polymixinE,polymixinE_vs_control,not_regulated,b2557,b2557,3681.3717932649147,-1.3077609793372105,0.4039473078367397,0.058461130749105306,0.3019037498386632,0.6802076703124392,BH_from_pvalue
polymyxin,polymixinE,polymixinE_vs_control,not_regulated,b0074,b0074,124.0022202015079,-1.1163792809350293,0.46124996891716863,0.02977653465299119,0.24591029315496424,0.6801242611671413,BH_from_pvalue
polymyxin,polymixinE,polymixinE_vs_control,not_regulated,b0865,b0865,1323.519561634608,0.8843907554472565,1.8459849045275758,0.00766436305871746,0.1715139554134882,0.6771784766785902,BH_from_pvalue
polymyxin,polymixinE,polymixinE_vs_control,not_regulated,b4444,b4444,1.9761047124673539,-1.37507446210242,0.38553280725798095,0.07301066991205052,0.322316482706892,0.6761481559890518,BH_from_pvalue
polymyxin,polymixinE,polymixinE_vs_control,not_regulated,b3158,b3158,132.1533419899555,1.1047498189721097,2.15061580539887,0.028917574061717966,0.24491933137254657,0.6749766581766499,BH_from_pvalue
polymyxin,polymixinE,polymixinE_vs_control,not_regulated,b0450,b0450,5.359588309025735,-1.8578940790308172,0.2758786889550942,0.16149618484690365,0.4332269432959868,0.6749441986903242,BH_from_pvalue
polymyxin,polymixinE,polymixinE_vs_control,not_regulated,b1731,b1731,36.89221656304428,0.8869654146296879,1.8492822233120398,0.007991621018641567,0.17365367797995054,0.6743740085282129,BH_from_pvalue
polymyxin,polymixinE,polymixinE_vs_control,not_regulated,b1112,b1112,1357.9142375972121,1.8542593852055713,3.6156609159248014,0.16108472838739105,0.43308972402061263,0.6738788781229359,BH_from_pvalue
polymyxin,polymixinE,polymixinE_vs_control,not_regulated,b0067,b0067,114.12676048516887,-0.6476209435582598,0.6383320789690451,0.0005241369935665471,0.09123828577396137,0.6734110766473292,BH_from_pvalue
polymyxin,polymixinE,polymixinE_vs_control,not_regulated,b3252,b3252,649.4027030744801,0.8219845210550183,1.7678360945814178,0.004596626311679574,0.1528173428788604,0.6705974584109767,BH_from_pvalue
polymyxin,polymixinE,polymixinE_vs_control,not_regulated,b1022,b1022,12.217111434038548,1.4469416065728153,2.7262948648944394,0.09067185873841527,0.34475234201639215,0.6692000386501047,BH_from_pvalue
polymyxin,polymixinE,polymixinE_vs_control,not_regulated,b4408,b4408,45587.112018948246,-0.7123664486158656,0.6103182140943448,0.0015356710817483203,0.11504212863535529,0.6690140285455377,BH_from_pvalue
polymyxin,polymixinE,polymixinE_vs_control,not_regulated,b4271,b4271,347.42535897359636,1.071747179551397,2.10197743162897,0.024238078715953293,0.23829992081736578,0.66756570548721,BH_from_pvalue
polymyxin,polymixinE,polymixinE_vs_control,not_regulated,b0315,b0315,32.64600180586803,1.0643884372544141,2.091283190459941,0.022945758988125228,0.2361712491914291,0.6671299055275949,BH_from_pvalue
polymyxin,polymixinE,polymixinE_vs_control,not_regulated,b3632,b3632,701.324447683191,-0.7759620453929301,0.5839990610270258,0.0034794147958602008,0.1382921767234871,0.6667084420197016,BH_from_pvalue
polymyxin,polymixinE,polymixinE_vs_control,not_regulated,b3084,b3084,249.49055987077614,0.9204620063014373,1.8927213183906553,0.011039733604965433,0.18900580803260322,0.6659771350570057,BH_from_pvalue
polymyxin,polymixinE,polymixinE_vs_control,not_regulated,b3743,b3743,94.51151624091494,1.5680343827677605,2.9650046816996722,0.11384693070979189,0.37666169398592103,0.6649226981245903,BH_from_pvalue
polymyxin,polymixinE,polymixinE_vs_control,not_regulated,b2814,b2814,21.574270101565006,-1.3417910948477303,0.3945305451090665,0.06840795030447809,0.3199409710600928,0.6640928562907921,BH_from_pvalue
polymyxin,polymixinE,polymixinE_vs_control,not_regulated,b4524,b4524,9.120052132314466,1.1788922658101888,2.2640287300917143,0.04209015663754793,0.2735431846616245,0.6636858137732159,BH_from_pvalue
polymyxin,polymixinE,polymixinE_vs_control,not_regulated,b1877,b1877,4.582461849901552,1.2589044341761932,2.3931393968301595,0.056095055509430794,0.29826409216747973,0.6614271659846341,BH_from_pvalue
polymyxin,polymixinE,polymixinE_vs_control,not_regulated,b4632,b4632,2.381577022458782,1.567351657131401,2.963601886409718,0.11579502987337494,0.3787247651170132,0.6609150398747087,BH_from_pvalue
polymyxin,polymixinE,polymixinE_vs_control,not_regulated,b2318,b2318,340.6238114345984,-1.2242625904174478,0.42801623031916736,0.05211971317464044,0.28857247928652413,0.6607897211479126,BH_from_pvalue
polymyxin,polymixinE,polymixinE_vs_control,not_regulated,b3721,b3721,9.660234161838517,1.8163915915562767,3.5219919008392817,0.16211164421879748,0.4332269432959868,0.6598669865562656,BH_from_pvalue
polymyxin,polymixinE,polymixinE_vs_control,not_regulated,b3631,b3631,469.55062850254325,-0.8193870705280055,0.5666826468252197,0.005632252249907513,0.15712127597164124,0.65859465092712,BH_from_pvalue
polymyxin,polymixinE,polymixinE_vs_control,not_regulated,b3241,b3241,44.09563933342491,1.1999434749996034,2.297306699421965,0.04822924172915828,0.283488166404876,0.6569271326192033,BH_from_pvalue
polymyxin,polymixinE,polymixinE_vs_control,not_regulated,b4559,b4559,2.3194459589952494,1.9510108434527773,3.866453448835164,0.1925603667167188,0.4611149276775715,0.6559119316486319,BH_from_pvalue
polymyxin,polymixinE,polymixinE_vs_control,not_regulated,b1744,b1744,2802.3765287077563,-1.6023191744264924,0.32934711681176904,0.127323841491646,0.3901244135077818,0.6550230652033845,BH_from_pvalue
polymyxin,polymixinE,polymixinE_vs_control,not_regulated,b2943,b2943,195.6723803750249,1.5534427651543998,2.935167357144525,0.11607763311378719,0.37875533825484475,0.6549955297478928,BH_from_pvalue
polymyxin,polymixinE,polymixinE_vs_control,not_regulated,b1329,b1329,559.4914671755283,0.9724561019770857,1.9621782443391254,0.01728392033027001,0.2121333993881926,0.6548431368975295,BH_from_pvalue
polymyxin,polymixinE,polymixinE_vs_control,not_regulated,b0603,b0603,7.915190985697052,1.353223503192078,2.554823282508795,0.07824122163955846,0.3286236954762599,0.6540144413105754,BH_from_pvalue
polymyxin,polymixinE,polymixinE_vs_control,not_regulated,b4704,b4704,746.2768944337678,-1.817619344811403,0.28368871264699874,0.1656216423058046,0.4367397668816729,0.6539381113242874,BH_from_pvalue
polymyxin,polymixinE,polymixinE_vs_control,not_regulated,b0941,b0941,37.04333201778905,0.9111026360634309,1.8804821813311632,0.012125840824058341,0.192049408544417,0.6528843283535976,BH_from_pvalue
polymyxin,polymixinE,polymixinE_vs_control,not_regulated,b4308,b4308,11.284059124794696,1.8119822152513465,3.511243905493265,0.16584071183501495,0.4367397668816729,0.6519100002853524,BH_from_pvalue
polymyxin,polymixinE,polymixinE_vs_control,not_regulated,b4482,b4482,15.84641408930922,1.508110894553091,2.844373449083458,0.10859031993721818,0.371680056282081,0.6482324244926951,BH_from_pvalue
polymyxin,polymixinE,polymixinE_vs_control,not_regulated,b0689,b0689,13.124057369310686,1.3160905708788952,2.48990477946387,0.07126562534810817,0.3218292455395536,0.6480094274048765,BH_from_pvalue
polymyxin,polymixinE,polymixinE_vs_control,not_regulated,b1710,b1710,685.5075218434886,1.3801555355708466,2.6029643188481972,0.08710730235020141,0.33960585125762316,0.6473272232605637,BH_from_pvalue
polymyxin,polymixinE,polymixinE_vs_control,not_regulated,b2376,b2376,1.7260905814485719,1.7211545661585228,3.2970015520666167,0.15203155084012285,0.4210824603933945,0.6465221917719358,BH_from_pvalue
polymyxin,polymixinE,polymixinE_vs_control,not_regulated,b2945,b2945,21.617011575278255,1.1390638370545942,2.202380646023559,0.0402618435368726,0.2708826985316937,0.6460983462036687,BH_from_pvalue
polymyxin,polymixinE,polymixinE_vs_control,not_regulated,b3210,b3210,2006.7314260109335,-0.9115899492008577,0.5315989097042373,0.01269283924485126,0.19572622643123908,0.6457256310867058,BH_from_pvalue
polymyxin,polymixinE,polymixinE_vs_control,not_regulated,b2647,b2647,144.10709091467632,1.1615321442460163,2.2369486578731506,0.04571552257335207,0.27816633610918995,0.6454581041182104,BH_from_pvalue
polymyxin,polymixinE,polymixinE_vs_control,not_regulated,b2561,b2561,80.69020816233035,1.0549346482901694,2.077624091513357,0.02895046093934646,0.24491933137254657,0.6445407378841439,BH_from_pvalue
polymyxin,polymixinE,polymixinE_vs_control,not_regulated,b4431,b4431,1.858832281455027,1.4412166586308204,2.7154977325943332,0.09797833013442116,0.35713657126793064,0.6444626202484285,BH_from_pvalue
polymyxin,polymixinE,polymixinE_vs_control,not_regulated,b2899,b2899,6555.250032301286,-0.6333207652481558,0.6446907704401229,0.0008231201051788748,0.09608134428234186,0.6443158022849683,BH_from_pvalue
polymyxin,polymixinE,polymixinE_vs_control,not_regulated,b1041,b1041,6.4337281938188555,1.3301815485947102,2.514343133816196,0.07789635162072486,0.3286236954762599,0.642878238734169,BH_from_pvalue
polymyxin,polymixinE,polymixinE_vs_control,not_regulated,b2367,b2367,11.731732734058008,1.8511722433747455,3.6079322388808808,0.17767634682380729,0.44978144836097317,0.6423539202303762,BH_from_pvalue
polymyxin,polymixinE,polymixinE_vs_control,not_regulated,b2194,b2194,268.8919094079264,-0.8458892671118514,0.5563677622101145,0.008312613640353558,0.1740713119569,0.6422607101625076,BH_from_pvalue
polymyxin,polymixinE,polymixinE_vs_control,not_regulated,b0167,b0167,683.7427377868506,-0.6684372302394994,0.6291878730898547,0.0012665954443772524,0.10956050593863233,0.641931000852198,BH_from_pvalue
polymyxin,polymixinE,polymixinE_vs_control,not_regulated,b2255,b2255,299.12201243482974,1.0742541945477155,2.105633277179217,0.032354645123764784,0.2526583225116215,0.6418307773011136,BH_from_pvalue
polymyxin,polymixinE,polymixinE_vs_control,not_regulated,b2239,b2239,265.89139015339117,-0.7266882241494832,0.604289498504993,0.0025015367219263975,0.1308543889707717,0.6418195462993711,BH_from_pvalue
polymyxin,polymixinE,polymixinE_vs_control,not_regulated,b0148,b0148,882.0184631044663,-0.7972989350017468,0.5754255017204526,0.005345887423754946,0.15712127597164124,0.640840980616978,BH_from_pvalue
polymyxin,polymixinE,polymixinE_vs_control,not_regulated,b2666,b2666,176.52148742220336,1.1861728415390358,2.2754830528103858,0.05166279232881289,0.28857247928652413,0.6402309662394761,BH_from_pvalue
polymyxin,polymixinE,polymixinE_vs_control,not_regulated,b3904,b3904,30.702930624663725,-1.5941411301796133,0.3312193514792109,0.13187487204055592,0.3966308210095993,0.6402286642694984,BH_from_pvalue
polymyxin,polymixinE,polymixinE_vs_control,not_regulated,b1742,b1742,36.360027432247655,1.2420347188926266,2.3653189219188175,0.060143712417480934,0.30530582485642965,0.6399769074263628,BH_from_pvalue
polymyxin,polymixinE,polymixinE_vs_control,not_regulated,b0591,b0591,95.72598354073058,-1.1344351949161142,0.4555132121504215,0.041818450595869285,0.2735431846616245,0.638657634243995,BH_from_pvalue
polymyxin,polymixinE,polymixinE_vs_control,not_regulated,b3050,b3050,162.68647600093098,1.3270697375274265,2.5089256834901446,0.08164184583617476,0.3317299210217832,0.6359521949584193,BH_from_pvalue
polymyxin,polymixinE,polymixinE_vs_control,not_regulated,b3672,b3672,73.031107115154,-1.2328904303813033,0.4254641766251896,0.05986658371556013,0.30530582485642965,0.6352651764311869,BH_from_pvalue
polymyxin,polymixinE,polymixinE_vs_control,not_regulated,b2103,b2103,161.30511015668068,-1.0382424597045095,0.4869202954431518,0.027795397607737866,0.24491933137254657,0.634342195666064,BH_from_pvalue
polymyxin,polymixinE,polymixinE_vs_control,not_regulated,b0913,b0913,274.4048524960987,-1.156624350712689,0.4485608610132007,0.04780973788054313,0.28295815919300393,0.6341514295928502,BH_from_pvalue
polymyxin,polymixinE,polymixinE_vs_control,not_regulated,b3908,b3908,3476.801875183899,-1.7919100732553481,0.2887894465367573,0.17143417925757637,0.4434220461762958,0.6328716706486046,BH_from_pvalue
polymyxin,polymixinE,polymixinE_vs_control,not_regulated,b1799,b1799,511.3954642663,-1.076276250510917,0.474251338155999,0.03495281488440674,0.25831399414933703,0.6326912167013307,BH_from_pvalue
polymyxin,polymixinE,polymixinE_vs_control,not_regulated,b4040,b4040,563.137093190213,-0.893125529114263,0.5384463357609204,0.0137904995993629,0.19572622643123908,0.6326463410797036,BH_from_pvalue
polymyxin,polymixinE,polymixinE_vs_control,not_regulated,b0815,b0815,144.3276354818759,0.8783251379127321,1.838240001537169,0.01181633605135307,0.19064451060228804,0.6321970867872799,BH_from_pvalue
polymyxin,polymixinE,polymixinE_vs_control,not_regulated,b4149,b4149,1448.4019504546384,1.0344426387051602,2.0483221579020996,0.0289446627101908,0.24491933137254657,0.6320205926788858,BH_from_pvalue
polymyxin,polymixinE,polymixinE_vs_control,not_regulated,b1226,b1226,566.3016881983602,-2.147827877990885,0.22565210188350918,0.24479818343713658,0.508122856068408,0.6315285575993043,BH_from_pvalue
polymyxin,polymixinE,polymixinE_vs_control,not_regulated,b0399,b0399,191.18775957371193,0.5246482319802759,1.438582771906843,0.0001942785046709706,0.06293082418210207,0.6301741832833957,BH_from_pvalue
polymyxin,polymixinE,polymixinE_vs_control,not_regulated,b3783,b3783,4968.765321572995,0.7368317966126394,1.6665121048388831,0.0037871650985030775,0.13962843125464625,0.630010447854466,BH_from_pvalue
polymyxin,polymixinE,polymixinE_vs_control,not_regulated,b4691,b4691,103.65932258057624,-1.0284602769579427,0.49023307324142124,0.027512206922887028,0.24408265629022852,0.6298939478776769,BH_from_pvalue
polymyxin,polymixinE,polymixinE_vs_control,not_regulated,b4116,b4116,12.214233052751533,0.9040153159351436,1.8712668612954815,0.015285729838255257,0.2016281900659007,0.628696319953298,BH_from_pvalue
polymyxin,polymixinE,polymixinE_vs_control,not_regulated,b4445,b4445,9.621251272530332,-1.2571899191619567,0.4183580442554834,0.0668093581280946,0.316830242230554,0.627555729458916,BH_from_pvalue
polymyxin,polymixinE,polymixinE_vs_control,not_regulated,b3518,b3518,155.07141943902724,1.9733787357170423,3.926866999644906,0.21573218093261956,0.4808995042393506,0.62742722555696,BH_from_pvalue
polymyxin,polymixinE,polymixinE_vs_control,not_regulated,b2061,b2061,1.3443200852198227,1.286291669468486,2.4390032312772494,0.07532641550940938,0.3257867470781956,0.6265096928933052,BH_from_pvalue
polymyxin,polymixinE,polymixinE_vs_control,not_regulated,b3732,b3732,8303.19736273274,-0.8249369420910906,0.5645068755628149,0.008818877836789411,0.1740713119569,0.6263521797311715,BH_from_pvalue
polymyxin,polymixinE,polymixinE_vs_control,not_regulated,b2606,b2606,4252.119425240051,-1.2153521338357258,0.4306679493454845,0.06069799787597633,0.3054653687764455,0.625952555969335,BH_from_pvalue
polymyxin,polymixinE,polymixinE_vs_control,not_regulated,b1937,b1937,7.289126309393033,1.4525262184201124,2.736868689905973,0.10840196539814241,0.371680056282081,0.6243404219188396,BH_from_pvalue
polymyxin,polymixinE,polymixinE_vs_control,not_regulated,b3735,b3735,1137.0735908331424,-0.6357173305897028,0.6436207168729778,0.0010470324621519738,0.10424232747770092,0.6242463837892613,BH_from_pvalue
polymyxin,polymixinE,polymixinE_vs_control,not_regulated,b3051,b3051,230.20515921371575,1.5466475845187118,2.9213750487049968,0.13057989762135414,0.39498882279815123,0.6239411348230466,BH_from_pvalue
polymyxin,polymixinE,polymixinE_vs_control,not_regulated,b2691,b2691,1.3526310741029022,1.2905530548634343,2.4462181295170495,0.07741401919060624,0.3285436663382447,0.623862252463375,BH_from_pvalue
polymyxin,polymixinE,polymixinE_vs_control,not_regulated,b2728,b2728,9.993866788451092,-1.4538696187865336,0.36504099115771327,0.11103641380489948,0.3729961085096623,0.6226861049057136,BH_from_pvalue
polymyxin,polymixinE,polymixinE_vs_control,not_regulated,b3360,b3360,181.19872618960835,0.9800953377651034,1.9725957599286166,0.02200933692943006,0.23185004589504166,0.6221574772511587,BH_from_pvalue
polymyxin,polymixinE,polymixinE_vs_control,not_regulated,b4105,b4105,6.255836906138043,1.6878584310652316,3.2217810014090014,0.1565911914894863,0.42817457709404827,0.6217718078277331,BH_from_pvalue
polymyxin,polymixinE,polymixinE_vs_control,not_regulated,b0483,b0483,332.1376956046986,-1.0342649243037672,0.488264595471566,0.03169622662243305,0.25056173523322295,0.6216813926194465,BH_from_pvalue
polymyxin,polymixinE,polymixinE_vs_control,not_regulated,b0564,b0564,87.84909221318588,1.3984895873037502,2.6362543805843104,0.10011814970761529,0.3593692309221356,0.6215714370222415,BH_from_pvalue
polymyxin,polymixinE,polymixinE_vs_control,not_regulated,b4568,b4568,3105.7755594948853,1.3939903834512464,2.628045736518847,0.09893454575590449,0.3581977227741345,0.6215485004035567,BH_from_pvalue
polymyxin,polymixinE,polymixinE_vs_control,not_regulated,b3417,b3417,1017.706019256363,0.9342127531915416,1.9108476433044648,0.01874117713195802,0.21626559077695198,0.6212632277221833,BH_from_pvalue
polymyxin,polymixinE,polymixinE_vs_control,not_regulated,b3728,b3728,381.0073828655749,1.260942899088434,2.3965231880055544,0.0735122361744418,0.322316482706892,0.6200276708816008,BH_from_pvalue
polymyxin,polymixinE,polymixinE_vs_control,not_regulated,b4287,b4287,55.000443863062195,-1.3881753054785673,0.3820477037997329,0.09914435128768229,0.3581977227741345,0.6189556898386086,BH_from_pvalue
polymyxin,polymixinE,polymixinE_vs_control,not_regulated,b0133,b0133,1116.6478734331415,-0.7961719556452529,0.575875178192828,0.007073324441050956,0.16745164913603788,0.6179174710970844,BH_from_pvalue
polymyxin,polymixinE,polymixinE_vs_control,not_regulated,b1471,b1471,2.9054495538693765,1.431697113003585,2.697638652754484,0.1075444221043762,0.3706390503110395,0.6171313591705788,BH_from_pvalue
polymyxin,polymixinE,polymixinE_vs_control,not_regulated,b2485,b2485,5.550870770197719,1.2924493453041264,2.449435573161629,0.08284151292420303,0.3337090761154892,0.6160226922837255,BH_from_pvalue
polymyxin,polymixinE,polymixinE_vs_control,not_regulated,b0014,b0014,23436.94846500232,-0.8291943101674875,0.5628434810822491,0.009941663985918574,0.18104293363830665,0.6154432921286008,BH_from_pvalue
polymyxin,polymixinE,polymixinE_vs_control,not_regulated,b1649,b1649,63.55301897912494,1.273023762542218,2.4166754913670174,0.07902867385464098,0.3289330670395575,0.6147335833250044,BH_from_pvalue
polymyxin,polymixinE,polymixinE_vs_control,not_regulated,b1508,b1508,36.386615011522885,1.380030508886807,2.6027387508057354,0.09971781595463082,0.35884361057569286,0.6142443788304242,BH_from_pvalue
polymyxin,polymixinE,polymixinE_vs_control,not_regulated,b1969,b1969,71.03076456291542,0.8087190190048306,1.7516554424213044,0.00890093413741374,0.1740713119569,0.6140383519008381,BH_from_pvalue
polymyxin,polymixinE,polymixinE_vs_control,not_regulated,b1587,b1587,522.0832043304216,1.454547763663249,2.74070635609756,0.11628748824587386,0.37875533825484475,0.6132973189453358,BH_from_pvalue
polymyxin,polymixinE,polymixinE_vs_control,not_regulated,b2256,b2256,91.08154886525796,1.142015309299329,2.206890898597974,0.053618417086974644,0.29057306030989394,0.6129706104560219,BH_from_pvalue
polymyxin,polymixinE,polymixinE_vs_control,not_regulated,b3269,b3269,16.780736258336933,1.3874438083064793,2.616147364262484,0.10190448852270605,0.36176324708336355,0.6126612722902185,BH_from_pvalue
polymyxin,polymixinE,polymixinE_vs_control,not_regulated,b2759,b2759,5.969936477807527,0.9978956515891335,1.9970848802116608,0.02690441019586839,0.24349303231592762,0.6122224157632347,BH_from_pvalue
polymyxin,polymixinE,polymixinE_vs_control,not_regulated,b4280,b4280,217.2649631950343,1.2416217465885744,2.3646419448832905,0.07267723000530786,0.322316482706892,0.6105271223699303,BH_from_pvalue
polymyxin,polymixinE,polymixinE_vs_control,not_regulated,b2566,b2566,843.3896763920384,0.7591476458825035,1.692490394358402,0.0054759024113630725,0.15712127597164124,0.6101763096163525,BH_from_pvalue
polymyxin,polymixinE,polymixinE_vs_control,not_regulated,b2197,b2197,71.0017375520762,-0.923569251520334,0.5272030962814008,0.019965482213644335,0.21880175800735333,0.6095087821253229,BH_from_pvalue
polymyxin,polymixinE,polymixinE_vs_control,not_regulated,b3662,b3662,112.06439139784852,0.9965937893120138,1.9952835592922171,0.02841313658145473,0.24491933137254657,0.6088958186888914,BH_from_pvalue
polymyxin,polymixinE,polymixinE_vs_control,not_regulated,b0083,b0083,190.5990663197588,-0.9954253006308642,0.5015879863589398,0.02858361500079579,0.24491933137254657,0.6081818990560705,BH_from_pvalue
polymyxin,polymixinE,polymixinE_vs_control,not_regulated,b3928,b3928,2386.1545059076157,-0.8178448767042212,0.5672887359316292,0.009484148358264196,0.18076143777742523,0.6075722259915165,BH_from_pvalue
polymyxin,polymixinE,polymixinE_vs_control,not_regulated,b1616,b1616,37.587668692823335,-1.121184383604473,0.45971626529508,0.05267185537888758,0.28857247928652413,0.6051537652104308,BH_from_pvalue
polymyxin,polymixinE,polymixinE_vs_control,not_regulated,b2302,b2302,449.47566232654475,0.9899487671575162,1.9861144589230286,0.02810189820048482,0.24491933137254657,0.6048358634208962,BH_from_pvalue
polymyxin,polymixinE,polymixinE_vs_control,not_regulated,b1481,b1481,97.38335695198337,1.7345057162494069,3.3276546511402634,0.17749340043511166,0.44978144836097317,0.6018708148214463,BH_from_pvalue
polymyxin,polymixinE,polymixinE_vs_control,not_regulated,b0141,b0141,1.2115594296444394,1.2056896597373243,2.306475007504482,0.06678345921473829,0.316830242230554,0.6018481713740622,BH_from_pvalue
polymyxin,polymixinE,polymixinE_vs_control,not_regulated,b2710,b2710,92.07374219877943,1.0651036854955045,2.092320247791716,0.04166709934146878,0.2735431846616245,0.5996257900420826,BH_from_pvalue
polymyxin,polymixinE,polymixinE_vs_control,not_regulated,b1319,b1319,2.858812677765164,1.9519858653243605,3.869067411428089,0.22861339329464336,0.49296806730670983,0.599613383608253,BH_from_pvalue
polymyxin,polymixinE,polymixinE_vs_control,not_regulated,b0513,b0513,62.58666574709193,0.905795591924095,1.8735774173439466,0.01989336646926958,0.21880175800735333,0.5977790698199591,BH_from_pvalue
polymyxin,polymixinE,polymixinE_vs_control,not_regulated,b0114,b0114,10776.048599954183,-1.0994418541747812,0.4666970152836069,0.05006108490147685,0.2861178651675259,0.5974971993012377,BH_from_pvalue
polymyxin,polymixinE,polymixinE_vs_control,not_regulated,b4553,b4553,55.14324403468424,1.0830326618665662,2.1184846302167926,0.04685620886164519,0.28101230327957344,0.5970484682870504,BH_from_pvalue
polymyxin,polymixinE,polymixinE_vs_control,not_regulated,b2290,b2290,711.8874889843064,-0.8181100109338324,0.5671844908640198,0.010530427273912025,0.18647977117344994,0.5967034853107719,BH_from_pvalue
polymyxin,polymixinE,polymixinE_vs_control,not_regulated,b2174,b2174,34.155925392330516,1.082065503193122,2.1170649094149114,0.0468373442664234,0.28101230327957344,0.5965152982129592,BH_from_pvalue
polymyxin,polymixinE,polymixinE_vs_control,not_regulated,b1767,b1767,273.07030269242136,0.8852906488473922,1.8471367126253466,0.017053719702135442,0.2121333993881926,0.5961467097369665,BH_from_pvalue
polymyxin,polymixinE,polymixinE_vs_control,not_regulated,b1745,b1745,6248.018145013194,-1.5146576282431266,0.34997951158862123,0.13884609704843096,0.4042275523349461,0.5958270632956836,BH_from_pvalue
polymyxin,polymixinE,polymixinE_vs_control,not_regulated,b0198,b0198,334.3904338939376,-1.0942044770833714,0.4683943319315935,0.049205607626007675,0.2855829975506871,0.5955401018258213,BH_from_pvalue
polymyxin,polymixinE,polymixinE_vs_control,not_regulated,b1408,b1408,1.883771096087892,1.7784351968390855,3.4305388312457445,0.19437257861754553,0.46307619630387703,0.594615437825736,BH_from_pvalue
polymyxin,polymixinE,polymixinE_vs_control,not_regulated,b3040,b3040,1103.5774802305405,-0.7404950932784065,0.5985339166750189,0.006085051994545767,0.15776892891864686,0.593861161084599,BH_from_pvalue
polymyxin,polymixinE,polymixinE_vs_control,not_regulated,b0824,b0824,14.284120923084396,1.3307251023421673,2.515290623121662,0.09930470437957886,0.3581977227741345,0.5933399553032649,BH_from_pvalue
polymyxin,polymixinE,polymixinE_vs_control,not_regulated,b3046,b3046,12.805097651361601,1.0815866233390183,2.1163622997405844,0.04777561429364663,0.28295815919300393,0.5930099111230975,BH_from_pvalue
polymyxin,polymixinE,polymixinE_vs_control,not_regulated,b2314,b2314,867.0108633851204,-0.9703269833471317,0.5103903709983793,0.02927904073316458,0.24491933137254657,0.5928474060920498,BH_from_pvalue
polymyxin,polymixinE,polymixinE_vs_control,not_regulated,b1227,b1227,652.4395191071304,-2.0369217927493297,0.24368311721591823,0.24810151158084928,0.5116623068908038,0.5927780045451247,BH_from_pvalue
polymyxin,polymixinE,polymixinE_vs_control,not_regulated,b3552,b3552,71.33306258041311,0.9330723646915882,1.9093377970813903,0.022370591355813266,0.23185004589504166,0.5923076318606288,BH_from_pvalue
polymyxin,polymixinE,polymixinE_vs_control,not_regulated,b0098,b0098,5413.453476222305,-0.5780308239143839,0.6698774887872755,0.0007563474626859636,0.09450999221882189,0.5922054533440496,BH_from_pvalue
polymyxin,polymixinE,polymixinE_vs_control,not_regulated,b2035,b2035,539.4476413892456,-0.7757754827459316,0.5840745859664594,0.008499890280844991,0.1740713119569,0.5890252209680549,BH_from_pvalue
polymyxin,polymixinE,polymixinE_vs_control,not_regulated,b1155,b1155,1.2489392182403452,1.218322860237763,2.3267607298366717,0.07819781341409507,0.3286236954762599,0.5888168088233419,BH_from_pvalue
polymyxin,polymixinE,polymixinE_vs_control,not_regulated,b2534,b2534,6.664685442560951,1.7137617897867874,3.280149998964688,0.18287214207058644,0.45334988607248616,0.5887911212243325,BH_from_pvalue
polymyxin,polymixinE,polymixinE_vs_control,not_regulated,b1746,b1746,7167.714516225106,-1.5022597072549928,0.35300004994817386,0.14243743585511331,0.40704166866346864,0.5864237968443748,BH_from_pvalue
polymyxin,polymixinE,polymixinE_vs_control,not_regulated,b2760,b2760,11.706696519741689,1.629307162786127,3.093643944406303,0.1664612159067934,0.43679316923098105,0.5861011536819947,BH_from_pvalue
polymyxin,polymixinE,polymixinE_vs_control,not_regulated,b4578,b4578,6.208202342452061,1.3971922552166465,2.6338848152819447,0.11765229257799867,0.38079352880335776,0.5858573001594363,BH_from_pvalue
polymyxin,polymixinE,polymixinE_vs_control,not_regulated,b0791,b0791,1835.083079358051,-0.9871380770956897,0.5044775322024472,0.03303422173812785,0.2549839500784246,0.5858537692622344,BH_from_pvalue
polymyxin,polymixinE,polymixinE_vs_control,not_regulated,b3630,b3630,182.05138860534512,-0.6893584922762068,0.6201295350183752,0.0038709603866962728,0.14155755950699053,0.5853115010030995,BH_from_pvalue
polymyxin,polymixinE,polymixinE_vs_control,not_regulated,b2442,b2442,341.59231873805857,-0.9795712938313104,0.507130414591828,0.032492464200102184,0.2526951082460145,0.5851989914859907,BH_from_pvalue
polymyxin,polymixinE,polymixinE_vs_control,not_regulated,b1766,b1766,1196.7286143240096,-0.7658247606192568,0.5881170574350703,0.007792006654805982,0.1724814191851672,0.5845216324381437,BH_from_pvalue
polymyxin,polymixinE,polymixinE_vs_control,not_regulated,b2684,b2684,439.0358115197335,0.7692613395739478,1.7043969082140946,0.008440592063728469,0.1740713119569,0.5840792092589533,BH_from_pvalue
polymyxin,polymixinE,polymixinE_vs_control,not_regulated,b1583,b1583,282.1796760792177,0.9934447497829701,1.99093310804744,0.03497403789171771,0.25831399414933703,0.5839985479261125,BH_from_pvalue
polymyxin,polymixinE,polymixinE_vs_control,not_regulated,b0650,b0650,44.25862975917877,0.9393041116624383,1.9176030538746733,0.025519495223787696,0.23963818270688322,0.5827855838521661,BH_from_pvalue
polymyxin,polymixinE,polymixinE_vs_control,not_regulated,b4279,b4279,67.74626155323631,1.2113871286916282,2.3156017126102824,0.08087347935580516,0.3303986468141795,0.5826308612911845,BH_from_pvalue
polymyxin,polymixinE,polymixinE_vs_control,not_regulated,b1650,b1650,392.0563750963761,0.8492695152340097,1.8015884897165761,0.0159440664929826,0.2066755362692672,0.5815041168937224,BH_from_pvalue
polymyxin,polymixinE,polymixinE_vs_control,not_regulated,b0720,b0720,8064.182823967946,1.1824484883343036,2.2696164122945053,0.07358733831312043,0.322316482706892,0.5814305966506497,BH_from_pvalue
polymyxin,polymixinE,polymixinE_vs_control,not_regulated,b3130,b3130,251.66880314552304,-0.6973131550117158,0.6167197036460058,0.004109765905603973,0.14671211939211645,0.5812342296784554,BH_from_pvalue
polymyxin,polymixinE,polymixinE_vs_control,not_regulated,b2603,b2603,123.17726395514394,1.0318502119968613,2.044644764686474,0.04134081360563614,0.2735431846616245,0.5809049456869239,BH_from_pvalue
polymyxin,polymixinE,polymixinE_vs_control,not_regulated,b4685,b4685,2.4785810138641717,1.6310108061275583,3.09729931083143,0.16960258955209181,0.4409667328354387,0.5799779389167176,BH_from_pvalue
polymyxin,polymixinE,polymixinE_vs_control,not_regulated,b0981,b0981,259.6256314037284,-0.9857397445225837,0.5049667342333619,0.03493287925439608,0.25831399414933703,0.5794691446706102,BH_from_pvalue
polymyxin,polymixinE,polymixinE_vs_control,not_regulated,b1199,b1199,455.9966710410174,-0.7767733342887979,0.5836707457918239,0.009340304480619151,0.17947610016821802,0.5794677618857504,BH_from_pvalue
polymyxin,polymixinE,polymixinE_vs_control,not_regulated,b2111,b2111,52.43462726639523,1.8608704393475697,3.632267461908787,0.224795844553413,0.48823321880826426,0.5794242065892511,BH_from_pvalue
polymyxin,polymixinE,polymixinE_vs_control,not_regulated,b0830,b0830,976.6404287153906,-0.9300282678647651,0.5248480579477546,0.024185936452516228,0.23829992081736578,0.579292382201614,BH_from_pvalue
polymyxin,polymixinE,polymixinE_vs_control,not_regulated,b2036,b2036,790.7014132186142,-0.7312044418207719,0.6024007862743642,0.0065532073646998,0.16148002416763355,0.5790270466400079,BH_from_pvalue
polymyxin,polymixinE,polymixinE_vs_control,not_regulated,b0251,b0251,3.1589347998777026,1.6618212638653604,3.1641571716088532,0.17600374565778362,0.44904415653358526,0.5778334516603224,BH_from_pvalue
polymyxin,polymixinE,polymixinE_vs_control,not_regulated,b2455,b2455,40.16134494917227,-0.8579786395773219,0.551725038755502,0.01695570334444839,0.2121333993881926,0.5777550499088001,BH_from_pvalue
polymyxin,polymixinE,polymixinE_vs_control,not_regulated,b1232,b1232,383.6965774490409,0.8149948774822757,1.7592919051886409,0.013754216105840376,0.19572622643123908,0.57730241766709,BH_from_pvalue
polymyxin,polymixinE,polymixinE_vs_control,not_regulated,b4340,b4340,114.58600725124302,1.0388521114893132,2.0545922547839184,0.04455817520043786,0.27816633610918995,0.5772853705881343,BH_from_pvalue
polymyxin,polymixinE,polymixinE_vs_control,not_regulated,b1130,b1130,665.9388298640248,0.6700078604029258,1.5910816363610671,0.0031517822158108424,0.1376380233661861,0.5770520237422071,BH_from_pvalue
polymyxin,polymixinE,polymixinE_vs_control,not_regulated,b1823,b1823,3405.2931136969437,-1.1201793764512473,0.4600366234334229,0.06132006525535184,0.3058195286499979,0.576371255062362,BH_from_pvalue
polymyxin,polymixinE,polymixinE_vs_control,not_regulated,b4035,b4035,319.5063849523596,1.8090134133049265,3.504025838427586,0.2160013463272579,0.48116765614658447,0.5747300257585533,BH_from_pvalue
polymyxin,polymixinE,polymixinE_vs_control,not_regulated,b2096,b2096,67537.6124947286,-0.7852062250647318,0.5802690051036199,0.010409974732320755,0.18575833646435488,0.5740263353651518,BH_from_pvalue
polymyxin,polymixinE,polymixinE_vs_control,not_regulated,b3869,b3869,172.62090909216852,-0.9387659498878076,0.5216789224850421,0.028088168226288443,0.24491933137254657,0.5735643426082313,BH_from_pvalue
polymyxin,polymixinE,polymixinE_vs_control,not_regulated,b1172,b1172,5.184024968664227,0.8997768605403538,1.865777383789946,0.021707115939145434,0.230499994393939,0.5734539594865331,BH_from_pvalue
polymyxin,polymixinE,polymixinE_vs_control,not_regulated,b3702,b3702,1744.9275190335395,0.7552361516374351,1.6879078596431005,0.008791245236769074,0.1740713119569,0.5734302655798084,BH_from_pvalue
polymyxin,polymixinE,polymixinE_vs_control,not_regulated,b2374,b2374,9.736290228446116,1.1891120713780898,2.280123662982012,0.0794372405713982,0.32944721810342853,0.5734066731064604,BH_from_pvalue
polymyxin,polymixinE,polymixinE_vs_control,not_regulated,b4316,b4316,87.78561458649351,1.101309295300446,2.1454931505290493,0.058224925869159075,0.3019037498386632,0.5728256477184488,BH_from_pvalue
polymyxin,polymixinE,polymixinE_vs_control,not_regulated,b4381,b4381,1925.2724257452016,0.7655249396663226,1.6999884443162425,0.009875557244849847,0.18104293363830665,0.5681867124481668,BH_from_pvalue
polymyxin,polymixinE,polymixinE_vs_control,not_regulated,b2549,b2549,90.3301090712436,-0.705378792521671,0.6132814449425641,0.005729662336005431,0.15712127597164124,0.5669587870514554,BH_from_pvalue
polymyxin,polymixinE,polymixinE_vs_control,not_regulated,b2685,b2685,221.92347417266737,0.8664216253984192,1.8231352919000807,0.020511065355768403,0.2221286046677271,0.5661160010737564,BH_from_pvalue
polymyxin,polymixinE,polymixinE_vs_control,not_regulated,b2732,b2732,131.0064381982268,-1.7635306342047299,0.2945265029413045,0.21133222077635747,0.4781550950966076,0.565090258753327,BH_from_pvalue
polymyxin,polymixinE,polymixinE_vs_control,not_regulated,b3517,b3517,175.46089501677602,-2.0371898156163475,0.2436378501432688,0.2669273429694146,0.5283826791166731,0.5644063463165686,BH_from_pvalue
polymyxin,polymixinE,polymixinE_vs_control,not_regulated,b3416,b3416,1432.0678726768083,0.9234596254222218,1.896658086644463,0.02892627609926267,0.24491933137254657,0.5642125314023593,BH_from_pvalue
polymyxin,polymixinE,polymixinE_vs_control,not_regulated,b1428,b1428,714.1638977286884,0.7783918830608307,1.7152179191653734,0.010981633067723692,0.18900580803260322,0.5631858704472313,BH_from_pvalue
polymyxin,polymixinE,polymixinE_vs_control,not_regulated,b3479,b3479,40.262863714313745,-1.4189539918803877,0.37398336587895936,0.13655698910571828,0.40145969738400056,0.5624138331511547,BH_from_pvalue
polymyxin,polymixinE,polymixinE_vs_control,not_regulated,b4490,b4490,151.9365414061203,-1.1998153657419737,0.43533099118418794,0.08760331693584913,0.3401496964685207,0.5619094249475584,BH_from_pvalue
polymyxin,polymixinE,polymixinE_vs_control,not_regulated,b2648,b2648,2.0123828110143864,1.7593918448116928,3.385553798689624,0.21282403586859716,0.4794825722226026,0.5616456857510285,BH_from_pvalue
polymyxin,polymixinE,polymixinE_vs_control,not_regulated,b0673,b0673,5.531278375795975,1.584081428700795,2.9981684215805733,0.17116886636901632,0.44324557336087245,0.5597440325213364,BH_from_pvalue
polymyxin,polymixinE,polymixinE_vs_control,not_regulated,b0312,b0312,473.2526574947613,-0.901417850644938,0.535360331657086,0.02524759076634597,0.23960235732309335,0.5593378110807127,BH_from_pvalue
polymyxin,polymixinE,polymixinE_vs_control,not_regulated,b1205,b1205,20343.518128518288,-0.767805967841408,0.5873099692832203,0.010769462623266198,0.18693352916017789,0.5592029103064492,BH_from_pvalue
polymyxin,polymixinE,polymixinE_vs_control,not_regulated,b0326,b0326,4.306452413168557,1.2968356157841943,2.456894000406074,0.1077803196546998,0.3706390503110395,0.5589994691759292,BH_from_pvalue
polymyxin,polymixinE,polymixinE_vs_control,not_regulated,b4032,b4032,612.5721898526882,1.487667954797944,2.8043529877883313,0.15243107919775917,0.42166973814976677,0.5579164917371395,BH_from_pvalue
polymyxin,polymixinE,polymixinE_vs_control,not_regulated,b2532,b2532,2678.9416219567465,-0.9905997604854306,0.503268511595769,0.04215494434436029,0.2735431846616245,0.5576820098225839,BH_from_pvalue
polymyxin,polymixinE,polymixinE_vs_control,not_regulated,b0826,b0826,374.72766751509147,-0.993564161544505,0.5022354741391323,0.04258883990487797,0.2746698526288774,0.5575772837239076,BH_from_pvalue
polymyxin,polymixinE,polymixinE_vs_control,not_regulated,b2323,b2323,4903.532909362274,-0.9437408477485878,0.5198830961402956,0.03383434953256163,0.2566389615471539,0.5574464003226683,BH_from_pvalue
polymyxin,polymixinE,polymixinE_vs_control,not_regulated,b1584,b1584,163.51192898613604,0.9770876849235117,1.968487682273649,0.039081516354467036,0.26911970661197326,0.5569932310399981,BH_from_pvalue
polymyxin,polymixinE,polymixinE_vs_control,not_regulated,b4292,b4292,77.21542481312902,-1.110680262926901,0.4630756289590752,0.06617620612122847,0.3153184058615314,0.5567292345479739,BH_from_pvalue
polymyxin,polymixinE,polymixinE_vs_control,not_regulated,b3019,b3019,1321.5031707548544,-0.7313973722352216,0.6023202331017843,0.00826253238513344,0.1740713119569,0.5553301288555904,BH_from_pvalue
polymyxin,polymixinE,polymixinE_vs_control,not_regulated,b0413,b0413,809.7774649608414,-0.9709843742098787,0.5101578550999368,0.03819362158555647,0.268010779862454,0.5552552175747648,BH_from_pvalue
polymyxin,polymixinE,polymixinE_vs_control,not_regulated,b4323,b4323,340.0134037121143,-1.0202013576866813,0.493047532547235,0.04980490003025673,0.2861178651675259,0.5544335533766278,BH_from_pvalue
polymyxin,polymixinE,polymixinE_vs_control,not_regulated,b2037,b2037,525.416975589249,-0.7823560958585389,0.5814164938653962,0.013030457074170807,0.19572622643123908,0.5541827048177277,BH_from_pvalue
polymyxin,polymixinE,polymixinE_vs_control,not_regulated,b4033,b4033,523.622716910318,1.4152441340258255,2.667048636133167,0.14101561224852238,0.40611906104479195,0.5538510176439025,BH_from_pvalue
polymyxin,polymixinE,polymixinE_vs_control,not_regulated,b2024,b2024,215.07251612735638,-1.0185569015502276,0.4936098532633309,0.050036634409556344,0.2861178651675259,0.5535398654274435,BH_from_pvalue
polymyxin,polymixinE,polymixinE_vs_control,not_regulated,b3821,b3821,213.09239138306557,0.6902012990843343,1.6135086354254744,0.0062002702763864015,0.1579151608992315,0.5532489158155788,BH_from_pvalue
polymyxin,polymixinE,polymixinE_vs_control,not_regulated,b0629,b0629,8.026821909880393,1.350956364011799,2.5508116299280155,0.1266089332295812,0.3896993109555535,0.5529064002827797,BH_from_pvalue
polymyxin,polymixinE,polymixinE_vs_control,not_regulated,b0484,b0484,3997.9543416067277,-0.9538561164497938,0.5162507521405887,0.036436447670750376,0.2634905813875164,0.5525067562931544,BH_from_pvalue
polymyxin,polymixinE,polymixinE_vs_control,not_regulated,b3242,b3242,8.965616555189568,1.5346132053899377,2.8971074742589376,0.16570371100587425,0.4367397668816729,0.5521189373400592,BH_from_pvalue
polymyxin,polymixinE,polymixinE_vs_control,not_regulated,b2466,b2466,1056.2711782193876,-1.5031757963266354,0.3527759715184836,0.157927631566291,0.42947913348559663,0.5517525989184058,BH_from_pvalue
polymyxin,polymixinE,polymixinE_vs_control,not_regulated,b0754,b0754,5320.399575553172,-0.5900438929892591,0.6643226951866529,0.0018889198051918312,0.11612879295940275,0.5517264944947294,BH_from_pvalue
polymyxin,polymixinE,polymixinE_vs_control,not_regulated,b4465,b4465,12.038627937829949,1.316589333556594,2.4907657280579656,0.11866374801521912,0.3815221862562227,0.5509665701354107,BH_from_pvalue
polymyxin,polymixinE,polymixinE_vs_control,not_regulated,b0441,b0441,2470.3191020930594,-0.6373642927442553,0.6428863869482896,0.0031880061565773923,0.13788126627197222,0.5484486193169286,BH_from_pvalue
polymyxin,polymixinE,polymixinE_vs_control,not_regulated,b2390,b2390,2303.7988715395477,-1.384639142765307,0.3829852823207863,0.13722751966024452,0.4021168621705406,0.5478293129682115,BH_from_pvalue
polymyxin,polymixinE,polymixinE_vs_control,not_regulated,b2888,b2888,14.638840449639666,1.8139288587947968,3.5159848614972895,0.23663475997867406,0.4990075716756099,0.5476121793132419,BH_from_pvalue
polymyxin,polymixinE,polymixinE_vs_control,not_regulated,b3539,b3539,75.99959363815786,0.824125299221036,1.7704612884643707,0.01901726891658075,0.21720119632105783,0.5465086271599252,BH_from_pvalue
polymyxin,polymixinE,polymixinE_vs_control,not_regulated,b0708,b0708,1365.5187415013643,1.0749029738212101,2.106580392404836,0.06351380955633239,0.31092387931750376,0.5453476406920941,BH_from_pvalue
polymyxin,polymixinE,polymixinE_vs_control,not_regulated,b0409,b0409,1544.915248312219,-1.1148915073450336,0.4617258764812673,0.07510421656029281,0.3254557005708235,0.5435186595185162,BH_from_pvalue
polymyxin,polymixinE,polymixinE_vs_control,not_regulated,b0159,b0159,1054.0934295972256,-0.6684893704964026,0.6291651341023338,0.005106913213554829,0.15409124940922847,0.5429617891639049,BH_from_pvalue
polymyxin,polymixinE,polymixinE_vs_control,not_regulated,b1277,b1277,954.6058016895176,-0.666104278321356,0.63020614270378,0.004915950816816624,0.15409124940922847,0.5410245647713579,BH_from_pvalue
polymyxin,polymixinE,polymixinE_vs_control,not_regulated,b1165,b1165,2.9860028407203614,1.3496944658845693,2.5485814586181395,0.13241004969177653,0.3975837139610219,0.5406490202836014,BH_from_pvalue
polymyxin,polymixinE,polymixinE_vs_control,not_regulated,b1075,b1075,57.391376426255874,2.181736877188357,4.536994394380907,0.30243663633861195,0.5656758106394486,0.5398323744786349,BH_from_pvalue
polymyxin,polymixinE,polymixinE_vs_control,not_regulated,b4215,b4215,25.876091978521135,1.4314016725151673,2.697086276778509,0.15114173653221072,0.4198054331333297,0.5395696446256814,BH_from_pvalue
polymyxin,polymixinE,polymixinE_vs_control,not_regulated,b0137,b0137,3.8874969277108167,1.3572681287176056,2.5619958321672534,0.13633622948168836,0.4010728320527366,0.538532444243964,BH_from_pvalue
polymyxin,polymixinE,polymixinE_vs_control,not_regulated,b3674,b3674,205.83282143620184,-1.0847716756178958,0.47146687753538347,0.06761459383279249,0.31905466492702184,0.5381930880382436,BH_from_pvalue
polymyxin,polymixinE,polymixinE_vs_control,not_regulated,b3328,b3328,3.145001659663896,1.5978944700301407,3.027012158557576,0.19270049365441566,0.4611149276775715,0.5371974491711761,BH_from_pvalue
polymyxin,polymixinE,polymixinE_vs_control,not_regulated,b3097,b3097,3804.804897511074,0.7554175983624987,1.688120159959422,0.013367278092565073,0.19572622643123908,0.5351007937990647,BH_from_pvalue
polymyxin,polymixinE,polymixinE_vs_control,not_regulated,b0129,b0129,265.8504810194782,-0.894940183892297,0.5377694914243967,0.032265410107822454,0.25239967767823546,0.5350947628897161,BH_from_pvalue
polymyxin,polymixinE,polymixinE_vs_control,not_regulated,b2733,b2733,695.1186222672583,-0.7841955040122652,0.580675671496773,0.01612343626318876,0.20780291206826088,0.5350945244763107,BH_from_pvalue
polymyxin,polymixinE,polymixinE_vs_control,not_regulated,b4132,b4132,11.794716496816159,1.2848934135233026,2.4366405014178674,0.12148638977283897,0.38346801081149495,0.5348636854522645,BH_from_pvalue
polymyxin,polymixinE,polymixinE_vs_control,not_regulated,b3604,b3604,135.87090590478425,-1.0552395753702042,0.48121730349245073,0.06436263100226723,0.31147028066923194,0.5345668369056219,BH_from_pvalue
polymyxin,polymixinE,polymixinE_vs_control,not_regulated,b3160,b3160,425.23323529262984,0.7029303095422552,1.6278077357773884,0.008849927633817693,0.1740713119569,0.5337158625298686,BH_from_pvalue
polymyxin,polymixinE,polymixinE_vs_control,not_regulated,b1256,b1256,1344.1330377669508,1.5778546363199446,2.9852559617509624,0.19043882717889196,0.4590535073154641,0.5335305442013871,BH_from_pvalue
polymyxin,polymixinE,polymixinE_vs_control,not_regulated,b0363,b0363,10.093799335772012,1.0762425999423963,2.1085373830751255,0.06782681143284885,0.3194607307067583,0.5333670190648473,BH_from_pvalue
polymyxin,polymixinE,polymixinE_vs_control,not_regulated,b3302,b3302,30.91257199237015,-1.336396221243687,0.3960086308592593,0.13386072056102444,0.3992742182251246,0.5328595707322161,BH_from_pvalue
polymyxin,polymixinE,polymixinE_vs_control,not_regulated,b0064,b0064,647.3904267274444,-0.8802628161328734,0.543268454891531,0.030578978509927798,0.2483847443530527,0.5324490429064282,BH_from_pvalue
polymyxin,polymixinE,polymixinE_vs_control,not_regulated,b4296,b4296,13.093958178874479,1.3601222618197282,2.56706933331695,0.14060705883301075,0.406010352498476,0.5324373948896048,BH_from_pvalue
polymyxin,polymixinE,polymixinE_vs_control,not_regulated,b3850,b3850,5.931687567591457,-1.1024306012731095,0.46573118709102607,0.07990494466068934,0.32944721810342853,0.5316076412159919,BH_from_pvalue
polymyxin,polymixinE,polymixinE_vs_control,not_regulated,b0710,b0710,897.7849572339028,-0.7519570954924397,0.5937974917999448,0.013897587703527246,0.19643922202310224,0.5314620657792454,BH_from_pvalue
polymyxin,polymixinE,polymixinE_vs_control,not_regulated,b4270,b4270,2.7219030815408924,1.8335693292516566,3.5641778527541508,0.25098621993674325,0.5132578678610213,0.5311197311870399,BH_from_pvalue
polymyxin,polymixinE,polymixinE_vs_control,not_regulated,b4205,b4205,2.987424392691659,1.8671726718778399,3.64816927447834,0.2587552126283999,0.5196840171112611,0.5307636981462305,BH_from_pvalue
polymyxin,polymixinE,polymixinE_vs_control,not_regulated,b2607,b2607,8372.518187565418,-1.1270015982361112,0.45786633597856957,0.08634255089817505,0.3384291361877808,0.5302906029048993,BH_from_pvalue
polymyxin,polymixinE,polymixinE_vs_control,not_regulated,b2034,b2034,568.6664495097078,-0.7586943851868142,0.5910309618690898,0.014816861274362401,0.20030299125389783,0.5298058222149731,BH_from_pvalue
polymyxin,polymixinE,polymixinE_vs_control,not_regulated,b1798,b1798,62.30514623639706,1.075023410228539,2.1067562574055096,0.06925807966032962,0.3218292455395536,0.5293141064325243,BH_from_pvalue
polymyxin,polymixinE,polymixinE_vs_control,not_regulated,b2601,b2601,485.74852212459444,0.5836028482487414,1.4985870070179335,0.002208434905511759,0.12416925256239864,0.5287359710363427,BH_from_pvalue
polymyxin,polymixinE,polymixinE_vs_control,not_regulated,b2880,b2880,40.529269074552396,1.3998302249616712,2.638705282839979,0.1500307654539784,0.4191596443560292,0.5286046409788681,BH_from_pvalue
polymyxin,polymixinE,polymixinE_vs_control,not_regulated,b2986,b2986,2.846352748233196,1.8427333005756517,3.5868894979536736,0.25674886304590744,0.5166744289445626,0.528464642849805,BH_from_pvalue
polymyxin,polymixinE,polymixinE_vs_control,not_regulated,b0239,b0239,1238.2386307179647,-0.7812790659036093,0.5818507067541071,0.016515852212104196,0.21104631605126328,0.5278495003298181,BH_from_pvalue
polymyxin,polymixinE,polymixinE_vs_control,not_regulated,b0514,b0514,65.6269540749803,0.9155523805271244,1.886291158645489,0.03712548286154578,0.2654855674264434,0.5273207099495832,BH_from_pvalue
polymyxin,polymixinE,polymixinE_vs_control,not_regulated,b0082,b0082,1156.1412530156567,-0.8567351215154346,0.5522007982172606,0.026684934932974008,0.24310899753332407,0.526205827052852,BH_from_pvalue
polymyxin,polymixinE,polymixinE_vs_control,not_regulated,b0627,b0627,759.5896699709397,-0.8807360789192629,0.543090269918983,0.03259385188889364,0.2526951082460145,0.5261545212630898,BH_from_pvalue
polymyxin,polymixinE,polymixinE_vs_control,not_regulated,b0454,b0454,559.2353022164331,-0.7209220000039966,0.6067095812807359,0.010572517865218636,0.18649092297158204,0.5257989107952636,BH_from_pvalue
polymyxin,polymixinE,polymixinE_vs_control,not_regulated,b1252,b1252,282.9016928082561,-1.0145341837694533,0.4949881237816941,0.05941695458301858,0.3039490938313772,0.5247162144957517,BH_from_pvalue
polymyxin,polymixinE,polymixinE_vs_control,not_regulated,b2672,b2672,3510.0624962774796,1.0645632117057886,2.0915365530917738,0.07056095222213893,0.3218292455395536,0.5241637714895863,BH_from_pvalue
polymyxin,polymixinE,polymixinE_vs_control,not_regulated,b1643,b1643,32.37881629121007,1.0852872576002248,2.1217979156724294,0.07874435842715226,0.3289330670395575,0.5240770395905534,BH_from_pvalue
polymyxin,polymixinE,polymixinE_vs_control,not_regulated,b3383,b3383,191.8464293509933,-1.1201212272884247,0.4600551660102504,0.08917740509761722,0.3416694788152319,0.5224176122382623,BH_from_pvalue
polymyxin,polymixinE,polymixinE_vs_control,not_regulated,b2584,b2584,7679.4689332362295,-0.9279029754267185,0.5256218026353257,0.041918288842384265,0.2735431846616245,0.5223853436051167,BH_from_pvalue
polymyxin,polymixinE,polymixinE_vs_control,not_regulated,b0007,b0007,316.4241762931368,0.9156162856168324,1.8863747149564967,0.039417159824711494,0.26911970661197326,0.5219511832845221,BH_from_pvalue
polymyxin,polymixinE,polymixinE_vs_control,not_regulated,b0002,b0002,2026.2294481437164,-1.1354014698566068,0.45520822487157,0.09290539559605733,0.3473719612560814,0.5213823036938354,BH_from_pvalue
polymyxin,polymixinE,polymixinE_vs_control,not_regulated,b0827,b0827,927.0576940171468,-0.8529978165487133,0.5536331301392873,0.029238943389017023,0.24491933137254657,0.521161991392519,BH_from_pvalue
polymyxin,polymixinE,polymixinE_vs_control,not_regulated,b3764,b3764,301.96017010338335,-0.6482178415519071,0.6380680312554179,0.005897647045051345,0.15712127597164124,0.5210148151428735,BH_from_pvalue
polymyxin,polymixinE,polymixinE_vs_control,not_regulated,b3605,b3605,644.9203974783202,-0.8612037901741161,0.5504930327909471,0.030592518535258153,0.2483847443530527,0.5209207130207577,BH_from_pvalue
polymyxin,polymixinE,polymixinE_vs_control,not_regulated,b0046,b0046,58.45671729662783,0.7464527266865018,1.677662747302887,0.014986949240222949,0.20062886215036557,0.520730341188982,BH_from_pvalue
polymyxin,polymixinE,polymixinE_vs_control,not_regulated,b2913,b2913,565.8707311767221,-0.5047809667581635,0.7047673688335727,0.0005808225470207358,0.0933049934464025,0.5199724071410471,BH_from_pvalue
polymyxin,polymixinE,polymixinE_vs_control,not_regulated,b3750,b3750,1130.2606999084312,-0.930965406241679,0.5245072405681949,0.04356957544220514,0.27636066640839996,0.5199663072618643,BH_from_pvalue
polymyxin,polymixinE,polymixinE_vs_control,not_regulated,b4520,b4520,6.987131985515684,1.0329739408007046,2.0462379782238624,0.06554886421606179,0.31398284078944083,0.5196830801322576,BH_from_pvalue
polymyxin,polymixinE,polymixinE_vs_control,not_regulated,b1402,b1402,2.804773000265243,1.5122441642653057,2.852534161814829,0.1840178278136364,0.45334988607248616,0.51955641813761,BH_from_pvalue
polymyxin,polymixinE,polymixinE_vs_control,not_regulated,b0131,b0131,960.1003793637257,-0.6832718608296915,0.6227513457329416,0.008779453407295806,0.1740713119569,0.5187897371825956,BH_from_pvalue
polymyxin,polymixinE,polymixinE_vs_control,not_regulated,b1507,b1507,298.9652601258529,1.127400541845872,2.184647540722761,0.09223643236800917,0.34677575801446336,0.5185493113303364,BH_from_pvalue
polymyxin,polymixinE,polymixinE_vs_control,not_regulated,b3720,b3720,6.452428983496634,1.7877901820666018,3.452856032667546,0.25015962554154314,0.5129531190655369,0.5183202863159432,BH_from_pvalue
polymyxin,polymixinE,polymixinE_vs_control,not_regulated,b3749,b3749,1182.7163537972701,-0.9477464556593649,0.5184416552783891,0.0486139160619098,0.2840090574260229,0.5181024788807774,BH_from_pvalue
polymyxin,polymixinE,polymixinE_vs_control,not_regulated,b2440,b2440,295.29370362803263,-0.7309696643160892,0.602498826163516,0.013625647335031067,0.19572622643123908,0.5177830758330833,BH_from_pvalue
polymyxin,polymixinE,polymixinE_vs_control,not_regulated,b4333,b4333,25.269571384308374,1.352627349211628,2.5537677902623837,0.14753210618408705,0.41449057689945257,0.5173601292941462,BH_from_pvalue
polymyxin,polymixinE,polymixinE_vs_control,not_regulated,b3918,b3918,23.97161820549214,1.1014485844553739,2.145700303354982,0.08694712991637091,0.33960585125762316,0.5166067413154797,BH_from_pvalue
polymyxin,polymixinE,polymixinE_vs_control,not_regulated,b4006,b4006,627.8320211080976,-0.6890447256562204,0.6202644194554815,0.00926694524692569,0.17889579279258264,0.5149919403745534,BH_from_pvalue
polymyxin,polymixinE,polymixinE_vs_control,not_regulated,b0833,b0833,20.10632395935882,-1.1738655350018634,0.44323215869765725,0.10392745049024492,0.36456468847085055,0.5144176926379818,BH_from_pvalue
polymyxin,polymixinE,polymixinE_vs_control,not_regulated,b1938,b1938,23.313574393170104,1.6915440963340171,3.2300222351774717,0.2342667051354389,0.4966845169333592,0.5140930295935093,BH_from_pvalue
polymyxin,polymixinE,polymixinE_vs_control,not_regulated,b0544,b0544,8.781603837864104,1.4584302842804826,2.7480919639967465,0.172510869888201,0.44416364782892276,0.5140339463302424,BH_from_pvalue
polymyxin,polymixinE,polymixinE_vs_control,not_regulated,b3382,b3382,39.67860677156836,-0.9293567530764095,0.5250924098441372,0.04652018102588532,0.28011750234863747,0.51361807515443,BH_from_pvalue
polymyxin,polymixinE,polymixinE_vs_control,not_regulated,b1476,b1476,85.2893348987834,-1.1488351364831466,0.45098922289654947,0.09857407392483561,0.3578580988812837,0.5127126560734817,BH_from_pvalue
polymyxin,polymixinE,polymixinE_vs_control,not_regulated,b4095,b4095,13.353919530787556,0.8988579851669347,1.8645894189131704,0.03872383122241446,0.2690007250348017,0.51257066448406,BH_from_pvalue
polymyxin,polymixinE,polymixinE_vs_control,not_regulated,b0115,b0115,11576.719176232482,-1.0374763379455256,0.48717893589655675,0.07155593784646036,0.3218292455395536,0.5108268857584968,BH_from_pvalue
polymyxin,polymixinE,polymixinE_vs_control,not_regulated,b2064,b2064,929.8600602064486,-0.5437939796946001,0.6859645946875583,0.0016880347910034346,0.11504212863535529,0.5107003590092889,BH_from_pvalue
polymyxin,polymixinE,polymixinE_vs_control,not_regulated,b3659,b3659,5.773865024534538,1.6070238161425716,3.0462277663999004,0.2163167416801163,0.48116765614658447,0.5105572089478733,BH_from_pvalue
polymyxin,polymixinE,polymixinE_vs_control,not_regulated,b4037,b4037,606.9043755164772,1.6187357721725917,3.0710580273827257,0.22078022466611033,0.48374920959918916,0.5105164533087346,BH_from_pvalue
polymyxin,polymixinE,polymixinE_vs_control,not_regulated,b3917,b3917,136.0116911327258,-1.1655904138879034,0.44578178897667675,0.1042885917861446,0.36476678526755707,0.5105107844062068,BH_from_pvalue
polymyxin,polymixinE,polymixinE_vs_control,not_regulated,b0361,b0361,1.0926479073014,1.0719211349051478,2.1022308963340253,0.08381166232564657,0.3340781969518279,0.5103972495883432,BH_from_pvalue
polymyxin,polymixinE,polymixinE_vs_control,not_regulated,b1012,b1012,3.4555337483608253,1.028399387405844,2.03975996327125,0.0684163996659501,0.3199409710600928,0.5089858542156674,BH_from_pvalue
polymyxin,polymixinE,polymixinE_vs_control,not_regulated,b4499,b4499,25.727008633527586,1.1003508028103193,2.1440682089851784,0.09060714118619834,0.34475234201639215,0.5089042960852086,BH_from_pvalue
polymyxin,polymixinE,polymixinE_vs_control,not_regulated,b1065,b1065,677.4410203157263,-0.7363789988771625,0.6002440077254654,0.01567219708178208,0.20373856206316704,0.5087839582642864,BH_from_pvalue
polymyxin,polymixinE,polymixinE_vs_control,not_regulated,b3212,b3212,925.2162537306394,-0.6321160333399511,0.6452293485151815,0.005745469611545939,0.15712127597164124,0.5080727452224694,BH_from_pvalue
polymyxin,polymixinE,polymixinE_vs_control,not_regulated,b3647,b3647,340.29025753976424,-1.2775162264622315,0.41250507490137156,0.13436219191286375,0.4002391650490471,0.5080431845376046,BH_from_pvalue
polymyxin,polymixinE,polymixinE_vs_control,not_regulated,b4505,b4505,66.24917828374363,-0.6302597683133779,0.6460600767705379,0.005560627101182759,0.15712127597164124,0.5065807443584377,BH_from_pvalue
polymyxin,polymixinE,polymixinE_vs_control,not_regulated,b2878,b2878,485.37237304295445,1.5960864996561162,3.023221114445022,0.2189537239400041,0.4820625796779924,0.5057943523443587,BH_from_pvalue
polymyxin,polymixinE,polymixinE_vs_control,not_regulated,b0004,b0004,1497.4350623368555,-0.9618427925570927,0.5134007140075645,0.05638302302999999,0.29826409216747973,0.505351268239909,BH_from_pvalue
polymyxin,polymixinE,polymixinE_vs_control,not_regulated,b0296,b0296,8.499714836859694,1.4038163430044923,2.6460060182935536,0.1646203042083175,0.4365932360430496,0.5052657852967443,BH_from_pvalue
polymyxin,polymixinE,polymixinE_vs_control,not_regulated,b0261,b0261,782.3157625536905,-0.8290649487241843,0.5628939515610552,0.029862800659214636,0.24591029315496424,0.5050856777262471,BH_from_pvalue
polymyxin,polymixinE,polymixinE_vs_control,not_regulated,b1244,b1244,3603.00082210803,0.8222151795079196,1.7681187592649663,0.026759055308304882,0.24315602177122295,0.5049346508214039,BH_from_pvalue
polymyxin,polymixinE,polymixinE_vs_control,not_regulated,b2537,b2537,162.83001613303477,-0.8142199085764679,0.5687159185246771,0.02590672272173215,0.2402648222728891,0.504254377366445,BH_from_pvalue
polymyxin,polymixinE,polymixinE_vs_control,not_regulated,b2935,b2935,2905.196119594612,-0.8067315889564686,0.5716755171049435,0.02372583165302702,0.237681048497362,0.5034049044605036,BH_from_pvalue
polymyxin,polymixinE,polymixinE_vs_control,not_regulated,b1644,b1644,69.38631225877988,0.7505812919061396,1.6824705964310365,0.018048037260121212,0.2136239709564567,0.5031521812614999,BH_from_pvalue
polymyxin,polymixinE,polymixinE_vs_control,not_regulated,b2066,b2066,198.63169031951793,0.93027089492925,1.9056337834590156,0.05135189959978813,0.2880060403988117,0.5029029607277941,BH_from_pvalue
polymyxin,polymixinE,polymixinE_vs_control,not_regulated,b4395,b4395,524.8141482177595,-0.7550982948003782,0.592506015023192,0.01862583836326202,0.21626559077695198,0.5021498606956151,BH_from_pvalue
polymyxin,polymixinE,polymixinE_vs_control,not_regulated,b0794,b0794,704.7999144738475,1.019559579837317,2.027299979088619,0.07127464410514293,0.3218292455395536,0.5020051310711285,BH_from_pvalue
polymyxin,polymixinE,polymixinE_vs_control,not_regulated,b2756,b2756,11.521137473006112,0.9989308692094272,1.9985184190554197,0.06590654566511339,0.31444404573716667,0.5019194327410782,BH_from_pvalue
polymyxin,polymixinE,polymixinE_vs_control,not_regulated,b4319,b4319,15.53207681660768,1.0872586326257898,2.124699234692911,0.09128522706019102,0.34578360887020215,0.5014388945716408,BH_from_pvalue
polymyxin,polymixinE,polymixinE_vs_control,not_regulated,b3475,b3475,200.09876404071835,0.6964450706298653,1.6205067956174568,0.011591692288154872,0.19064451060228804,0.5012842349085861,BH_from_pvalue
polymyxin,polymixinE,polymixinE_vs_control,not_regulated,b2438,b2438,167.97942276461245,-0.7523524323694399,0.5936347977597071,0.018790664741904294,0.21626559077695198,0.5003238276523946,BH_from_pvalue
polymyxin,polymixinE,polymixinE_vs_control,not_regulated,b2791,b2791,164.42575611845646,0.7978264685061518,1.7384799982472527,0.0230827182934028,0.2361712491914291,0.5000560678156845,BH_from_pvalue
polymyxin,polymixinE,polymixinE_vs_control,not_regulated,b4629,b4629,5.59858408523291,1.6861576955916542,3.217985210455519,0.2415802839223419,0.5051734621490906,0.5000460358169057,BH_from_pvalue
polymyxin,polymixinE,polymixinE_vs_control,not_regulated,b2046,b2046,22.83902278188115,1.0336502940017191,2.047197504687473,0.07664472614056425,0.3285436663382447,0.4996736850493765,BH_from_pvalue
polymyxin,polymixinE,polymixinE_vs_control,not_regulated,b1590,b1590,290.1980205970005,1.4476490931400212,2.727632146826042,0.1805713633674684,0.45198107536275617,0.49926485573758284,BH_from_pvalue
polymyxin,polymixinE,polymixinE_vs_control,not_regulated,b2882,b2882,26.19631317969287,1.0066362111085114,2.009220933332273,0.06857042858970346,0.3199479126519566,0.49820511720567384,BH_from_pvalue
polymyxin,polymixinE,polymixinE_vs_control,not_regulated,b0414,b0414,1707.9921972190602,-0.8688105781914697,0.5475981287739217,0.037748042585720315,0.26738692212688187,0.49770668695660053,BH_from_pvalue
polymyxin,polymixinE,polymixinE_vs_control,not_regulated,b1001,b1001,10.871370081964118,1.2382712418567174,2.3591566891246663,0.1316759071319509,0.3966308210095993,0.49730649825711254,BH_from_pvalue
polymyxin,polymixinE,polymixinE_vs_control,not_regulated,b3772,b3772,333.89947862346827,-0.6121467878299534,0.6542224681028489,0.005132287020483053,0.15409124940922847,0.49719910266378337,BH_from_pvalue
polymyxin,polymixinE,polymixinE_vs_control,not_regulated,b2942,b2942,4688.56162229875,-1.6214505416147098,0.3250085233390625,0.22961929415432958,0.4937034345631809,0.49702947953633714,BH_from_pvalue
polymyxin,polymixinE,polymixinE_vs_control,not_regulated,b2883,b2883,68.4736705277074,0.8506080580695699,1.8032607921424555,0.03547273966418112,0.2607130441331482,0.4966166604657569,BH_from_pvalue
polymyxin,polymixinE,polymixinE_vs_control,not_regulated,b2576,b2576,1031.254063096922,0.8702338258395415,1.8279591442482204,0.03881313262507477,0.2690007250348017,0.49624783639680137,BH_from_pvalue
polymyxin,polymixinE,polymixinE_vs_control,not_regulated,b1717,b1717,2303.7937153569997,-1.1403562818217043,0.45364753296181726,0.10589798146474413,0.3677422023572624,0.49543523011554186,BH_from_pvalue
polymyxin,polymixinE,polymixinE_vs_control,not_regulated,b3101,b3101,95.80083289535463,0.6674723560278046,1.5882878016223563,0.009791984687467893,0.18104293363830665,0.4954102785818811,BH_from_pvalue
polymyxin,polymixinE,polymixinE_vs_control,not_regulated,b2695,b2695,17.64948183862678,0.9778186838710674,1.9694853477529353,0.06395636980351585,0.31147028066923194,0.49534669955947713,BH_from_pvalue
polymyxin,polymixinE,polymixinE_vs_control,not_regulated,b4150,b4150,92.02757855598578,0.9997497692241382,1.9996531365684822,0.06844741957381817,0.3199409710600928,0.49480629463818443,BH_from_pvalue
polymyxin,polymixinE,polymixinE_vs_control,not_regulated,b1810,b1810,671.5811281600112,0.7102535075059837,1.6360915826204112,0.015214473152884565,0.2016281900659007,0.49394491280385516,BH_from_pvalue
polymyxin,polymixinE,polymixinE_vs_control,not_regulated,b0005,b0005,159.18936691768434,1.0472369752696498,2.0665681993794176,0.08563532760691109,0.33768749941474985,0.4937565419040436,BH_from_pvalue
polymyxin,polymixinE,polymixinE_vs_control,not_regulated,b3325,b3325,34.08274494797108,1.0744659242551071,2.105942322279691,0.09314579420660773,0.3479815467951176,0.4925822259845527,BH_from_pvalue
polymyxin,polymixinE,polymixinE_vs_control,not_regulated,b4324,b4324,837.4469018788405,-0.8470391912644057,0.555924476690222,0.035893949190083485,0.2625219243203179,0.49198951819495435,BH_from_pvalue
polymyxin,polymixinE,polymixinE_vs_control,not_regulated,b2113,b2113,3071.858214061333,-0.6468888072340615,0.6386561008119942,0.008600485030826175,0.1740713119569,0.49116507429971723,BH_from_pvalue
polymyxin,polymixinE,polymixinE_vs_control,not_regulated,b3008,b3008,508.8068057131449,-1.01538524662719,0.4946962105465569,0.07667098285827302,0.3285436663382447,0.4908442351065922,BH_from_pvalue
polymyxin,polymixinE,polymixinE_vs_control,not_regulated,b4327,b4327,160.96139619991234,0.909283357813857,1.8781123359534748,0.05286755005342459,0.2892922629444085,0.4897974662263992,BH_from_pvalue
polymyxin,polymixinE,polymixinE_vs_control,not_regulated,b0305,b0305,12.88547289191313,1.3756802310921028,2.5949023180347606,0.16915827939458136,0.4407163864138671,0.48952315610947567,BH_from_pvalue
polymyxin,polymixinE,polymixinE_vs_control,not_regulated,b0511,b0511,8.786367441916587,1.7743732997512285,3.4208937590324724,0.2691065456905347,0.5299256003888764,0.4893457169726188,BH_from_pvalue
polymyxin,polymixinE,polymixinE_vs_control,not_regulated,b2449,b2449,123.34995146516626,-0.8689895411697712,0.5475302047073739,0.04131727952627382,0.2735431846616245,0.4892186059048523,BH_from_pvalue
polymyxin,polymixinE,polymixinE_vs_control,not_regulated,b1203,b1203,1302.3821018514939,-0.6946559640723731,0.6178566397458868,0.014217568913532444,0.19769030402581306,0.48904796200520684,BH_from_pvalue
polymyxin,polymixinE,polymixinE_vs_control,not_regulated,b4519,b4519,1.165952944263609,1.4331682945553499,2.7003909603002043,0.18844731472364973,0.4558413152213867,0.4889774092653342,BH_from_pvalue
polymyxin,polymixinE,polymixinE_vs_control,not_regulated,b4671,b4671,3.2653023857073102,1.5547423991929459,2.9378126577806962,0.2219478610720833,0.48534843256846255,0.4881057303203491,BH_from_pvalue
polymyxin,polymixinE,polymixinE_vs_control,not_regulated,b1589,b1589,145.95630922594,1.6935869706754598,3.234599227102814,0.25259091100042447,0.5150289744695872,0.48803814218856517,BH_from_pvalue
polymyxin,polymixinE,polymixinE_vs_control,not_regulated,b0273,b0273,100.0881782679423,-0.6780213091514193,0.625021919414276,0.011779347020122696,0.19064451060228804,0.48802325918151485,BH_from_pvalue
polymyxin,polymixinE,polymixinE_vs_control,not_regulated,b3527,b3527,519.2226832063262,0.7999736784689908,1.7410693610229946,0.029563974670988653,0.2458017709244121,0.48751595325094765,BH_from_pvalue
polymyxin,polymixinE,polymixinE_vs_control,not_regulated,b1797,b1797,1.6803677408153563,1.2451217441465185,2.3703855622500414,0.14163391735537495,0.40611906104479195,0.48727419425821555,BH_from_pvalue
polymyxin,polymixinE,polymixinE_vs_control,not_regulated,b4529,b4529,1065.5859219015658,-0.8280345562184355,0.5632961217111326,0.03479948949070229,0.25831399414933703,0.4867618240167369,BH_from_pvalue
polymyxin,polymixinE,polymixinE_vs_control,not_regulated,b4129,b4129,6341.085248601474,-0.6050803068325745,0.6574347833353399,0.005875844312724945,0.15712127597164124,0.4863423744342007,BH_from_pvalue
polymyxin,polymixinE,polymixinE_vs_control,not_regulated,b2427,b2427,62.52766976694101,-0.9230455315202972,0.5273945136768333,0.056537880913029914,0.29826409216747973,0.4849672250044697,BH_from_pvalue
polymyxin,polymixinE,polymixinE_vs_control,not_regulated,b0112,b0112,527.7749225576408,-0.6972102269056801,0.616763704667494,0.015132107593919574,0.2016281900659007,0.4848739796360399,BH_from_pvalue
polymyxin,polymixinE,polymixinE_vs_control,not_regulated,b2033,b2033,264.7538075606272,-0.7925020986935172,0.5773419259824183,0.027930544306552237,0.24491933137254657,0.48420050312552826,BH_from_pvalue
polymyxin,polymixinE,polymixinE_vs_control,not_regulated,b3168,b3168,8668.520869333144,-0.5634541114413523,0.676680110065099,0.00350495957013729,0.1382921767234871,0.4841211178034275,BH_from_pvalue
polymyxin,polymixinE,polymixinE_vs_control,not_regulated,b2822,b2822,1062.8198526502867,-0.7899733955647665,0.5783547571725076,0.028498477598760216,0.24491933137254657,0.48265552383876714,BH_from_pvalue
polymyxin,polymixinE,polymixinE_vs_control,not_regulated,b0528,b0528,47.0868707174877,-0.7936565501857658,0.5768801189984937,0.030095319894990386,0.24657331309228916,0.4825859839172789,BH_from_pvalue
polymyxin,polymixinE,polymixinE_vs_control,not_regulated,b3842,b3842,145.87327852032695,0.7352888442173988,1.6647307343890274,0.020243968706358993,0.22101303699321054,0.4820422102159963,BH_from_pvalue
polymyxin,polymixinE,polymixinE_vs_control,not_regulated,b2850,b2850,1.717779592565492,1.5831981599846106,2.9963333990665157,0.2330917341034927,0.4965330215208356,0.481374351324339,BH_from_pvalue
polymyxin,polymixinE,polymixinE_vs_control,not_regulated,b2351,b2351,140.2840707501026,0.7876263947219222,1.726232028268329,0.028923659688135556,0.24491933137254657,0.4812215604577052,BH_from_pvalue
polymyxin,polymixinE,polymixinE_vs_control,not_regulated,b1047,b1047,66.58389415582995,0.8277082674215821,1.7748637366382416,0.03630261307875631,0.263369602626203,0.47960260318215814,BH_from_pvalue
polymyxin,polymixinE,polymixinE_vs_control,not_regulated,b0139,b0139,6.438110244901846,1.1431138114349406,2.2085719174416383,0.11807990061024652,0.38079352880335776,0.4793195559464322,BH_from_pvalue
polymyxin,polymixinE,polymixinE_vs_control,not_regulated,b3845,b3845,1059.25319784796,-1.0628157170858898,0.4786968716247227,0.09625496173992316,0.35440194900338917,0.47880262384162897,BH_from_pvalue
polymyxin,polymixinE,polymixinE_vs_control,not_regulated,b2462,b2462,6.855255195513066,-0.99062496808877,0.5032597182736709,0.07809227152215636,0.3286236954762599,0.47877016141429096,BH_from_pvalue
polymyxin,polymixinE,polymixinE_vs_control,not_regulated,b4312,b4312,20.031155620781636,1.378836757256281,2.6005860168962274,0.17722501021784876,0.4497239646212668,0.4785307697482873,BH_from_pvalue
polymyxin,polymixinE,polymixinE_vs_control,not_regulated,b4694,b4694,37.85615155962693,1.1805128821699729,2.266573400639734,0.12945123576788087,0.39376934317213436,0.47782214977905146,BH_from_pvalue
polymyxin,polymixinE,polymixinE_vs_control,not_regulated,b0602,b0602,12.609908671451345,1.0133174119077553,2.0185473258320568,0.08637542204170127,0.3384291361877808,0.47679852640459003,BH_from_pvalue
polymyxin,polymixinE,polymixinE_vs_control,not_regulated,b1828,b1828,105.10666328412636,0.8755905859247024,1.8347590150947168,0.0490881093187442,0.2855099152524836,0.47665295672977603,BH_from_pvalue
polymyxin,polymixinE,polymixinE_vs_control,not_regulated,b1301,b1301,1784.796737261834,1.7360506791045296,3.331220100827817,0.2705837154222181,0.5314784069734223,0.4765708678337347,BH_from_pvalue
polymyxin,polymixinE,polymixinE_vs_control,not_regulated,b1477,b1477,556.5580995468937,-0.9171305499834688,0.5295612449897407,0.0589170183747375,0.3025214025680015,0.47621443878500513,BH_from_pvalue
polymyxin,polymixinE,polymixinE_vs_control,not_regulated,b3500,b3500,1988.463429328337,-0.5856494313108254,0.6663493128913975,0.004741039956292809,0.15409124940922847,0.47567736613556283,BH_from_pvalue
polymyxin,polymixinE,polymixinE_vs_control,not_regulated,b2456,b2456,4.765249992995324,-1.120746827860943,0.4598557140304867,0.11369737326015782,0.37666169398592103,0.4752510613832923,BH_from_pvalue
polymyxin,polymixinE,polymixinE_vs_control,not_regulated,b1619,b1619,2210.3130503636617,1.0762737576951356,2.1085829214557226,0.10226289914715779,0.36184228627469295,0.4751540716992734,BH_from_pvalue
polymyxin,polymixinE,polymixinE_vs_control,not_regulated,b2907,b2907,1650.583062611813,-0.8332947504253791,0.561246033712415,0.039126876017740266,0.26911970661197326,0.47502342175608786,BH_from_pvalue
polymyxin,polymixinE,polymixinE_vs_control,not_regulated,b2205,b2205,86.02177218441933,-1.4428836224590667,0.36783135703261277,0.200814066498678,0.4686718888063913,0.4748978664973706,BH_from_pvalue
polymyxin,polymixinE,polymixinE_vs_control,not_regulated,b4446,b4446,119.34960664335854,-0.598541452603242,0.6604212960085487,0.006484033202253612,0.16113359858418091,0.4745319795980809,BH_from_pvalue
polymyxin,polymixinE,polymixinE_vs_control,not_regulated,b3796,b3796,15.33971700183342,1.211122194520589,2.3151765183198543,0.14039237367752003,0.4058386226230624,0.4743319195124143,BH_from_pvalue
polymyxin,polymixinE,polymixinE_vs_control,not_regulated,b0292,b0292,2.998845509313812,1.3124017421946377,2.4835464711873594,0.163945958680987,0.4353049972166975,0.4740478393541621,BH_from_pvalue
polymyxin,polymixinE,polymixinE_vs_control,not_regulated,b1655,b1655,99.07739520806426,0.8638542921003891,1.819893835025974,0.04758501050219226,0.28268171235143086,0.4739988253645633,BH_from_pvalue
polymyxin,polymixinE,polymixinE_vs_control,not_regulated,b0836,b0836,9388.411859404765,-1.0376947399768532,0.4871051900161897,0.09374987264983231,0.34936779385165345,0.4739329660990307,BH_from_pvalue
polymyxin,polymixinE,polymixinE_vs_control,not_regulated,b1053,b1053,348.85558280256254,0.8764776237047309,1.8358874593969243,0.05113129361332333,0.2880060403988117,0.4738224041786167,BH_from_pvalue
polymyxin,polymixinE,polymixinE_vs_control,not_regulated,b4183,b4183,2.5444689316246034,1.3681024135422235,2.5813082154246874,0.17858950022101017,0.4505303264128456,0.4737409905366965,BH_from_pvalue
polymyxin,polymixinE,polymixinE_vs_control,not_regulated,b1018,b1018,89.70323141603153,-1.169046327316405,0.444715216000851,0.12902565166609137,0.3934626313180196,0.47357658487275156,BH_from_pvalue
polymyxin,polymixinE,polymixinE_vs_control,not_regulated,b0562,b0562,15.905049141536006,1.1833790936830968,2.2710808926361366,0.13314131931603207,0.39848233555240137,0.4728675476367896,BH_from_pvalue
polymyxin,polymixinE,polymixinE_vs_control,not_regulated,b0599,b0599,415.90495539376525,-1.2289201770634142,0.4266366538009643,0.1461251195202679,0.41259936447091344,0.4724847166444078,BH_from_pvalue
polymyxin,polymixinE,polymixinE_vs_control,not_regulated,b4017,b4017,25.41056335703431,1.3586508339836985,2.564452472803057,0.17632898097006158,0.449364167933902,0.47199742051656685,BH_from_pvalue
polymyxin,polymixinE,polymixinE_vs_control,not_regulated,b1360,b1360,17.054185226957923,1.1979834142638488,2.294187673501922,0.1384699404687114,0.4041269167800971,0.47138517637488053,BH_from_pvalue
polymyxin,polymixinE,polymixinE_vs_control,not_regulated,b0226,b0226,350.71314359481636,-0.7791412827714872,0.5827135312798191,0.03137835459741276,0.248485632005568,0.47114573489664363,BH_from_pvalue
polymyxin,polymixinE,polymixinE_vs_control,not_regulated,b0501,b0501,2.360806104043734,1.4159168303297434,2.668292511000367,0.19683722851024474,0.46525163102421485,0.47052628921843853,BH_from_pvalue
polymyxin,polymixinE,polymixinE_vs_control,not_regulated,b1158,b1158,2.460433311355557,1.5300235630784103,2.8879055579011013,0.22813429079509276,0.49296806730670983,0.4699944922528183,BH_from_pvalue
polymyxin,polymixinE,polymixinE_vs_control,not_regulated,b2048,b2048,36.30758567979097,0.7766582921991239,1.7131580934771953,0.031320627669413334,0.24846593167023134,0.4696710162940401,BH_from_pvalue
polymyxin,polymixinE,polymixinE_vs_control,not_regulated,b0468,b0468,186.88424009369723,-0.99422050540859,0.5020070376433337,0.08590309657490945,0.33831144465100005,0.46796299868068847,BH_from_pvalue
polymyxin,polymixinE,polymixinE_vs_control,not_regulated,b1827,b1827,1158.636443374534,-0.7727511916963365,0.5853002533684111,0.031047334610703286,0.24846593167023134,0.4673082630957049,BH_from_pvalue
polymyxin,polymixinE,polymixinE_vs_control,not_regulated,b3535,b3535,105.08641608458629,1.1220898789004687,2.1766204810641203,0.12143977466474457,0.38346801081149495,0.4670933181855752,BH_from_pvalue
polymyxin,polymixinE,polymixinE_vs_control,not_regulated,b3870,b3870,1275.7654705231396,-1.2979955591758419,0.40669085091744167,0.1658009035590903,0.4367397668816729,0.46698928843257614,BH_from_pvalue
polymyxin,polymixinE,polymixinE_vs_control,not_regulated,b0149,b0149,1455.6311796989357,-0.8881973990289769,0.540288770097103,0.05567730606278536,0.29803848068869854,0.4669499394746729,BH_from_pvalue
polymyxin,polymixinE,polymixinE_vs_control,not_regulated,b2364,b2364,55.045126532771654,-0.8074165002186886,0.5714041818183743,0.03692423997373402,0.2646762514892866,0.46610945430029793,BH_from_pvalue
polymyxin,polymixinE,polymixinE_vs_control,not_regulated,b0531,b0531,1.4356363036485664,1.4884268753503715,2.8058285879262006,0.22347711896581468,0.4863086991331565,0.4660085364895346,BH_from_pvalue
polymyxin,polymixinE,polymixinE_vs_control,not_regulated,b0066,b0066,86.15629773086397,-0.88674654333329,0.540832388330264,0.056302126053875017,0.29826409216747973,0.4658957718958363,BH_from_pvalue
polymyxin,polymixinE,polymixinE_vs_control,not_regulated,b3507,b3507,187.68762914676165,-0.9649156480246779,0.51230836445724,0.08037898276203792,0.32944721810342853,0.4652959841884165,BH_from_pvalue
polymyxin,polymixinE,polymixinE_vs_control,not_regulated,b2272,b2272,21.12705655656234,-1.4670401251397833,0.3617236608422852,0.2192042929912861,0.4821422542175085,0.4647947029505857,BH_from_pvalue
polymyxin,polymixinE,polymixinE_vs_control,not_regulated,b1198,b1198,838.537970288238,-0.6559799263170838,0.6346442733994985,0.013729153654796844,0.19572622643123908,0.464664021660882,BH_from_pvalue
polymyxin,polymixinE,polymixinE_vs_control,not_regulated,b1747,b1747,2577.902134163151,-1.3200165318177817,0.40053034909809926,0.17313222773028306,0.4447451515310184,0.4644990040008736,BH_from_pvalue
polymyxin,polymixinE,polymixinE_vs_control,not_regulated,b2908,b2908,3368.7510123287598,-0.7406357681907068,0.5984755574244893,0.023512465264143207,0.23659746925753053,0.4636305142234618,BH_from_pvalue
polymyxin,polymixinE,polymixinE_vs_control,not_regulated,b3673,b3673,1165.2992363192905,0.8572716034497692,1.8116089895535872,0.05089826418656915,0.2880060403988117,0.4634396602889964,BH_from_pvalue
polymyxin,polymixinE,polymixinE_vs_control,not_regulated,b0171,b0171,972.4476871448787,-0.7428212288022795,0.597569645535009,0.024150818230445348,0.23829992081736578,0.4626855914506181,BH_from_pvalue
polymyxin,polymixinE,polymixinE_vs_control,not_regulated,b1614,b1614,8112.845661536362,0.7175987721822779,1.6444427379684523,0.021163300204938076,0.22664886743288443,0.46259749869713457,BH_from_pvalue
polymyxin,polymixinE,polymixinE_vs_control,not_regulated,b2879,b2879,91.99238217955327,1.4285123509884166,2.6916901597490943,0.20838745354109245,0.47472384418410996,0.4622079623687724,BH_from_pvalue
polymyxin,polymixinE,polymixinE_vs_control,not_regulated,b1592,b1592,61.58317579947965,0.667825969771985,1.5886771487933737,0.015525287359351908,0.20359400158123872,0.4616246986490609,BH_from_pvalue
polymyxin,polymixinE,polymixinE_vs_control,not_regulated,b2104,b2104,156.5967316188285,-0.5898711772803189,0.6644022309377381,0.00686902263061611,0.16497532926085737,0.46162197354092066,BH_from_pvalue
polymyxin,polymixinE,polymixinE_vs_control,not_regulated,b1300,b1300,2513.637382302469,1.7217493466075187,3.2983610884155516,0.2764206271714134,0.5394051916953997,0.46157496326100467,BH_from_pvalue
polymyxin,polymixinE,polymixinE_vs_control,not_regulated,b0616,b0616,1.3111866369562628,1.449555839132751,2.731239520479629,0.21456158850486362,0.48041083695021664,0.4615200313678951,BH_from_pvalue
polymyxin,polymixinE,polymixinE_vs_control,not_regulated,b0924,b0924,4540.719857552055,-0.8290932169424448,0.5628829223048784,0.04552824631026693,0.27816633610918995,0.46072331152945956,BH_from_pvalue
polymyxin,polymixinE,polymixinE_vs_control,not_regulated,b3944,b3944,9.468378811823014,1.1749588326823228,2.257864380509943,0.14113396084187502,0.40611906104479195,0.4598161755453857,BH_from_pvalue
polymyxin,polymixinE,polymixinE_vs_control,not_regulated,b3283,b3283,746.7944984288524,-0.5941224004925783,0.6624473030781791,0.007342813816748187,0.16868814624604933,0.4592063732097399,BH_from_pvalue
polymyxin,polymixinE,polymixinE_vs_control,not_regulated,b3836,b3836,894.4464978218681,-0.5712950656619711,0.6730123734246858,0.005973263270598189,0.15712127597164124,0.4591869799746519,BH_from_pvalue
polymyxin,polymixinE,polymixinE_vs_control,not_regulated,b1004,b1004,7922.417970491098,0.7593082002165445,1.6926787583448868,0.031212642791503726,0.24846593167023134,0.4591788404992263,BH_from_pvalue
polymyxin,polymixinE,polymixinE_vs_control,not_regulated,b1531,b1531,78.3402435610983,0.8810571850023194,1.8417243945407509,0.0587008815777415,0.3024473829744344,0.4575771979440451,BH_from_pvalue
polymyxin,polymixinE,polymixinE_vs_control,not_regulated,b0587,b0587,2.955661192559546,1.6524369231203422,3.143641980870786,0.2680514440211287,0.5290458074624997,0.4569099184496253,BH_from_pvalue
polymyxin,polymixinE,polymixinE_vs_control,not_regulated,b1920,b1920,1643.1101631289341,0.706402152713629,1.631729769626475,0.02101281118562819,0.22557428332447638,0.4568376284636475,BH_from_pvalue
polymyxin,polymixinE,polymixinE_vs_control,not_regulated,b0604,b0604,230.03465630555607,0.8330151157954413,1.781404465729198,0.04791335297029178,0.28310869887714185,0.456531257047758,BH_from_pvalue
polymyxin,polymixinE,polymixinE_vs_control,not_regulated,b3953,b3953,22.579716470576283,0.746500191982979,1.677717944047445,0.027975308969505962,0.24491933137254657,0.4560943991660607,BH_from_pvalue
polymyxin,polymixinE,polymixinE_vs_control,not_regulated,b0314,b0314,608.7582311351962,-0.8036402400670113,0.5729017937416159,0.04014329378293233,0.2708826985316937,0.4558397985776183,BH_from_pvalue
polymyxin,polymixinE,polymixinE_vs_control,not_regulated,b1015,b1015,1196.2113858419195,1.1225505844718668,2.1773156670067593,0.1286689882012783,0.39290774536955186,0.45542933518620976,BH_from_pvalue
polymyxin,polymixinE,polymixinE_vs_control,not_regulated,b0985,b0985,1.2945646591901034,1.432971612727819,2.70002284256762,0.217690257106962,0.48116765614658447,0.45526020196264516,BH_from_pvalue
polymyxin,polymixinE,polymixinE_vs_control,not_regulated,b2120,b2120,34.51246767870411,0.6519035759065703,1.5712400142890206,0.014820029294180985,0.20030299125389783,0.45523245826185693,BH_from_pvalue
polymyxin,polymixinE,polymixinE_vs_control,not_regulated,b0893,b0893,10437.869327704915,-0.6210476968676595,0.6501985767366879,0.010442782838364813,0.18575833646435488,0.4540179664145185,BH_from_pvalue
polymyxin,polymixinE,polymixinE_vs_control,not_regulated,b0995,b0995,106.97815377410573,-0.6399287218753784,0.6417446541829261,0.013619881062494623,0.19572622643123908,0.45329413531350826,BH_from_pvalue
polymyxin,polymixinE,polymixinE_vs_control,not_regulated,b4429,b4429,108.01035580280592,-0.9158325259795825,0.5300379171259724,0.0683003596529736,0.3199409710600928,0.4532731215739748,BH_from_pvalue
polymyxin,polymixinE,polymixinE_vs_control,not_regulated,b4081,b4081,11.938240083969305,1.3475830362205263,2.5448542574292676,0.19242266190244678,0.4611149276775715,0.4530450434504352,BH_from_pvalue
polymyxin,polymixinE,polymixinE_vs_control,not_regulated,b1269,b1269,760.9742251911258,0.8941048387324457,1.8584563951527862,0.06380868998141331,0.31147028066923194,0.4529386564520525,BH_from_pvalue
polymyxin,polymixinE,polymixinE_vs_control,not_regulated,b3155,b3155,64.44832787810743,0.7109242690805555,1.6368524381661433,0.022241392350059903,0.23185004589504166,0.45128961716761956,BH_from_pvalue
polymyxin,polymixinE,polymixinE_vs_control,not_regulated,b1716,b1716,8017.876703815175,-0.9176879693435271,0.5293566759970574,0.07208091279981366,0.322316482706892,0.451243220164427,BH_from_pvalue
polymyxin,polymixinE,polymixinE_vs_control,not_regulated,b0143,b0143,798.9902578811253,0.6834175449723574,1.6059395013821913,0.019618685175522853,0.21867988377858233,0.45118622560279475,BH_from_pvalue
polymyxin,polymixinE,polymixinE_vs_control,not_regulated,b0685,b0685,88.7412475183442,0.9603864038318006,1.9458309861484067,0.0874221523500263,0.3401496964685207,0.44977768022737186,BH_from_pvalue
polymyxin,polymixinE,polymixinE_vs_control,not_regulated,b1494,b1494,35.645994175970245,0.856018444737396,1.8100360667800706,0.05650524421627444,0.29826409216747973,0.44975125876313093,BH_from_pvalue
polymyxin,polymixinE,polymixinE_vs_control,not_regulated,b0618,b0618,1.1701149924978,1.3868619021942628,2.6150923629475185,0.20818452761046385,0.47472384418410996,0.44873158671435787,BH_from_pvalue
polymyxin,polymixinE,polymixinE_vs_control,not_regulated,b4332,b4332,46.036915710870566,0.8419716163194524,1.7924981330614767,0.05428889542254067,0.2931470007329987,0.44869892068065576,BH_from_pvalue
polymyxin,polymixinE,polymixinE_vs_control,not_regulated,b2461,b2461,8.865968640082658,-1.0561428342967716,0.48091611178426635,0.11298150813532665,0.37614504393793124,0.4484854106014817,BH_from_pvalue
polymyxin,polymixinE,polymixinE_vs_control,not_regulated,b3643,b3643,232.53158440051934,0.8115193698382539,1.7550588044632751,0.047168014234782514,0.28126745767411226,0.4470502062037905,BH_from_pvalue
polymyxin,polymixinE,polymixinE_vs_control,not_regulated,b2755,b2755,39.85353734053367,0.7690794727040586,1.7041820646157706,0.03588691335972289,0.2625219243203179,0.4467078302061554,BH_from_pvalue
polymyxin,polymixinE,polymixinE_vs_control,not_regulated,b3961,b3961,1803.180061745654,-0.5491641607967832,0.6834159572893287,0.00505253767636594,0.15409124940922847,0.4460432258922813,BH_from_pvalue
polymyxin,polymixinE,polymixinE_vs_control,not_regulated,b1082,b1082,142.50751986468052,1.5494815001766549,2.927119205870696,0.25547406264626626,0.5154355980711561,0.44598042793141235,BH_from_pvalue
polymyxin,polymixinE,polymixinE_vs_control,not_regulated,b1532,b1532,27.161717115183833,1.0374049982328017,2.052532403646782,0.10861624170560659,0.371680056282081,0.44590855991698786,BH_from_pvalue
polymyxin,polymixinE,polymixinE_vs_control,not_regulated,b0144,b0144,124.13413446573009,0.7292008272054815,1.6577205522767127,0.028846261406215275,0.24491933137254657,0.44552488629937526,BH_from_pvalue
polymyxin,polymixinE,polymixinE_vs_control,not_regulated,b2023,b2023,187.5444289378413,-0.9681175963836939,0.5111725971095762,0.09232232719110735,0.34677575801446336,0.44528691823192,BH_from_pvalue
polymyxin,polymixinE,polymixinE_vs_control,not_regulated,b2025,b2025,224.11805136738835,-0.8244015477958042,0.5647164069188783,0.05196388465767434,0.28857247928652413,0.4449666870047435,BH_from_pvalue
polymyxin,polymixinE,polymixinE_vs_control,not_regulated,b0321,b0321,30.036861005400826,0.8465501499160979,1.7981958372588633,0.056622892661170425,0.29826409216747973,0.4447766258677783,BH_from_pvalue
polymyxin,polymixinE,polymixinE_vs_control,not_regulated,b2552,b2552,1084.5031674107472,-1.7914637216229599,0.2888788081686692,0.3015816488638318,0.5647436538674087,0.4445492872594925,BH_from_pvalue
polymyxin,polymixinE,polymixinE_vs_control,not_regulated,b3476,b3476,99.13002237417474,-1.5585916513881326,0.33948232037977066,0.2580016423863201,0.5187712952407992,0.44423612409213425,BH_from_pvalue
polymyxin,polymixinE,polymixinE_vs_control,not_regulated,b1493,b1493,1862.5680777603156,-1.777450886914746,0.29169834643315035,0.29923637911887596,0.5626944955170168,0.44387806997633544,BH_from_pvalue
polymyxin,polymixinE,polymixinE_vs_control,not_regulated,b2792,b2792,25.630572485687527,0.7137041826550998,1.6400095122327756,0.025380935694520834,0.23960235732309335,0.4428598069140029,BH_from_pvalue
polymyxin,polymixinE,polymixinE_vs_control,not_regulated,b4155,b4155,212.4195541009049,0.8873659877596403,1.8497957591577523,0.06695286378531691,0.3170041908487952,0.4427379458179149,BH_from_pvalue
polymyxin,polymixinE,polymixinE_vs_control,not_regulated,b2821,b2821,806.061924903899,-0.8414641876873645,0.5580768906458039,0.05554453403763359,0.29803848068869854,0.4423809976704298,BH_from_pvalue
polymyxin,polymixinE,polymixinE_vs_control,not_regulated,b3361,b3361,1280.7001721485583,0.5793650406684634,1.4941914799386709,0.007766164698698013,0.1724814191851672,0.44220481860012395,BH_from_pvalue
polymyxin,polymixinE,polymixinE_vs_control,not_regulated,b0515,b0515,50.472591945563636,0.9147102518898516,1.8851904157793349,0.07784671031819085,0.3286236954762599,0.44208049368019514,BH_from_pvalue
polymyxin,polymixinE,polymixinE_vs_control,not_regulated,b4596,b4596,42.09809896701628,0.6150280712258942,1.5315877976603762,0.01211550880737501,0.192049408544417,0.4407211364636763,BH_from_pvalue
polymyxin,polymixinE,polymixinE_vs_control,not_regulated,b4438,b4438,3.0669388666328286,0.8519197580636446,1.8049010644889303,0.05946536295500488,0.3039490938313772,0.4406121722231431,BH_from_pvalue
polymyxin,polymixinE,polymixinE_vs_control,not_regulated,b0532,b0532,17.48945695948804,1.1368136622067344,2.1989482651929713,0.14423802069076147,0.41010279207777817,0.44006883773398464,BH_from_pvalue
polymyxin,polymixinE,polymixinE_vs_control,not_regulated,b2614,b2614,1578.9690021426602,-0.7091286811005677,0.6116894585268345,0.025193553241333204,0.23960235732309335,0.44002066741584744,BH_from_pvalue
polymyxin,polymixinE,polymixinE_vs_control,not_regulated,b2977,b2977,332.9931904816934,0.8163306906141754,1.7609216145095572,0.05313190509792181,0.28968116983978653,0.43925100114386467,BH_from_pvalue
polymyxin,polymixinE,polymixinE_vs_control,not_regulated,b0925,b0925,3702.338649300889,0.864757441617229,1.8210334735285625,0.06303724381360819,0.31058747779751766,0.4391377151720646,BH_from_pvalue
polymyxin,polymixinE,polymixinE_vs_control,not_regulated,b2697,b2697,5975.241847371191,-0.7790320442404166,0.582757655074777,0.041548003046237264,0.2735431846616245,0.4385748649235428,BH_from_pvalue
polymyxin,polymixinE,polymixinE_vs_control,not_regulated,b4143,b4143,11186.832293185054,-0.7198322943590441,0.6071680181547834,0.029713932253333637,0.24591029315496424,0.43853860038959747,BH_from_pvalue
polymyxin,polymixinE,polymixinE_vs_control,not_regulated,b3054,b3054,525.9157966295159,-0.7787660651537998,0.5828651037271465,0.04214293537736652,0.2735431846616245,0.4384251255863128,BH_from_pvalue
polymyxin,polymixinE,polymixinE_vs_control,not_regulated,b1365,b1365,2.213600607401341,1.1303817194090207,2.189166552513488,0.14451470309627173,0.41037066573676156,0.43725842914507784,BH_from_pvalue
polymyxin,polymixinE,polymixinE_vs_control,not_regulated,b1468,b1468,2972.5582884310966,1.3497984919836519,2.5487652317221596,0.20740005500229797,0.47472384418410996,0.4367393884669776,BH_from_pvalue
polymyxin,polymixinE,polymixinE_vs_control,not_regulated,b3958,b3958,43.447896239884074,-0.9441790398900549,0.5197252151689863,0.09166268142848867,0.34617862390037113,0.4349830502545775,BH_from_pvalue
polymyxin,polymixinE,polymixinE_vs_control,not_regulated,b4086,b4086,11.856564569578415,1.6776760716014842,3.199122133612868,0.289009321904916,0.5505988690928895,0.4347943905691172,BH_from_pvalue
polymyxin,polymixinE,polymixinE_vs_control,not_regulated,b0161,b0161,1137.334158046936,0.777231061876412,1.713838375719913,0.04352489806799219,0.27636066640839996,0.4341020218620048,BH_from_pvalue
polymyxin,polymixinE,polymixinE_vs_control,not_regulated,b0458,b0458,361.0384466965204,-0.7921515894080429,0.5774822108553777,0.04829247268450079,0.283488166404876,0.43367532143940535,BH_from_pvalue
polymyxin,polymixinE,polymixinE_vs_control,not_regulated,b1931,b1931,104.30495977308026,0.7480120827644621,1.6794770516749389,0.03621877367394155,0.2631858545805963,0.4336506222225601,BH_from_pvalue
polymyxin,polymixinE,polymixinE_vs_control,not_regulated,b2694,b2694,0.910543267546545,-1.2627758389945962,0.4167413503905474,0.18535194196673505,0.45360438560761757,0.4335396802211539,BH_from_pvalue
polymyxin,polymixinE,polymixinE_vs_control,not_regulated,b1217,b1217,377.072757746267,1.0930717518293944,2.133277656689746,0.1367800337523152,0.40177273473867864,0.43287777109256903,BH_from_pvalue
polymyxin,polymixinE,polymixinE_vs_control,not_regulated,b0589,b0589,38.71622601441765,-0.8800039220310589,0.5433659540963481,0.07296400685146792,0.322316482706892,0.43271331520090095,BH_from_pvalue
polymyxin,polymixinE,polymixinE_vs_control,not_regulated,b2135,b2135,3681.8607266238128,-1.1904166484553649,0.4381762976372214,0.16146317573167246,0.4332269432959868,0.4324599663498903,BH_from_pvalue
polymyxin,polymixinE,polymixinE_vs_control,not_regulated,b3032,b3032,2445.2769768642215,-0.8771359846623454,0.5444471870811286,0.0699140513472841,0.3218292455395536,0.4318793856244121,BH_from_pvalue
polymyxin,polymixinE,polymixinE_vs_control,not_regulated,b1618,b1618,1418.9944356691713,-0.6771055257946372,0.625418792184133,0.022165923007842352,0.23185004589504166,0.4298217219580066,BH_from_pvalue
polymyxin,polymixinE,polymixinE_vs_control,not_regulated,b2017,b2017,105.48063359857575,-0.8371694395195508,0.5597407008661659,0.062217521763294134,0.3078666359694659,0.4283271734427892,BH_from_pvalue
polymyxin,polymixinE,polymixinE_vs_control,not_regulated,b2909,b2909,1334.148467302334,-0.5553803086716957,0.6804776539692984,0.007537301535116716,0.16951391152477494,0.42808417324141423,BH_from_pvalue
polymyxin,polymixinE,polymixinE_vs_control,not_regulated,b2711,b2711,40.78651813452276,0.8873591820093587,1.849787032976572,0.08054486916544389,0.32944721810342853,0.42789715843753545,BH_from_pvalue
polymyxin,polymixinE,polymixinE_vs_control,not_regulated,b2568,b2568,1519.393176533861,-0.9067354126054727,0.533390704238036,0.08566061290178514,0.33768749941474985,0.42751216040164725,BH_from_pvalue
polymyxin,polymixinE,polymixinE_vs_control,not_regulated,b2988,b2988,1257.7740899967964,-0.6339002652408663,0.6444318638361807,0.017365403726874916,0.2121333993881926,0.42686270087314043,BH_from_pvalue
polymyxin,polymixinE,polymixinE_vs_control,not_regulated,b2785,b2785,760.176824376443,-0.6023827461594724,0.6586652091865123,0.01352747425923442,0.19572622643123908,0.4266984067349151,BH_from_pvalue
polymyxin,polymixinE,polymixinE_vs_control,not_regulated,b3233,b3233,2714.6952926376894,-0.6958923031425357,0.6173273850759846,0.02730355330595044,0.24408265629022852,0.4262083426505213,BH_from_pvalue
polymyxin,polymixinE,polymixinE_vs_control,not_regulated,b1663,b1663,820.5673086455978,0.6357631933081738,1.5537594796170273,0.018032120101470702,0.2136239709564567,0.4261838669951635,BH_from_pvalue
polymyxin,polymixinE,polymixinE_vs_control,not_regulated,b0229,b0229,65.55532957582197,0.7829415328497724,1.7206355287488564,0.04998952669718781,0.2861178651675259,0.4254935095639798,BH_from_pvalue
polymyxin,polymixinE,polymixinE_vs_control,not_regulated,b4656,b4656,297.08529438796063,-0.6957832415928751,0.6173740541392475,0.02885484544042497,0.24491933137254657,0.425107512271547,BH_from_pvalue
polymyxin,polymixinE,polymixinE_vs_control,not_regulated,b3478,b3478,38.15902787732259,-1.3342142528967518,0.39660801744449287,0.2150724027747918,0.48041083695021664,0.4247967461652296,BH_from_pvalue
polymyxin,polymixinE,polymixinE_vs_control,not_regulated,b0096,b0096,22435.602212339872,-0.8251585355473114,0.5644201757269055,0.060968834916333134,0.3058195286499979,0.42457277000182625,BH_from_pvalue
polymyxin,polymixinE,polymixinE_vs_control,not_regulated,b3514,b3514,6479.080817739529,-1.525673164316446,0.34731745814363635,0.2648535866896128,0.52712895262384,0.42426396805259403,BH_from_pvalue
polymyxin,polymixinE,polymixinE_vs_control,not_regulated,b2805,b2805,552.4439652094919,-0.6999877138237487,0.6155774489867493,0.03041506825559165,0.2478387264740059,0.42407413850477693,BH_from_pvalue
polymyxin,polymixinE,polymixinE_vs_control,not_regulated,b3830,b3830,1451.6417582470997,0.7314747851540329,1.6603354910328283,0.036180071867142845,0.2631858545805963,0.4240633313700667,BH_from_pvalue
polymyxin,polymixinE,polymixinE_vs_control,not_regulated,b1448,b1448,257.86647245542883,-0.534881943748144,0.6902151549407753,0.006460225433858453,0.16113359858418091,0.42406183650963614,BH_from_pvalue
polymyxin,polymixinE,polymixinE_vs_control,not_regulated,b0839,b0839,2038.6584342444876,0.642046457824474,1.560541212258147,0.019434390213812228,0.2185397179543185,0.42405218114917775,BH_from_pvalue
polymyxin,polymixinE,polymixinE_vs_control,not_regulated,b1439,b1439,215.97491676214744,0.6940223848162796,1.6177877980793904,0.028456280163316933,0.24491933137254657,0.4240316693954649,BH_from_pvalue
polymyxin,polymixinE,polymixinE_vs_control,not_regulated,b2107,b2107,142.03306461808037,0.7293380834744312,1.6578782733164659,0.03577321831254133,0.26249255460001775,0.42366010161055967,BH_from_pvalue
polymyxin,polymixinE,polymixinE_vs_control,not_regulated,b2916,b2916,603.9164432577905,-0.5794302400717211,0.6692280217523924,0.010448390201307644,0.18575833646435488,0.4235934544210984,BH_from_pvalue
polymyxin,polymixinE,polymixinE_vs_control,not_regulated,b3744,b3744,5291.401577872123,1.5329141067310381,2.8936974854792905,0.2689784071139591,0.5299256003888764,0.4227548694070807,BH_from_pvalue
polymyxin,polymixinE,polymixinE_vs_control,not_regulated,b0506,b0506,2574.482681145452,-0.8580215966841447,0.5517086110574023,0.07107247858242997,0.3218292455395536,0.42246794853716296,BH_from_pvalue
polymyxin,polymixinE,polymixinE_vs_control,not_regulated,b1305,b1305,20.490704818923415,0.8963338495500603,1.861329990128723,0.08604452927539886,0.33831144465100005,0.4218893834643569,BH_from_pvalue
polymyxin,polymixinE,polymixinE_vs_control,not_regulated,b3974,b3974,228.66477360191325,0.9400413758451398,1.918583261966865,0.09720324450720556,0.35595769242227465,0.4217040815390822,BH_from_pvalue
polymyxin,polymixinE,polymixinE_vs_control,not_regulated,b2507,b2507,3078.0672879819626,-0.9454298904213587,0.5192747964739954,0.09918277446183502,0.3581977227741345,0.42154561294263504,BH_from_pvalue
polymyxin,polymixinE,polymixinE_vs_control,not_regulated,b2453,b2453,37.57406876217531,-0.7373876265228567,0.5998245073468612,0.03831955539167983,0.26820588601398476,0.42144040035770713,BH_from_pvalue
polymyxin,polymixinE,polymixinE_vs_control,not_regulated,b1770,b1770,137.04272586189603,-0.9543708551836589,0.5160665920436883,0.10174714425084437,0.36176324708336355,0.4214268418460993,BH_from_pvalue
polymyxin,polymixinE,polymixinE_vs_control,not_regulated,b2257,b2257,96.76072159679289,0.7784637136968051,1.7153033206242205,0.051214919591226045,0.2880060403988117,0.42083624089631577,BH_from_pvalue
polymyxin,polymixinE,polymixinE_vs_control,not_regulated,b1534,b1534,201.12057859665856,0.686953565854167,1.609880459283285,0.027460434879823716,0.24408265629022852,0.42073369608831657,BH_from_pvalue
polymyxin,polymixinE,polymixinE_vs_control,not_regulated,b4368,b4368,3.9189199853181726,1.2873752927424316,2.440835880186345,0.2028137337556608,0.47145021934520015,0.42041062833506054,BH_from_pvalue
polymyxin,polymixinE,polymixinE_vs_control,not_regulated,b4209,b4209,275.8250759937924,-1.9549428171268728,0.2579310180145537,0.35715094313606793,0.6099547900762319,0.4197308242965721,BH_from_pvalue
polymyxin,polymixinE,polymixinE_vs_control,not_regulated,b0078,b0078,34.43134953791649,-0.7505016865285734,0.5943968244596638,0.04372577138539779,0.27636066640839996,0.4191730304066296,BH_from_pvalue
polymyxin,polymixinE,polymixinE_vs_control,not_regulated,b2608,b2608,4956.847455661241,-0.9230464911886145,0.5273941628586613,0.09517428182471649,0.3514728404331484,0.4191630072503619,BH_from_pvalue
polymyxin,polymixinE,polymixinE_vs_control,not_regulated,b2940,b2940,3.415478514914561,1.2576295302188403,2.3910255230664004,0.19561705589677775,0.4643195342605311,0.4190208361901216,BH_from_pvalue
polymyxin,polymixinE,polymixinE_vs_control,not_regulated,b2628,b2628,493.39159386511034,0.5995798991748753,1.5152752666774527,0.014918075160083543,0.20030299125389783,0.4186941773500768,BH_from_pvalue
polymyxin,polymixinE,polymixinE_vs_control,not_regulated,b1771,b1771,26.210913111137558,0.7778059824332253,1.7145214842347736,0.053196230833184456,0.28968116983978653,0.4185216364001159,BH_from_pvalue
polymyxin,polymixinE,polymixinE_vs_control,not_regulated,b2207,b2207,3.052882442306873,-1.5871229984554136,0.33283452594825025,0.2821162204186207,0.545103101680657,0.4182407900816675,BH_from_pvalue
polymyxin,polymixinE,polymixinE_vs_control,not_regulated,b3237,b3237,735.267439706454,-0.8244114311953474,0.5647125382573787,0.06448189970082362,0.31147028066923194,0.41763313409499836,BH_from_pvalue
polymyxin,polymixinE,polymixinE_vs_control,not_regulated,b0474,b0474,1518.4880551441636,0.5889836488228379,1.5041867031824137,0.01363034263342853,0.19572622643123908,0.4172071430463725,BH_from_pvalue
polymyxin,polymixinE,polymixinE_vs_control,not_regulated,b0176,b0176,1690.1517873496332,-0.540889854704341,0.6873468225827561,0.007519522242486418,0.16951391152477494,0.41691500877941906,BH_from_pvalue
polymyxin,polymixinE,polymixinE_vs_control,not_regulated,b3284,b3284,1892.0654657260136,-0.7058944832281,0.6130622669352772,0.03395409672892766,0.25668155812893545,0.416905046388897,BH_from_pvalue
polymyxin,polymixinE,polymixinE_vs_control,not_regulated,b3592,b3592,406.4905196739373,0.6190424867306206,1.5358554993010003,0.01714414240074616,0.2121333993881926,0.41685760730933114,BH_from_pvalue
polymyxin,polymixinE,polymixinE_vs_control,not_regulated,b1366,b1366,5.184202374976299,1.3913391284010344,2.623220585657482,0.23884071894725076,0.5018704327404189,0.4165786078854048,BH_from_pvalue
polymyxin,polymixinE,polymixinE_vs_control,not_regulated,b1286,b1286,1162.0326162083306,-0.6815248489872019,0.6235059147392372,0.029173172250297176,0.24491933137254657,0.4163959632613806,BH_from_pvalue
polymyxin,polymixinE,polymixinE_vs_control,not_regulated,b2206,b2206,656.786485043691,-1.5911601555467163,0.3319044423850008,0.2862857428235614,0.5474843161317294,0.4162925545455765,BH_from_pvalue
polymyxin,polymixinE,polymixinE_vs_control,not_regulated,b4097,b4097,9.110723860293307,1.2377159555775101,2.358248835955787,0.19283670527581828,0.4611149276775715,0.416108739723069,BH_from_pvalue
polymyxin,polymixinE,polymixinE_vs_control,not_regulated,b3519,b3519,1484.2035266286493,1.037256906264485,2.0523217229729385,0.13264379068341045,0.3979895918948842,0.4150358273374235,BH_from_pvalue
polymyxin,polymixinE,polymixinE_vs_control,not_regulated,b2578,b2578,59.03951982928421,-0.9271583839475888,0.525893152101396,0.09806594019397544,0.35716647691700526,0.41455968853708003,BH_from_pvalue
polymyxin,polymixinE,polymixinE_vs_control,not_regulated,b2070,b2070,131.87370795784204,-0.7138139038312463,0.6097061892078416,0.036024801162293334,0.26305122666882375,0.41398327514108935,BH_from_pvalue
polymyxin,polymixinE,polymixinE_vs_control,not_regulated,b3581,b3581,13.102232391941035,-0.9564039997170797,0.5153398279258384,0.10705168899486175,0.37010317709516294,0.41285778799728523,BH_from_pvalue
polymyxin,polymixinE,polymixinE_vs_control,not_regulated,b1045,b1045,729.0139024228652,0.505777984341437,1.419888835707253,0.0046545077755455475,0.1528173428788604,0.41262751564258754,BH_from_pvalue
polymyxin,polymixinE,polymixinE_vs_control,not_regulated,b3940,b3940,1071.8383394635202,-0.8156864655243332,0.5681380898935637,0.06478886043537539,0.31201316299605836,0.41259630621582144,BH_from_pvalue
polymyxin,polymixinE,polymixinE_vs_control,not_regulated,b2914,b2914,1392.0170371238135,-0.5546481822938549,0.6808230645080939,0.009837055114479978,0.18104293363830665,0.4116700984297937,BH_from_pvalue
polymyxin,polymixinE,polymixinE_vs_control,not_regulated,b2365,b2365,46.9832233516323,-0.985725635662436,0.5049716725880854,0.11951009106428555,0.3830307345375663,0.41081730156800744,BH_from_pvalue
polymyxin,polymixinE,polymixinE_vs_control,not_regulated,b0081,b0081,806.3426056382153,-0.6783934528519406,0.6248607155793553,0.030902935400932172,0.24846593167023134,0.4102470103628328,BH_from_pvalue
polymyxin,polymixinE,polymixinE_vs_control,not_regulated,b1606,b1606,203.19811832801267,0.8342871460426364,1.7829758301293683,0.07380746491509532,0.322316482706892,0.41023357709633707,BH_from_pvalue
polymyxin,polymixinE,polymixinE_vs_control,not_regulated,b0485,b0485,1447.2868376249405,-1.3031279700878642,0.4052466121205724,0.22234700631277332,0.4854302068267548,0.4090169490500239,BH_from_pvalue
polymyxin,polymixinE,polymixinE_vs_control,not_regulated,b3969,b3969,0.9640361923749055,0.9473803823980953,1.9283679838653764,0.10713079959490933,0.37010317709516294,0.40896249825868947,BH_from_pvalue
polymyxin,polymixinE,polymixinE_vs_control,not_regulated,b0879,b0879,712.782050076251,-0.858376838039856,0.5515727780631403,0.0842625836775691,0.3345217134878251,0.40822315474534354,BH_from_pvalue
polymyxin,polymixinE,polymixinE_vs_control,not_regulated,b4539,b4539,64.96923338488104,-0.98615817599776,0.5048202976468255,0.12353481756500334,0.3857585167287129,0.40795832913808827,BH_from_pvalue
polymyxin,polymixinE,polymixinE_vs_control,not_regulated,b3367,b3367,24.507526914988933,-1.516430504259343,0.3495496985068524,0.27560682239727774,0.5386383516722345,0.4074690126425637,BH_from_pvalue
polymyxin,polymixinE,polymixinE_vs_control,not_regulated,b1739,b1739,4272.293473097058,0.923289891368448,1.8964349566552445,0.10277519915038373,0.3621626201517713,0.4072598255366466,BH_from_pvalue
polymyxin,polymixinE,polymixinE_vs_control,not_regulated,b4413,b4413,15.285241463551221,-1.329711838417123,0.3978476994002693,0.23018880335892605,0.4941707813450773,0.4070552927358467,BH_from_pvalue
polymyxin,polymixinE,polymixinE_vs_control,not_regulated,b1109,b1109,1217.7339904139671,-0.867493965714937,0.5480980983385547,0.08773807139456759,0.3401496964685207,0.40627337283592213,BH_from_pvalue
polymyxin,polymixinE,polymixinE_vs_control,not_regulated,b4313,b4313,11.152298714173241,0.7308049049464636,1.6595647337526334,0.045948774506253474,0.27816633610918995,0.40610494575096745,BH_from_pvalue
polymyxin,polymixinE,polymixinE_vs_control,not_regulated,b2478,b2478,2643.5382364231227,-0.5243650913414495,0.6952650184108844,0.007175131269201913,0.168092398171199,0.40609555528206803,BH_from_pvalue
polymyxin,polymixinE,polymixinE_vs_control,not_regulated,b2098,b2098,42.562879537636164,-0.5460982611802887,0.6848698422790462,0.009937581421446651,0.18104293363830665,0.40532418947570287,BH_from_pvalue
polymyxin,polymixinE,polymixinE_vs_control,not_regulated,b3771,b3771,371.1231524610111,-0.604051620822613,0.6579037217536727,0.01799255643715344,0.2136239709564567,0.4049260138626645,BH_from_pvalue
polymyxin,polymixinE,polymixinE_vs_control,not_regulated,b1396,b1396,20.12073883477166,-1.4974001547304856,0.3541910948906155,0.2748856201633211,0.537580660649834,0.4036337401514676,BH_from_pvalue
polymyxin,polymixinE,polymixinE_vs_control,not_regulated,b2208,b2208,120.70928351642152,-1.5942436991380857,0.33119580414916716,0.2956319746648401,0.558250471050567,0.40361611499912625,BH_from_pvalue
polymyxin,polymixinE,polymixinE_vs_control,not_regulated,b1200,b1200,1021.690796414931,-0.6589634985015635,0.633333150564404,0.027123102710865845,0.24408265629022852,0.40359081325550256,BH_from_pvalue
polymyxin,polymixinE,polymixinE_vs_control,not_regulated,b1309,b1309,11.800092190069433,1.2666248996591136,2.405980416378343,0.21365665771001544,0.4802736863466514,0.4034342258775374,BH_from_pvalue
polymyxin,polymixinE,polymixinE_vs_control,not_regulated,b1302,b1302,2347.6375840998376,1.6586127696284194,3.1571280357819194,0.3089543637002536,0.5714534676304178,0.40307462830642304,BH_from_pvalue
polymyxin,polymixinE,polymixinE_vs_control,not_regulated,b2901,b2901,1189.8989847552873,-0.6070733167632643,0.6565271976065897,0.01930579528303265,0.21777002089898428,0.40188369350666275,BH_from_pvalue
polymyxin,polymixinE,polymixinE_vs_control,not_regulated,b1730,b1730,7.7720367449033985,0.8559251428029562,1.8099190119619206,0.08679865038406824,0.33949593863264255,0.40157047636285015,BH_from_pvalue
polymyxin,polymixinE,polymixinE_vs_control,not_regulated,b0499,b0499,2.5517495297843014,1.6286187390905686,3.0921680748119664,0.30431748009429566,0.567343328806565,0.4008910944441849,BH_from_pvalue
polymyxin,polymixinE,polymixinE_vs_control,not_regulated,b2838,b2838,140.23546829948984,0.7066612921084241,1.6320228900929477,0.040681918965968025,0.27100172480550333,0.40069670029329607,BH_from_pvalue
polymyxin,polymixinE,polymixinE_vs_control,not_regulated,b2445,b2445,2.7269850132297058,1.2356021985192833,2.354796189996357,0.20824186726974014,0.47472384418410996,0.3997901551784373,BH_from_pvalue
polymyxin,polymixinE,polymixinE_vs_control,not_regulated,b1622,b1622,378.4330574197079,-0.6543130431443469,0.6353779622242537,0.02929448650031793,0.24491933137254657,0.39977017753565713,BH_from_pvalue
polymyxin,polymixinE,polymixinE_vs_control,not_regulated,b0722,b0722,79.48904409808893,0.7369261614963545,1.6666211128826727,0.05042913824031108,0.28684589943955785,0.3996729015781491,BH_from_pvalue
polymyxin,polymixinE,polymixinE_vs_control,not_regulated,b1976,b1976,2093.971290139911,-0.8223213839761048,0.5655312360339081,0.07728631752254393,0.3285436663382447,0.3975158316218311,BH_from_pvalue
polymyxin,polymixinE,polymixinE_vs_control,not_regulated,b1043,b1043,1.5489962889403481,0.9675797856402765,1.95555726798833,0.12547699288681946,0.388434627670278,0.3973676606577228,BH_from_pvalue
polymyxin,polymixinE,polymixinE_vs_control,not_regulated,b2923,b2923,37.40420916684068,0.8708479482940117,1.8287374305035213,0.09469521256878356,0.35039175273795337,0.39662432306719553,BH_from_pvalue
polymyxin,polymixinE,polymixinE_vs_control,not_regulated,b1262,b1262,378.24041768116496,-0.7345492697900919,0.6010057630824773,0.05236671625242891,0.28857247928652413,0.39646936119194204,BH_from_pvalue
polymyxin,polymixinE,polymixinE_vs_control,not_regulated,b3397,b3397,497.84000097986495,0.655304250826596,1.5749480598635506,0.031060988634441893,0.24846593167023134,0.3962842044679056,BH_from_pvalue
polymyxin,polymixinE,polymixinE_vs_control,not_regulated,b2204,b2204,67.93646005766641,-1.3980937002091167,0.3794301691990308,0.2607653011787802,0.5208358457824838,0.39607873412083444,BH_from_pvalue
polymyxin,polymixinE,polymixinE_vs_control,not_regulated,b3480,b3480,32.720584397748866,-0.8963338581987941,0.5372502454204793,0.10248712154601129,0.36184228627469295,0.3957140822955151,BH_from_pvalue
polymyxin,polymixinE,polymixinE_vs_control,not_regulated,b0487,b0487,1435.364580898672,-1.0484794486181883,0.4834774647855383,0.15068533883747776,0.41967966197583584,0.39536280770391186,BH_from_pvalue
polymyxin,polymixinE,polymixinE_vs_control,not_regulated,b3699,b3699,8632.018323792414,-0.6237624578253733,0.6489762297052302,0.022546543815485206,0.23313644616563783,0.39446103342833105,BH_from_pvalue
polymyxin,polymixinE,polymixinE_vs_control,not_regulated,b1623,b1623,924.9729065983233,-0.7028006972838252,0.6143783583444228,0.04258945121730458,0.2746698526288774,0.39440402437787664,BH_from_pvalue
polymyxin,polymixinE,polymixinE_vs_control,not_regulated,b1332,b1332,1159.0904720737517,-0.6520023760878697,0.6363964195058194,0.031205920936590904,0.24846593167023134,0.394287451352939,BH_from_pvalue
polymyxin,polymixinE,polymixinE_vs_control,not_regulated,b3696,b3696,18.051428230481932,0.727650364000652,1.6559399582998717,0.05102999779099026,0.2880060403988117,0.39336662516826953,BH_from_pvalue
polymyxin,polymixinE,polymixinE_vs_control,not_regulated,b1285,b1285,953.0145675586282,0.7989064555360077,1.7397818941602323,0.07037730760608898,0.3218292455395536,0.3933611608935277,BH_from_pvalue
polymyxin,polymixinE,polymixinE_vs_control,not_regulated,b0336,b0336,55.57957194116815,-0.9268705295397339,0.5259980916490866,0.11397627801296949,0.37666169398592103,0.39303809921941396,BH_from_pvalue
polymyxin,polymixinE,polymixinE_vs_control,not_regulated,b4600,b4600,13.696780468266455,0.797826905061533,1.7384805243063932,0.06941808958502914,0.3218292455395536,0.3928296177761328,BH_from_pvalue
polymyxin,polymixinE,polymixinE_vs_control,not_regulated,b1085,b1085,2.681391635434178,1.3104695248829756,2.4802224565661835,0.23846703722434215,0.5016953851426993,0.39256411173132366,BH_from_pvalue
polymyxin,polymixinE,polymixinE_vs_control,not_regulated,b0269,b0269,437.846415828293,-0.600743997328804,0.6594138082164641,0.020543685980830253,0.2221286046677271,0.39252343139572154,BH_from_pvalue
polymyxin,polymixinE,polymixinE_vs_control,not_regulated,b2340,b2340,1365.3956617554757,-0.6295842762289379,0.6463626428971945,0.024796797253155832,0.23880286099254686,0.3915765351303545,BH_from_pvalue
polymyxin,polymixinE,polymixinE_vs_control,not_regulated,b1397,b1397,427.0343480155448,-0.7851751432480594,0.580281506712492,0.0671219449376452,0.3174705660668014,0.3912500521801627,BH_from_pvalue
polymyxin,polymixinE,polymixinE_vs_control,not_regulated,b0792,b0792,228.7446341358923,0.9377185239322889,1.9154966782652438,0.11972714418406775,0.3830307345375663,0.390809551557733,BH_from_pvalue
polymyxin,polymixinE,polymixinE_vs_control,not_regulated,b0124,b0124,1628.3872488771783,0.7709769920519225,1.706424982121817,0.06392767376532438,0.31147028066923194,0.39056413499618653,BH_from_pvalue
polymyxin,polymixinE,polymixinE_vs_control,not_regulated,b4246,b4246,33.062660153892075,0.7580691655037572,1.6912256533385328,0.06060327033349435,0.3054653687764455,0.39043444162229607,BH_from_pvalue
polymyxin,polymixinE,polymixinE_vs_control,not_regulated,b2671,b2671,181.85625075703533,0.9921252648837475,1.9891130385685303,0.1385423978823721,0.4041269167800971,0.39038365423496435,BH_from_pvalue
polymyxin,polymixinE,polymixinE_vs_control,not_regulated,b3492,b3492,257.6615510689196,0.554355334907652,1.468512285174449,0.014240030792432953,0.19769030402581306,0.39027426637778895,BH_from_pvalue
polymyxin,polymixinE,polymixinE_vs_control,not_regulated,b2864,b2864,1.1120296220160732,1.0334236618148047,2.0468759367922402,0.1501435967644352,0.4191596443560292,0.39024199791631126,BH_from_pvalue
polymyxin,polymixinE,polymixinE_vs_control,not_regulated,b2616,b2616,496.47684282986046,0.8377077131370871,1.7872082035554466,0.0894151219756982,0.34228869672058765,0.390042945607774,BH_from_pvalue
polymyxin,polymixinE,polymixinE_vs_control,not_regulated,b4536,b4536,130.95542174080785,0.7931034263049588,1.73279793202768,0.07257382305462258,0.322316482706892,0.38998282201008155,BH_from_pvalue
polymyxin,polymixinE,polymixinE_vs_control,not_regulated,b2967,b2967,5.31400721683886,1.351620403728758,2.551985980752423,0.25239913733388075,0.5150289744695872,0.38949420502264126,BH_from_pvalue
polymyxin,polymixinE,polymixinE_vs_control,not_regulated,b2026,b2026,291.4107680277402,-0.7906576598390016,0.5780805109520031,0.07060192289299795,0.3218292455395536,0.38929966429544244,BH_from_pvalue
polymyxin,polymixinE,polymixinE_vs_control,not_regulated,b3002,b3002,277.9478025695008,0.7209429944985422,1.648259040626327,0.05175886629790443,0.28857247928652413,0.38912544092014867,BH_from_pvalue
polymyxin,polymixinE,polymixinE_vs_control,not_regulated,b0831,b0831,243.28708351513242,-0.7551983528573993,0.5924649232171281,0.06046023329646424,0.305443406055477,0.38897944620628894,BH_from_pvalue
polymyxin,polymixinE,polymixinE_vs_control,not_regulated,b3861,b3861,17.83762000180861,1.3276771523502644,2.5099822335342714,0.24630040262548247,0.5099014112036186,0.388363870521975,BH_from_pvalue
polymyxin,polymixinE,polymixinE_vs_control,not_regulated,b1914,b1914,399.36954060846546,0.635233865024043,1.5531895060916368,0.028279385509979986,0.24491933137254657,0.3881132397681707,BH_from_pvalue
polymyxin,polymixinE,polymixinE_vs_control,not_regulated,b3521,b3521,48.25630777361274,-0.7202869168187993,0.6069767173441686,0.05309915531426373,0.28968116983978653,0.3875717928544964,BH_from_pvalue
polymyxin,polymixinE,polymixinE_vs_control,not_regulated,b0026,b0026,4682.814333372848,-0.8420190985402662,0.5578622760773722,0.09251465309412095,0.34677575801446336,0.3872877539691104,BH_from_pvalue
polymyxin,polymixinE,polymixinE_vs_control,not_regulated,b2130,b2130,405.1738406473398,1.0488688143572569,2.0689070267854626,0.15671749102738183,0.428259583621606,0.3862909474102375,BH_from_pvalue
polymyxin,polymixinE,polymixinE_vs_control,not_regulated,b3736,b3736,1825.1509973833943,-0.5450737872695051,0.6853563487429215,0.013128326965241592,0.19572622643123908,0.3861035497176923,BH_from_pvalue
polymyxin,polymixinE,polymixinE_vs_control,not_regulated,b3758,b3758,0.7404871154734112,-1.123626580344179,0.4589387150856934,0.18444582643536572,0.45334988607248616,0.38604043923783615,BH_from_pvalue
polymyxin,polymixinE,polymixinE_vs_control,not_regulated,b2718,b2718,17.43703590968102,-0.8076377777213604,0.5713165477787352,0.08227901634916877,0.33311522550725575,0.38557073066468117,BH_from_pvalue
polymyxin,polymixinE,polymixinE_vs_control,not_regulated,b1184,b1184,44.447566927612606,0.7661364910570221,1.7007092138801956,0.0654809045050537,0.31398284078944083,0.38543873736602735,BH_from_pvalue
polymyxin,polymixinE,polymixinE_vs_control,not_regulated,b1019,b1019,90.08360999807981,-0.7832462167487435,0.5810578793759171,0.07280758545253704,0.322316482706892,0.3851358597194415,BH_from_pvalue
polymyxin,polymixinE,polymixinE_vs_control,not_regulated,b2258,b2258,21.306141546558038,0.7823120229301299,1.7198849052122935,0.0731057431943042,0.322316482706892,0.3846765002845886,BH_from_pvalue
polymyxin,polymixinE,polymixinE_vs_control,not_regulated,b2038,b2038,190.9593723876845,-0.7641023094236523,0.5888196368846498,0.06592279571590666,0.31444404573716667,0.3839282672339384,BH_from_pvalue
polymyxin,polymixinE,polymixinE_vs_control,not_regulated,b2503,b2503,47.57784583472641,0.9368483332331223,1.9143416560663897,0.1266182887622317,0.3896993109555535,0.3834242565767459,BH_from_pvalue
polymyxin,polymixinE,polymixinE_vs_control,not_regulated,b3809,b3809,1226.9162396247775,-0.6155410169851159,0.6526850878673518,0.024294540143385706,0.23829992081736578,0.3834057892571087,BH_from_pvalue
polymyxin,polymixinE,polymixinE_vs_control,not_regulated,b3139,b3139,2.250205570583774,1.2067344315905948,2.308145917055062,0.21692701619784138,0.48116765614658447,0.3833838410765237,BH_from_pvalue
polymyxin,polymixinE,polymixinE_vs_control,not_regulated,b0268,b0268,185.57790342062336,-0.6639798163600803,0.6311348457179047,0.03679697100558709,0.2646762514892866,0.3833056047110562,BH_from_pvalue
polymyxin,polymixinE,polymixinE_vs_control,not_regulated,b1208,b1208,1750.5379455558093,-0.7527180134540625,0.5934843888703707,0.06275055631753454,0.3098265667577062,0.38304415542972436,BH_from_pvalue
polymyxin,polymixinE,polymixinE_vs_control,not_regulated,b2271,b2271,2.9540771894922564,1.3826422787890635,2.6074548629303225,0.2675449920442238,0.5287422558062032,0.38265451946419143,BH_from_pvalue
polymyxin,polymixinE,polymixinE_vs_control,not_regulated,b2843,b2843,24.36012879512198,1.0132213838538786,2.018412972614673,0.15011331829943822,0.4191596443560292,0.38261320286812384,BH_from_pvalue
polymyxin,polymixinE,polymixinE_vs_control,not_regulated,b0799,b0799,1956.0360805465891,-0.5776621989197146,0.6700486719747066,0.019230561431186767,0.21777002089898428,0.38241347740139003,BH_from_pvalue
polymyxin,polymixinE,polymixinE_vs_control,not_regulated,b2877,b2877,809.1312748541324,1.1367807268574115,2.1988980658781228,0.19229420262633182,0.4611149276775715,0.38217524260111985,BH_from_pvalue
polymyxin,polymixinE,polymixinE_vs_control,not_regulated,b1126,b1126,458.77787212818,0.8303284345782274,1.7780901046999065,0.0922613767621832,0.34677575801446336,0.3819106182294166,BH_from_pvalue
polymyxin,polymixinE,polymixinE_vs_control,not_regulated,b1925,b1925,7.459457267461698,1.45310238183221,2.7379619206144343,0.285781268024956,0.5474634342317939,0.3801968020877264,BH_from_pvalue
polymyxin,polymixinE,polymixinE_vs_control,not_regulated,b2252,b2252,13.65938757208525,0.7863810622615315,1.724742589986695,0.07832027602279916,0.3286236954762599,0.3800588519775298,BH_from_pvalue
polymyxin,polymixinE,polymixinE_vs_control,not_regulated,b1187,b1187,1797.369178175608,-0.5976519400922697,0.6608286129582872,0.022168730085043914,0.23185004589504166,0.37938515672358336,BH_from_pvalue
polymyxin,polymixinE,polymixinE_vs_control,not_regulated,b4592,b4592,1.248077526525911,-0.8521531326737618,0.5539573718479771,0.09980288057585411,0.35884361057569286,0.3792889130181742,BH_from_pvalue
polymyxin,polymixinE,polymixinE_vs_control,not_regulated,b3494,b3494,4168.819401256438,-0.6190096517645802,0.6511177387314525,0.027371501965774616,0.24408265629022852,0.37912055726418903,BH_from_pvalue
polymyxin,polymixinE,polymixinE_vs_control,not_regulated,b2049,b2049,29.64484820167992,0.9654261584239672,1.952640227764298,0.13998242521757082,0.40517435561688125,0.37879272484397863,BH_from_pvalue
polymyxin,polymixinE,polymixinE_vs_control,not_regulated,b2020,b2020,513.1031473473533,-0.8116293048585845,0.5697380618876982,0.08906317118138017,0.3416694788152319,0.3785388876999136,BH_from_pvalue
polymyxin,polymixinE,polymixinE_vs_control,not_regulated,b2379,b2379,532.316177345253,0.980006043445254,1.9724736716557816,0.14515494207392984,0.41134622774728674,0.37807896293427423,BH_from_pvalue
polymyxin,polymixinE,polymixinE_vs_control,not_regulated,b1145,b1145,306.51827975415597,-0.6068295615924333,0.6566381326377535,0.024453076931311168,0.2384526157986396,0.3778108161922511,BH_from_pvalue
polymyxin,polymixinE,polymixinE_vs_control,not_regulated,b3554,b3554,2567.4156351558354,0.4974380875528297,1.4117044553073255,0.008329867316973811,0.1740713119569,0.3776912082882768,BH_from_pvalue
polymyxin,polymixinE,polymixinE_vs_control,not_regulated,b1202,b1202,145.44916191888058,0.510709569110035,1.4247507667730637,0.010090070052062436,0.1822696188521158,0.3775602887443656,BH_from_pvalue
polymyxin,polymixinE,polymixinE_vs_control,not_regulated,b3142,b3142,6.563142226726822,1.013743570097291,2.019143673301486,0.15432993245875606,0.4246978175674499,0.3770314789399752,BH_from_pvalue
polymyxin,polymixinE,polymixinE_vs_control,not_regulated,b3282,b3282,441.56818093746216,-0.5391420102320197,0.6881800571510691,0.014584247939365635,0.19999983911971533,0.37684428157737787,BH_from_pvalue
polymyxin,polymixinE,polymixinE_vs_control,not_regulated,b0752,b0752,466.6502222701169,0.962038484582175,1.9480605018416206,0.14137622327708768,0.40611906104479195,0.37649051558528657,BH_from_pvalue
polymyxin,polymixinE,polymixinE_vs_control,not_regulated,b1357,b1357,10.721266038245014,0.6967426264550913,1.6208410595835567,0.05163557115359065,0.28857247928652413,0.37606341111030533,BH_from_pvalue
polymyxin,polymixinE,polymixinE_vs_control,not_regulated,b1678,b1678,4069.274134824507,0.8131002715995024,1.7569830477845798,0.09140433769379065,0.34578360887020215,0.3749982654836125,BH_from_pvalue
polymyxin,polymixinE,polymixinE_vs_control,not_regulated,b2963,b2963,164.5831081269935,0.6899513754806135,1.6132291453359,0.04981722465980005,0.2861178651675259,0.3749575413545859,BH_from_pvalue
polymyxin,polymixinE,polymixinE_vs_control,not_regulated,b2831,b2831,205.90619183093415,-0.5283396787453452,0.6933522173936869,0.013703893323891088,0.19572622643123908,0.3742499275963544,BH_from_pvalue
polymyxin,polymixinE,polymixinE_vs_control,not_regulated,b0943,b0943,9.626525286342622,0.7750292896678102,1.7112247923849755,0.0793685029140022,0.32944721810342853,0.3737300942824074,BH_from_pvalue
polymyxin,polymixinE,polymixinE_vs_control,not_regulated,b3474,b3474,415.6024904623264,0.687381450804379,1.6103580001092097,0.04980463790550038,0.2861178651675259,0.37356090287785826,BH_from_pvalue
polymyxin,polymixinE,polymixinE_vs_control,not_regulated,b1253,b1253,51.25672320929203,0.5658234327074672,1.4802321255654316,0.019937915818188327,0.21880175800735333,0.37341471773749807,BH_from_pvalue
polymyxin,polymixinE,polymixinE_vs_control,not_regulated,b4175,b4175,3079.9333657811144,-0.7121983027875363,0.6103893507097009,0.05717464625614117,0.299075836193242,0.37334765015234533,BH_from_pvalue
polymyxin,polymixinE,polymixinE_vs_control,not_regulated,b0116,b0116,7483.447045317775,-0.674733018230171,0.626448137613044,0.04651138966599424,0.28011750234863747,0.3728977843216107,BH_from_pvalue
polymyxin,polymixinE,polymixinE_vs_control,not_regulated,b1021,b1021,8.686304688779975,1.1488807272694093,2.2174179577982316,0.20600041877365333,0.473716709429393,0.37279030746518627,BH_from_pvalue
polymyxin,polymixinE,polymixinE_vs_control,not_regulated,b2633,b2633,10.663442366173514,0.8773287178864768,1.836970830498111,0.11293016136404878,0.37614504393793124,0.3725529516429261,BH_from_pvalue
polymyxin,polymixinE,polymixinE_vs_control,not_regulated,b1194,b1194,25.65239452216166,1.6288003462599345,3.0925573429674365,0.3317257051464344,0.5906976333130095,0.37240039120976703,BH_from_pvalue
polymyxin,polymixinE,polymixinE_vs_control,not_regulated,b3683,b3683,10.838807312456609,0.8925333546724006,1.8564331369652036,0.12041590403388573,0.38346801081149495,0.3715356265700832,BH_from_pvalue
polymyxin,polymixinE,polymixinE_vs_control,not_regulated,b4218,b4218,668.9047105738167,0.5000318306061811,1.41424476492823,0.009909021735607334,0.18104293363830665,0.37113283608422115,BH_from_pvalue
polymyxin,polymixinE,polymixinE_vs_control,not_regulated,b3065,b3065,2977.4268365061507,0.666175313041343,1.5868605063694645,0.04410572964776467,0.27739921715640825,0.3709895469870841,BH_from_pvalue
polymyxin,polymixinE,polymixinE_vs_control,not_regulated,b2522,b2522,303.2521702656795,-0.5594842327039933,0.6785447018943042,0.019317527420785845,0.21777002089898428,0.37037962909759076,BH_from_pvalue
polymyxin,polymixinE,polymixinE_vs_control,not_regulated,b4177,b4177,20631.7517803892,-0.883111450098232,0.5421968173830565,0.11748100664560515,0.38079352880335776,0.3702978512532702,BH_from_pvalue
polymyxin,polymixinE,polymixinE_vs_control,not_regulated,b3225,b3225,243.79677273109576,-0.7805373335821688,0.58214993037769,0.08459765638532163,0.3355386065313048,0.37017568713276194,BH_from_pvalue
polymyxin,polymixinE,polymixinE_vs_control,not_regulated,b2173,b2173,107.55709643904629,0.7593218487967137,1.6926947719654792,0.0754869820162078,0.3258545538473154,0.3697716725441243,BH_from_pvalue
polymyxin,polymixinE,polymixinE_vs_control,not_regulated,b3878,b3878,18.043959052640286,1.1145521759135413,2.1652778671469086,0.19773658297483473,0.46594704029556216,0.36965621158567386,BH_from_pvalue
polymyxin,polymixinE,polymixinE_vs_control,not_regulated,b3988,b3988,34529.26195875591,-0.7752765667182153,0.584276606876555,0.0827655338403863,0.3337090761154892,0.36952160611126855,BH_from_pvalue
polymyxin,polymixinE,polymixinE_vs_control,not_regulated,b3559,b3559,5043.399754815268,-0.6884840443321867,0.6205055225664791,0.053713887037954974,0.29074014909352763,0.36936824129754114,BH_from_pvalue
polymyxin,polymixinE,polymixinE_vs_control,not_regulated,b0260,b0260,219.68174039353178,-0.9544258622926822,0.5160469158201499,0.14544589414240475,0.41134622774728674,0.3682103213819883,BH_from_pvalue
polymyxin,polymixinE,polymixinE_vs_control,not_regulated,b4257,b4257,6.106486335950731,1.4786572756703866,2.786892349035818,0.3000240470784297,0.5638250466157466,0.36797219604447323,BH_from_pvalue
polymyxin,polymixinE,polymixinE_vs_control,not_regulated,b1506,b1506,2.1505783632719506,1.0482758586948737,2.068056869245868,0.17436459563191825,0.44655663499497433,0.36702596381168595,BH_from_pvalue
polymyxin,polymixinE,polymixinE_vs_control,not_regulated,b3801,b3801,82.96218380985022,0.7450616360917213,1.6760458733184012,0.07106863369589218,0.3218292455395536,0.36684934522607715,BH_from_pvalue
polymyxin,polymixinE,polymixinE_vs_control,not_regulated,b0645,b0645,1.630612314785637,1.2723709024492629,2.4155821251276395,0.25451716004993413,0.5154355980711561,0.36622090647555644,BH_from_pvalue
polymyxin,polymixinE,polymixinE_vs_control,not_regulated,b2598,b2598,6.678094095266935,-1.066604197896683,0.4774414747482205,0.18509779820343628,0.45360438560761757,0.3661894919108023,BH_from_pvalue
polymyxin,polymixinE,polymixinE_vs_control,not_regulated,b2722,b2722,6.227013382509899,-1.3969907921042748,0.3797203459832722,0.28643130960937513,0.5474843161317294,0.36549235065650343,BH_from_pvalue
polymyxin,polymixinE,polymixinE_vs_control,not_regulated,b3326,b3326,6.741266909958427,1.0261859599302854,2.036632899706709,0.16881905429717006,0.44045713818368387,0.36542107199295487,BH_from_pvalue
polymyxin,polymixinE,polymixinE_vs_control,not_regulated,b1113,b1113,556.3411020116715,1.051049345850796,2.072036397711141,0.17656751804606877,0.449717268500123,0.36477764404425206,BH_from_pvalue
polymyxin,polymixinE,polymixinE_vs_control,not_regulated,b2045,b2045,33.21989320879929,0.5148377103602693,1.4288334003650425,0.013783206509629864,0.19572622643123908,0.3646857951001493,BH_from_pvalue
polymyxin,polymixinE,polymixinE_vs_control,not_regulated,b2592,b2592,8614.759152619268,-0.8811657540249485,0.5429285464663364,0.12341344789567987,0.3857585167287129,0.3645245939800819,BH_from_pvalue
polymyxin,polymixinE,polymixinE_vs_control,not_regulated,b3637,b3637,2867.535673377711,0.6198821572088313,1.5367496507639766,0.03486675965331537,0.25831399414933703,0.3643990063607958,BH_from_pvalue
polymyxin,polymixinE,polymixinE_vs_control,not_regulated,b2056,b2056,9.890135444674007,1.1156141285732746,2.1668722921799013,0.20305663083171577,0.4715452537048979,0.3642219323074908,BH_from_pvalue
polymyxin,polymixinE,polymixinE_vs_control,not_regulated,b1190,b1190,4526.735283858308,-1.0571459018740672,0.4805818597854963,0.18144273260707666,0.4528862424366316,0.36366968343804085,BH_from_pvalue
polymyxin,polymixinE,polymixinE_vs_control,not_regulated,b3633,b3633,553.203655865471,0.6180614285893231,1.5348114454282582,0.0345923212282866,0.25831399414933703,0.36332868728145834,BH_from_pvalue
polymyxin,polymixinE,polymixinE_vs_control,not_regulated,b4240,b4240,135.35259795954343,-0.7356748777525883,0.6005370340604715,0.07007650943023544,0.3218292455395536,0.3622275448491719,BH_from_pvalue
polymyxin,polymixinE,polymixinE_vs_control,not_regulated,b2734,b2734,6.875300413981801,0.7603891845956041,1.693947526114991,0.08400863732430587,0.33410331625528544,0.3620359006026018,BH_from_pvalue
polymyxin,polymixinE,polymixinE_vs_control,not_regulated,b2693,b2693,8.818130996919392,1.489632273587766,2.8081738889443932,0.30916478205970666,0.5714534676304178,0.3620091355766882,BH_from_pvalue
polymyxin,polymixinE,polymixinE_vs_control,not_regulated,b0928,b0928,1856.6276569571357,-0.5109725803152063,0.7017492002519241,0.012649378842179813,0.19572622643123908,0.3619479264567221,BH_from_pvalue
polymyxin,polymixinE,polymixinE_vs_control,not_regulated,b2301,b2301,583.4474347848641,0.5361091601582757,1.4500565458877355,0.017568105431350307,0.21270770142969625,0.36038157630350315,BH_from_pvalue
polymyxin,polymixinE,polymixinE_vs_control,not_regulated,b4125,b4125,527.9413976537992,-0.5084624030480143,0.7029712521606485,0.012885765244170807,0.19572622643123908,0.36016983993720963,BH_from_pvalue
polymyxin,polymixinE,polymixinE_vs_control,not_regulated,b0138,b0138,2.5095930295506097,1.128235334187075,2.1859120177747364,0.2129849220321832,0.4794825722226026,0.36016337680925303,BH_from_pvalue
polymyxin,polymixinE,polymixinE_vs_control,not_regulated,b0132,b0132,85.33592392006362,-0.6442284019720868,0.6398349026837811,0.04353155233441013,0.27636066640839996,0.3598168749996256,BH_from_pvalue
polymyxin,polymixinE,polymixinE_vs_control,not_regulated,b1689,b1689,5.905845535986782,-1.0416914966557234,0.48575761020985253,0.18050163412443368,0.45198107536275617,0.3592583017979915,BH_from_pvalue
polymyxin,polymixinE,polymixinE_vs_control,not_regulated,b1295,b1295,174.8194100488478,0.7808346520765399,1.7181245835832253,0.09245752383201668,0.34677575801446336,0.3591458900970682,BH_from_pvalue
polymyxin,polymixinE,polymixinE_vs_control,not_regulated,b0859,b0859,157.80919724516434,0.7381972680348197,1.6680901596694486,0.07576439944658883,0.326413935711693,0.3589346232180457,BH_from_pvalue
polymyxin,polymixinE,polymixinE_vs_control,not_regulated,b2293,b2293,770.2772530148845,-0.6325830466794269,0.6450205157835424,0.04024291734347432,0.2708826985316937,0.35881295411230474,BH_from_pvalue
polymyxin,polymixinE,polymixinE_vs_control,not_regulated,b4029,b4029,114.45075034697008,0.642021078005083,1.560513759536246,0.04375240597356378,0.27636066640839996,0.35858403209874173,BH_from_pvalue
polymyxin,polymixinE,polymixinE_vs_control,not_regulated,b3340,b3340,37075.50488432825,-0.8530846161365844,0.5535998218651343,0.11718438481234202,0.38040817761047935,0.35808240039172895,BH_from_pvalue
polymyxin,polymixinE,polymixinE_vs_control,not_regulated,b0238,b0238,310.31697382428507,0.7274212365847044,1.6556769844177994,0.07262564415560098,0.322316482706892,0.35768574088127414,BH_from_pvalue
polymyxin,polymixinE,polymixinE_vs_control,not_regulated,b1671,b1671,48.2677833220498,1.4824361957776873,2.794201758192408,0.3124919583805753,0.5747863954074925,0.35651629847118155,BH_from_pvalue
polymyxin,polymixinE,polymixinE_vs_control,not_regulated,b3775,b3775,145.70701092687696,0.5100357153451265,1.4240854498069548,0.014785033519252214,0.20030299125389783,0.35616434865389196,BH_from_pvalue
polymyxin,polymixinE,polymixinE_vs_control,not_regulated,b1298,b1298,279.3438286425998,1.0395406548328952,2.0555730673741284,0.18689899813204655,0.45445655546943253,0.35605060344032496,BH_from_pvalue
polymyxin,polymixinE,polymixinE_vs_control,not_regulated,b1355,b1355,7.769579524458476,1.118673235751647,2.1714718278722094,0.2175721057693613,0.48116765614658447,0.35540648447949086,BH_from_pvalue
polymyxin,polymixinE,polymixinE_vs_control,not_regulated,b3810,b3810,412.39339364852026,-0.6494860757845906,0.6375073693555027,0.048508573445872664,0.2840090574260229,0.3550531303527116,BH_from_pvalue
polymyxin,polymixinE,polymixinE_vs_control,not_regulated,b2905,b2905,3926.2568375702162,-0.487449977244113,0.7132847443219953,0.010771450415007851,0.18693352916017789,0.35501605525423985,BH_from_pvalue
polymyxin,polymixinE,polymixinE_vs_control,not_regulated,b3561,b3561,51.59633128754947,0.7448111769535215,1.675754928553793,0.08331598320980312,0.3337090761154892,0.3550008270242525,BH_from_pvalue
polymyxin,polymixinE,polymixinE_vs_control,not_regulated,b0084,b0084,912.7026582287675,-0.6893192539215107,0.6201464015028837,0.061409516303060935,0.3058195286499979,0.35467873438275505,BH_from_pvalue
polymyxin,polymixinE,polymixinE_vs_control,not_regulated,b3709,b3709,7266.907012997098,1.3309157404032312,2.5156230161752866,0.27928206937464023,0.5418690370294434,0.35416421726086106,BH_from_pvalue
polymyxin,polymixinE,polymixinE_vs_control,not_regulated,b1377,b1377,7.485520227019246,0.8866689921189206,1.848902300630204,0.133688511833562,0.39904720690742346,0.35375940365299674,BH_from_pvalue
polymyxin,polymixinE,polymixinE_vs_control,not_regulated,b3813,b3813,1723.030896754755,-0.43518685195510365,0.7395979587214084,0.005043510050483472,0.15409124940922847,0.35346834547673944,BH_from_pvalue
polymyxin,polymixinE,polymixinE_vs_control,not_regulated,b0164,b0164,38.929762227707165,0.5670556818175463,1.4814969763221002,0.024317399656552,0.23829992081736578,0.3532054326856359,BH_from_pvalue
polymyxin,polymixinE,polymixinE_vs_control,not_regulated,b2313,b2313,383.149146387641,-0.7975268427256257,0.5753346068642635,0.10103944759818044,0.3612682315553383,0.35264262494793897,BH_from_pvalue
polymyxin,polymixinE,polymixinE_vs_control,not_regulated,b0874,b0874,45.350994359299555,0.6039948522291798,1.5199194330718142,0.03543483089052865,0.2607130441331482,0.3526346871593249,BH_from_pvalue
polymyxin,polymixinE,polymixinE_vs_control,not_regulated,b3131,b3131,569.1983028913843,-0.6275089980846893,0.6472930872821828,0.042641505964289644,0.2746698526288774,0.35215115058143054,BH_from_pvalue
polymyxin,polymixinE,polymixinE_vs_control,not_regulated,b0998,b0998,32.501232293566076,-0.8021162505851454,0.5735072977411984,0.10385393595539334,0.36456468847085055,0.35150771408650705,BH_from_pvalue
polymyxin,polymixinE,polymixinE_vs_control,not_regulated,b2477,b2477,2009.866772007641,-0.576238885594675,0.6707100451474406,0.02948399514765103,0.24559075958173024,0.35138354470156796,BH_from_pvalue
polymyxin,polymixinE,polymixinE_vs_control,not_regulated,b2471,b2471,108.0795078533821,1.0443115424640412,2.0623819501240694,0.19283589102958107,0.4611149276775715,0.35108795184773195,BH_from_pvalue
polymyxin,polymixinE,polymixinE_vs_control,not_regulated,b0036,b0036,6.675099900732927,0.8796691677245319,1.839953323127753,0.13368268695179142,0.39904720690742346,0.3509666436428412,BH_from_pvalue
polymyxin,polymixinE,polymixinE_vs_control,not_regulated,b3300,b3300,21921.159994660076,-0.8726076464894348,0.5461587853267158,0.1316814646207101,0.3966308210095993,0.35045104687835,BH_from_pvalue
polymyxin,polymixinE,polymixinE_vs_control,not_regulated,b0245,b0245,1.1493440740827516,1.2569280899816468,2.389863285857905,0.2641282361347505,0.5263840523412086,0.35030243587497567,BH_from_pvalue
polymyxin,polymixinE,polymixinE_vs_control,not_regulated,b1912,b1912,1264.0666225976086,-0.6349745349979514,0.6439521810509234,0.0470913817682659,0.28126745767411226,0.3497950971417579,BH_from_pvalue
polymyxin,polymixinE,polymixinE_vs_control,not_regulated,b3765,b3765,147.3499703729535,-0.9495477084146007,0.5177947675383241,0.15654341850899026,0.42817457709404827,0.34979355164699233,BH_from_pvalue
polymyxin,polymixinE,polymixinE_vs_control,not_regulated,b2443,b2443,50.63126006974132,-0.8194737801123102,0.5666485888027321,0.11201969461589087,0.37462051032139565,0.34943054346130653,BH_from_pvalue
polymyxin,polymixinE,polymixinE_vs_control,not_regulated,b1870,b1870,178.7213242728294,0.577542739181597,1.4923053235827735,0.03124956600183948,0.24846593167023134,0.34925924050408336,BH_from_pvalue
polymyxin,polymixinE,polymixinE_vs_control,not_regulated,b2930,b2930,14.75335177972144,0.9705427529929729,1.9595776647391214,0.16606381151503227,0.43679316923098105,0.3491276784508616,BH_from_pvalue
polymyxin,polymixinE,polymixinE_vs_control,not_regulated,b1181,b1181,263.4137219188804,0.5935281212556172,1.5089323440616225,0.03471856795767323,0.25831399414933703,0.34890673189658233,BH_from_pvalue
polymyxin,polymixinE,polymixinE_vs_control,not_regulated,b1451,b1451,196.6595616341956,0.7835617975210791,1.7213754487299282,0.09965015500943694,0.35884361057569286,0.3487592676351932,BH_from_pvalue
polymyxin,polymixinE,polymixinE_vs_control,not_regulated,b4359,b4359,778.4886486197356,-0.6938478927132898,0.6182028058384008,0.0659028042650739,0.31444404573716667,0.3486284701511558,BH_from_pvalue
polymyxin,polymixinE,polymixinE_vs_control,not_regulated,b3823,b3823,493.3058554858623,-0.5619939832205532,0.6773653136981204,0.025651385875676475,0.23987512197254218,0.3484445822885044,BH_from_pvalue
polymyxin,polymixinE,polymixinE_vs_control,not_regulated,b4063,b4063,72.1936542005122,0.7205592245772738,1.6478206471339547,0.07708434908402949,0.3285436663382447,0.34832330153649516,BH_from_pvalue
polymyxin,polymixinE,polymixinE_vs_control,not_regulated,b0154,b0154,1948.4540436918899,-0.5398965851133841,0.6878202114503701,0.021223810634541415,0.22675700768210755,0.3479305680185304,BH_from_pvalue
polymyxin,polymixinE,polymixinE_vs_control,not_regulated,b3671,b3671,929.2777470295614,-0.6688429379485612,0.6290109608011829,0.058440330007124536,0.3019037498386632,0.34788627571491965,BH_from_pvalue
polymyxin,polymixinE,polymixinE_vs_control,not_regulated,b1519,b1519,1555.6555077426449,0.7306818465098424,1.6594231828869401,0.08409001126160982,0.33413151117908213,0.3478648877661166,BH_from_pvalue
polymyxin,polymixinE,polymixinE_vs_control,not_regulated,b3296,b3296,8273.418248826878,-0.800927934492254,0.573979877656278,0.10607513965250367,0.3678689114548663,0.34784853858698334,BH_from_pvalue
polymyxin,polymixinE,polymixinE_vs_control,not_regulated,b2629,b2629,8.833112251086751,1.1317858228625632,2.191298196770511,0.22873470418247324,0.49296806730670983,0.3476633406122048,BH_from_pvalue
polymyxin,polymixinE,polymixinE_vs_control,not_regulated,b0545,b0545,105.87104692503529,-0.8269341537291082,0.563725934589463,0.1178989566041531,0.38079352880335776,0.3467421243601462,BH_from_pvalue
polymyxin,polymixinE,polymixinE_vs_control,not_regulated,b0858,b0858,55.3808910770903,0.8215639946735225,1.7673208690093951,0.11623794027418397,0.37875533825484475,0.3464052593270109,BH_from_pvalue
polymyxin,polymixinE,polymixinE_vs_control,not_regulated,b3532,b3532,93.2508383747973,0.5722399167648833,1.48683022021365,0.030896593227700112,0.24846593167023134,0.34605244799481566,BH_from_pvalue
polymyxin,polymixinE,polymixinE_vs_control,not_regulated,b0569,b0569,270.88876060680457,0.7031112494308687,1.6280119049280632,0.07297894897268709,0.322316482706892,0.34573209514120856,BH_from_pvalue
polymyxin,polymixinE,polymixinE_vs_control,not_regulated,b1702,b1702,8872.144052968662,-0.6357881999728185,0.6435891011249721,0.0493240391563675,0.2859014537697694,0.3457312193031822,BH_from_pvalue
polymyxin,polymixinE,polymixinE_vs_control,not_regulated,b3586,b3586,23.57794416481018,1.0012571029023651,2.001743474149075,0.1795401229760559,0.45198107536275617,0.3453132982334057,BH_from_pvalue
polymyxin,polymixinE,polymixinE_vs_control,not_regulated,b1946,b1946,8.727718426754423,1.4751086113006273,2.780045723703715,0.321440967425733,0.5833966501353449,0.3452286206289483,BH_from_pvalue
polymyxin,polymixinE,polymixinE_vs_control,not_regulated,b0453,b0453,3421.6104699057337,0.9390742065622337,1.9172974926966073,0.15715084420758144,0.4289226318238479,0.3452234344724424,BH_from_pvalue
polymyxin,polymixinE,polymixinE_vs_control,not_regulated,b1201,b1201,137.58009951857943,0.46496659728714196,1.3802853952840997,0.009733086312138714,0.18104293363830665,0.3451067739555895,BH_from_pvalue
polymyxin,polymixinE,polymixinE_vs_control,not_regulated,b1407,b1407,39.17873632133278,1.0482636450135878,2.0680393614012798,0.20088915109353545,0.4686718888063913,0.34501616124472473,BH_from_pvalue
polymyxin,polymixinE,polymixinE_vs_control,not_regulated,b4049,b4049,410.7224972212777,0.6380347348646875,1.5562078205005654,0.05142566112680804,0.2880605526131788,0.34486811705589215,BH_from_pvalue
polymyxin,polymixinE,polymixinE_vs_control,not_regulated,b1079,b1079,37.37374726510068,1.5349749126982841,2.897833917679937,0.33982048041281854,0.5961456915413376,0.34482841550386184,BH_from_pvalue
polymyxin,polymixinE,polymixinE_vs_control,not_regulated,b1447,b1447,97.79475355597062,-0.48858193704171793,0.7127253100950726,0.014026688887896583,0.19716264568049635,0.3445359447010431,BH_from_pvalue
polymyxin,polymixinE,polymixinE_vs_control,not_regulated,b4542,b4542,136.57778566570047,0.6015965392257154,1.517394842483138,0.03809508929869115,0.2679225799278983,0.3441076156401874,BH_from_pvalue
polymyxin,polymixinE,polymixinE_vs_control,not_regulated,b2784,b2784,1398.3571369002054,-0.5823936460897485,0.6678547870296393,0.033909646073170964,0.25668155812893545,0.3439647933346819,BH_from_pvalue
polymyxin,polymixinE,polymixinE_vs_control,not_regulated,b0123,b0123,696.6110249053423,0.7156909426770586,1.6422695532021827,0.08116320481044743,0.33068124568604396,0.3439542214960794,BH_from_pvalue
polymyxin,polymixinE,polymixinE_vs_control,not_regulated,b3831,b3831,3760.7356363403637,0.584143372445844,1.4991485770500004,0.0342976463646582,0.25783284118365546,0.34386286902373386,BH_from_pvalue
polymyxin,polymixinE,polymixinE_vs_control,not_regulated,b1128,b1128,3373.694329895016,-0.6351716430974115,0.643864207143361,0.05081414344772956,0.2880060403988117,0.3433727762796659,BH_from_pvalue
polymyxin,polymixinE,polymixinE_vs_control,not_regulated,b0168,b0168,1462.4674684407385,-0.4600669582245338,0.7269525186262842,0.009376808256898895,0.17947610016821802,0.34320690326483094,BH_from_pvalue
polymyxin,polymixinE,polymixinE_vs_control,not_regulated,b1563,b1563,326.8534876851118,-0.7089868051886743,0.6117496155694611,0.07691856999435225,0.3285436663382447,0.34272911414604607,BH_from_pvalue
polymyxin,polymixinE,polymixinE_vs_control,not_regulated,b0087,b0087,1292.0464028665958,-0.7102992568186721,0.6111933464593151,0.08056734991413327,0.32944721810342853,0.34251635616680587,BH_from_pvalue
polymyxin,polymixinE,polymixinE_vs_control,not_regulated,b3459,b3459,258.1368870962888,0.624064940655698,1.5412115903791694,0.04763733614103704,0.28268171235143086,0.34242585992457036,BH_from_pvalue
polymyxin,polymixinE,polymixinE_vs_control,not_regulated,b1331,b1331,0.6058284146639484,0.995330213833746,1.9935367676670577,0.1842492128756356,0.45334988607248616,0.341962107035037,BH_from_pvalue
polymyxin,polymixinE,polymixinE_vs_control,not_regulated,b3712,b3712,451.1652505441244,0.8617319829400287,1.817218607260331,0.13511235838035754,0.4010728320527366,0.3419152201668227,BH_from_pvalue
polymyxin,polymixinE,polymixinE_vs_control,not_regulated,b0418,b0418,1064.7908317216031,-0.7165367357792789,0.6085565617187753,0.08248942724962659,0.333666765979155,0.34156378134572113,BH_from_pvalue
polymyxin,polymixinE,polymixinE_vs_control,not_regulated,b0343,b0343,24.036335736309002,1.0553609139732658,2.0782380471139104,0.20865474432013903,0.47472384418410996,0.34147147364439123,BH_from_pvalue
polymyxin,polymixinE,polymixinE_vs_control,not_regulated,b3693,b3693,107.01243340979688,-0.9572111039692794,0.5150516057921498,0.16830422280345259,0.4402540477034606,0.3410511024421377,BH_from_pvalue
polymyxin,polymixinE,polymixinE_vs_control,not_regulated,b3219,b3219,31.591715700542192,0.9944323606753818,1.9922964872336701,0.18702572665897063,0.45445655546943253,0.34060066862509825,BH_from_pvalue
polymyxin,polymixinE,polymixinE_vs_control,not_regulated,b2809,b2809,1613.3899103681715,1.1976468105127474,2.2936524653846733,0.2598724677961505,0.5197888049124687,0.3403389810577167,BH_from_pvalue
polymyxin,polymixinE,polymixinE_vs_control,not_regulated,b2386,b2386,21.717011743069083,0.5694765926124008,1.4839850856063148,0.0325957806799088,0.2526951082460145,0.3402071189409974,BH_from_pvalue
polymyxin,polymixinE,polymixinE_vs_control,not_regulated,b4224,b4224,25.756869024992668,-0.7770774037866062,0.583547741439597,0.10455284118367858,0.3650759252342571,0.34006213103866806,BH_from_pvalue
polymyxin,polymixinE,polymixinE_vs_control,not_regulated,b2185,b2185,2390.5751652319846,0.6895466770719256,1.612776672922984,0.07021100782697251,0.3218292455395536,0.33951519543211645,BH_from_pvalue
polymyxin,polymixinE,polymixinE_vs_control,not_regulated,b4148,b4148,667.543201368122,0.6892905291249036,1.6124903527022767,0.07084326146064464,0.3218292455395536,0.33938907471660235,BH_from_pvalue
polymyxin,polymixinE,polymixinE_vs_control,not_regulated,b0325,b0325,1052.4055233156769,0.7186142517165095,1.645600630480302,0.08518783418378577,0.3371627350465068,0.3393012154217574,BH_from_pvalue
polymyxin,polymixinE,polymixinE_vs_control,not_regulated,b0469,b0469,308.9276785149182,0.6153037414242704,1.5318804814506843,0.04714398563634177,0.28126745767411226,0.3389588403003974,BH_from_pvalue
polymyxin,polymixinE,polymixinE_vs_control,not_regulated,b2574,b2574,93.43029370587375,0.5444996752150262,1.4585144455885637,0.02458364878741474,0.23880286099254686,0.33865727631795534,BH_from_pvalue
polymyxin,polymixinE,polymixinE_vs_control,not_regulated,b3058,b3058,35.08138144162957,-0.6230082613661825,0.6493155831507614,0.049934182092486123,0.2861178651675259,0.3385769696636004,BH_from_pvalue
polymyxin,polymixinE,polymixinE_vs_control,not_regulated,b1874,b1874,1439.6387635154658,-0.9310490427601046,0.5244768344971227,0.16252648051662322,0.4332269432959868,0.33823572463018153,BH_from_pvalue
polymyxin,polymixinE,polymixinE_vs_control,not_regulated,b0749,b0749,2.4425845809850153,1.1119204680227988,2.161331652273944,0.23352853392116374,0.4965330215208356,0.3380814907111394,BH_from_pvalue
polymyxin,polymixinE,polymixinE_vs_control,not_regulated,b4624,b4624,194.35803104941212,-0.5912496703398844,0.6637676987466625,0.03834180492369228,0.26820588601398476,0.3379179264973462,BH_from_pvalue
polymyxin,polymixinE,polymixinE_vs_control,not_regulated,b1418,b1418,249.94243142895837,0.7040745487870312,1.6290993048725615,0.08145232477839301,0.33125909299567063,0.3378376337907991,BH_from_pvalue
polymyxin,polymixinE,polymixinE_vs_control,not_regulated,b3299,b3299,1427.6542747785643,-0.9287614741611279,0.5253091160274739,0.16267316030788326,0.4332269432959868,0.3374046863205105,BH_from_pvalue
polymyxin,polymixinE,polymixinE_vs_control,not_regulated,b1273,b1273,1269.530665842524,-0.5001840720415398,0.7070165678829311,0.017185373561950105,0.2121333993881926,0.3368194267031087,BH_from_pvalue
polymyxin,polymixinE,polymixinE_vs_control,not_regulated,b2349,b2349,21.668124256666758,0.6107274346867566,1.527028972362301,0.0467823695098668,0.28101230327957344,0.33667856220714043,BH_from_pvalue
polymyxin,polymixinE,polymixinE_vs_control,not_regulated,b2644,b2644,0.5892064368977888,0.9787459874288141,1.9707516568353713,0.18379106199723777,0.45334988607248616,0.33626432259510447,BH_from_pvalue
polymyxin,polymixinE,polymixinE_vs_control,not_regulated,b1306,b1306,72.98039641493766,0.6681066716605164,1.5889862841610893,0.06534697777420514,0.3138887140099163,0.3362075116674492,BH_from_pvalue
polymyxin,polymixinE,polymixinE_vs_control,not_regulated,b3298,b3298,4686.770843442645,-0.6392244971553804,0.6420579863534436,0.05612595367561514,0.29826409216747973,0.3358479294404185,BH_from_pvalue
polymyxin,polymixinE,polymixinE_vs_control,not_regulated,b0407,b0407,472.43608833208197,-0.6434972202966041,0.6401592637693454,0.05797463024122273,0.3014680772543582,0.3351067559153091,BH_from_pvalue
polymyxin,polymixinE,polymixinE_vs_control,not_regulated,b4608,b4608,0.9999614407412089,1.1819113120331748,2.2687714955476666,0.2606695594833083,0.5208358457824838,0.33483445082627505,BH_from_pvalue
polymyxin,polymixinE,polymixinE_vs_control,not_regulated,b4385,b4385,329.9303856990429,0.6179791090868658,1.534723872305422,0.051257977188599424,0.2880060403988117,0.3340785198394768,BH_from_pvalue
polymyxin,polymixinE,polymixinE_vs_control,not_regulated,b4661,b4661,121.90466278767866,0.6910131319681136,1.6144168439890156,0.079124019855709,0.3289330670395575,0.333685034984023,BH_from_pvalue
polymyxin,polymixinE,polymixinE_vs_control,not_regulated,b4382,b4382,2944.1574737904266,0.6174985889191404,1.5342127851033702,0.05183390703647437,0.28857247928652413,0.33329183099679327,BH_from_pvalue
polymyxin,polymixinE,polymixinE_vs_control,not_regulated,b1892,b1892,58.764420920676194,1.0458914710101332,2.0646417492210842,0.2139632918689645,0.48041083695021664,0.33299846165071034,BH_from_pvalue
polymyxin,polymixinE,polymixinE_vs_control,not_regulated,b0358,b0358,40.86849436555506,0.771981350572446,1.7076133546666996,0.10747585958567707,0.3706390503110395,0.33276165454691375,BH_from_pvalue
polymyxin,polymixinE,polymixinE_vs_control,not_regulated,b0178,b0178,3282.096791062982,-0.40744454037972844,0.7539576841253408,0.004604491449854741,0.1528173428788604,0.332404402057817,BH_from_pvalue
polymyxin,polymixinE,polymixinE_vs_control,not_regulated,b4235,b4235,1957.4901573891448,-0.385047184432425,0.7657539535754435,0.0030145024330762906,0.13713940700689362,0.332233239622543,BH_from_pvalue
polymyxin,polymixinE,polymixinE_vs_control,not_regulated,b4321,b4321,89.26027170643277,-1.0455357904191622,0.4844649536750894,0.21643204148068493,0.48116765614658447,0.3321704567470815,BH_from_pvalue
polymyxin,polymixinE,polymixinE_vs_control,not_regulated,b1524,b1524,168.97937081503085,0.8370610402518626,1.786407285781772,0.13630393853545344,0.4010728320527366,0.33212636357574216,BH_from_pvalue
polymyxin,polymixinE,polymixinE_vs_control,not_regulated,b1795,b1795,1556.238656041505,0.9626537058438629,1.9488914077386632,0.18022408010115257,0.45198107536275617,0.3319997683491787,BH_from_pvalue
polymyxin,polymixinE,polymixinE_vs_control,not_regulated,b0285,b0285,178.95168123488278,1.1359657689482008,2.197656290399211,0.24719172990345503,0.5103762682183026,0.3318264244809678,BH_from_pvalue
polymyxin,polymixinE,polymixinE_vs_control,not_regulated,b4158,b4158,9.810201221508793,0.7823184438556807,1.7198925598289618,0.11352489338420803,0.37666169398592103,0.331740997645071,BH_from_pvalue
polymyxin,polymixinE,polymixinE_vs_control,not_regulated,b2370,b2370,651.5546649784309,0.6365858777011155,1.5546457502174489,0.057892300846192984,0.301388390284926,0.3315807021119538,BH_from_pvalue
polymyxin,polymixinE,polymixinE_vs_control,not_regulated,b1728,b1728,72.06317269753087,0.5793976857308625,1.4942252906364208,0.03812148758422742,0.2679225799278983,0.33141007825759006,BH_from_pvalue
polymyxin,polymixinE,polymixinE_vs_control,not_regulated,b4136,b4136,592.089532648037,-0.5338397930624925,0.69071392151323,0.025447670139895608,0.23960235732309335,0.3312523499570349,BH_from_pvalue
polymyxin,polymixinE,polymixinE_vs_control,not_regulated,b4495,b4495,2.7730477112709866,1.4375148962770439,2.7085390602414408,0.32854766295407417,0.5883791155117037,0.3311211357150426,BH_from_pvalue
polymyxin,polymixinE,polymixinE_vs_control,not_regulated,b4315,b4315,205.3257810716892,0.8314110466312874,1.7794249011518206,0.1356522860931393,0.4010728320527366,0.3298845774392578,BH_from_pvalue
polymyxin,polymixinE,polymixinE_vs_control,not_regulated,b2881,b2881,192.32373152795455,0.8071480223186036,1.749749047046452,0.12748493400216057,0.39035209880307575,0.3297550629021365,BH_from_pvalue
polymyxin,polymixinE,polymixinE_vs_control,not_regulated,b4337,b4337,234.33286560880472,0.6031041251162197,1.5189813168626154,0.04868185488560775,0.2840090574260229,0.3296976109802964,BH_from_pvalue
polymyxin,polymixinE,polymixinE_vs_control,not_regulated,b1159,b1159,26.967984885590653,0.6689922120073826,1.5899619189024035,0.06979860167851751,0.3218292455395536,0.3293947011197887,BH_from_pvalue
polymyxin,polymixinE,polymixinE_vs_control,not_regulated,b3613,b3613,258.15495705482743,0.5321839724076556,1.4461166915247432,0.02609520637808786,0.24047991876152683,0.32937993402614496,BH_from_pvalue
polymyxin,polymixinE,polymixinE_vs_control,not_regulated,b0177,b0177,6495.438487142729,-0.5284370207985791,0.6933054368547232,0.024146541521969357,0.23829992081736578,0.329150791647169,BH_from_pvalue
polymyxin,polymixinE,polymixinE_vs_control,not_regulated,b4301,b4301,75.50129843797957,0.5304082011571056,1.4443378036793912,0.025339827987810322,0.23960235732309335,0.32912301659237153,BH_from_pvalue
polymyxin,polymixinE,polymixinE_vs_control,not_regulated,b1878,b1878,9.631162502806191,1.1248430527836004,2.180778210971164,0.24656193182922864,0.5099014112036186,0.32903210011220035,BH_from_pvalue
polymyxin,polymixinE,polymixinE_vs_control,not_regulated,b4262,b4262,1108.0604060258936,-0.6330016308711066,0.6448333963861227,0.05900156748475572,0.3026100918431371,0.3286016497548266,BH_from_pvalue
polymyxin,polymixinE,polymixinE_vs_control,not_regulated,b2551,b2551,4945.644730572143,-0.6249633234993723,0.6484362618007343,0.05562120397361354,0.29803848068869854,0.3285605051320373,BH_from_pvalue
polymyxin,polymixinE,polymixinE_vs_control,not_regulated,b1941,b1941,30.327203096027972,1.293614701216311,2.4514149363130717,0.2950649067494793,0.5574136709614271,0.32834836758916464,BH_from_pvalue
polymyxin,polymixinE,polymixinE_vs_control,not_regulated,b1140,b1140,56.23501358260026,0.9831976013890289,1.976842046279102,0.19502511504004694,0.463648502880619,0.32820231040904524,BH_from_pvalue
polymyxin,polymixinE,polymixinE_vs_control,not_regulated,b0788,b0788,204.2118355671588,0.9578088468287191,1.9423576169285677,0.1867209811826165,0.45445655546943253,0.3280568357845198,BH_from_pvalue
polymyxin,polymixinE,polymixinE_vs_control,not_regulated,b1383,b1383,53.66214800452994,0.5903358792690732,1.5055972303757004,0.0451782997575522,0.27816633610918995,0.32804695015419894,BH_from_pvalue
polymyxin,polymixinE,polymixinE_vs_control,not_regulated,b1640,b1640,299.12501636181173,-0.5367070296216907,0.6893425481636897,0.02915968109451596,0.24491933137254657,0.32791561587312706,BH_from_pvalue
polymyxin,polymixinE,polymixinE_vs_control,not_regulated,b3755,b3755,320.5592964007091,0.9546218804493893,1.9380716132637286,0.18545541688137143,0.45360438560761757,0.32774341415310837,BH_from_pvalue
polymyxin,polymixinE,polymixinE_vs_control,not_regulated,b1146,b1146,1.5365363594083796,0.9174424182887503,1.8887639597237615,0.16767136722430734,0.4395022201485632,0.3275626563743467,BH_from_pvalue
polymyxin,polymixinE,polymixinE_vs_control,not_regulated,b3462,b3462,829.8872369282748,-0.6355303627990914,0.6437041330752367,0.05978811896194314,0.3052519399441773,0.32751521325449395,BH_from_pvalue
polymyxin,polymixinE,polymixinE_vs_control,not_regulated,b3172,b3172,791.8160511978894,0.48560349431931016,1.4001714493681006,0.017449834987468042,0.2121333993881926,0.3270009976408701,BH_from_pvalue
polymyxin,polymixinE,polymixinE_vs_control,not_regulated,b3938,b3938,1721.0198796008274,-0.8789697339711182,0.5437556026546668,0.15421348717239391,0.4246978175674499,0.3269063977498789,BH_from_pvalue
polymyxin,polymixinE,polymixinE_vs_control,not_regulated,b4030,b4030,63.08621329543041,0.6048901700940874,1.5208629681372867,0.05249373645661871,0.28857247928652413,0.32648649885258224,BH_from_pvalue
polymyxin,polymixinE,polymixinE_vs_control,not_regulated,b2512,b2512,3026.7617724248216,-0.8016908393410027,0.5736764342673962,0.1284778385626462,0.39259056919482516,0.32553469223618986,BH_from_pvalue
polymyxin,polymixinE,polymixinE_vs_control,not_regulated,b2022,b2022,375.8625773686774,-0.7423679538480066,0.5977574232020175,0.1040687105372548,0.36456468847085055,0.32532449289966164,BH_from_pvalue
polymyxin,polymixinE,polymixinE_vs_control,not_regulated,b2834,b2834,1632.1170642817426,0.5732425853973346,1.487863921828604,0.04078883230176206,0.27100172480550333,0.3250445651989487,BH_from_pvalue
polymyxin,polymixinE,polymixinE_vs_control,not_regulated,b4355,b4355,230.00881788182394,1.163598202036776,2.240154447006282,0.26352581545514875,0.5256492762382523,0.32499754986911933,BH_from_pvalue
polymyxin,polymixinE,polymixinE_vs_control,not_regulated,b1562,b1562,318.04387859864886,-0.8261003484476399,0.5640518340370166,0.1390262390978572,0.4042275523349461,0.3249664712506834,BH_from_pvalue
polymyxin,polymixinE,polymixinE_vs_control,not_regulated,b4284,b4284,3.3202560986782284,1.2107523506417528,2.3145830844368587,0.27679729407639986,0.5394429067398816,0.3245476319184292,BH_from_pvalue
polymyxin,polymixinE,polymixinE_vs_control,not_regulated,b0420,b0420,1014.7649627718885,-0.5678365171574189,0.6746277100797728,0.038400309158071626,0.26820588601398476,0.32453656736418107,BH_from_pvalue
polymyxin,polymixinE,polymixinE_vs_control,not_regulated,b3745,b3745,507.5027213316733,0.5318203616592676,1.4457522643242926,0.02946102136626642,0.24559075958173024,0.3242976628199112,BH_from_pvalue
polymyxin,polymixinE,polymixinE_vs_control,not_regulated,b3013,b3013,35.5374403363978,0.7914730386281095,1.7308408055547382,0.12666437566689484,0.3896993109555535,0.3239264571131029,BH_from_pvalue
polymyxin,polymixinE,polymixinE_vs_control,not_regulated,b0397,b0397,367.12102339442293,-0.7618791380091103,0.5897276985865898,0.1133473323322998,0.37666169398592103,0.3230737397452114,BH_from_pvalue
polymyxin,polymixinE,polymixinE_vs_control,not_regulated,b2259,b2259,342.990960175932,-0.8250884044881586,0.5644476135053144,0.14159875494757965,0.40611906104479195,0.32289556373007483,BH_from_pvalue
polymyxin,polymixinE,polymixinE_vs_control,not_regulated,b3301,b3301,6888.273109799414,-0.830770800060586,0.5622287756819276,0.14319578549591183,0.4086894943912509,0.32284295446829536,BH_from_pvalue
polymyxin,polymixinE,polymixinE_vs_control,not_regulated,b1189,b1189,4648.50426006585,-0.8971041539402052,0.536963468864669,0.16625117817524812,0.43679316923098105,0.3227100399522904,BH_from_pvalue
polymyxin,polymixinE,polymixinE_vs_control,not_regulated,b0841,b0841,92.06505172992843,0.8474602384026699,1.7993305424935055,0.14852815235352923,0.41624899020945455,0.3225830338514818,BH_from_pvalue
polymyxin,polymixinE,polymixinE_vs_control,not_regulated,b0350,b0350,18.59264500024089,-0.6653744309066294,0.630525039403437,0.07615725929571203,0.3274907765890179,0.3225741408508694,BH_from_pvalue
polymyxin,polymixinE,polymixinE_vs_control,not_regulated,b0822,b0822,102.25668952927754,0.6987117872448643,1.6230548856274092,0.09134348101190216,0.34578360887020215,0.32224280010920525,BH_from_pvalue
polymyxin,polymixinE,polymixinE_vs_control,not_regulated,b2460,b2460,22.17408532770759,-0.7737954002851479,0.5848767720323081,0.12178761759867252,0.3836139383465189,0.321980615892044,BH_from_pvalue
polymyxin,polymixinE,polymixinE_vs_control,not_regulated,b2502,b2502,1298.2015385073933,-0.6558185435809438,0.6347152699407738,0.07434786411247739,0.3234203992049548,0.321503623951771,BH_from_pvalue
polymyxin,polymixinE,polymixinE_vs_control,not_regulated,b2858,b2858,0.858889796282746,1.1098011683215578,2.158159015861932,0.2510376410169513,0.5132578678610213,0.3214698723339676,BH_from_pvalue
polymyxin,polymixinE,polymixinE_vs_control,not_regulated,b3717,b3717,43.72080355006333,0.7329824920430079,1.6620715528442844,0.10400045764619938,0.36456468847085055,0.3212115451538522,BH_from_pvalue
polymyxin,polymixinE,polymixinE_vs_control,not_regulated,b4376,b4376,19583.333987339414,1.001476056442728,2.002047295863796,0.21149957146224732,0.47829314853553967,0.3207786297740288,BH_from_pvalue
polymyxin,polymixinE,polymixinE_vs_control,not_regulated,b3805,b3805,2046.2534897163603,-0.48542790141999426,0.71428518241935,0.019565640266331393,0.21867988377858233,0.32047521205038937,BH_from_pvalue
polymyxin,polymixinE,polymixinE_vs_control,not_regulated,b2917,b2917,26.096102539297586,-0.9013439566317016,0.5353877532087293,0.16993873475441026,0.44109321259664974,0.32040039822095073,BH_from_pvalue
polymyxin,polymixinE,polymixinE_vs_control,not_regulated,b1139,b1139,90.71501148889949,0.6965930989095517,1.620673076871173,0.09236586712193558,0.34677575801446336,0.3203988807080026,BH_from_pvalue
polymyxin,polymixinE,polymixinE_vs_control,not_regulated,b2910,b2910,1324.999844417443,-0.5173120146997228,0.6986723662382052,0.02596594000886034,0.2403185147322095,0.32032620494905145,BH_from_pvalue
polymyxin,polymixinE,polymixinE_vs_control,not_regulated,b4018,b4018,3225.3959914262905,-0.47564727780034133,0.7191440673130667,0.016948335763438033,0.2121333993881926,0.3202965715555616,BH_from_pvalue
polymyxin,polymixinE,polymixinE_vs_control,not_regulated,b1492,b1492,61607.67827701996,-1.4002406595741963,0.37886593677996855,0.33160521787133207,0.5906976333130095,0.3201437000001942,BH_from_pvalue
polymyxin,polymixinE,polymixinE_vs_control,not_regulated,b2778,b2778,3.2431288708898927,1.0933787649775137,2.1337316777845574,0.24674142351386663,0.5100381079804099,0.3197010796297784,BH_from_pvalue
polymyxin,polymixinE,polymixinE_vs_control,not_regulated,b2998,b2998,8.50006679016434,1.0821840363053679,2.117238856503195,0.2427155882233106,0.5068406294468204,0.3193834362054774,BH_from_pvalue
polymyxin,polymixinE,polymixinE_vs_control,not_regulated,b3713,b3713,834.6459452953841,0.4303321100863027,1.347543747310719,0.010001960924887594,0.1814065332263887,0.3190254516029401,BH_from_pvalue
polymyxin,polymixinE,polymixinE_vs_control,not_regulated,b1908,b1908,1368.44020325421,-0.6540396941427229,0.6354983593847119,0.07513370351934295,0.3254557005708235,0.3188496598013274,BH_from_pvalue
polymyxin,polymixinE,polymixinE_vs_control,not_regulated,b2972,b2972,16.947962188526713,0.6593521690509405,1.5793732592350331,0.07717698728900366,0.3285436663382447,0.31873538852245026,BH_from_pvalue
polymyxin,polymixinE,polymixinE_vs_control,not_regulated,b1270,b1270,200.47059355192548,-0.6124565522269876,0.6540820135591455,0.05836700385211575,0.3019037498386632,0.31855794074009214,BH_from_pvalue
polymyxin,polymixinE,polymixinE_vs_control,not_regulated,b1832,b1832,601.8968567646207,0.51418458233751,1.4281866940963845,0.026190309839557908,0.24047991876152683,0.3182397302221979,BH_from_pvalue
polymyxin,polymixinE,polymixinE_vs_control,not_regulated,b2032,b2032,647.171586944063,-0.6270179830305107,0.6475134281952628,0.06329552863778194,0.3108114495772305,0.3182135019047319,BH_from_pvalue
polymyxin,polymixinE,polymixinE_vs_control,not_regulated,b1764,b1764,2530.817894993062,-0.6173442433608223,0.6518698055590827,0.06121660806591945,0.3058195286499979,0.31764508777035805,BH_from_pvalue
polymyxin,polymixinE,polymixinE_vs_control,not_regulated,b1038,b1038,17.36349849400217,1.0776127433534337,2.1105408355108493,0.24364217078699824,0.5073575543418126,0.31755724748142605,BH_from_pvalue
polymyxin,polymixinE,polymixinE_vs_control,not_regulated,b4233,b4233,1103.6375214210202,-0.4271391976564729,0.7437351188716812,0.00969721673462273,0.18104293363830665,0.31703058110682186,BH_from_pvalue
polymyxin,polymixinE,polymixinE_vs_control,not_regulated,b0281,b0281,140.29617691102632,0.5097087473928568,1.42376273604579,0.02472840219016769,0.23880286099254686,0.3170186943441872,BH_from_pvalue
polymyxin,polymixinE,polymixinE_vs_control,not_regulated,b4402,b4402,46.008190340113096,-0.6895042824869897,0.6200668715689801,0.09270197058993014,0.3471885626257334,0.3167821174309223,BH_from_pvalue
polymyxin,polymixinE,polymixinE_vs_control,not_regulated,b3094,b3094,1777.4609290840224,-0.4987416073865223,0.7077238250596046,0.02229133512964614,0.23185004589504166,0.31659758831150997,BH_from_pvalue
polymyxin,polymixinE,polymixinE_vs_control,not_regulated,b2327,b2327,201.7398656954582,-0.733900278852742,0.6012761840836514,0.10767185908999592,0.3706390503110395,0.3163468533046664,BH_from_pvalue
polymyxin,polymixinE,polymixinE_vs_control,not_regulated,b0918,b0918,1180.1989640602935,-0.5544530014845463,0.6809151786293821,0.039440134940679966,0.26911970661197326,0.31606842816863245,BH_from_pvalue
polymyxin,polymixinE,polymixinE_vs_control,not_regulated,b0140,b0140,0.726129140707363,1.037260614205432,2.0523269977519574,0.23443824150231224,0.4966845169333592,0.315243600678559,BH_from_pvalue
polymyxin,polymixinE,polymixinE_vs_control,not_regulated,b0142,b0142,19.3952252953034,1.0052027546896336,2.0072255703536275,0.22279899684133406,0.485925165123506,0.3150613116554878,BH_from_pvalue
polymyxin,polymixinE,polymixinE_vs_control,not_regulated,b1552,b1552,1356.48141820253,0.6394393956622082,1.5577237393603363,0.07220557520316155,0.322316482706892,0.3144235313502262,BH_from_pvalue
polymyxin,polymixinE,polymixinE_vs_control,not_regulated,b1598,b1598,3533.8423699965388,-0.5982020417888503,0.6605766860896601,0.056502722438676746,0.29826409216747973,0.31429477126716066,BH_from_pvalue
polymyxin,polymixinE,polymixinE_vs_control,not_regulated,b3035,b3035,4601.184457685392,0.4666766474057109,1.3819224402415382,0.0171637784137329,0.2121333993881926,0.31425583024536263,BH_from_pvalue
polymyxin,polymixinE,polymixinE_vs_control,not_regulated,b4243,b4243,4608.688267308769,-0.8607577072379442,0.5506632721762186,0.15979312024685513,0.43175397974072216,0.31397312356039886,BH_from_pvalue
polymyxin,polymixinE,polymixinE_vs_control,not_regulated,b4269,b4269,1535.0902610082455,0.610172134263383,1.5264413244950756,0.060988960441150195,0.3058195286499979,0.31395478815510247,BH_from_pvalue
polymyxin,polymixinE,polymixinE_vs_control,not_regulated,b4298,b4298,28.016401171287537,0.9143781759127023,1.8847565372474144,0.1856778184171596,0.4538234226012548,0.3137351242858841,BH_from_pvalue
polymyxin,polymixinE,polymixinE_vs_control,not_regulated,b3533,b3533,62.528997972842774,0.728867966591606,1.657338124795466,0.10951866590090148,0.3717848748847207,0.31320060199367794,BH_from_pvalue
polymyxin,polymixinE,polymixinE_vs_control,not_regulated,b2997,b2997,1929.916115804853,1.359260587425533,2.565536564845055,0.327473064783679,0.5883791155117037,0.3130958229418564,BH_from_pvalue
polymyxin,polymixinE,polymixinE_vs_control,not_regulated,b1986,b1986,12.194087046005881,0.6068760992767901,1.5229579402703766,0.06041090060501479,0.305443406055477,0.31258321488565693,BH_from_pvalue
polymyxin,polymixinE,polymixinE_vs_control,not_regulated,b0320,b0320,27.781149353622016,0.7911565963650364,1.730461202726266,0.13788950677491404,0.40353090531786817,0.3118131680782564,BH_from_pvalue
polymyxin,polymixinE,polymixinE_vs_control,not_regulated,b0027,b0027,663.8556310197631,-0.7250348525754351,0.6049824292891206,0.1083984757009566,0.371680056282081,0.31164226849906407,BH_from_pvalue
polymyxin,polymixinE,polymixinE_vs_control,not_regulated,b4544,b4544,11.741486195502105,0.6837034687373622,1.6062578096594344,0.09416767817870443,0.3503442650519541,0.31143033983075624,BH_from_pvalue
polymyxin,polymixinE,polymixinE_vs_control,not_regulated,b2235,b2235,747.5945483848412,0.67546572514064,1.5971122630056869,0.09153792016072504,0.3459979536831439,0.3113400321085239,BH_from_pvalue
polymyxin,polymixinE,polymixinE_vs_control,not_regulated,b0903,b0903,36445.21565043802,-0.693965640583734,0.6181523522835002,0.0972784871569169,0.35595769242227465,0.311314108720949,BH_from_pvalue
polymyxin,polymixinE,polymixinE_vs_control,not_regulated,b3600,b3600,1372.0609849224675,0.41935514430610077,1.3373296616863681,0.009866231113511125,0.18104293363830665,0.3112531133151169,BH_from_pvalue
polymyxin,polymixinE,polymixinE_vs_control,not_regulated,b3612,b3612,1496.1545353962456,-0.4638111348919267,0.7250683298767692,0.018004933579656775,0.2136239709564567,0.31091580183353057,BH_from_pvalue
polymyxin,polymixinE,polymixinE_vs_control,not_regulated,b0648,b0648,5.325856334567434,1.2676227562684008,2.4076451160288306,0.3060680690886969,0.5686469123341423,0.31076699093395277,BH_from_pvalue
polymyxin,polymixinE,polymixinE_vs_control,not_regulated,b4486,b4486,151.5666444743811,0.749881172284975,1.6816543151845866,0.12276219024211214,0.38513711504069714,0.31073922994955067,BH_from_pvalue
polymyxin,polymixinE,polymixinE_vs_control,not_regulated,b3473,b3473,157.04119393678158,0.5376014343745963,1.451557210576291,0.036655825140872754,0.2643482527381737,0.3106387724158069,BH_from_pvalue
polymyxin,polymixinE,polymixinE_vs_control,not_regulated,b4435,b4435,0.7675735778540024,0.7785037610634304,1.715350935908419,0.13369589613372324,0.39904720690742346,0.3106041022109827,BH_from_pvalue
polymyxin,polymixinE,polymixinE_vs_control,not_regulated,b2126,b2126,258.60965146159873,-0.5013419092841769,0.7064493782207456,0.025864378757033003,0.2402648222728891,0.31048596288413544,BH_from_pvalue
polymyxin,polymixinE,polymixinE_vs_control,not_regulated,b1582,b1582,41.14425879247864,0.6027613848074367,1.518620496124712,0.06043453134936048,0.305443406055477,0.31046385200631504,BH_from_pvalue
polymyxin,polymixinE,polymixinE_vs_control,not_regulated,b3053,b3053,1433.1891578963641,-0.7198988428042021,0.6071400114350652,0.10750849029667299,0.3706390503110395,0.3103115507392741,BH_from_pvalue
polymyxin,polymixinE,polymixinE_vs_control,not_regulated,b0432,b0432,3397.6472484001147,0.6972887657179054,1.6214547530439212,0.10018875401875456,0.3593692309221356,0.30991634407686613,BH_from_pvalue
polymyxin,polymixinE,polymixinE_vs_control,not_regulated,b3167,b3167,679.3403336240902,-0.5056595467808673,0.7043383065498185,0.028605889531721725,0.24491933137254657,0.30894631997209293,BH_from_pvalue
polymyxin,polymixinE,polymixinE_vs_control,not_regulated,b1440,b1440,5154.855062795339,0.6177226593834604,1.5344510880426705,0.06684568694459665,0.316830242230554,0.3083507019934587,BH_from_pvalue
polymyxin,polymixinE,polymixinE_vs_control,not_regulated,b2631,b2631,159.40369645990882,0.6980775131189683,1.6223414739750242,0.10202602260202714,0.36176324708336355,0.3082539665996948,BH_from_pvalue
polymyxin,polymixinE,polymixinE_vs_control,not_regulated,b2870,b2870,109.68302315231993,1.3966730741531634,2.6329371326071342,0.34850825223800197,0.6017620416762123,0.30807145723590046,BH_from_pvalue
polymyxin,polymixinE,polymixinE_vs_control,not_regulated,b1652,b1652,169.42233891211765,0.6167690128790388,1.5334371243565619,0.06665869336825393,0.316830242230554,0.3078746670534656,BH_from_pvalue
polymyxin,polymixinE,polymixinE_vs_control,not_regulated,b1135,b1135,254.0249777297181,0.6255898073538813,1.5428414460311108,0.07343700690320547,0.322316482706892,0.30761344662102175,BH_from_pvalue
polymyxin,polymixinE,polymixinE_vs_control,not_regulated,b1114,b1114,2256.5484729293344,-0.7389257080347171,0.5991853650851969,0.12054509485746912,0.38346801081149495,0.3075932394976862,BH_from_pvalue
polymyxin,polymixinE,polymixinE_vs_control,not_regulated,b4558,b4558,469.9977177920827,-0.5695243931628937,0.673838893282087,0.05265633803715742,0.28857247928652413,0.3073979944259508,BH_from_pvalue
polymyxin,polymixinE,polymixinE_vs_control,not_regulated,b0276,b0276,126.24193963473608,-0.5694483565074151,0.673874408622853,0.05224100601524795,0.28857247928652413,0.3073569540145521,BH_from_pvalue
polymyxin,polymixinE,polymixinE_vs_control,not_regulated,b0351,b0351,24.894551708249825,-0.6959143338067051,0.6173179582545997,0.10245037675499423,0.36184228627469295,0.3072327341421694,BH_from_pvalue
polymyxin,polymixinE,polymixinE_vs_control,not_regulated,b0793,b0793,237.31932107782828,0.8688706223497595,1.8262327202326878,0.17128238707424004,0.4432843366282691,0.30698729529051094,BH_from_pvalue
polymyxin,polymixinE,polymixinE_vs_control,not_regulated,b2501,b2501,2249.654844265824,-0.42887038048667137,0.7428431983767672,0.012257526224976646,0.19277745790190542,0.3066181984910054,BH_from_pvalue
polymyxin,polymixinE,polymixinE_vs_control,not_regulated,b2774,b2774,5.3676414152847975,1.2925328542686343,2.4495773604019964,0.3163801795985128,0.5791933446618276,0.3065583372498692,BH_from_pvalue
polymyxin,polymixinE,polymixinE_vs_control,not_regulated,b3295,b3295,14433.898381138672,-0.7946017190941532,0.5765023048601543,0.14549841003689043,0.41134622774728674,0.30655136864744387,BH_from_pvalue
polymyxin,polymixinE,polymixinE_vs_control,not_regulated,b0504,b0504,13.3811772663799,0.8836800089413921,1.845075700468325,0.17787896395812416,0.4499780331803765,0.3064679035358358,BH_from_pvalue
polymyxin,polymixinE,polymixinE_vs_control,not_regulated,b0936,b0936,8.338407666153165,-0.828562903887561,0.5630898676558752,0.1559344769951839,0.4268979169350804,0.306299790517305,BH_from_pvalue
polymyxin,polymixinE,polymixinE_vs_control,not_regulated,b2618,b2618,49.27731018618903,-0.5155768979153823,0.6995131589252062,0.033271139546972806,0.2550994897155874,0.30588682921454835,BH_from_pvalue
polymyxin,polymixinE,polymixinE_vs_control,not_regulated,b1595,b1595,85.01770816724546,0.626448655853947,1.5437601859687007,0.07542547417440854,0.3258545538473154,0.3050655892560102,BH_from_pvalue
polymyxin,polymixinE,polymixinE_vs_control,not_regulated,b0533,b0533,2.028907389097089,1.286192449794761,2.4388354974342543,0.31703586432771363,0.5794503525989663,0.3048067338054686,BH_from_pvalue
polymyxin,polymixinE,polymixinE_vs_control,not_regulated,b3742,b3742,779.9816758286396,0.7318638327574405,1.660783289513364,0.12161510100943614,0.38346801081149495,0.30465358660721714,BH_from_pvalue
polymyxin,polymixinE,polymixinE_vs_control,not_regulated,b0887,b0887,910.8804980640174,-0.5790509177701733,0.6694040024562251,0.05572484710075488,0.29803848068869854,0.30442308354104397,BH_from_pvalue
polymyxin,polymixinE,polymixinE_vs_control,not_regulated,b1376,b1376,1643.3901963747812,0.7311020745944905,1.6599066099286066,0.12006617976024632,0.38346801081149495,0.30433648888209025,BH_from_pvalue
polymyxin,polymixinE,polymixinE_vs_control,not_regulated,b2095,b2095,63197.76273590957,-0.4960236686969477,0.7090583850100433,0.028335771397420297,0.24491933137254657,0.30305902071574803,BH_from_pvalue
polymyxin,polymixinE,polymixinE_vs_control,not_regulated,b1990,b1990,2360.444932425879,0.6356520914868042,1.5536398293399445,0.08329982951870768,0.3337090761154892,0.3029721158327797,BH_from_pvalue
polymyxin,polymixinE,polymixinE_vs_control,not_regulated,b2184,b2184,454.92285345577926,-0.6213547082358009,0.6500602265582659,0.07517751731727115,0.3254557005708235,0.3029154638643464,BH_from_pvalue
polymyxin,polymixinE,polymixinE_vs_control,not_regulated,b2536,b2536,242.19424719522172,-0.5121292014768128,0.7011868272746437,0.03360084090940348,0.2561636990008421,0.3029154164575945,BH_from_pvalue
polymyxin,polymixinE,polymixinE_vs_control,not_regulated,b1219,b1219,790.7027449360324,-0.6294085851602507,0.646441361583553,0.08096012934064992,0.33045250614722627,0.3026768925173812,BH_from_pvalue
polymyxin,polymixinE,polymixinE_vs_control,not_regulated,b1611,b1611,3213.125410225149,-0.6295328419617157,0.646385687116924,0.0812597875594587,0.3307751352420319,0.30246984683435746,BH_from_pvalue
polymyxin,polymixinE,polymixinE_vs_control,not_regulated,b3174,b3174,4.235482963648642,0.9078295635437443,1.8762207277897216,0.19588864456888316,0.4643316883760817,0.30246309797024523,BH_from_pvalue
polymyxin,polymixinE,polymixinE_vs_control,not_regulated,b0319,b0319,5.388733235538982,0.9520200552384015,1.9345795520800277,0.2171735009040889,0.48116765614658447,0.30246017350983434,BH_from_pvalue
polymyxin,polymixinE,polymixinE_vs_control,not_regulated,b1857,b1857,3132.605716118574,0.7118368077653408,1.6378881135000507,0.11459581096311781,0.37666169398592103,0.30185336242963484,BH_from_pvalue
polymyxin,polymixinE,polymixinE_vs_control,not_regulated,b3055,b3055,438.7788579311368,0.6125348992272386,1.5289432926540745,0.07154305175164734,0.3218292455395536,0.3015965603709742,BH_from_pvalue
polymyxin,polymixinE,polymixinE_vs_control,not_regulated,b3538,b3538,565.0023539378129,0.5241362533197425,1.4380723431691558,0.037386781303636575,0.2660269239875685,0.3014173451569388,BH_from_pvalue
polymyxin,polymixinE,polymixinE_vs_control,not_regulated,b2892,b2892,948.3115227484091,-0.5503565633982923,0.6828513401869776,0.04813581333791323,0.28339645077740017,0.30137833231930633,BH_from_pvalue
polymyxin,polymixinE,polymixinE_vs_control,not_regulated,b0408,b0408,1637.1702467538762,-0.6192709123268223,0.6509998371793516,0.0756836537123864,0.326390291848815,0.3011283875853188,BH_from_pvalue
polymyxin,polymixinE,polymixinE_vs_control,not_regulated,b2894,b2894,583.2772612331288,-0.3746312601986759,0.7713025254608122,0.005417521037195229,0.15712127597164124,0.3011154958522147,BH_from_pvalue
polymyxin,polymixinE,polymixinE_vs_control,not_regulated,b3589,b3589,6.740055112570126,1.3497603863977337,2.5486979126372886,0.34306790555076805,0.5988789570467247,0.3005389252602933,BH_from_pvalue
polymyxin,polymixinE,polymixinE_vs_control,not_regulated,b3523,b3523,83.62280807901166,-0.526900435589801,0.6940442557856725,0.038722350220319036,0.2690007250348017,0.3004631552970487,BH_from_pvalue
polymyxin,polymixinE,polymixinE_vs_control,not_regulated,b1880,b1880,15.299052712909132,1.0049165022434892,2.0068273460477495,0.23927268053819348,0.5024502880769348,0.3003764768851468,BH_from_pvalue
polymyxin,polymixinE,polymixinE_vs_control,not_regulated,b0601,b0601,19.429901051072818,0.6925977059430974,1.6161910015398808,0.10639470117263476,0.3685043135444776,0.3002808773406685,BH_from_pvalue
polymyxin,polymixinE,polymixinE_vs_control,not_regulated,b0405,b0405,301.6478335674489,0.679723536486966,1.6018327667058492,0.10208716956416954,0.36176324708336355,0.30014929914748795,BH_from_pvalue
polymyxin,polymixinE,polymixinE_vs_control,not_regulated,b2147,b2147,975.9457487406029,1.0870268504004024,2.1243579096412954,0.26891981528041864,0.5299256003888764,0.2997858080665724,BH_from_pvalue
polymyxin,polymixinE,polymixinE_vs_control,not_regulated,b3334,b3334,6.530718267347507,1.017099254140187,2.0238456332446435,0.24431668801786705,0.5073575543418126,0.2997247773398281,BH_from_pvalue
polymyxin,polymixinE,polymixinE_vs_control,not_regulated,b4638,b4638,23.219623931083053,0.6782844471668259,1.600235734045066,0.10214302440993146,0.36176324708336355,0.2995138324795495,BH_from_pvalue
polymyxin,polymixinE,polymixinE_vs_control,not_regulated,b4060,b4060,131.62445116423024,-0.5702786505230977,0.6734866947268145,0.05679928557030412,0.2984616664663878,0.29945984363491274,BH_from_pvalue
polymyxin,polymixinE,polymixinE_vs_control,not_regulated,b1080,b1080,34.178357621902656,1.4465838135625249,2.7256188188336083,0.36892809614617555,0.6208706391697045,0.2994412254073292,BH_from_pvalue
polymyxin,polymixinE,polymixinE_vs_control,not_regulated,b1706,b1706,1803.3974619931096,-0.9177980935341381,0.5293162705412964,0.20409709016545327,0.47252248066308733,0.29881443149476095,BH_from_pvalue
polymyxin,polymixinE,polymixinE_vs_control,not_regulated,b1054,b1054,1020.8203688543808,-0.6042158868673884,0.6578288167412751,0.06879852207615131,0.32034756966721384,0.2987113839796404,BH_from_pvalue
polymyxin,polymixinE,polymixinE_vs_control,not_regulated,b4571,b4571,502.4513318260347,-0.6193688266677988,0.6509556559385393,0.07979989049582359,0.32944721810342853,0.2986684155967255,BH_from_pvalue
polymyxin,polymixinE,polymixinE_vs_control,not_regulated,b4391,b4391,3519.7344654356416,-0.6811840279266548,0.6236532286510126,0.10422595022109497,0.36476678526755707,0.29834819185057215,BH_from_pvalue
polymyxin,polymixinE,polymixinE_vs_control,not_regulated,b2040,b2040,381.33473776896795,-0.579365685058189,0.6692579677835021,0.06147739128525564,0.3058195286499979,0.29810379842463286,BH_from_pvalue
polymyxin,polymixinE,polymixinE_vs_control,not_regulated,b2508,b2508,1160.374322094948,-0.8191603405876506,0.5667717120924384,0.16239178877555932,0.4332269432959868,0.297588288760381,BH_from_pvalue
polymyxin,polymixinE,polymixinE_vs_control,not_regulated,b1272,b1272,1248.9194067447722,-0.4917462539281736,0.7111637761789794,0.030788807984311623,0.24846593167023134,0.29737526163181416,BH_from_pvalue
polymyxin,polymixinE,polymixinE_vs_control,not_regulated,b4442,b4442,12.956537024837635,-0.6971464937200529,0.6167909517175135,0.11191112979015608,0.37462051032139565,0.29726915501720635,BH_from_pvalue
polymyxin,polymixinE,polymixinE_vs_control,not_regulated,b3989,b3989,16.669514702847,0.8261951787761506,1.7730032475518238,0.165167185068961,0.4367397668816729,0.2972462393385055,BH_from_pvalue
polymyxin,polymixinE,polymixinE_vs_control,not_regulated,b3294,b3294,4311.950818890528,-0.8480526960289332,0.555534072461717,0.17443308307829478,0.44655663499497433,0.2969231386389458,BH_from_pvalue
polymyxin,polymixinE,polymixinE_vs_control,not_regulated,b1504,b1504,0.5850574962489,0.9341427080136949,1.9107548708126625,0.21822762929312448,0.48140651130969786,0.2965791373819964,BH_from_pvalue
polymyxin,polymixinE,polymixinE_vs_control,not_regulated,b4603,b4603,0.5850574962489,0.9341427080136949,1.9107548708126625,0.21822762929312448,0.48140651130969786,0.2965791373819964,BH_from_pvalue
polymyxin,polymixinE,polymixinE_vs_control,not_regulated,b0020,b0020,736.9364561333356,-0.6207913797497664,0.6503141048462336,0.08367377832515385,0.3339526662879698,0.2956922986671457,BH_from_pvalue
polymyxin,polymixinE,polymixinE_vs_control,not_regulated,b2609,b2609,2357.161907542817,-0.7360724620004451,0.6003715582243266,0.13200452179888175,0.3966308210095993,0.2956166679539906,BH_from_pvalue
polymyxin,polymixinE,polymixinE_vs_control,not_regulated,b1540,b1540,592.0945202882635,0.5178008908111646,1.4317711260070347,0.03956165373082147,0.26911970661197326,0.2951747275689769,BH_from_pvalue
polymyxin,polymixinE,polymixinE_vs_control,not_regulated,b1467,b1467,1395.5458774859978,1.0724138019148484,2.102948911327576,0.2699001085871152,0.5310632932742101,0.29475691819883065,BH_from_pvalue
polymyxin,polymixinE,polymixinE_vs_control,not_regulated,b3596,b3596,2.251594774284149,1.1872319958052713,2.2771542115889116,0.3015577828208326,0.5647436538674087,0.29461000587204633,BH_from_pvalue
polymyxin,polymixinE,polymixinE_vs_control,not_regulated,b2896,b2896,468.20009208236235,-0.4964444222209963,0.7088516224541022,0.033291107261682926,0.2550994897155874,0.29453571486314334,BH_from_pvalue
polymyxin,polymixinE,polymixinE_vs_control,not_regulated,b0196,b0196,182.97877202140717,0.5266781885991874,1.4406083670533294,0.04321935180463704,0.27605959419831666,0.294411608898287,BH_from_pvalue
polymyxin,polymixinE,polymixinE_vs_control,not_regulated,b4599,b4599,50.28415036691371,0.7808643178185619,1.7181599132705483,0.15109436366596704,0.4198054331333297,0.2943483234345404,BH_from_pvalue
polymyxin,polymixinE,polymixinE_vs_control,not_regulated,b3511,b3511,7266.514801647721,-1.107958388991083,0.4639501195488144,0.27998415353583694,0.5425006262793481,0.29427347790302305,BH_from_pvalue
polymyxin,polymixinE,polymixinE_vs_control,not_regulated,b1478,b1478,6562.455031882847,-1.1203503485525381,0.4599821082617675,0.28354163909898755,0.5461900809076957,0.29426695528807806,BH_from_pvalue
polymyxin,polymixinE,polymixinE_vs_control,not_regulated,b3711,b3711,67.90408915109478,0.6754601472001021,1.5971060880485677,0.1059568462105407,0.3677422023572624,0.29345806990019513,BH_from_pvalue
polymyxin,polymixinE,polymixinE_vs_control,not_regulated,b2965,b2965,269.7139001510831,-0.4139380191607511,0.7505717940128285,0.013097073499264915,0.19572622643123908,0.29321340026584997,BH_from_pvalue
polymyxin,polymixinE,polymixinE_vs_control,not_regulated,b3747,b3747,421.09107726820207,0.5295248789958169,1.4434537463695107,0.04623292209897059,0.279510327420927,0.29314610675377356,BH_from_pvalue
polymyxin,polymixinE,polymixinE_vs_control,not_regulated,b3715,b3715,63.726305471630326,0.6141661334408681,1.5306730242132316,0.08288173798892304,0.3337090761154892,0.29273122107752864,BH_from_pvalue
polymyxin,polymixinE,polymixinE_vs_control,not_regulated,b2203,b2203,31.259518129449123,-1.414962823324636,0.37501941103753517,0.3700077744758981,0.6215243068636634,0.29224908462848315,BH_from_pvalue
polymyxin,polymixinE,polymixinE_vs_control,not_regulated,b1058,b1058,1.4034358464249317,0.8220147056821343,1.7678730823231328,0.16994542850822453,0.44109321259664974,0.29220125913780404,BH_from_pvalue
polymyxin,polymixinE,polymixinE_vs_control,not_regulated,b4470,b4470,176.6250127432038,1.267750586853377,2.407858455861817,0.3293771927208693,0.5883791155117037,0.29201715767222236,BH_from_pvalue
polymyxin,polymixinE,polymixinE_vs_control,not_regulated,b0739,b0739,987.2787491273192,-0.6038714464059964,0.6579858907624512,0.07885274331467063,0.3289330670395575,0.29160497159572896,BH_from_pvalue
polymyxin,polymixinE,polymixinE_vs_control,not_regulated,b1260,b1260,435.44454116924754,-0.5741948545856026,0.6716609902485438,0.06304276728082117,0.31058747779751766,0.29158536760865233,BH_from_pvalue
polymyxin,polymixinE,polymixinE_vs_control,not_regulated,b3891,b3891,1566.9269504515062,0.5397190235126104,1.453689372026798,0.05249130315382027,0.28857247928652413,0.2913106925235006,BH_from_pvalue
polymyxin,polymixinE,polymixinE_vs_control,not_regulated,b3746,b3746,742.5440188139436,0.5669731821268336,1.4814122601871487,0.06178943894190432,0.30669930972030707,0.29102007796301765,BH_from_pvalue
polymyxin,polymixinE,polymixinE_vs_control,not_regulated,b3020,b3020,268.20467221924673,-0.4799599339042997,0.7169975359727987,0.03030099143076519,0.2475573039227393,0.29101134970620013,BH_from_pvalue
polymyxin,polymixinE,polymixinE_vs_control,not_regulated,b1147,b1147,16.657128430914053,0.7393610945856941,1.6694363560770522,0.13902369283990026,0.4042275523349461,0.29084549636016094,BH_from_pvalue
polymyxin,polymixinE,polymixinE_vs_control,not_regulated,b0573,b0573,1.615645639412258,-1.010177550074964,0.4964851423592666,0.25549120510032575,0.5154355980711561,0.29075494997376533,BH_from_pvalue
polymyxin,polymixinE,polymixinE_vs_control,not_regulated,b0989,b0989,8.232131732573443,1.283626040257692,2.434500910642734,0.3363408095658736,0.5936112239781277,0.290738597405226,BH_from_pvalue
polymyxin,polymixinE,polymixinE_vs_control,not_regulated,b4016,b4016,15373.161992460531,-0.9461933928015966,0.5190000588189858,0.2281668693714116,0.49296806730670983,0.2906528330374267,BH_from_pvalue
polymyxin,polymixinE,polymixinE_vs_control,not_regulated,b3113,b3113,258.5462580970142,1.9107575668396795,3.7600649086382494,0.4855582012758156,0.7045292868834254,0.2906280388502456,BH_from_pvalue
polymyxin,polymixinE,polymixinE_vs_control,not_regulated,b1848,b1848,711.6172556894306,-0.4756325602503324,0.7191514036471225,0.02859804695197438,0.24491933137254657,0.2906005237787492,BH_from_pvalue
polymyxin,polymixinE,polymixinE_vs_control,not_regulated,b0291,b0291,55.70400292003766,0.5160134379106402,1.4299983059471975,0.04159511960768569,0.2735431846616245,0.2905022014223467,BH_from_pvalue
polymyxin,polymixinE,polymixinE_vs_control,not_regulated,b4353,b4353,1.5384344046424596,-0.8412454665016738,0.5581615048497726,0.17961174999076707,0.45198107536275617,0.29012852525044175,BH_from_pvalue
polymyxin,polymixinE,polymixinE_vs_control,not_regulated,b4078,b4078,505.25577946975613,-0.49458758966432903,0.7097645431488523,0.035210741714123125,0.25963592824610787,0.289647907101267,BH_from_pvalue
polymyxin,polymixinE,polymixinE_vs_control,not_regulated,b3935,b3935,410.98285795795135,0.491670394624915,1.4060719249409022,0.0343356655160055,0.25783284118365546,0.28942756262364155,BH_from_pvalue
polymyxin,polymixinE,polymixinE_vs_control,not_regulated,b2816,b2816,0.5767465073658201,0.9218198670037109,1.8945035812169881,0.22206471192216448,0.48534843256846255,0.28940199974041775,BH_from_pvalue
polymyxin,polymixinE,polymixinE_vs_control,not_regulated,b3769,b3769,0.5767465073658201,0.9218198670037109,1.8945035812169881,0.22206471192216448,0.48534843256846255,0.28940199974041775,BH_from_pvalue
polymyxin,polymixinE,polymixinE_vs_control,not_regulated,b3264,b3264,2.051067511212512,1.2555418311543214,2.3875680136023165,0.3272651238130979,0.5883791155117037,0.2892049592990379,BH_from_pvalue
polymyxin,polymixinE,polymixinE_vs_control,not_regulated,b3186,b3186,1644.0533581450352,0.6787331971487554,1.6007335644466967,0.1126216349702768,0.37579533686669514,0.2884946042039371,BH_from_pvalue
polymyxin,polymixinE,polymixinE_vs_control,not_regulated,b2958,b2958,346.6729041549433,0.6055049910458425,1.521511239367356,0.0835241401428953,0.3338659352039042,0.28847946547594217,BH_from_pvalue
polymyxin,polymixinE,polymixinE_vs_control,not_regulated,b1632,b1632,76.6165515771953,-0.7637469295909707,0.5889646990031999,0.15101678984602718,0.4198054331333297,0.2878958906476957,BH_from_pvalue
polymyxin,polymixinE,polymixinE_vs_control,not_regulated,b3003,b3003,1357.0466998010104,0.9999165001180668,1.9998842479342862,0.2548799135984101,0.5154355980711561,0.28780155720961753,BH_from_pvalue
polymyxin,polymixinE,polymixinE_vs_control,not_regulated,b2437,b2437,211.87023267215696,-0.5306359906132823,0.692249498903829,0.05044355412554252,0.28684589943955785,0.2877911480569077,BH_from_pvalue
polymyxin,polymixinE,polymixinE_vs_control,not_regulated,b2991,b2991,24.98151345989366,1.0518988402688705,2.0732568231131925,0.2714182188203657,0.5326523334441557,0.2877534138485884,BH_from_pvalue
polymyxin,polymixinE,polymixinE_vs_control,not_regulated,b1231,b1231,44.51615668041882,0.7990281287106562,1.7399286290605294,0.16654074816165684,0.43679316923098105,0.2874297239698285,BH_from_pvalue
polymyxin,polymixinE,polymixinE_vs_control,not_regulated,b1338,b1338,34.73351176094413,-0.46923280290559255,0.7223486265586011,0.027468720414784806,0.24408265629022852,0.2873877672457721,BH_from_pvalue
polymyxin,polymixinE,polymixinE_vs_control,not_regulated,b1046,b1046,980.7370564861561,0.6765399522238305,1.5983019116121162,0.11290987806851104,0.37614504393793124,0.2872890753109557,BH_from_pvalue
polymyxin,polymixinE,polymixinE_vs_control,not_regulated,b1586,b1586,532.6702122470482,0.46280911805673597,1.3782227892456718,0.025639932370425018,0.23987512197254218,0.28694849880145973,BH_from_pvalue
polymyxin,polymixinE,polymixinE_vs_control,not_regulated,b2385,b2385,18.432355163443095,-0.6435565269566341,0.6401329484869022,0.09922611957587604,0.3581977227741345,0.28694716907909484,BH_from_pvalue
polymyxin,polymixinE,polymixinE_vs_control,not_regulated,b3358,b3358,842.8096668725967,-0.5152053511415549,0.6996933323645504,0.04415692296220282,0.27739921715640825,0.28691516494767655,BH_from_pvalue
polymyxin,polymixinE,polymixinE_vs_control,not_regulated,b0344,b0344,101.14176391944847,0.6492805288690784,1.568385847672375,0.10162336419056033,0.36176324708336355,0.28670641110557027,BH_from_pvalue
polymyxin,polymixinE,polymixinE_vs_control,not_regulated,b3368,b3368,376.4827334234067,-0.4780629914759462,0.7179409076301612,0.031997195504007446,0.2516143100996949,0.28648625739686134,BH_from_pvalue
polymyxin,polymixinE,polymixinE_vs_control,not_regulated,b1498,b1498,132.80563013058756,1.2889547535478325,2.443509567696792,0.34380928746613953,0.5995219161242622,0.28639921923577977,BH_from_pvalue
polymyxin,polymixinE,polymixinE_vs_control,not_regulated,b3144,b3144,34.45874379358634,0.7854504005086351,1.7236303422158648,0.16038048716023645,0.4322297371160836,0.28612807975596516,BH_from_pvalue
polymyxin,polymixinE,polymixinE_vs_control,not_regulated,b4093,b4093,52.11951840491296,0.5810265925900273,1.4959133316486313,0.07119937203924959,0.3218292455395536,0.28608267386934727,BH_from_pvalue
polymyxin,polymixinE,polymixinE_vs_control,not_regulated,b0090,b0090,1260.900144410434,-0.6808629419262235,0.6237920442705419,0.11702098931182071,0.3803182152634173,0.28586226272582543,BH_from_pvalue
polymyxin,polymixinE,polymixinE_vs_control,not_regulated,b1009,b1009,6.276491184184015,0.7319432529552015,1.660874717960924,0.14238888438224906,0.40704166866346864,0.285722195303315,BH_from_pvalue
polymyxin,polymixinE,polymixinE_vs_control,not_regulated,b0563,b0563,5.14973734451917,-0.5923397045669092,0.6632663757186542,0.08043564258644492,0.32944721810342853,0.28563459031321153,BH_from_pvalue
polymyxin,polymixinE,polymixinE_vs_control,not_regulated,b4014,b4014,29864.775477811356,-0.8328712008347914,0.5614108297496918,0.18735378284553783,0.454785383291543,0.285003112841245,BH_from_pvalue
polymyxin,polymixinE,polymixinE_vs_control,not_regulated,b3151,b3151,215.08005956761335,0.40806225641102056,1.3269023989895665,0.014742024848809324,0.20030299125389783,0.2849550009777709,BH_from_pvalue
polymyxin,polymixinE,polymixinE_vs_control,not_regulated,b0711,b0711,1065.1868683500877,-0.724913968625474,0.6050331231139615,0.1395143984599771,0.40490943486463726,0.2846317455288068,BH_from_pvalue
polymyxin,polymixinE,polymixinE_vs_control,not_regulated,b1773,b1773,12.985684525553689,0.7327664505029321,1.6618226786168422,0.14415717188788105,0.41010279207777817,0.2836592230755937,BH_from_pvalue
polymyxin,polymixinE,polymixinE_vs_control,not_regulated,b3634,b3634,200.39009466350151,0.5948764958988502,1.5103432847965492,0.08300888925450006,0.3337090761154892,0.28353716291580244,BH_from_pvalue
polymyxin,polymixinE,polymixinE_vs_control,not_regulated,b4085,b4085,28.195311983556536,1.0817951648918958,2.116668242000035,0.28652247224857513,0.5474843161317294,0.2830282489905388,BH_from_pvalue
polymyxin,polymixinE,polymixinE_vs_control,not_regulated,b2140,b2140,62.936313980908885,0.6302681033551849,1.5478526121380987,0.09690062212283262,0.3558032639253071,0.28285806765882027,BH_from_pvalue
polymyxin,polymixinE,polymixinE_vs_control,not_regulated,b0730,b0730,203.52772945112577,-0.4983130080115732,0.7079341086205299,0.04059062403971404,0.27100172480550333,0.28255740091227205,BH_from_pvalue
polymyxin,polymixinE,polymixinE_vs_control,not_regulated,b1279,b1279,762.8937825346594,-0.3925390981253969,0.7617877014572155,0.011309897815964438,0.19064451060228804,0.2825401022618105,BH_from_pvalue
polymyxin,polymixinE,polymixinE_vs_control,not_regulated,b2506,b2506,27.89146829060152,0.8677821940856179,1.8248554550228893,0.20518702396959967,0.47281313207748943,0.2822986331659414,BH_from_pvalue
polymyxin,polymixinE,polymixinE_vs_control,not_regulated,b1261,b1261,513.3011319166853,-0.5220265852877439,0.6963929074239683,0.05254795259332791,0.28857247928652413,0.28176128587451543,BH_from_pvalue
polymyxin,polymixinE,polymixinE_vs_control,not_regulated,b3293,b3293,249.25214111703767,-0.572063128344392,0.6726541701310642,0.07090984019484618,0.3218292455395536,0.281669292707062,BH_from_pvalue
polymyxin,polymixinE,polymixinE_vs_control,not_regulated,b1849,b1849,249.67729159208167,-0.7905324199813055,0.5781306960995369,0.16869509333133137,0.44045713818368387,0.28150570718622825,BH_from_pvalue
polymyxin,polymixinE,polymixinE_vs_control,not_regulated,b4185,b4185,4.114138454179852,0.8633053587314967,1.8192015123978145,0.2035986865950453,0.472055099126038,0.28144385491917884,BH_from_pvalue
polymyxin,polymixinE,polymixinE_vs_control,not_regulated,b1718,b1718,12416.211286165979,-0.636273776902426,0.6433725207496115,0.10125323497572372,0.36174507618809,0.280976827415755,BH_from_pvalue
polymyxin,polymixinE,polymixinE_vs_control,not_regulated,b4523,b4523,93.38741189608125,0.8173264806186005,1.7621374732967314,0.1833570003985046,0.45334988607248616,0.2808059893724406,BH_from_pvalue
polymyxin,polymixinE,polymixinE_vs_control,not_regulated,b3303,b3303,5954.577822174581,-0.7428969210815168,0.5975382943341943,0.15021906329522436,0.4191596443560292,0.28053313412585745,BH_from_pvalue
polymyxin,polymixinE,polymixinE_vs_control,not_regulated,b2458,b2458,38.67891897013872,-0.7706547123495726,0.5861514116935413,0.16059099829572376,0.4325379103797398,0.28049968255519586,BH_from_pvalue
polymyxin,polymixinE,polymixinE_vs_control,not_regulated,b0575,b0575,86.55984075202987,0.46794813150930725,1.3831409007464592,0.031943732329671314,0.2516143100996949,0.28042477924941195,BH_from_pvalue
polymyxin,polymixinE,polymixinE_vs_control,not_regulated,b4492,b4492,492.7065381909776,-0.4162050896853149,0.7493932615547482,0.017057357289355684,0.2121333993881926,0.2802687401191004,BH_from_pvalue
polymyxin,polymixinE,polymixinE_vs_control,not_regulated,b2994,b2994,794.1334719390742,1.2165765474353591,2.3239460020237073,0.3288754966183065,0.5883791155117037,0.28022958865634295,BH_from_pvalue
polymyxin,polymixinE,polymixinE_vs_control,not_regulated,b3280,b3280,159.43472263454646,-0.5332189716594806,0.6910112139068403,0.056457996546152814,0.29826409216747973,0.2801527293886791,BH_from_pvalue
polymyxin,polymixinE,polymixinE_vs_control,not_regulated,b2331,b2331,781.145834995485,-0.46224680888195735,0.7258549537800841,0.031156842405013686,0.24846593167023134,0.27953596927618146,BH_from_pvalue
polymyxin,polymixinE,polymixinE_vs_control,not_regulated,b3132,b3132,46.02619678911133,-0.8188449139094258,0.5668956429705728,0.18796448254688924,0.45577587196544894,0.27942973730980136,BH_from_pvalue
polymyxin,polymixinE,polymixinE_vs_control,not_regulated,b4133,b4133,67.41014298551319,0.6344426246832198,1.552337899053681,0.1030591488381105,0.36272304497169094,0.2794242987015928,BH_from_pvalue
polymyxin,polymixinE,polymixinE_vs_control,not_regulated,b1152,b1152,12.322582975913376,0.885811273414538,1.847803408124256,0.22054130199725866,0.48374920959918916,0.27936692163016424,BH_from_pvalue
polymyxin,polymixinE,polymixinE_vs_control,not_regulated,b2515,b2515,3538.552681811019,-0.6578962987464241,0.6338018172012669,0.11420332770744475,0.37666169398592103,0.2789799680772969,BH_from_pvalue
polymyxin,polymixinE,polymixinE_vs_control,not_regulated,b3784,b3784,518.6078166618868,0.3934166189179642,1.3135003809741048,0.013793955931236725,0.19572622643123908,0.2786770463556592,BH_from_pvalue
polymyxin,polymixinE,polymixinE_vs_control,not_regulated,b3129,b3129,188.39890478455132,-0.5665330844916117,0.6752374918524577,0.0733527364026975,0.322316482706892,0.2785742233915921,BH_from_pvalue
polymyxin,polymixinE,polymixinE_vs_control,not_regulated,b1466,b1466,484.8506172520706,1.0464793613018308,2.065483250816572,0.2800547919565688,0.5425006262793481,0.2779446631424914,BH_from_pvalue
polymyxin,polymixinE,polymixinE_vs_control,not_regulated,b3312,b3312,65.23183238558865,-0.8517011051134364,0.5541309658680676,0.20460480888807808,0.4725797442449207,0.277249914579423,BH_from_pvalue
polymyxin,polymixinE,polymixinE_vs_control,not_regulated,b2163,b2163,11.987117635450511,0.7544949544370114,1.6870409049333532,0.15784885706199736,0.42947913348559663,0.27694335752262583,BH_from_pvalue
polymyxin,polymixinE,polymixinE_vs_control,not_regulated,b4389,b4389,613.7849452969879,-0.6281122540874424,0.6470224813666088,0.1031588983843261,0.3627902462335409,0.2765857121780208,BH_from_pvalue
polymyxin,polymixinE,polymixinE_vs_control,not_regulated,b3014,b3014,12.703643413024494,0.5874391015378841,1.5025771847379812,0.08634732001165829,0.3384291361877808,0.27640904486026613,BH_from_pvalue
polymyxin,polymixinE,polymixinE_vs_control,not_regulated,b3453,b3453,457.96908632932156,0.5716686498018628,1.4862415934992257,0.0775268089545882,0.3285436663382447,0.27634857023822723,BH_from_pvalue
polymyxin,polymixinE,polymixinE_vs_control,not_regulated,b1803,b1803,53.540606539782566,-0.6156239616891028,0.6526475641955669,0.09675909078453677,0.3557366925464141,0.2763359508313663,BH_from_pvalue
polymyxin,polymixinE,polymixinE_vs_control,not_regulated,b1341,b1341,796.731771037851,0.39823038965244706,1.3178903940374205,0.015422121824535116,0.20283246773906127,0.27591891351169795,BH_from_pvalue
polymyxin,polymixinE,polymixinE_vs_control,not_regulated,b0898,b0898,419.74347567725863,0.48349990153070266,1.3981313479000417,0.039270985689378694,0.26911970661197326,0.2756212942978488,BH_from_pvalue
polymyxin,polymixinE,polymixinE_vs_control,not_regulated,b0610,b0610,415.1246371793805,-0.43848234782164575,0.7379104500661693,0.0228494902250052,0.23572708034879217,0.2751873659164744,BH_from_pvalue
polymyxin,polymixinE,polymixinE_vs_control,not_regulated,b2223,b2223,10.57895024812733,0.5229175589019097,1.4368580666469335,0.05665260446218211,0.29826409216747973,0.27474037713944993,BH_from_pvalue
polymyxin,polymixinE,polymixinE_vs_control,not_regulated,b4670,b4670,7.421235667824361,0.6151098011669753,1.5316745659119222,0.09844449196255438,0.3576763528655651,0.2746525367710154,BH_from_pvalue
polymyxin,polymixinE,polymixinE_vs_control,not_regulated,b3346,b3346,486.7668454873689,0.26989076991236516,1.2057165363887075,0.0008330752394422704,0.09608134428234186,0.2745763244905694,BH_from_pvalue
polymyxin,polymixinE,polymixinE_vs_control,not_regulated,b4019,b4019,2163.1606770389403,-0.7279526358435682,0.60376011706266,0.15119715466340464,0.4198054331333297,0.2744031619973395,BH_from_pvalue
polymyxin,polymixinE,polymixinE_vs_control,not_regulated,b0970,b0970,4575.209873306492,0.6400279309363341,1.5583593292547964,0.11063832226665572,0.3727724146482527,0.27428795919003934,BH_from_pvalue
polymyxin,polymixinE,polymixinE_vs_control,not_regulated,b1560,b1560,7.166356247600099,1.1046171760561494,2.150418084584616,0.3011164432425705,0.5645977863285271,0.274233175816514,BH_from_pvalue
polymyxin,polymixinE,polymixinE_vs_control,not_regulated,b1789,b1789,54.42430322340655,0.5536580907019069,1.467802735153034,0.06817384180899703,0.3199409710600928,0.2740220771136218,BH_from_pvalue
polymyxin,polymixinE,polymixinE_vs_control,not_regulated,b3029,b3029,1859.9339607207048,-0.46351201977748957,0.7252186744573698,0.0337450300833149,0.2563938265451865,0.2739784488749321,BH_from_pvalue
polymyxin,polymixinE,polymixinE_vs_control,not_regulated,b0410,b0410,223.6144197657238,-0.5678660033140819,0.6746139220133378,0.08010162363304947,0.32944721810342853,0.27383302513548907,BH_from_pvalue
polymyxin,polymixinE,polymixinE_vs_control,not_regulated,b3031,b3031,496.8847032404535,-0.6888966732839705,0.6203280755492899,0.13459635422618652,0.4006389748432516,0.27366200180262096,BH_from_pvalue
polymyxin,polymixinE,polymixinE_vs_control,not_regulated,b4092,b4092,129.7252421762409,0.5572000122575353,1.4714107250563992,0.0740745780229054,0.32283169620284546,0.2735984852285416,BH_from_pvalue
polymyxin,polymixinE,polymixinE_vs_control,not_regulated,b3868,b3868,361.07959644092784,-0.5996888943033145,0.6598962414138576,0.09485655291965607,0.3505873254171019,0.2729806567631036,BH_from_pvalue
polymyxin,polymixinE,polymixinE_vs_control,not_regulated,b4579,b4579,2.221104707716718,0.9332181488006674,1.9095307451167902,0.2473588849968652,0.5103762682183026,0.2726019128762971,BH_from_pvalue
polymyxin,polymixinE,polymixinE_vs_control,not_regulated,b2472,b2472,348.22457809947485,0.6772379074992472,1.5990753343416384,0.1309388052738005,0.3958082971247007,0.2725984882214655,BH_from_pvalue
polymyxin,polymixinE,polymixinE_vs_control,not_regulated,b2982,b2982,0.46890571085437416,0.8286890626063088,1.7760707621096015,0.20132627751286902,0.46896198666643446,0.2725246400869763,BH_from_pvalue
polymyxin,polymixinE,polymixinE_vs_control,not_regulated,b1580,b1580,14.221349095859301,0.6656541010837835,1.58628731434953,0.12700434198516475,0.38993708304659047,0.27225616275281306,BH_from_pvalue
polymyxin,polymixinE,polymixinE_vs_control,not_regulated,b2388,b2388,1182.1167545480173,-0.386556216847481,0.7649534078085882,0.014295173915927896,0.19769221117860242,0.2721396126936478,BH_from_pvalue
polymyxin,polymixinE,polymixinE_vs_control,not_regulated,b2380,b2380,681.2077273110682,-0.552788205476709,0.6817013733135909,0.07243657819717414,0.322316482706892,0.2718156260527908,BH_from_pvalue
polymyxin,polymixinE,polymixinE_vs_control,not_regulated,b2236,b2236,39.757452938490964,0.7411763402350351,1.6715382170339432,0.15883940074332692,0.4305840958867938,0.27122756369522627,BH_from_pvalue
polymyxin,polymixinE,polymixinE_vs_control,not_regulated,b3103,b3103,775.2149702668922,0.5504572574047746,1.4645498065928022,0.0714114176249614,0.3218292455395536,0.271031112960196,BH_from_pvalue
polymyxin,polymixinE,polymixinE_vs_control,not_regulated,b0731,b0731,18.670080950521776,0.7912614660595945,1.7305869947532966,0.18708825118165173,0.45445655546943253,0.27101308752074,BH_from_pvalue
polymyxin,polymixinE,polymixinE_vs_control,not_regulated,b4388,b4388,323.7153751759497,-0.4480799181460142,0.7330177719228845,0.031215163942809977,0.24846593167023134,0.270968780801522,BH_from_pvalue
polymyxin,polymixinE,polymixinE_vs_control,not_regulated,b2146,b2146,877.5588440851785,1.0363601820274173,2.0510464743952967,0.28705645442985533,0.5478065048898979,0.2708763781844044,BH_from_pvalue
polymyxin,polymixinE,polymixinE_vs_control,not_regulated,b0715,b0715,106.30449289784913,0.8245932833304401,1.7710356871579922,0.20168922208506343,0.4695642447922439,0.2707180814539564,BH_from_pvalue
polymyxin,polymixinE,polymixinE_vs_control,not_regulated,b3625,b3625,193.86332244763784,-0.5193369368773055,0.6976924191677438,0.05778108964479622,0.301157985193851,0.2706813286353192,BH_from_pvalue
polymyxin,polymixinE,polymixinE_vs_control,not_regulated,b3332,b3332,3.66288539693171,0.7520124111903932,1.684140395446566,0.16482962311072238,0.4367397668816729,0.27055696632525406,BH_from_pvalue
polymyxin,polymixinE,polymixinE_vs_control,not_regulated,b0966,b0966,2583.32229708773,-0.7868719269510454,0.5795994267223988,0.1832212612352826,0.45334988607248616,0.27034282529259657,BH_from_pvalue
polymyxin,polymixinE,polymixinE_vs_control,not_regulated,b0962,b0962,1730.7322294953572,-0.5915829843865819,0.6636143624310112,0.09362252923702533,0.34918253441802644,0.2703223581715322,BH_from_pvalue
polymyxin,polymixinE,polymixinE_vs_control,not_regulated,b3442,b3442,3.609679985754852,1.377816968356509,2.598748406327134,0.3890277184141807,0.636539351555833,0.27029288914841526,BH_from_pvalue
polymyxin,polymixinE,polymixinE_vs_control,not_regulated,b3584,b3584,33.29535374546228,0.6874760079781712,1.6104635497140465,0.13962083892286625,0.40490943486463726,0.26993202590789,BH_from_pvalue
polymyxin,polymixinE,polymixinE_vs_control,not_regulated,b1129,b1129,764.6166664240372,0.5242486509157533,1.4381843849841023,0.061531052340650975,0.3058195286499979,0.269744167090737,BH_from_pvalue
polymyxin,polymixinE,polymixinE_vs_control,not_regulated,b2830,b2830,2036.4648427007103,-0.5189987694367968,0.6978559773050511,0.05884587495142096,0.30250142346456166,0.26950182865766015,BH_from_pvalue
polymyxin,polymixinE,polymixinE_vs_control,not_regulated,b4403,b4403,129.42130184925568,0.6585034654092876,1.5784444242372024,0.127002829090464,0.38993708304659047,0.26933151370939556,BH_from_pvalue
polymyxin,polymixinE,polymixinE_vs_control,not_regulated,b0158,b0158,148.41024464955322,-0.5569618591014907,0.6797320909673104,0.07764711578298314,0.32855759811087315,0.2692289492801891,BH_from_pvalue
polymyxin,polymixinE,polymixinE_vs_control,not_regulated,b0091,b0091,2124.182546561247,-0.5989233996311949,0.660246475581144,0.09705081142416204,0.35595769242227465,0.2686780057172135,BH_from_pvalue
polymyxin,polymixinE,polymixinE_vs_control,not_regulated,b2210,b2210,102.90074568077836,0.6505516860526681,1.569768359878007,0.12395398903010496,0.38664704761262975,0.26847311882381214,BH_from_pvalue
polymyxin,polymixinE,polymixinE_vs_control,not_regulated,b0342,b0342,9.725588062811353,0.7742031420579192,1.710245153909383,0.1783438172812125,0.4501630135414668,0.26836218264209705,BH_from_pvalue
polymyxin,polymixinE,polymixinE_vs_control,not_regulated,b3171,b3171,56.95739429787375,0.5744580021114407,1.489117919787749,0.0884260206822562,0.3411151295272628,0.2683287685772998,BH_from_pvalue
polymyxin,polymixinE,polymixinE_vs_control,not_regulated,b2789,b2789,42.42529646469749,-0.7820079106400835,0.5815568319507383,0.18584765327512479,0.4538234226012548,0.268317153121374,BH_from_pvalue
polymyxin,polymixinE,polymixinE_vs_control,not_regulated,b4320,b4320,73.5469952402021,0.7637281920822723,1.69787257865447,0.17430419095808128,0.44655663499497433,0.2673991521069102,BH_from_pvalue
polymyxin,polymixinE,polymixinE_vs_control,not_regulated,b1083,b1083,208.32383755545206,1.0201349826223591,2.028108706281469,0.2854712429169624,0.5473357419609962,0.26701644576067113,BH_from_pvalue
polymyxin,polymixinE,polymixinE_vs_control,not_regulated,b2265,b2265,1048.4859283461037,0.7196647233270443,1.6467992803633478,0.15528390466354747,0.42563498060733485,0.26696875947712406,BH_from_pvalue
polymyxin,polymixinE,polymixinE_vs_control,not_regulated,b2583,b2583,63.924444657542274,0.55955084562558,1.4738103043659625,0.08295704016729251,0.3337090761154892,0.26669982823256766,BH_from_pvalue
polymyxin,polymixinE,polymixinE_vs_control,not_regulated,b1352,b1352,0.44398585179043715,0.8027024646826421,1.744365623861028,0.19740687766758488,0.4658693628152401,0.2662851838758004,BH_from_pvalue
polymyxin,polymixinE,polymixinE_vs_control,not_regulated,b2356,b2356,0.44398585179043715,0.8027024646826421,1.744365623861028,0.19740687766758488,0.4658693628152401,0.2662851838758004,BH_from_pvalue
polymyxin,polymixinE,polymixinE_vs_control,not_regulated,b2817,b2817,371.8191221382674,0.37566197722232353,1.2974347429668622,0.012656535350792995,0.19572622643123908,0.2661005285653015,BH_from_pvalue
polymyxin,polymixinE,polymixinE_vs_control,not_regulated,b4140,b4140,768.3076594873364,-0.508316537449744,0.703042330595951,0.05743913005031257,0.2997229779191484,0.2659918579373536,BH_from_pvalue
polymyxin,polymixinE,polymixinE_vs_control,not_regulated,b1071,b1071,113.92832171171563,1.0091605886666457,2.012739675763322,0.2818266653104014,0.545103101680657,0.2659353574574741,BH_from_pvalue
polymyxin,polymixinE,polymixinE_vs_control,not_regulated,b3493,b3493,1322.4878662023173,0.39458758456947507,1.314566918350753,0.017258117422459793,0.2121333993881926,0.265711707844662,BH_from_pvalue
polymyxin,polymixinE,polymixinE_vs_control,not_regulated,b4418,b4418,2.2604012119989396,-0.6481648372831341,0.6380914741520444,0.1259547292105145,0.38922679521465764,0.2656161805711803,BH_from_pvalue
polymyxin,polymixinE,polymixinE_vs_control,not_regulated,b0466,b0466,69.36862800022375,-0.6095216449888738,0.6554139817993845,0.10541620291997034,0.3667146796086826,0.2655513342211094,BH_from_pvalue
polymyxin,polymixinE,polymixinE_vs_control,not_regulated,b2057,b2057,15.095967685272926,0.6192557905908256,1.5360825938129405,0.11063439673268148,0.3727724146482527,0.2653859289691967,BH_from_pvalue
polymyxin,polymixinE,polymixinE_vs_control,not_regulated,b0286,b0286,176.88150443046038,1.1230166292313397,2.178019135475586,0.31823621864933355,0.5807004103386216,0.2650856800280523,BH_from_pvalue
polymyxin,polymixinE,polymixinE_vs_control,not_regulated,b4693,b4693,26.681524642061913,0.7293333362381551,1.6578728180215432,0.1610058456400683,0.43308972402061263,0.2650558677621783,BH_from_pvalue
polymyxin,polymixinE,polymixinE_vs_control,not_regulated,b0155,b0155,1305.3155442639688,0.6283691746138018,1.5458166113236091,0.11585710911538687,0.3787247651170132,0.26496838549684926,BH_from_pvalue
polymyxin,polymixinE,polymixinE_vs_control,not_regulated,b1542,b1542,30.07782312952905,0.4641641325700041,1.3795178579262113,0.03949410277042466,0.26911970661197326,0.2645988522036109,BH_from_pvalue
polymyxin,polymixinE,polymixinE_vs_control,not_regulated,b3125,b3125,174.1589865438747,0.6232617352099865,1.540353775681935,0.11452947597623334,0.37666169398592103,0.2642932318117526,BH_from_pvalue
polymyxin,polymixinE,polymixinE_vs_control,not_regulated,b4015,b4015,71249.44937754178,-0.8561535487599574,0.5524234437997606,0.2265504843770073,0.4913327284126224,0.26422979472341507,BH_from_pvalue
polymyxin,polymixinE,polymixinE_vs_control,not_regulated,b0193,b0193,50.03157605866257,-0.5697144029893977,0.6737501513259087,0.09012022506810724,0.34381744898757116,0.26416066584425885,BH_from_pvalue
polymyxin,polymixinE,polymixinE_vs_control,not_regulated,b4374,b4374,484.0931086388161,0.5761305048821264,1.490845241204908,0.09350942878692416,0.34905013334737334,0.26335627781744547,BH_from_pvalue
polymyxin,polymixinE,polymixinE_vs_control,not_regulated,b2021,b2021,412.9316497221601,-0.7249195184142234,0.6050307956646627,0.162527241735751,0.4332269432959868,0.26335205488479735,BH_from_pvalue
polymyxin,polymixinE,polymixinE_vs_control,not_regulated,b4311,b4311,3.590395670723636,1.3969140990449394,2.6333770429018544,0.4036389939337637,0.6478935277352647,0.2633132208162759,BH_from_pvalue
polymyxin,polymixinE,polymixinE_vs_control,not_regulated,b3183,b3183,1896.761836738806,-0.7170049712016819,0.6083590830452498,0.15782155263550104,0.42947913348559663,0.263182361813375,BH_from_pvalue
polymyxin,polymixinE,polymixinE_vs_control,not_regulated,b0539,b0539,2.8874380872861507,0.7308640574799872,1.6596327796447279,0.16625159835538297,0.43679316923098105,0.26290946057171016,BH_from_pvalue
polymyxin,polymixinE,polymixinE_vs_control,not_regulated,b1784,b1784,6819.711681843452,0.5332619325370604,1.447197612033782,0.07057668744087706,0.3218292455395536,0.26256457359875446,BH_from_pvalue
polymyxin,polymixinE,polymixinE_vs_control,not_regulated,b0092,b0092,1423.0568973950858,-0.5331322477107125,0.6910527535397059,0.06945233970503785,0.3218292455395536,0.26250072009814873,BH_from_pvalue
polymyxin,polymixinE,polymixinE_vs_control,not_regulated,b3954,b3954,102.65412483622379,0.4992842587953117,1.4135121252393608,0.05659331801415327,0.29826409216747973,0.2623234642364458,BH_from_pvalue
polymyxin,polymixinE,polymixinE_vs_control,not_regulated,b2523,b2523,1375.4302395289767,-0.3751936771633986,0.7710019012336644,0.014892022595717291,0.20030299125389783,0.2620024590935489,BH_from_pvalue
polymyxin,polymixinE,polymixinE_vs_control,not_regulated,b0233,b0233,26.89815890067968,0.6784741882601466,1.6004462084949884,0.14559068661079014,0.4113485605372701,0.26174856937892177,BH_from_pvalue
polymyxin,polymixinE,polymixinE_vs_control,not_regulated,b4322,b4322,271.588043414174,-0.7050962903590756,0.6134015467613985,0.15522520673106163,0.42563498060733485,0.26156441443850137,BH_from_pvalue
polymyxin,polymixinE,polymixinE_vs_control,not_regulated,b1116,b1116,523.9101131389278,0.5341518444351934,1.448090576677361,0.07474555137939662,0.3248362223232135,0.2608453340798761,BH_from_pvalue
polymyxin,polymixinE,polymixinE_vs_control,not_regulated,b3224,b3224,464.93208083835924,-0.39472811338567304,0.7606327100073832,0.01969648469567319,0.2187525633608346,0.26053904752170315,BH_from_pvalue
polymyxin,polymixinE,polymixinE_vs_control,not_regulated,b3863,b3863,4274.084071520753,-0.6454356855328935,0.6392996966839026,0.13018971951030656,0.39492688650929136,0.26042251944139255,BH_from_pvalue
polymyxin,polymixinE,polymixinE_vs_control,not_regulated,b4184,b4184,2.1945587500947323,0.9397660837725839,1.91821719681895,0.26654723172089473,0.5283826791166731,0.260363534938368,BH_from_pvalue
polymyxin,polymixinE,polymixinE_vs_control,not_regulated,b1949,b1949,0.4647567702054855,0.8138633409015904,1.7579125958966866,0.2127853295421455,0.4794825722226026,0.25980729395572505,BH_from_pvalue
polymyxin,polymixinE,polymixinE_vs_control,not_regulated,b1059,b1059,324.34008051054326,0.34152354846697364,1.2670939938233692,0.008254360673015678,0.1740713119569,0.25930954003535545,BH_from_pvalue
polymyxin,polymixinE,polymixinE_vs_control,not_regulated,b3781,b3781,4727.67813369058,-0.4543800746645843,0.729823709633758,0.03877151681303334,0.2690007250348017,0.25910866971481433,BH_from_pvalue
polymyxin,polymixinE,polymixinE_vs_control,not_regulated,b2871,b2871,79.19660490820978,1.302786255455497,2.467048803402035,0.38429794310100335,0.6328747602796756,0.258840470770125,BH_from_pvalue
polymyxin,polymixinE,polymixinE_vs_control,not_regulated,b3976,b3976,2.6148978763859136,1.001681655234627,2.002332628401167,0.290173954453768,0.5516493859395808,0.2587712944480513,BH_from_pvalue
polymyxin,polymixinE,polymixinE_vs_control,not_regulated,b0094,b0094,2021.0546443429005,-0.4720734155333357,0.7209277483912477,0.047961055701285484,0.28310869887714185,0.25871831822219354,BH_from_pvalue
polymyxin,polymixinE,polymixinE_vs_control,not_regulated,b3737,b3737,904.7074115063198,-0.3652357327107545,0.7763420123209277,0.013336719165434184,0.19572622643123908,0.258715088079698,BH_from_pvalue
polymyxin,polymixinE,polymixinE_vs_control,not_regulated,b2343,b2343,4407.787538099209,-0.5028112787518975,0.7057302333682214,0.061356529290468136,0.3058195286499979,0.258713893405049,BH_from_pvalue
polymyxin,polymixinE,polymixinE_vs_control,not_regulated,b2119,b2119,4.355900044944441,1.1356870672432342,2.197231785302392,0.3335245265112532,0.5920257775247106,0.2585498171842839,BH_from_pvalue
polymyxin,polymixinE,polymixinE_vs_control,not_regulated,b0236,b0236,3.1642725819931172,0.9961570069932622,1.9946795697848898,0.28930769731509537,0.5509339638117269,0.25790550091303666,BH_from_pvalue
polymyxin,polymixinE,polymixinE_vs_control,not_regulated,b0265,b0265,0.39240367985212893,-0.7482628198399776,0.5953199636802806,0.18358478339438103,0.45334988607248616,0.25707802991620754,BH_from_pvalue
polymyxin,polymixinE,polymixinE_vs_control,not_regulated,b3550,b3550,55.281825020082515,-0.4047325622299809,0.7553763067318214,0.022006725043753325,0.23185004589504166,0.25692132201403495,BH_from_pvalue
polymyxin,polymixinE,polymixinE_vs_control,not_regulated,b3395,b3395,69.59786676547587,-0.6247075476138182,0.6485512334735014,0.12528949512675003,0.38812131479347217,0.25677510886272376,BH_from_pvalue
polymyxin,polymixinE,polymixinE_vs_control,not_regulated,b2976,b2976,2955.7554164590288,0.6172955333382291,1.5339968638331305,0.1221384904721015,0.38391259968100105,0.25665150366968636,BH_from_pvalue
polymyxin,polymixinE,polymixinE_vs_control,not_regulated,b0473,b0473,4027.484793493939,-0.4821275804186893,0.7159210574648295,0.0544618766712787,0.29372844276668053,0.25651790630584936,BH_from_pvalue
polymyxin,polymixinE,polymixinE_vs_control,not_regulated,b2441,b2441,291.3283492451814,-0.5059383228839964,0.7042022183862461,0.06458169671364238,0.31147028066923194,0.2562999486050832,BH_from_pvalue
polymyxin,polymixinE,polymixinE_vs_control,not_regulated,b3727,b3727,144.54859550949843,0.6522837978111715,1.5716541687608436,0.13936318913242024,0.40490943486463726,0.25611408247959205,BH_from_pvalue
polymyxin,polymixinE,polymixinE_vs_control,not_regulated,b0745,b0745,7.840728913533847,-0.6762339365189156,0.6257967466309045,0.14936942930591035,0.41808568327192575,0.2561132597615913,BH_from_pvalue
polymyxin,polymixinE,polymixinE_vs_control,not_regulated,b4226,b4226,2176.4978655010077,0.47681402614911406,1.391666984303466,0.053564359484519326,0.29057306030989394,0.2559273788211621,BH_from_pvalue
polymyxin,polymixinE,polymixinE_vs_control,not_regulated,b4439,b4439,8.358190253521599,0.8698602672280504,1.8274858900520583,0.24517214845780227,0.508195540904698,0.2557120833140928,BH_from_pvalue
polymyxin,polymixinE,polymixinE_vs_control,not_regulated,b1156,b1156,1.0368193950307456,-0.816347999149662,0.5678776354777765,0.22337184226903858,0.4863086991331565,0.25558873106234586,BH_from_pvalue
polymyxin,polymixinE,polymixinE_vs_control,not_regulated,b0306,b0306,28.95563091638731,-0.8874498179162158,0.5405688115031546,0.2529045280089429,0.5154347834092547,0.25543137714075675,BH_from_pvalue
polymyxin,polymixinE,polymixinE_vs_control,not_regulated,b0607,b0607,4177.861926659468,0.746832417188898,1.67810433504179,0.18817741899078114,0.4558413152213867,0.2548090003803046,BH_from_pvalue
polymyxin,polymixinE,polymixinE_vs_control,not_regulated,b3292,b3292,231.952669848713,-0.4973989983787108,0.7083827575653485,0.062065554855999794,0.3074569005972324,0.25477560356828155,BH_from_pvalue
polymyxin,polymixinE,polymixinE_vs_control,not_regulated,b1711,b1711,226.38971706066377,0.7248093971781957,1.6526822764291342,0.17360375954268165,0.4457018895108345,0.2543758623374411,BH_from_pvalue
polymyxin,polymixinE,polymixinE_vs_control,not_regulated,b3817,b3817,7.166445225097124,0.6204035579852283,1.5373051439533822,0.12641915154030486,0.3896993109555535,0.25391278882583174,BH_from_pvalue
polymyxin,polymixinE,polymixinE_vs_control,not_regulated,b3668,b3668,74.54034422068624,-0.45071802277691564,0.7316786042171155,0.04175007508601301,0.2735431846616245,0.25374257377401044,BH_from_pvalue
polymyxin,polymixinE,polymixinE_vs_control,not_regulated,b0145,b0145,4826.116433527528,0.36321942925838435,1.2862931095827055,0.014846643786033595,0.20030299125389783,0.253640691324357,BH_from_pvalue
polymyxin,polymixinE,polymixinE_vs_control,not_regulated,b3384,b3384,1150.309903583231,-0.5148901245042214,0.6998462309800267,0.06991312436584092,0.3218292455395536,0.25351876393551676,BH_from_pvalue
polymyxin,polymixinE,polymixinE_vs_control,not_regulated,b4080,b4080,13.027437634422228,0.8747812521921481,1.8337300270663,0.2506734742811761,0.513213148528325,0.25342607560641794,BH_from_pvalue
polymyxin,polymixinE,polymixinE_vs_control,not_regulated,b1528,b1528,110.76386328457708,-0.48200580041078656,0.7159814919637152,0.056695375456468466,0.29826409216747973,0.25324537899692684,BH_from_pvalue
polymyxin,polymixinE,polymixinE_vs_control,not_regulated,b2100,b2100,63.83383366477481,-0.536850882807915,0.6892738162588803,0.08561944926461063,0.33768749941474985,0.25311714700019655,BH_from_pvalue
polymyxin,polymixinE,polymixinE_vs_control,not_regulated,b0108,b0108,4.286954343201498,0.7773742598345341,1.7140084950654213,0.20447319834681033,0.4725797442449207,0.25305467592021164,BH_from_pvalue
polymyxin,polymixinE,polymixinE_vs_control,not_regulated,b4623,b4623,16.1337517345685,0.7573256647062823,1.6903542954764186,0.19460645131067622,0.4633879396481851,0.25298863209049555,BH_from_pvalue
polymyxin,polymixinE,polymixinE_vs_control,not_regulated,b3646,b3646,76.66633712186764,0.7261834021225475,1.6542570203882772,0.17539871428813392,0.44851814489370456,0.2528715717909461,BH_from_pvalue
polymyxin,polymixinE,polymixinE_vs_control,not_regulated,b1549,b1549,1.2668530000234224,0.7330216361174865,1.6621166497867734,0.1801495770399957,0.45198107536275617,0.2528043178025366,BH_from_pvalue
polymyxin,polymixinE,polymixinE_vs_control,not_regulated,b2372,b2372,4.79457710252492,1.1433474209149028,2.2089295710669576,0.3484877362357858,0.6017620416762123,0.252194097965073,BH_from_pvalue
polymyxin,polymixinE,polymixinE_vs_control,not_regulated,b2912,b2912,462.50532281708246,-0.44022609918205013,0.7370190939538641,0.037828042568399,0.2675322884790231,0.25208393977722404,BH_from_pvalue
polymyxin,polymixinE,polymixinE_vs_control,not_regulated,b3648,b3648,1588.900580902434,0.30893785745182356,1.2387953368485072,0.004459747057581092,0.1528173428788604,0.252039955385314,BH_from_pvalue
polymyxin,polymixinE,polymixinE_vs_control,not_regulated,b1093,b1093,9022.01947684244,-0.6392436304202107,0.6420494713286595,0.137794905792637,0.4035165926141154,0.2519505910696074,BH_from_pvalue
polymyxin,polymixinE,polymixinE_vs_control,not_regulated,b0697,b0697,96.75372646303816,-0.522365850829158,0.6962291622578425,0.08029432131584367,0.32944721810342853,0.25189220753704317,BH_from_pvalue
polymyxin,polymixinE,polymixinE_vs_control,not_regulated,b2788,b2788,38.25623985612305,-0.44373325139754094,0.7352295966699891,0.040148912864959495,0.2708826985316937,0.25169381254773954,BH_from_pvalue
polymyxin,polymixinE,polymixinE_vs_control,not_regulated,b1144,b1144,67.60249233609237,0.7474342626158732,1.678804531605722,0.19290579471876146,0.4611149276775715,0.2512805362501894,BH_from_pvalue
polymyxin,polymixinE,polymixinE_vs_control,not_regulated,b3164,b3164,10274.549660097115,-0.4520230548133526,0.7310170421773782,0.045277730565338126,0.27816633610918995,0.25118714572203205,BH_from_pvalue
polymyxin,polymixinE,polymixinE_vs_control,not_regulated,b1627,b1627,92.54999146970329,0.7164597411679008,1.643144936276895,0.17437788512436453,0.44655663499497433,0.2508493588336661,BH_from_pvalue
polymyxin,polymixinE,polymixinE_vs_control,not_regulated,b2183,b2183,604.1040848945695,0.5095520618592033,1.4236081150731543,0.07253541847880714,0.322316482706892,0.2505556582584963,BH_from_pvalue
polymyxin,polymixinE,polymixinE_vs_control,not_regulated,b1591,b1591,258.23573721367296,0.7212394354473473,1.6485977550896955,0.17769267090650273,0.44978144836097317,0.25026897439848855,BH_from_pvalue
polymyxin,polymixinE,polymixinE_vs_control,not_regulated,b1697,b1697,10.380679158220744,0.7855644092167773,1.7237665571662208,0.2149634397044574,0.48041083695021664,0.2501136561942587,BH_from_pvalue
polymyxin,polymixinE,polymixinE_vs_control,not_regulated,b3499,b3499,945.4042845583411,-0.44060708249430114,0.7368244894841112,0.04028913413021412,0.2708826985316937,0.24992059098400396,BH_from_pvalue
polymyxin,polymixinE,polymixinE_vs_control,not_regulated,b3399,b3399,356.04779269093143,0.5067274724272259,1.4208236218054093,0.07162095926747292,0.3218292455395536,0.24949968225864802,BH_from_pvalue
polymyxin,polymixinE,polymixinE_vs_control,not_regulated,b2019,b2019,424.77063255687773,-0.47565755291190825,0.7191389454688785,0.057182129641215676,0.299075836193242,0.24934857182586312,BH_from_pvalue
polymyxin,polymixinE,polymixinE_vs_control,not_regulated,b0498,b0498,2.8183009465417577,1.0037320847090385,2.0051804657303416,0.3009006228444281,0.5645977863285271,0.24918735940848538,BH_from_pvalue
polymyxin,polymixinE,polymixinE_vs_control,not_regulated,b1557,b1557,1951.0160859261102,0.6457441035879459,1.5645460292658695,0.14524881331581385,0.41134622774728674,0.24912321983970667,BH_from_pvalue
polymyxin,polymixinE,polymixinE_vs_control,not_regulated,b4067,b4067,3499.7397933733523,-0.6665844342137692,0.629996433212264,0.1531350113640482,0.423096610021799,0.24900958411000482,BH_from_pvalue
polymyxin,polymixinE,polymixinE_vs_control,not_regulated,b4061,b4061,396.89331432748054,0.4479746270611056,1.364123843575364,0.04544414028315489,0.27816633610918995,0.24893745292225067,BH_from_pvalue
polymyxin,polymixinE,polymixinE_vs_control,not_regulated,b3864,b3864,14.179865565582034,-0.4447243960849705,0.7347246606806286,0.043102545991649914,0.2759248344522422,0.24869397791001555,BH_from_pvalue
polymyxin,polymixinE,polymixinE_vs_control,not_regulated,b3012,b3012,2819.27112621226,0.6453546548561544,1.5641237444330987,0.1463523290303106,0.4127227435600859,0.24803663943236987,BH_from_pvalue
polymyxin,polymixinE,polymixinE_vs_control,not_regulated,b1441,b1441,1710.2590830699871,0.4037368881492114,1.3229301482059372,0.026644082391556186,0.24310899753332407,0.24797477984153496,BH_from_pvalue
polymyxin,polymixinE,polymixinE_vs_control,not_regulated,b0850,b0850,92.14337030265949,-0.5292040427221512,0.6929369326893787,0.0879038463869835,0.3401496964685207,0.24784208288750725,BH_from_pvalue
polymyxin,polymixinE,polymixinE_vs_control,not_regulated,b3748,b3748,1533.306131136512,-0.7824506083980083,0.5813784058787799,0.21954148568320622,0.48241211656231636,0.24770961632227492,BH_from_pvalue
polymyxin,polymixinE,polymixinE_vs_control,not_regulated,b2712,b2712,210.04157808833008,-0.45909050110798955,0.7274447073519416,0.053132276447587806,0.28968116983978653,0.2470272948767917,BH_from_pvalue
polymyxin,polymixinE,polymixinE_vs_control,not_regulated,b2068,b2068,482.15365198590627,-0.4870511173413785,0.7134819724312337,0.06446474262097919,0.31147028066923194,0.246732004073282,BH_from_pvalue
polymyxin,polymixinE,polymixinE_vs_control,not_regulated,b2326,b2326,190.34077562359576,-0.5016318005277531,0.7063074404521769,0.07278349566925016,0.322316482706892,0.24666112727722603,BH_from_pvalue
polymyxin,polymixinE,polymixinE_vs_control,not_regulated,b2291,b2291,310.8000133788641,-0.5014760149375492,0.7063837133021944,0.07379929449178901,0.322316482706892,0.2465845247786348,BH_from_pvalue
polymyxin,polymixinE,polymixinE_vs_control,not_regulated,b1415,b1415,6894.643334605539,-0.6630671014886129,0.6315342568188395,0.15453881304034658,0.4248872744837891,0.2464794643618302,BH_from_pvalue
polymyxin,polymixinE,polymixinE_vs_control,not_regulated,b4588,b4588,0.3702435577367056,-0.7176122011995378,0.6081030787324714,0.18484674441089613,0.45360438560761757,0.24637259806819709,BH_from_pvalue
polymyxin,polymixinE,polymixinE_vs_control,not_regulated,b0085,b0085,1607.7337948489449,-0.6774722373485247,0.6252598402610828,0.16196741484637325,0.4332269432959868,0.24611519113655378,BH_from_pvalue
polymyxin,polymixinE,polymixinE_vs_control,not_regulated,b3359,b3359,134.0166856656385,0.499460623774608,1.413684933260438,0.06950297754739872,0.3218292455395536,0.24592167133856663,BH_from_pvalue
polymyxin,polymixinE,polymixinE_vs_control,not_regulated,b2136,b2136,562.1317234705062,0.5712862998790698,1.4858477548521043,0.10800787233097711,0.3711378225704622,0.2459186339907911,BH_from_pvalue
polymyxin,polymixinE,polymixinE_vs_control,not_regulated,b1838,b1838,251.1501692036394,0.8086003971422304,1.7515114230109075,0.23477374807402304,0.49671322616978164,0.24572903204323243,BH_from_pvalue
polymyxin,polymixinE,polymixinE_vs_control,not_regulated,b3202,b3202,3026.5226778313026,-0.5204419572697656,0.6971582320058891,0.08534352296002197,0.33732439918644885,0.2456237498627109,BH_from_pvalue
polymyxin,polymixinE,polymixinE_vs_control,not_regulated,b2329,b2329,724.9546561563794,-0.49319792303781007,0.7104485486134968,0.06726443661657325,0.3178103318291455,0.2455297026207587,BH_from_pvalue
polymyxin,polymixinE,polymixinE_vs_control,not_regulated,b1669,b1669,56.82070718600642,0.7105824976077528,1.6364647171342628,0.1806868052324007,0.45201849273378103,0.24503996670348752,BH_from_pvalue
polymyxin,polymixinE,polymixinE_vs_control,not_regulated,b2481,b2481,2.454541916896235,0.9130054176682885,1.8829640000536907,0.27625420549171925,0.5393191911031915,0.2448261693761784,BH_from_pvalue
polymyxin,polymixinE,polymixinE_vs_control,not_regulated,b2906,b2906,950.9222653609522,-0.45283657638853114,0.730604945041064,0.05131907902863763,0.2880060403988117,0.2448027302939,BH_from_pvalue
polymyxin,polymixinE,polymixinE_vs_control,not_regulated,b3104,b3104,8.815446489895216,0.9994220235097275,1.999198914927852,0.3064344519618096,0.5690925536433606,0.2446755984039004,BH_from_pvalue
polymyxin,polymixinE,polymixinE_vs_control,not_regulated,b1505,b1505,3.3689811339845654,1.2780395847395614,2.425092177012533,0.40037787449808243,0.6441493010579231,0.24412276323628976,BH_from_pvalue
polymyxin,polymixinE,polymixinE_vs_control,not_regulated,b1605,b1605,110.98203419396837,0.7260301403148421,1.6540812930531261,0.1929342583124032,0.4611149276775715,0.2440846668623663,BH_from_pvalue
polymyxin,polymixinE,polymixinE_vs_control,not_regulated,b2744,b2744,419.2556925479491,0.392843686127442,1.3129788584009212,0.02525308915941457,0.23960235732309335,0.24376300884011776,BH_from_pvalue
polymyxin,polymixinE,polymixinE_vs_control,not_regulated,b4703,b4703,41.56745171243355,0.5847764598160881,1.4998065818780368,0.11972604891635831,0.3830307345375663,0.2437151663207906,BH_from_pvalue
polymyxin,polymixinE,polymixinE_vs_control,not_regulated,b0993,b0993,111.33491600647227,0.567123276418239,1.4815663905362606,0.10945227799443782,0.3717848748847207,0.24369756899790343,BH_from_pvalue
polymyxin,polymixinE,polymixinE_vs_control,not_regulated,b4159,b4159,792.5054353720069,-0.5871210814835646,0.6656699364006021,0.12255389798994436,0.3849493248315431,0.24341830891104324,BH_from_pvalue
polymyxin,polymixinE,polymixinE_vs_control,not_regulated,b4189,b4189,4928.757894179032,-0.7139119702971399,0.6096647461464847,0.18898322688923394,0.45627834382596577,0.2432798845646185,BH_from_pvalue
polymyxin,polymixinE,polymixinE_vs_control,not_regulated,b1830,b1830,2504.9121588331564,-0.5656295743552242,0.6756605022449548,0.1089137526027256,0.371680056282081,0.24312497951797696,BH_from_pvalue
polymyxin,polymixinE,polymixinE_vs_control,not_regulated,b1465,b1465,441.8805606350896,0.9286133142175999,1.90344556779726,0.2861241040301255,0.5474843161317294,0.242951539110061,BH_from_pvalue
polymyxin,polymixinE,polymixinE_vs_control,not_regulated,b4511,b4511,0.3622724262616909,-0.7070478837190318,0.6125723340544109,0.18426953348279734,0.45334988607248616,0.24291795901577043,BH_from_pvalue
polymyxin,polymixinE,polymixinE_vs_control,not_regulated,b4462,b4462,6.910422419262559,1.4101394479304197,2.6576284966738903,0.4431169439137982,0.672676346177612,0.2428173313691878,BH_from_pvalue
polymyxin,polymixinE,polymixinE_vs_control,not_regulated,b4264,b4264,58.22273069491914,0.5750842263440967,1.489764434898211,0.11583363437567921,0.3787247651170132,0.24249938592667722,BH_from_pvalue
polymyxin,polymixinE,polymixinE_vs_control,not_regulated,b3175,b3175,1472.020845747423,0.6195089906261231,1.5363522074790623,0.14113413629144775,0.40611906104479195,0.2424427536200365,BH_from_pvalue
polymyxin,polymixinE,polymixinE_vs_control,not_regulated,b4336,b4336,554.8171208741786,0.5888984290346837,1.504097853714818,0.12503675443207748,0.38812131479347217,0.24205639711263052,BH_from_pvalue
polymyxin,polymixinE,polymixinE_vs_control,not_regulated,b0949,b0949,1031.5775145522123,-0.5805598450156122,0.6687042330203539,0.12157293155966387,0.38346801081149495,0.24167014560310396,BH_from_pvalue
polymyxin,polymixinE,polymixinE_vs_control,not_regulated,b2029,b2029,3218.179192010973,-0.4110539672682414,0.7520737421502682,0.03472195836813866,0.25831399414933703,0.24163892361036043,BH_from_pvalue
polymyxin,polymixinE,polymixinE_vs_control,not_regulated,b2957,b2957,1933.3768042762592,1.3735712684014878,2.5911118051262374,0.4380235901899445,0.6683277166466657,0.2403894323767951,BH_from_pvalue
polymyxin,polymixinE,polymixinE_vs_control,not_regulated,b4306,b4306,77.8709049838378,0.6613289437521059,1.5815387931223182,0.16257456895416728,0.4332269432959868,0.24025058212378306,BH_from_pvalue
polymyxin,polymixinE,polymixinE_vs_control,not_regulated,b2630,b2630,841.1283624613552,0.4762550004830448,1.3911278358125185,0.06516525883563866,0.31349019705101894,0.2399258558696592,BH_from_pvalue
polymyxin,polymixinE,polymixinE_vs_control,not_regulated,b2273,b2273,7.551333986134689,0.7145183033811668,1.6409352397694692,0.19336030744287214,0.4616426023768784,0.2398595926693821,BH_from_pvalue
polymyxin,polymixinE,polymixinE_vs_control,not_regulated,b3892,b3892,1665.0761925554227,0.49656054718196074,1.410846026516054,0.07896111438194339,0.3289330670395575,0.2397853468951789,BH_from_pvalue
polymyxin,polymixinE,polymixinE_vs_control,not_regulated,b3557,b3557,13.049769314866097,0.8534905464207223,1.8068672884503385,0.26237363638267214,0.5238156309140076,0.23967853487725818,BH_from_pvalue
polymyxin,polymixinE,polymixinE_vs_control,not_regulated,b4642,b4642,14.440501661795677,-0.7620841024246912,0.589643921624851,0.2229670490676459,0.485925165123506,0.238860484396357,BH_from_pvalue
polymyxin,polymixinE,polymixinE_vs_control,not_regulated,b1970,b1970,20.035028791382285,0.721042774824137,1.6483730422043243,0.19892188452501336,0.46678396892458485,0.23858156627457586,BH_from_pvalue
polymyxin,polymixinE,polymixinE_vs_control,not_regulated,b3893,b3893,3866.2583007472454,0.5263395621779097,1.44027027009212,0.09551099479439251,0.3524269520797191,0.23839544425397688,BH_from_pvalue
polymyxin,polymixinE,polymixinE_vs_control,not_regulated,b2553,b2553,554.3064641065307,-0.42022393086572585,0.7473086202766523,0.04075438891809083,0.27100172480550333,0.23827871196932543,BH_from_pvalue
polymyxin,polymixinE,polymixinE_vs_control,not_regulated,b4479,b4479,172.19742804687522,-0.7183621620353424,0.6077870486880655,0.198578311558737,0.46678396892458485,0.23769459421125788,BH_from_pvalue
polymyxin,polymixinE,polymixinE_vs_control,not_regulated,b1858,b1858,1536.6444402725474,0.5799317096007464,1.4947784911754107,0.12599248862439785,0.38922679521465764,0.23765443115047766,BH_from_pvalue
polymyxin,polymixinE,polymixinE_vs_control,not_regulated,b4273,b4273,1.2848641814899568,0.8656548933821856,1.8221666292420775,0.27032598824573684,0.5314513544517068,0.23765384885706137,BH_from_pvalue
polymyxin,polymixinE,polymixinE_vs_control,not_regulated,b2439,b2439,158.88612865675327,-0.46129879292065734,0.7263320804072111,0.060833299182151454,0.30572980974448855,0.23741305805784182,BH_from_pvalue
polymyxin,polymixinE,polymixinE_vs_control,not_regulated,b4411,b4411,1146.14457877849,0.6878304329656757,1.6108592387720095,0.18042910838151047,0.45198107536275617,0.23721878700704685,BH_from_pvalue
polymyxin,polymixinE,polymixinE_vs_control,not_regulated,b4708,b4708,6.058746235511552,0.6145553147168794,1.5310859941204524,0.14541245565650246,0.41134622774728674,0.23709081960052633,BH_from_pvalue
polymyxin,polymixinE,polymixinE_vs_control,not_regulated,b4372,b4372,116.85914528825886,0.5654944520502925,1.4798946237332757,0.1182779041326688,0.38084464044933236,0.23708476583450924,BH_from_pvalue
polymyxin,polymixinE,polymixinE_vs_control,not_regulated,b2811,b2811,428.43987901594096,-0.329943317265462,0.7955677405818303,0.011904390696655097,0.19123553340555224,0.23704164213523615,BH_from_pvalue
polymyxin,polymixinE,polymixinE_vs_control,not_regulated,b1236,b1236,1538.334411850602,0.4668937095595833,1.3821303744338775,0.06434328179061587,0.31147028066923194,0.23652059619052637,BH_from_pvalue
polymyxin,polymixinE,polymixinE_vs_control,not_regulated,b4387,b4387,104.9802853523039,-0.3982092017938843,0.7587995867764664,0.03314932777147616,0.2549839500784246,0.23633204638629124,BH_from_pvalue
polymyxin,polymixinE,polymixinE_vs_control,not_regulated,b2993,b2993,205.34776193239432,1.0424856615473175,2.0597734418641664,0.33643770164607356,0.5936112239781277,0.23612080897991114,BH_from_pvalue
polymyxin,polymixinE,polymixinE_vs_control,not_regulated,b2736,b2736,39.65499560957644,0.4372759890260971,1.3540452845153614,0.052376172607810724,0.28857247928652413,0.23601756773006302,BH_from_pvalue
polymyxin,polymixinE,polymixinE_vs_control,not_regulated,b1307,b1307,37.84991111109567,0.5668411211199818,1.481276661300829,0.12165603633348229,0.38346801081149495,0.23595944061754534,BH_from_pvalue
polymyxin,polymixinE,polymixinE_vs_control,not_regulated,b0023,b0023,1730.7456573596617,0.6022573504445461,1.5180900283558696,0.14074130267381596,0.4060643870601823,0.23572659705210963,BH_from_pvalue
polymyxin,polymixinE,polymixinE_vs_control,not_regulated,b3076,b3076,498.67732729442787,1.1100251577495772,2.158494112551061,0.3603477854465526,0.6132593034198236,0.23572034103329087,BH_from_pvalue
polymyxin,polymixinE,polymixinE_vs_control,not_regulated,b1836,b1836,2018.6440422057485,-0.8172663239268338,0.5675162769450056,0.2540661049353953,0.5154355980711561,0.2352301623719077,BH_from_pvalue
polymyxin,polymixinE,polymixinE_vs_control,not_regulated,b0301,b0301,6.2342780547242205,1.1993348652507276,2.2963377708934805,0.389504409874861,0.6366418788942764,0.23519531966237192,BH_from_pvalue
polymyxin,polymixinE,polymixinE_vs_control,not_regulated,b0072,b0072,185.82863053768565,-0.5958423780038098,0.6616580056108866,0.13807438584104897,0.40380922465087016,0.23465688818754565,BH_from_pvalue
polymyxin,polymixinE,polymixinE_vs_control,not_regulated,b3610,b3610,510.9823597351231,0.4865345960063525,1.4010753984014455,0.07999534581589882,0.32944721810342853,0.2346138692578231,BH_from_pvalue
polymyxin,polymixinE,polymixinE_vs_control,not_regulated,b2903,b2903,11445.829578465828,-0.6000380427334271,0.6597365584229687,0.14210546842083227,0.40660966727538395,0.2345082479992748,BH_from_pvalue
polymyxin,polymixinE,polymixinE_vs_control,not_regulated,b3088,b3088,194.97554671024145,0.7458260248349102,1.6769341345383908,0.22242589067806617,0.4854302068267548,0.23409480281473338,BH_from_pvalue
polymyxin,polymixinE,polymixinE_vs_control,not_regulated,b1111,b1111,630.5246759707669,-0.6863329463817003,0.6214314034371782,0.1887448323945526,0.45611497423145664,0.23398851935436205,BH_from_pvalue
polymyxin,polymixinE,polymixinE_vs_control,not_regulated,b2605,b2605,92.44060274412873,0.5620728524179324,1.4763889576752205,0.1214175358232686,0.38346801081149495,0.23397454930721368,BH_from_pvalue
polymyxin,polymixinE,polymixinE_vs_control,not_regulated,b4059,b4059,1059.5428470086474,-0.4122309938929103,0.7514604109953696,0.04044628078995921,0.27100172480550333,0.23374649334291156,BH_from_pvalue
polymyxin,polymixinE,polymixinE_vs_control,not_regulated,b3627,b3627,272.9977359175055,-0.4746392677100877,0.7196467083839653,0.07143116564697952,0.3218292455395536,0.23370026873400193,BH_from_pvalue
polymyxin,polymixinE,polymixinE_vs_control,not_regulated,b4051,b4051,3216.9674074757263,0.4203360120111892,1.338239202135247,0.04487173457028285,0.27816633610918995,0.23357880085313187,BH_from_pvalue
polymyxin,polymixinE,polymixinE_vs_control,not_regulated,b2498,b2498,434.4737552483486,-0.4199309457851843,0.7474604004547262,0.04510006786564448,0.27816633610918995,0.2333537074025764,BH_from_pvalue
polymyxin,polymixinE,polymixinE_vs_control,not_regulated,b3240,b3240,85.59862212366174,0.4819794956910215,1.396658682309288,0.07951195346543882,0.32944721810342853,0.23241733540676807,BH_from_pvalue
polymyxin,polymixinE,polymixinE_vs_control,not_regulated,b2426,b2426,5392.628803841098,-0.8887164617751857,0.5400944162517923,0.28679203678776577,0.5477667012617284,0.23231436861336752,BH_from_pvalue
polymyxin,polymixinE,polymixinE_vs_control,not_regulated,b1233,b1233,246.7514985366804,0.4573759663694812,1.3730421994726707,0.06329065823612964,0.3108114495772305,0.23211967102131958,BH_from_pvalue
polymyxin,polymixinE,polymixinE_vs_control,not_regulated,b0806,b0806,482.90403477046135,-0.805041830008868,0.5723454852718908,0.25406638621548355,0.5154355980711561,0.23171164019003085,BH_from_pvalue
polymyxin,polymixinE,polymixinE_vs_control,not_regulated,b1454,b1454,270.2405110503472,0.8684052138868257,1.8256436788487465,0.27936734034488203,0.5418690370294434,0.2310875463448171,BH_from_pvalue
polymyxin,polymixinE,polymixinE_vs_control,not_regulated,b2689,b2689,185.34725241404956,-0.3633900098564169,0.7773358669810232,0.022346725141591743,0.23185004589504166,0.23067736686318913,BH_from_pvalue
polymyxin,polymixinE,polymixinE_vs_control,not_regulated,b1786,b1786,114.46831176509971,0.6133380813949181,1.5297947282315516,0.15175421596883554,0.4210824603933945,0.23038993038590022,BH_from_pvalue
polymyxin,polymixinE,polymixinE_vs_control,not_regulated,b3594,b3594,27.028526383119964,0.5999725024777485,1.5156876774855912,0.14696538029960626,0.4134148096232827,0.230157833471003,BH_from_pvalue
polymyxin,polymixinE,polymixinE_vs_control,not_regulated,b4255,b4255,4636.584918267086,-0.5211174938129233,0.6968318666935479,0.10175198622761808,0.36176324708336355,0.23011274752944144,BH_from_pvalue
polymyxin,polymixinE,polymixinE_vs_control,not_regulated,b1436,b1436,35.30350472776167,0.5364005777363579,1.4503494800396877,0.11097211253480664,0.3729961085096623,0.22973806048619855,BH_from_pvalue
polymyxin,polymixinE,polymixinE_vs_control,not_regulated,b2431,b2431,2199.9249443362246,-0.41237267655455945,0.7513866159934359,0.04508523783276109,0.27816633610918995,0.22915361173395338,BH_from_pvalue
polymyxin,polymixinE,polymixinE_vs_control,not_regulated,b0169,b0169,7468.53924042662,-0.46534562213258823,0.7242975386978735,0.07298398931858548,0.322316482706892,0.22881857890186896,BH_from_pvalue
polymyxin,polymixinE,polymixinE_vs_control,not_regulated,b1668,b1668,2366.7818244668047,0.6910990414490215,1.6145129820075488,0.19910842497784112,0.46693936160079735,0.22857376164180798,BH_from_pvalue
polymyxin,polymixinE,polymixinE_vs_control,not_regulated,b4282,b4282,2.2792874778819026,1.0914387048581835,2.1308642764784453,0.36477729507202433,0.6174672744108384,0.22853204462108737,BH_from_pvalue
polymyxin,polymixinE,polymixinE_vs_control,not_regulated,b4580,b4580,68.98885364286018,0.534749705445666,1.448690797987446,0.11177332627200537,0.37462051032139565,0.22802179242884804,BH_from_pvalue
polymyxin,polymixinE,polymixinE_vs_control,not_regulated,b1541,b1541,120.24273981942842,1.004921245082734,2.006833943474697,0.3361202211609202,0.5936112239781277,0.22761254768516032,BH_from_pvalue
polymyxin,polymixinE,polymixinE_vs_control,not_regulated,b0297,b0297,2.3290618594805492,1.185373015517886,2.274221881114925,0.3977872198045792,0.6428001698538437,0.22750155095997476,BH_from_pvalue
polymyxin,polymixinE,polymixinE_vs_control,not_regulated,b3987,b3987,17744.89209472259,-0.6812284827885389,0.6236340118448165,0.19481342215445696,0.46363532955066,0.22741006123514831,BH_from_pvalue
polymyxin,polymixinE,polymixinE_vs_control,not_regulated,b4253,b4253,47.09981381442359,0.7006287324748035,1.6252129129198705,0.20618607817508175,0.47390136925473564,0.22722233104613976,BH_from_pvalue
polymyxin,polymixinE,polymixinE_vs_control,not_regulated,b0379,b0379,912.0284867278818,-0.9682824797112897,0.5111141793426546,0.321258242051978,0.5833966501353449,0.22661302516237572,BH_from_pvalue
polymyxin,polymixinE,polymixinE_vs_control,not_regulated,b0996,b0996,8.533599584381566,0.8443033066385066,1.7953975191062679,0.27770610368916854,0.539712499730443,0.2261361067894882,BH_from_pvalue
polymyxin,polymixinE,polymixinE_vs_control,not_regulated,b4232,b4232,2607.6132186112372,0.3547510265111278,1.278764879037475,0.021693037928793457,0.230499994393939,0.22609314565229874,BH_from_pvalue
polymyxin,polymixinE,polymixinE_vs_control,not_regulated,b4594,b4594,1.692840777932627,1.0237137610806897,2.0331459188250567,0.34711910887393327,0.601462477894072,0.22602725679706062,BH_from_pvalue
polymyxin,polymixinE,polymixinE_vs_control,not_regulated,b4041,b4041,2673.7709346187016,-0.5218303087482141,0.6964876571004464,0.10663979369430925,0.36897368618230997,0.22595492671034975,BH_from_pvalue
polymyxin,polymixinE,polymixinE_vs_control,not_regulated,b0475,b0475,611.7881912115917,0.4002688299060573,1.3197538090597951,0.042205195677004766,0.2735431846616245,0.22534098476054198,BH_from_pvalue
polymyxin,polymixinE,polymixinE_vs_control,not_regulated,b2513,b2513,1001.1186492389983,-0.6131043406185519,0.6537883883556947,0.1578099503312962,0.42947913348559663,0.2250448112397187,BH_from_pvalue
polymyxin,polymixinE,polymixinE_vs_control,not_regulated,b2041,b2041,597.4939797732214,-0.41474683198304874,0.750151121635542,0.050386499348278734,0.28684589943955785,0.22493850594532083,BH_from_pvalue
polymyxin,polymixinE,polymixinE_vs_control,not_regulated,b1281,b1281,199.90599565954992,0.5243030837762603,1.438238648681313,0.1100961668558318,0.3727724146482527,0.2246933546097693,BH_from_pvalue
polymyxin,polymixinE,polymixinE_vs_control,not_regulated,b1162,b1162,591.9782382005919,-0.3939430847315588,0.7610467136209652,0.03913767774184643,0.26911970661197326,0.22456902793496122,BH_from_pvalue
polymyxin,polymixinE,polymixinE_vs_control,not_regulated,b1039,b1039,26.709832268529325,0.8794739257156721,1.8397043364285859,0.2939486393129238,0.5555382267350972,0.22451742613463146,BH_from_pvalue
polymyxin,polymixinE,polymixinE_vs_control,not_regulated,b4024,b4024,222.26776034491414,-0.46424349391838504,0.724851067837052,0.07745982949468964,0.3285436663382447,0.22441850857347256,BH_from_pvalue
polymyxin,polymixinE,polymixinE_vs_control,not_regulated,b0230,b0230,32.14306039069635,0.45547851728926503,1.3712375456199848,0.07143604104900154,0.3218292455395536,0.2242660039625787,BH_from_pvalue
polymyxin,polymixinE,polymixinE_vs_control,not_regulated,b3262,b3262,11.958600374924755,1.085419601228157,2.121992564788166,0.3701786612022575,0.6215243068636634,0.22418460730396422,BH_from_pvalue
polymyxin,polymixinE,polymixinE_vs_control,not_regulated,b2524,b2524,166.85576178243664,-0.6223630996284495,0.6496060168456574,0.16648272010912898,0.43679316923098105,0.22387904443848453,BH_from_pvalue
polymyxin,polymixinE,polymixinE_vs_control,not_regulated,b1522,b1522,231.1736143981051,-0.4626310092640127,0.7256616789625524,0.07825970885959325,0.3286236954762599,0.22359008718296267,BH_from_pvalue
polymyxin,polymixinE,polymixinE_vs_control,not_regulated,b4365,b4365,2.337032990955564,1.17480869803738,2.2576294271623087,0.4017361635826418,0.6455910195765354,0.22326360484678806,BH_from_pvalue
polymyxin,polymixinE,polymixinE_vs_control,not_regulated,b2747,b2747,151.91978785599642,0.46291112454875094,1.3783202406392374,0.08006252923428932,0.32944721810342853,0.2232222969226519,BH_from_pvalue
polymyxin,polymixinE,polymixinE_vs_control,not_regulated,b2619,b2619,262.17682217336045,-0.4075394762482265,0.7539080719269827,0.04807109190331441,0.28338633208533187,0.2231772162358688,BH_from_pvalue
polymyxin,polymixinE,polymixinE_vs_control,not_regulated,b0736,b0736,220.82172928272166,0.46129575139169976,1.3767778110728106,0.07885346550804612,0.3289330670395575,0.22275624271091768,BH_from_pvalue
polymyxin,polymixinE,polymixinE_vs_control,not_regulated,b4339,b4339,73.66397998198484,0.7002395877652736,1.6247745959500322,0.2169097567277435,0.48116765614658447,0.22246861927809145,BH_from_pvalue
polymyxin,polymixinE,polymixinE_vs_control,not_regulated,b0093,b0093,1148.3773003550916,-0.4599803742824946,0.7269961482928107,0.07794286846680559,0.3286236954762599,0.22230903231474128,BH_from_pvalue
polymyxin,polymixinE,polymixinE_vs_control,not_regulated,b3885,b3885,673.2928606640288,0.5161773142802382,1.430160749314874,0.11083973188439374,0.3729961085096623,0.22107652372440578,BH_from_pvalue
polymyxin,polymixinE,polymixinE_vs_control,not_regulated,b0923,b0923,284.91955162916577,-0.5789576659523261,0.669447272278195,0.14821484767049325,0.41562991572436325,0.22075262160711148,BH_from_pvalue
polymyxin,polymixinE,polymixinE_vs_control,not_regulated,b1049,b1049,4231.101224980711,-0.6702710464620036,0.6283886176014108,0.20179938071731862,0.4695776588031553,0.2200450069802667,BH_from_pvalue
polymyxin,polymixinE,polymixinE_vs_control,not_regulated,b0476,b0476,109.3682291405912,-0.6633027249703574,0.6314311219598516,0.19740929424763176,0.4658693628152401,0.2200412928268296,BH_from_pvalue
polymyxin,polymixinE,polymixinE_vs_control,not_regulated,b3824,b3824,51.67983596523348,-0.45468248841310555,0.7296707420370205,0.07708287388620878,0.3285436663382447,0.21979665253441993,BH_from_pvalue
polymyxin,polymixinE,polymixinE_vs_control,not_regulated,b3090,b3090,39.44218525305153,0.39479889492191855,1.314759475984326,0.04534453292402055,0.27816633610918995,0.21938794159646874,BH_from_pvalue
polymyxin,polymixinE,polymixinE_vs_control,not_regulated,b0790,b0790,462.6290062580365,0.7618555544756038,1.6956701468669846,0.2533629021183739,0.5154347958970809,0.21928203986223652,BH_from_pvalue
polymyxin,polymixinE,polymixinE_vs_control,not_regulated,b1051,b1051,4015.2677540702402,0.6775789220335557,1.599453357671721,0.20695606215513648,0.47472384418410996,0.2192367274111854,BH_from_pvalue
polymyxin,polymixinE,polymixinE_vs_control,not_regulated,b2325,b2325,153.54160760038374,-0.4544465757442815,0.7297900691589999,0.08053340528047663,0.32944721810342853,0.21914057167055426,BH_from_pvalue
polymyxin,polymixinE,polymixinE_vs_control,not_regulated,b3147,b3147,1196.5825293063892,-0.4597244693163134,0.7271251141660446,0.08327341421556374,0.3337090761154892,0.21911938469844042,BH_from_pvalue
polymyxin,polymixinE,polymixinE_vs_control,not_regulated,b3234,b3234,847.4730422059159,0.32157371051333783,1.249692987046844,0.016235782823059867,0.20865300325178082,0.21885514376046966,BH_from_pvalue
polymyxin,polymixinE,polymixinE_vs_control,not_regulated,b3434,b3434,133.21781342881334,0.45316664523769745,1.3690419415509867,0.07856363823058489,0.3289330670395575,0.21883075859795834,BH_from_pvalue
polymyxin,polymixinE,polymixinE_vs_control,not_regulated,b2008,b2008,804.1677087055068,0.5640862367476167,1.4784508026722674,0.14437478827760078,0.4102323421810791,0.2182845093659341,BH_from_pvalue
polymyxin,polymixinE,polymixinE_vs_control,not_regulated,b4406,b4406,197.25379909691205,-0.4922166730468831,0.7109319250317874,0.10052501170542982,0.3602880499211341,0.2182243320731868,BH_from_pvalue
polymyxin,polymixinE,polymixinE_vs_control,not_regulated,b3379,b3379,12.100337840451388,0.5240889849661086,1.438025227045107,0.12074793729805075,0.38346801081149495,0.21816297216066746,BH_from_pvalue
polymyxin,polymixinE,polymixinE_vs_control,not_regulated,b1480,b1480,12673.050929683754,-0.8300749903078835,0.5625000032165598,0.28390226971147015,0.5461900809076957,0.21802433531106022,BH_from_pvalue
polymyxin,polymixinE,polymixinE_vs_control,not_regulated,b0712,b0712,1499.1634574949296,-0.618676479202465,0.6512681236778254,0.1730415257299993,0.4447451515310184,0.21770531009378458,BH_from_pvalue
polymyxin,polymixinE,polymixinE_vs_control,not_regulated,b1073,b1073,18.58267468351883,1.686165283105681,3.218002134733649,0.5373937191725248,0.7428386443878354,0.21769323088046932,BH_from_pvalue
polymyxin,polymixinE,polymixinE_vs_control,not_regulated,b2956,b2956,18.621652250982702,0.9821885476609351,1.9754598814005004,0.34494319573566357,0.6003136819935172,0.21767435296285428,BH_from_pvalue
polymyxin,polymixinE,polymixinE_vs_control,not_regulated,b0442,b0442,100.20982538098407,-0.8306571002252117,0.5622730870828074,0.28563457581490936,0.5474155611484713,0.2173687267017205,BH_from_pvalue
polymyxin,polymixinE,polymixinE_vs_control,not_regulated,b1473,b1473,41.89757093989997,0.6343499908646786,1.552238228391002,0.18629273702999916,0.45445655546943253,0.21726971041458715,BH_from_pvalue
polymyxin,polymixinE,polymixinE_vs_control,not_regulated,b0434,b0434,418.0551048403984,0.5941347797162244,1.5095669889726533,0.1595806739083311,0.43175397974072216,0.21671877118819166,BH_from_pvalue
polymyxin,polymixinE,polymixinE_vs_control,not_regulated,b0709,b0709,59.012935440718614,0.5366459646548121,1.4505961898767123,0.13053014282328618,0.39498882279815123,0.21649113575483755,BH_from_pvalue
polymyxin,polymixinE,polymixinE_vs_control,not_regulated,b3921,b3921,78.99542794991925,-0.49406491936386665,0.7100217285165339,0.10439244652283629,0.36484632825152885,0.21634609744705666,BH_from_pvalue
polymyxin,polymixinE,polymixinE_vs_control,not_regulated,b4202,b4202,324.8532666599702,-0.6792273010063168,0.6244996632476053,0.21508609490560843,0.48041083695021664,0.21625728157800045,BH_from_pvalue
polymyxin,polymixinE,polymixinE_vs_control,not_regulated,b4572,b4572,22.05755190624571,-0.4945490152314349,0.7097835209161496,0.10481113202137594,0.3654577301024411,0.21619845575490665,BH_from_pvalue
polymyxin,polymixinE,polymixinE_vs_control,not_regulated,b1735,b1735,89.65663379253124,-0.3991368704497784,0.7583118271953141,0.051082015365232665,0.2880060403988117,0.2157727549888417,BH_from_pvalue
polymyxin,polymixinE,polymixinE_vs_control,not_regulated,b0912,b0912,3029.781443622523,0.5085354436252167,1.4226053001143597,0.11400135827785522,0.37666169398592103,0.21564371482110897,BH_from_pvalue
polymyxin,polymixinE,polymixinE_vs_control,not_regulated,b2730,b2730,383.9366054952459,-0.4447549514054874,0.7347090998662299,0.07803175775196011,0.3286236954762599,0.21495056831146736,BH_from_pvalue
polymyxin,polymixinE,polymixinE_vs_control,not_regulated,b1943,b1943,17.77641487118061,1.1053164165765992,2.1514605945199623,0.3935290762810573,0.639253804663126,0.2147924679164773,BH_from_pvalue
polymyxin,polymixinE,polymixinE_vs_control,not_regulated,b3178,b3178,13492.02862500595,-0.38625555504293096,0.7651128429162585,0.0453021099373858,0.27816633610918995,0.21464044667052473,BH_from_pvalue
polymyxin,polymixinE,polymixinE_vs_control,not_regulated,b1310,b1310,6.028212362186628,1.0541882166073082,2.0765494338142756,0.3747101025226872,0.6258062505023658,0.2145906624493317,BH_from_pvalue
polymyxin,polymixinE,polymixinE_vs_control,not_regulated,b2944,b2944,16.147779685730967,0.6496826925830717,1.568823109727748,0.1999544220964978,0.46779915451166143,0.21435667625914887,BH_from_pvalue
polymyxin,polymixinE,polymixinE_vs_control,not_regulated,b0031,b0031,488.585346270427,-0.4223335218250881,0.746216661553075,0.06336947475616315,0.3108352207777774,0.21432149819122367,BH_from_pvalue
polymyxin,polymixinE,polymixinE_vs_control,not_regulated,b2133,b2133,3605.292910365923,-0.37262196344589604,0.7723774964928609,0.03743358469007481,0.2660269239875685,0.21428535472914859,BH_from_pvalue
polymyxin,polymixinE,polymixinE_vs_control,not_regulated,b4056,b4056,1583.0738335829562,-0.6385096469328779,0.6423762026157047,0.19359439634369668,0.4619562836890969,0.21415557438932,BH_from_pvalue
polymyxin,polymixinE,polymixinE_vs_control,not_regulated,b1344,b1344,482.64118662019695,-0.38149021210135636,0.76764425335366,0.04277364700121084,0.2746698526288774,0.2140881127395653,BH_from_pvalue
polymyxin,polymixinE,polymixinE_vs_control,not_regulated,b0134,b0134,971.3050363710717,-0.39089690275755906,0.7626553252223521,0.048340467681756316,0.283488166404876,0.21400239830324982,BH_from_pvalue
polymyxin,polymixinE,polymixinE_vs_control,not_regulated,b0608,b0608,907.1602553499673,1.062661714159395,2.0887816868517164,0.38053084929078484,0.6292749118051287,0.21376458680268012,BH_from_pvalue
polymyxin,polymixinE,polymixinE_vs_control,not_regulated,b0634,b0634,268.35113626062605,-0.6224515752355533,0.6495661799274078,0.18540846892218615,0.45360438560761757,0.21370178977737797,BH_from_pvalue
polymyxin,polymixinE,polymixinE_vs_control,not_regulated,b0403,b0403,267.9783999044318,-0.45794522874251076,0.7280224130128868,0.08892027302484762,0.3415697798288427,0.2136408646603503,BH_from_pvalue
polymyxin,polymixinE,polymixinE_vs_control,not_regulated,b4272,b4272,0.3029142073319742,0.6212355917504865,1.538191997142343,0.18454505144480263,0.45334988607248616,0.21343573114483888,BH_from_pvalue
polymyxin,polymixinE,polymixinE_vs_control,not_regulated,b4516,b4516,0.3029142073319742,0.6212355917504865,1.538191997142343,0.18454505144480263,0.45334988607248616,0.21343573114483888,BH_from_pvalue
polymyxin,polymixinE,polymixinE_vs_control,not_regulated,b4697,b4697,0.3029142073319742,0.6212355917504865,1.538191997142343,0.18454505144480263,0.45334988607248616,0.21343573114483888,BH_from_pvalue
polymyxin,polymixinE,polymixinE_vs_control,not_regulated,b2738,b2738,31.969905973399253,-0.4764147844036577,0.7187615879851142,0.09815399759406294,0.35719796211819993,0.21300077547923454,BH_from_pvalue
polymyxin,polymixinE,polymixinE_vs_control,not_regulated,b2346,b2346,1629.0683196213943,0.3224653876185748,1.250465615374761,0.0199927795778173,0.21880175800735333,0.2128107722960939,BH_from_pvalue
polymyxin,polymixinE,polymixinE_vs_control,not_regulated,b2936,b2936,2805.846777016904,-0.5162749049567132,0.699174801199534,0.12465984264949403,0.3875051639512261,0.2125619974711861,BH_from_pvalue
polymyxin,polymixinE,polymixinE_vs_control,not_regulated,b0906,b0906,363.5867642887004,0.431854831501262,1.348966790242052,0.07257400133799925,0.322316482706892,0.21235057156693238,BH_from_pvalue
polymyxin,polymixinE,polymixinE_vs_control,not_regulated,b0086,b0086,1481.0377322392758,-0.509830785423306,0.7023048067952625,0.12062733407304138,0.38346801081149495,0.21222769918384876,BH_from_pvalue
polymyxin,polymixinE,polymixinE_vs_control,not_regulated,b1916,b1916,145.66549187849805,0.5027127357705234,1.416875245333711,0.1164472006054553,0.3788107449130544,0.211932484332456,BH_from_pvalue
polymyxin,polymixinE,polymixinE_vs_control,not_regulated,b1607,b1607,137.63009937930914,0.3897867194351079,1.310199696401168,0.049411543402171534,0.2860400543410136,0.2118775941807452,BH_from_pvalue
polymyxin,polymixinE,polymixinE_vs_control,not_regulated,b1861,b1861,409.0198333690674,-0.44410630639995574,0.7350395040917471,0.08303146339073582,0.3337090761154892,0.21167526876212375,BH_from_pvalue
polymyxin,polymixinE,polymixinE_vs_control,not_regulated,b2904,b2904,2241.0872231693374,-0.34718010136695376,0.7861191494511118,0.02989719379388306,0.24591029315496424,0.21151020443192425,BH_from_pvalue
polymyxin,polymixinE,polymixinE_vs_control,not_regulated,b3653,b3653,717.663071871586,-0.31549805080820725,0.8035735311790597,0.018192632014023286,0.21421586073056736,0.21111500857197624,BH_from_pvalue
polymyxin,polymixinE,polymixinE_vs_control,not_regulated,b4611,b4611,12.339839998802098,0.6131025525885558,1.5295450002528437,0.1810453421774945,0.45266367377118966,0.2110448314547703,BH_from_pvalue
polymyxin,polymixinE,polymixinE_vs_control,not_regulated,b3686,b3686,101.6814469634672,0.7276759890585263,1.6559693712616679,0.24998128266069872,0.5129531190655369,0.21096951464296693,BH_from_pvalue
polymyxin,polymixinE,polymixinE_vs_control,not_regulated,b3984,b3984,9640.76017377541,-0.43265516419984884,0.740896968495086,0.07507569288635775,0.3254557005708235,0.2109229044534195,BH_from_pvalue
polymyxin,polymixinE,polymixinE_vs_control,not_regulated,b0682,b0682,31.00631785661506,-0.5944460715478721,0.662298698583673,0.1706408465710882,0.442387624136458,0.2105510336259443,BH_from_pvalue
polymyxin,polymixinE,polymixinE_vs_control,not_regulated,b1581,b1581,14.733853139520997,0.43547462465063314,1.3523556642272099,0.07729764342270605,0.3285436663382447,0.2105114386435941,BH_from_pvalue
polymyxin,polymixinE,polymixinE_vs_control,not_regulated,b4366,b4366,11.586062539073856,0.47164186002400044,1.386686690145644,0.09885091601580082,0.3581977227741345,0.21029434227493313,BH_from_pvalue
polymyxin,polymixinE,polymixinE_vs_control,not_regulated,b3038,b3038,2795.331888897989,-0.2752253045700286,0.8263212621240253,0.00783997611882871,0.1724814191851672,0.21006782829203968,BH_from_pvalue
polymyxin,polymixinE,polymixinE_vs_control,not_regulated,b3009,b3009,2116.1344602935646,-0.3383544826548288,0.7909429357846419,0.025462411471862744,0.23960235732309335,0.20995197239780966,BH_from_pvalue
polymyxin,polymixinE,polymixinE_vs_control,not_regulated,b3133,b3133,43.94389125032055,-0.685629156013408,0.6217346304666962,0.23001622654911089,0.4941707813450773,0.2098868106201824,BH_from_pvalue
polymyxin,polymixinE,polymixinE_vs_control,not_regulated,b3644,b3644,1332.421912975355,0.4267478024218825,1.3441999939580254,0.07362586610518927,0.322316482706892,0.20983935607295445,BH_from_pvalue
polymyxin,polymixinE,polymixinE_vs_control,not_regulated,b4207,b4207,551.200312792154,0.44164810611539096,1.3581549707880334,0.08466792316874854,0.3355386065313048,0.20945492818625971,BH_from_pvalue
polymyxin,polymixinE,polymixinE_vs_control,not_regulated,b1553,b1553,0.2946032184488944,0.6089127507405024,1.525109417068282,0.18390426230364604,0.45334988607248616,0.20920201592363513,BH_from_pvalue
polymyxin,polymixinE,polymixinE_vs_control,not_regulated,b4654,b4654,0.2946032184488944,0.6089127507405024,1.525109417068282,0.18390426230364604,0.45334988607248616,0.20920201592363513,BH_from_pvalue
polymyxin,polymixinE,polymixinE_vs_control,not_regulated,b4655,b4655,0.2946032184488944,0.6089127507405024,1.525109417068282,0.18390426230364604,0.45334988607248616,0.20920201592363513,BH_from_pvalue
polymyxin,polymixinE,polymixinE_vs_control,not_regulated,b4364,b4364,73.36413812289737,0.7260866606265379,1.6541460960911456,0.25515529508933427,0.5154355980711561,0.20898632193065558,BH_from_pvalue
polymyxin,polymixinE,polymixinE_vs_control,not_regulated,b2572,b2572,4502.673838794949,-0.4377563959867743,0.7382818537442127,0.08285956003215676,0.3337090761154892,0.20864869838031275,BH_from_pvalue
polymyxin,polymixinE,polymixinE_vs_control,not_regulated,b0181,b0181,1566.4706218676904,-0.5166730101005328,0.6989818937059888,0.13027026066740183,0.39492688650929136,0.20846893041970102,BH_from_pvalue
polymyxin,polymixinE,polymixinE_vs_control,not_regulated,b2872,b2872,98.2012348385539,1.0899698366441317,2.128695858423975,0.40040939212048754,0.6441493010579231,0.20819890991091314,BH_from_pvalue
polymyxin,polymixinE,polymixinE_vs_control,not_regulated,b2841,b2841,132.60559357745095,-0.485365215959348,0.7143162189635861,0.1099478014650225,0.3727724146482527,0.20800628865143259,BH_from_pvalue
polymyxin,polymixinE,polymixinE_vs_control,not_regulated,b2996,b2996,646.2138771164495,1.1656436670780437,2.2433328092552265,0.43354598009785106,0.6634143322229195,0.20773536136563472,BH_from_pvalue
polymyxin,polymixinE,polymixinE_vs_control,not_regulated,b2832,b2832,186.74903463856046,0.5771622864734791,1.491911840045797,0.16547151868630258,0.4367397668816729,0.20764986718560502,BH_from_pvalue
polymyxin,polymixinE,polymixinE_vs_control,not_regulated,b3698,b3698,123.68710222417815,0.4652262587937832,1.3805338464333776,0.09875851887321437,0.3581977227741345,0.20743377209369832,BH_from_pvalue
polymyxin,polymixinE,polymixinE_vs_control,not_regulated,b3096,b3096,178.1527612752344,0.48626301849879106,1.4008116803302324,0.11199879050741571,0.37462051032139565,0.20734665945734196,BH_from_pvalue
polymyxin,polymixinE,polymixinE_vs_control,not_regulated,b0293,b0293,23.008433108371758,0.6138313671846483,1.53031788454989,0.1909090266045564,0.4596942193079736,0.20718708911159334,BH_from_pvalue
polymyxin,polymixinE,polymixinE_vs_control,not_regulated,b3606,b3606,39.99170618909586,0.6207243861672129,1.5376470496541503,0.19603509920546444,0.4643316883760817,0.20680778459443439,BH_from_pvalue
polymyxin,polymixinE,polymixinE_vs_control,not_regulated,b0979,b0979,1010.0921157751312,-0.8973748479439188,0.53686272743863,0.3292596888704457,0.5883791155117037,0.2067037910931241,BH_from_pvalue
polymyxin,polymixinE,polymixinE_vs_control,not_regulated,b2873,b2873,27.83581488472606,1.0403153056526726,2.056677097607342,0.3846115180733167,0.6329976612856856,0.2066044293731633,BH_from_pvalue
polymyxin,polymixinE,polymixinE_vs_control,not_regulated,b1656,b1656,13897.079448174884,0.600953682125132,1.5167188501757727,0.18218691842486662,0.4531414407369115,0.20658757501515523,BH_from_pvalue
polymyxin,polymixinE,polymixinE_vs_control,not_regulated,b0492,b0492,1345.319404939911,-0.37929641147288784,0.7688124416811121,0.04908960519754985,0.2855099152524836,0.20648092717284336,BH_from_pvalue
polymyxin,polymixinE,polymixinE_vs_control,not_regulated,b4214,b4214,2528.194876755692,0.41930817035675716,1.3372861191279515,0.07275621170033075,0.322316482706892,0.20618115890566766,BH_from_pvalue
polymyxin,polymixinE,polymixinE_vs_control,not_regulated,b3304,b3304,2266.148522845545,-0.6531791137648213,0.6358775528731392,0.22103903493469765,0.48381196065025306,0.20596265853480222,BH_from_pvalue
polymyxin,polymixinE,polymixinE_vs_control,not_regulated,b0392,b0392,56.53056303918239,0.5184637771718332,1.432429144232006,0.13572575595807493,0.4010728320527366,0.2057143752694703,BH_from_pvalue
polymyxin,polymixinE,polymixinE_vs_control,not_regulated,b3287,b3287,3065.6257934615805,-0.3603984243038685,0.7789494300730486,0.0385338505805708,0.26872133319598057,0.205678607520403,BH_from_pvalue
polymyxin,polymixinE,polymixinE_vs_control,not_regulated,b1696,b1696,38.11195772284136,0.6578806581519308,1.5777631614256464,0.22490423062932938,0.48823321880826426,0.204846060381154,BH_from_pvalue
polymyxin,polymixinE,polymixinE_vs_control,not_regulated,b1221,b1221,858.0964043107714,-1.0134234825001602,0.495369351698739,0.3784892112861937,0.6279658222147715,0.20477639508099135,BH_from_pvalue
polymyxin,polymixinE,polymixinE_vs_control,not_regulated,b1345,b1345,53.82380656441774,0.6086092100567422,1.5247885702881836,0.19306121980143232,0.46117332271207784,0.20457535776277583,BH_from_pvalue
polymyxin,polymixinE,polymixinE_vs_control,not_regulated,b2719,b2719,23.59349755045298,-0.579878120256641,0.6690202942419223,0.1724873391100564,0.44416364782892276,0.20438209611996672,BH_from_pvalue
polymyxin,polymixinE,polymixinE_vs_control,not_regulated,b3626,b3626,231.53483386199,-0.4768939352836803,0.7185229110275121,0.11042523693185717,0.3727724146482527,0.2043758685151494,BH_from_pvalue
polymyxin,polymixinE,polymixinE_vs_control,not_regulated,b1010,b1010,1.4029983042167178,-0.7048645691551326,0.6135000773284223,0.25024573134019223,0.5129531190655369,0.2043559747465051,BH_from_pvalue
polymyxin,polymixinE,polymixinE_vs_control,not_regulated,b4075,b4075,1.4029983042167178,-0.7048645691551326,0.6135000773284223,0.25024573134019223,0.5129531190655369,0.2043559747465051,BH_from_pvalue
polymyxin,polymixinE,polymixinE_vs_control,not_regulated,b2833,b2833,633.6011077883682,-0.6180963593595443,0.6515300567420484,0.19944744062026037,0.46724718120308917,0.20425198781341933,BH_from_pvalue
polymyxin,polymixinE,polymixinE_vs_control,not_regulated,b4424,b4424,1.0994722928006473,0.7745331208194486,1.710636372501154,0.2822324687365761,0.545103101680657,0.20410601113537208,BH_from_pvalue
polymyxin,polymixinE,polymixinE_vs_control,not_regulated,b0930,b0930,4709.247941552344,-0.5742214005180397,0.6716486316400183,0.1701060227800234,0.4412554154928173,0.20402657797382961,BH_from_pvalue
polymyxin,polymixinE,polymixinE_vs_control,not_regulated,b3680,b3680,38.54714617592661,-0.6559976336526452,0.6346364839569432,0.22565965880767358,0.48963682842108813,0.20344187216760284,BH_from_pvalue
polymyxin,polymixinE,polymixinE_vs_control,not_regulated,b0384,b0384,1074.4583599508571,0.5917849252651948,1.5071102151613642,0.1819348872529935,0.4531414407369115,0.2034356661377526,BH_from_pvalue
polymyxin,polymixinE,polymixinE_vs_control,not_regulated,b2731,b2731,628.379236869891,0.5116050297491732,1.42563536415238,0.13553955941651358,0.4010728320527366,0.2029929837213854,BH_from_pvalue
polymyxin,polymixinE,polymixinE_vs_control,not_regulated,b0383,b0383,317.9104260466651,0.5344823479988872,1.4484223542930914,0.14922519201078582,0.41794203839633537,0.2025067797218866,BH_from_pvalue
polymyxin,polymixinE,polymixinE_vs_control,not_regulated,b3083,b3083,8.756820614654885,0.6662396045552557,1.5869312239741455,0.23447959867217394,0.4966845169333592,0.202483126205987,BH_from_pvalue
polymyxin,polymixinE,polymixinE_vs_control,not_regulated,b3098,b3098,1539.2939729317757,0.5573175082015336,1.4715305645425558,0.16221894240948748,0.4332269432959868,0.2024648354471304,BH_from_pvalue
polymyxin,polymixinE,polymixinE_vs_control,not_regulated,b4174,b4174,5307.092565904778,-0.4765929300458982,0.7186728399573741,0.11460426311348743,0.37666169398592103,0.2020985384222649,BH_from_pvalue
polymyxin,polymixinE,polymixinE_vs_control,not_regulated,b3599,b3599,2879.770004451447,0.3715631509698323,1.2937538456299371,0.049845383826734056,0.2861178651675259,0.20192786114610162,BH_from_pvalue
polymyxin,polymixinE,polymixinE_vs_control,not_regulated,b1811,b1811,220.14821535671865,-0.4185714192861303,0.7481651032147686,0.07976800801386973,0.32944721810342853,0.20184106340132782,BH_from_pvalue
polymyxin,polymixinE,polymixinE_vs_control,not_regulated,b0742,b0742,1959.5740236976708,-0.5714647292555615,0.6729332305839544,0.17167330932026426,0.4437853708750279,0.2016281963905218,BH_from_pvalue
polymyxin,polymixinE,polymixinE_vs_control,not_regulated,b4220,b4220,537.021922080503,0.37346084641055377,1.2954567462040256,0.052043250002617135,0.28857247928652413,0.20157365788261714,BH_from_pvalue
polymyxin,polymixinE,polymixinE_vs_control,not_regulated,b1996,b1996,8.386397967567365,-0.7299941749631049,0.6029063481399003,0.2687279841601009,0.5299160336484585,0.20132723959077156,BH_from_pvalue
polymyxin,polymixinE,polymixinE_vs_control,not_regulated,b1774,b1774,11.381292296035339,0.7993588469069466,1.7403275297296943,0.29679427650431534,0.559975107263595,0.20130356030389626,BH_from_pvalue
polymyxin,polymixinE,polymixinE_vs_control,not_regulated,b2317,b2317,357.15274086339815,-0.7173320955469222,0.6082211561094867,0.2627388382793436,0.5243120206656998,0.20114722583253675,BH_from_pvalue
polymyxin,polymixinE,polymixinE_vs_control,not_regulated,b4512,b4512,1200.5150653733754,-0.5132339697027106,0.7006500870900213,0.14134923974457173,0.40611906104479195,0.2008523826915074,BH_from_pvalue
polymyxin,polymixinE,polymixinE_vs_control,not_regulated,b2683,b2683,34.66460694447118,-0.5816698306375763,0.6681899409503266,0.18044917022314746,0.45198107536275617,0.20060614513304892,BH_from_pvalue
polymyxin,polymixinE,polymixinE_vs_control,not_regulated,b3407,b3407,536.2863550547107,-0.21311986849340592,0.8626696653546496,0.00148462399570838,0.11504212863535529,0.20015005207067696,BH_from_pvalue
polymyxin,polymixinE,polymixinE_vs_control,not_regulated,b1670,b1670,46.82799528470005,0.8124258722515023,1.7561619239267796,0.3043221604672738,0.567343328806565,0.19998191673979274,BH_from_pvalue
polymyxin,polymixinE,polymixinE_vs_control,not_regulated,b2101,b2101,198.18045173648298,0.4841177450145029,1.3987302349235127,0.12445118733933763,0.3871240945036934,0.19952903055616605,BH_from_pvalue
polymyxin,polymixinE,polymixinE_vs_control,not_regulated,b1398,b1398,546.3144210750698,-0.6048084068729551,0.6575586995697864,0.2002609976017672,0.46817773763656384,0.19933834396883637,BH_from_pvalue
polymyxin,polymixinE,polymixinE_vs_control,not_regulated,b0527,b0527,27.71100876103164,0.6057518558954662,1.5217716130224224,0.20104805201109113,0.4687994494276246,0.1993001790520461,BH_from_pvalue
polymyxin,polymixinE,polymixinE_vs_control,not_regulated,b1066,b1066,431.34035516910507,-0.4254239105019604,0.7446199059827456,0.08808069672357965,0.3402739275098419,0.19917127636343038,BH_from_pvalue
polymyxin,polymixinE,polymixinE_vs_control,not_regulated,b2039,b2039,425.7483199144071,-0.4129385108806609,0.7510919750866356,0.08013246466753679,0.32944721810342853,0.19912479523246604,BH_from_pvalue
polymyxin,polymixinE,polymixinE_vs_control,not_regulated,b3309,b3309,2702.990468798041,-0.5758402966946541,0.6708953750370347,0.18041298819973556,0.45198107536275617,0.19859565693060932,BH_from_pvalue
polymyxin,polymixinE,polymixinE_vs_control,not_regulated,b3135,b3135,86.28819776093138,-0.5736315944327615,0.6719232727983193,0.17887875606420808,0.45100708787937666,0.19837134647672489,BH_from_pvalue
polymyxin,polymixinE,polymixinE_vs_control,not_regulated,b1094,b1094,11414.206748422112,-0.46677208385380276,0.7235817449409624,0.11463980859642638,0.37666169398592103,0.1979340228863311,BH_from_pvalue
polymyxin,polymixinE,polymixinE_vs_control,not_regulated,b3812,b3812,217.25248739878427,-0.40144953361902136,0.7570972150186371,0.07279173780555181,0.322316482706892,0.19739975496610485,BH_from_pvalue
polymyxin,polymixinE,polymixinE_vs_control,not_regulated,b0931,b0931,1442.6086985097045,0.4737918427424255,1.3887547467521548,0.12151240404902093,0.38346801081149495,0.1972257375431223,BH_from_pvalue
polymyxin,polymixinE,polymixinE_vs_control,not_regulated,b1222,b1222,704.109179795836,-0.8418947102167404,0.557910376710457,0.3215296344343086,0.5833966501353449,0.19703372842943817,BH_from_pvalue
polymyxin,polymixinE,polymixinE_vs_control,not_regulated,b0842,b0842,386.6654501331618,0.48641469364871526,1.4009589598901786,0.1296514889368455,0.39376934317213436,0.19688028662264404,BH_from_pvalue
polymyxin,polymixinE,polymixinE_vs_control,not_regulated,b3570,b3570,1013.3513895978441,-0.6883662260983474,0.6205561984528689,0.25820442630596224,0.5189470551940206,0.19609966969617082,BH_from_pvalue
polymyxin,polymixinE,polymixinE_vs_control,not_regulated,b1854,b1854,3581.0364733673105,-0.4650414532732885,0.7244502611900091,0.11575209797453977,0.3787247651170132,0.19609695707728506,BH_from_pvalue
polymyxin,polymixinE,polymixinE_vs_control,not_regulated,b0467,b0467,171.2954117194156,-0.34082999035128836,0.7895869274910854,0.037437759645204724,0.2660269239875685,0.19600260464883368,BH_from_pvalue
polymyxin,polymixinE,polymixinE_vs_control,not_regulated,b2887,b2887,38.988248937948605,0.7548251906532286,1.6874271166810735,0.28870250490819127,0.5502474013038323,0.19583335699726798,BH_from_pvalue
polymyxin,polymixinE,polymixinE_vs_control,not_regulated,b2682,b2682,349.8747778083263,-0.416664158248901,0.7491548409947546,0.08712875774817633,0.33960585125762316,0.19542583834937344,BH_from_pvalue
polymyxin,polymixinE,polymixinE_vs_control,not_regulated,b0909,b0909,21.38163425360189,0.5429218383153218,1.456920179391941,0.1652157971108461,0.4367397668816729,0.19533093249591843,BH_from_pvalue
polymyxin,polymixinE,polymixinE_vs_control,not_regulated,b1230,b1230,25.20441711586271,0.4818944851187341,1.396576386846642,0.12887808982331803,0.39327927274442637,0.1953113249232565,BH_from_pvalue
polymyxin,polymixinE,polymixinE_vs_control,not_regulated,b0703,b0703,3.4821957761185054,0.8819201151916607,1.8428263287223883,0.3454910264940507,0.600580277229272,0.19528263091579193,BH_from_pvalue
polymyxin,polymixinE,polymixinE_vs_control,not_regulated,b4477,b4477,52.32742466936899,-0.5527195770701683,0.6817338023373475,0.17248068345050263,0.44416364782892276,0.19480987776904962,BH_from_pvalue
polymyxin,polymixinE,polymixinE_vs_control,not_regulated,b3804,b3804,596.572200868749,-0.3143631963990341,0.8042058877813867,0.025825987662474875,0.2402648222728891,0.19468821162118882,BH_from_pvalue
polymyxin,polymixinE,polymixinE_vs_control,not_regulated,b4437,b4437,30.951403093309466,-0.6117079091808968,0.6544215177578014,0.21819500530099928,0.48140651130969786,0.1942099450954075,BH_from_pvalue
polymyxin,polymixinE,polymixinE_vs_control,not_regulated,b3134,b3134,18.082581478826523,-0.7313475820761814,0.6023410206811789,0.28022354584677533,0.5425938481355125,0.19419116511580067,BH_from_pvalue
polymyxin,polymixinE,polymixinE_vs_control,not_regulated,b2848,b2848,5.6634854190274515,0.6109498841849064,1.5272644434830003,0.2182116004744115,0.48140651130969786,0.1939692812252127,BH_from_pvalue
polymyxin,polymixinE,polymixinE_vs_control,not_regulated,b0534,b0534,4.635461928329,0.7359578543931751,1.665502886533812,0.2822465815505225,0.545103101680657,0.19394060497375964,BH_from_pvalue
polymyxin,polymixinE,polymixinE_vs_control,not_regulated,b4210,b4210,150.75527836440037,0.4140790352684327,1.3324478186793545,0.08755444125428315,0.3401496964685207,0.19392559824955824,BH_from_pvalue
polymyxin,polymixinE,polymixinE_vs_control,not_regulated,b3931,b3931,2293.5396666298207,-0.4509804410831233,0.7315455279998841,0.10895309112515096,0.371680056282081,0.19384525751916223,BH_from_pvalue
polymyxin,polymixinE,polymixinE_vs_control,not_regulated,b3951,b3951,131.0153414276459,-0.5209888161437943,0.6968940216859474,0.15437548504285917,0.4246978175674499,0.19376614526199154,BH_from_pvalue
polymyxin,polymixinE,polymixinE_vs_control,not_regulated,b3588,b3588,13475.463851701883,-0.3760804532909905,0.7705281379098518,0.06050468537026011,0.305443406055477,0.19370747552168244,BH_from_pvalue
polymyxin,polymixinE,polymixinE_vs_control,not_regulated,b4463,b4463,22.969099685232383,0.493819974418499,1.4081684987345342,0.14012521213445864,0.4053268194088714,0.19367355656566485,BH_from_pvalue
polymyxin,polymixinE,polymixinE_vs_control,not_regulated,b3843,b3843,2865.094098272904,-0.48777143788953126,0.7131258282488139,0.1361777948798836,0.4010728320527366,0.19353636847513106,BH_from_pvalue
polymyxin,polymixinE,polymixinE_vs_control,not_regulated,b0837,b0837,800.5993878911546,0.6348686773348327,1.5527963988246358,0.23334582795894493,0.4965330215208356,0.19303300461842807,BH_from_pvalue
polymyxin,polymixinE,polymixinE_vs_control,not_regulated,b1968,b1968,60.3795375420444,0.5568241050700111,1.4710273856821499,0.17904925221978202,0.45118405405298573,0.1924641681601193,BH_from_pvalue
polymyxin,polymixinE,polymixinE_vs_control,not_regulated,b0554,b0554,2.331808203727069,1.0405883481500366,2.0570663783482477,0.4148465758154738,0.6537408834886739,0.1920867343040912,BH_from_pvalue
polymyxin,polymixinE,polymixinE_vs_control,not_regulated,b4188,b4188,2535.5964608261684,-0.7521617740569386,0.5937132543181672,0.29377745416248924,0.5555382267350972,0.1920164095947487,BH_from_pvalue
polymyxin,polymixinE,polymixinE_vs_control,not_regulated,b0073,b0073,127.01044902381733,-0.4291754451144243,0.7426861373072847,0.09787474947643188,0.35713657126793064,0.1919125276885782,BH_from_pvalue
polymyxin,polymixinE,polymixinE_vs_control,not_regulated,b1238,b1238,49.01071778208037,0.5170897369908651,1.4310655308789892,0.15516016684521872,0.42563498060733485,0.19182099823457602,BH_from_pvalue
polymyxin,polymixinE,polymixinE_vs_control,not_regulated,b0649,b0649,44.102876107374925,0.5009361681191749,1.4151315466043963,0.14734976392318624,0.4142370238290573,0.19173386295332467,BH_from_pvalue
polymyxin,polymixinE,polymixinE_vs_control,not_regulated,b4328,b4328,310.60551136234716,0.7796282824741256,1.7166885025895808,0.3050667865562624,0.5677246197476492,0.1916811807691847,BH_from_pvalue
polymyxin,polymixinE,polymixinE_vs_control,not_regulated,b2221,b2221,3.5111992393021043,1.02194748202012,2.030658278970193,0.4054804276581956,0.6496038264947444,0.1914633175890269,BH_from_pvalue
polymyxin,polymixinE,polymixinE_vs_control,not_regulated,b3603,b3603,248.42542751770702,-0.4536859992921549,0.7301749096577289,0.11627638696913234,0.37875533825484475,0.19129272613788995,BH_from_pvalue
polymyxin,polymixinE,polymixinE_vs_control,not_regulated,b4436,b4436,51.65249071000893,-0.4760777399092575,0.7189295257192108,0.13167549993843922,0.3966308210095993,0.1911992669533617,BH_from_pvalue
polymyxin,polymixinE,polymixinE_vs_control,not_regulated,b0391,b0391,965.871882388909,-0.4508063113050298,0.7316338290923642,0.11451936447628328,0.37666169398592103,0.191163760271276,BH_from_pvalue
polymyxin,polymixinE,polymixinE_vs_control,not_regulated,b3305,b3305,6628.660913745275,-0.6199079884340932,0.6507124272468199,0.2274581841443778,0.4923517383452412,0.1907608908997424,BH_from_pvalue
polymyxin,polymixinE,polymixinE_vs_control,not_regulated,b4699,b4699,2.894874276869494,-0.36304227394947297,0.7775232525088527,0.05699681520319437,0.29887382806804363,0.1904200705119076,BH_from_pvalue
polymyxin,polymixinE,polymixinE_vs_control,not_regulated,b4335,b4335,568.2457545709615,0.6615733711164626,1.5818067666697295,0.2544937783507106,0.5154355980711561,0.19041774627506614,BH_from_pvalue
polymyxin,polymixinE,polymixinE_vs_control,not_regulated,b0497,b0497,146.95540605092125,0.4242183580384715,1.3418453035146949,0.09731962423445008,0.35595769242227465,0.19030504150713237,BH_from_pvalue
polymyxin,polymixinE,polymixinE_vs_control,not_regulated,b3811,b3811,360.25674963269074,-0.361229348679192,0.778500921071607,0.05546572312446916,0.29803848068869854,0.18990825990554522,BH_from_pvalue
polymyxin,polymixinE,polymixinE_vs_control,not_regulated,b0881,b0881,241.10265668040162,-0.34784878190871193,0.7857548723433855,0.05036191093294462,0.28684589943955785,0.1886562578991402,BH_from_pvalue
polymyxin,polymixinE,polymixinE_vs_control,not_regulated,b1386,b1386,41.74698515339583,0.3007688544865763,1.231800701161465,0.02325210666425063,0.2361712491914291,0.188513789192274,BH_from_pvalue
polymyxin,polymixinE,polymixinE_vs_control,not_regulated,b0157,b0157,76.97146466974161,-0.501543484548252,0.7063506790722425,0.15213559721660075,0.4211113330955509,0.18838127280434713,BH_from_pvalue
polymyxin,polymixinE,polymixinE_vs_control,not_regulated,b0693,b0693,23.010546696581827,0.5820920826574758,1.4970185336974864,0.20665471417931722,0.47472384418410996,0.18834110552138206,BH_from_pvalue
polymyxin,polymixinE,polymixinE_vs_control,not_regulated,b0111,b0111,578.1324322476453,-0.45226603028558365,0.7308939362889383,0.1203596148319738,0.38346801081149495,0.1882651690929737,BH_from_pvalue
polymyxin,polymixinE,polymixinE_vs_control,not_regulated,b3215,b3215,1.4521608817312686,0.9618618790549196,1.9478220472925458,0.39034234680741065,0.6372994105044403,0.18819451261656675,BH_from_pvalue
polymyxin,polymixinE,polymixinE_vs_control,not_regulated,b1107,b1107,654.6083450888533,-0.49802724917042873,0.7080743450953195,0.15051864864255038,0.41947514349082504,0.1879025777647238,BH_from_pvalue
polymyxin,polymixinE,polymixinE_vs_control,not_regulated,b1013,b1013,119.1822756733623,-0.43706189669448214,0.7386373409700722,0.10929859725254518,0.371680056282081,0.1878626392600907,BH_from_pvalue
polymyxin,polymixinE,polymixinE_vs_control,not_regulated,b3590,b3590,1220.7705818580416,-0.4016630060281603,0.7569851972981758,0.08873402624846337,0.34142485035550746,0.18745808192309263,BH_from_pvalue
polymyxin,polymixinE,polymixinE_vs_control,not_regulated,b1620,b1620,618.1965899698026,-0.6308044579815135,0.6458162027591678,0.24114980153891266,0.5045078173590833,0.18743225327233828,BH_from_pvalue
polymyxin,polymixinE,polymixinE_vs_control,not_regulated,b0899,b0899,127.22589895253059,0.3977673202763672,1.3174674517425045,0.08622223499339882,0.3384291361877808,0.18716235399785988,BH_from_pvalue
polymyxin,polymixinE,polymixinE_vs_control,not_regulated,b1748,b1748,2512.0854352443907,-0.7527766942147327,0.5934602497376077,0.3003736878828581,0.5641256150718563,0.18715848828903553,BH_from_pvalue
polymyxin,polymixinE,polymixinE_vs_control,not_regulated,b2055,b2055,6.398866961844251,1.0153254143787123,2.0213587793624863,0.42327480278640855,0.6542577535853147,0.18707484664124158,BH_from_pvalue
polymyxin,polymixinE,polymixinE_vs_control,not_regulated,b0811,b0811,2464.0882558117173,-0.5295168280587248,0.6927867158993296,0.17189055062029215,0.44409172699027805,0.18666914683282032,BH_from_pvalue
polymyxin,polymixinE,polymixinE_vs_control,not_regulated,b1316,b1316,46.50024595754297,-0.35884936585931104,0.7797862571150292,0.05857312916339251,0.3021352465331875,0.18652940077953456,BH_from_pvalue
polymyxin,polymixinE,polymixinE_vs_control,not_regulated,b0426,b0426,1547.3020348901512,-0.6479489366562987,0.638186972267819,0.2554948346199808,0.5154355980711561,0.1864962853798088,BH_from_pvalue
polymyxin,polymixinE,polymixinE_vs_control,not_regulated,b1297,b1297,966.7595885934306,0.8332824448639631,1.7817345876934534,0.3418381956166534,0.5978252332611514,0.18617676189188095,BH_from_pvalue
polymyxin,polymixinE,polymixinE_vs_control,not_regulated,b0835,b0835,351.6669939499511,0.5857767247742451,1.500846804596201,0.21697630806963994,0.48116765614658447,0.18610335868278882,BH_from_pvalue
polymyxin,polymixinE,polymixinE_vs_control,not_regulated,b1782,b1782,762.1520913251293,0.5074518984292755,1.4215372445798677,0.15847375416468887,0.43044380811157645,0.18576978486062834,BH_from_pvalue
polymyxin,polymixinE,polymixinE_vs_control,not_regulated,b2961,b2961,469.69835117349356,0.4731642979701043,1.3881507963399295,0.13985648515376337,0.40516923164503593,0.18565241998083903,BH_from_pvalue
polymyxin,polymixinE,polymixinE_vs_control,not_regulated,b2893,b2893,442.9413218532505,-0.3769747800656287,0.7700506354709081,0.07074611054557373,0.3218292455395536,0.1856127661588466,BH_from_pvalue
polymyxin,polymixinE,polymixinE_vs_control,not_regulated,b0491,b0491,122.04893871663516,-0.41547128369440767,0.7497745265655098,0.09900152008384516,0.3581977227741345,0.185249164131003,BH_from_pvalue
polymyxin,polymixinE,polymixinE_vs_control,not_regulated,b3470,b3470,115.37110112557319,0.4443442797774839,1.3606955253604116,0.12072880771059256,0.38346801081149495,0.18496757520121487,BH_from_pvalue
polymyxin,polymixinE,polymixinE_vs_control,not_regulated,b2990,b2990,58.125010003573266,0.82076031031621,1.7663366190143193,0.33804989288567566,0.5953595999216011,0.18485216169147053,BH_from_pvalue
polymyxin,polymixinE,polymixinE_vs_control,not_regulated,b2726,b2726,5.057773474428526,-0.9991620654905398,0.5002904903233214,0.4150878428889384,0.6537408834886739,0.18443967640211897,BH_from_pvalue
polymyxin,polymixinE,polymixinE_vs_control,not_regulated,b0089,b0089,1080.2531487683302,-0.5173632683887135,0.6986475454000743,0.1683497025455652,0.4402540477034606,0.18433479544414186,BH_from_pvalue
polymyxin,polymixinE,polymixinE_vs_control,not_regulated,b2514,b2514,3061.308958334963,-0.4926109852249745,0.7107376422470607,0.15309759173217916,0.423096610021799,0.18401998346026907,BH_from_pvalue
polymyxin,polymixinE,polymixinE_vs_control,not_regulated,b3547,b3547,151.3005567755475,-0.3238208230383588,0.7989511368276427,0.03992280878473351,0.27084885959838817,0.18369480607459857,BH_from_pvalue
polymyxin,polymixinE,polymixinE_vs_control,not_regulated,b3451,b3451,113.03831495912527,-0.6009514941314364,0.6593189743022716,0.23116752382466157,0.49494624350240995,0.18355580678015515,BH_from_pvalue
polymyxin,polymixinE,polymixinE_vs_control,not_regulated,b3060,b3060,63.96261474241911,0.7644130854133877,1.698678804253548,0.31324368190457297,0.5757274863542324,0.18329329036588896,BH_from_pvalue
polymyxin,polymixinE,polymixinE_vs_control,not_regulated,b1247,b1247,7298.901942187414,0.5083666843784016,1.422438900597375,0.16498631369428585,0.4367397668816729,0.18289877382279743,BH_from_pvalue
polymyxin,polymixinE,polymixinE_vs_control,not_regulated,b1639,b1639,216.85221960794863,-0.8251537510629472,0.5644220475459019,0.34513723102627936,0.6003199014525153,0.1828683125064433,BH_from_pvalue
polymyxin,polymixinE,polymixinE_vs_control,not_regulated,b0699,b0699,3281.9748737564382,-0.8135121097620779,0.5689950039873346,0.34054361418221274,0.5964817665855113,0.18255441757170612,BH_from_pvalue
polymyxin,polymixinE,polymixinE_vs_control,not_regulated,b2328,b2328,214.21476310063807,-0.434977981119836,0.7397050441568359,0.11809028510047088,0.38079352880335776,0.18239080892139287,BH_from_pvalue
polymyxin,polymixinE,polymixinE_vs_control,not_regulated,b2211,b2211,194.47771252713972,-0.5731339634087433,0.6721550803049742,0.2155467214893458,0.4808995042393506,0.18222546236333528,BH_from_pvalue
polymyxin,polymixinE,polymixinE_vs_control,not_regulated,b4087,b4087,23.01546352710784,1.0985599146945573,2.1414083232197036,0.4565685216188612,0.6828863152761679,0.1819781968580342,BH_from_pvalue
polymyxin,polymixinE,polymixinE_vs_control,not_regulated,b0733,b0733,26883.675774107018,-0.4476156446788515,0.7332537022185924,0.1282821547170672,0.39225909715660656,0.1819230726960339,BH_from_pvalue
polymyxin,polymixinE,polymixinE_vs_control,not_regulated,b3661,b3661,142.7574969945898,0.5409001148433958,1.454879951367414,0.19183489364768222,0.46099936299583755,0.181904532674367,BH_from_pvalue
polymyxin,polymixinE,polymixinE_vs_control,not_regulated,b2065,b2065,915.5206309233921,-0.3268681390763657,0.7972653424874645,0.04451636007671504,0.27816633610918995,0.18163913103053336,BH_from_pvalue
polymyxin,polymixinE,polymixinE_vs_control,not_regulated,b2193,b2193,372.70152502900874,0.45006229282862265,1.3660992410486017,0.13126858420011578,0.3965386781276835,0.1807965243932236,BH_from_pvalue
polymyxin,polymixinE,polymixinE_vs_control,not_regulated,b3488,b3488,42.62921216207127,0.4543223453668688,1.3701390797545352,0.13598897121810977,0.4010728320527366,0.1802645460747984,BH_from_pvalue
polymyxin,polymixinE,polymixinE_vs_control,not_regulated,b2637,b2637,12.339154756933025,-0.5279653475941166,0.6935321424649667,0.18849818726362366,0.4558413152213867,0.18013455141954535,BH_from_pvalue
polymyxin,polymixinE,polymixinE_vs_control,not_regulated,b1207,b1207,1897.4616092442539,-0.5431226838737331,0.6862838529525982,0.19791536958564027,0.4660855143435654,0.18006385011991682,BH_from_pvalue
polymyxin,polymixinE,polymixinE_vs_control,not_regulated,b0113,b0113,616.2603339320586,-0.304105278458783,0.809944367027024,0.03350578488610394,0.2558727001998226,0.1800230408505943,BH_from_pvalue
polymyxin,polymixinE,polymixinE_vs_control,not_regulated,b3449,b3449,623.5452547988061,-0.5425434407190419,0.6865594517636774,0.19752809852890174,0.4659052895558469,0.17996293906752747,BH_from_pvalue
polymyxin,polymixinE,polymixinE_vs_control,not_regulated,b4488,b4488,333.7288565955414,-0.3777240840742362,0.7696507919859653,0.08353105897703456,0.3338659352039042,0.17995828850711448,BH_from_pvalue
polymyxin,polymixinE,polymixinE_vs_control,not_regulated,b0008,b0008,10488.427695693243,-0.42469185902167084,0.7449978364597754,0.11506341520046333,0.37777754859247015,0.17954436787629258,BH_from_pvalue
polymyxin,polymixinE,polymixinE_vs_control,not_regulated,b2868,b2868,41.60865365032958,0.4524661252974198,1.3683773462262774,0.13685667643904947,0.40177273473867864,0.1791854262868264,BH_from_pvalue
polymyxin,polymixinE,polymixinE_vs_control,not_regulated,b0346,b0346,331.3932745250213,-0.4126515318913171,0.7512413961697126,0.10642221060344072,0.3685043135444776,0.17890813522630392,BH_from_pvalue
polymyxin,polymixinE,polymixinE_vs_control,not_regulated,b1783,b1783,26966.82014575019,0.39249937356818876,1.3126655412018589,0.09430344056743328,0.35039175273795337,0.1787623185548609,BH_from_pvalue
polymyxin,polymixinE,polymixinE_vs_control,not_regulated,b0065,b0065,465.6733878352297,-0.4262673512516493,0.7441847071334838,0.1184075524402724,0.3809707946182727,0.1786521918538854,BH_from_pvalue
polymyxin,polymixinE,polymixinE_vs_control,not_regulated,b2673,b2673,19.85834878120237,-0.7924439761788133,0.5773651860890897,0.3377587771779675,0.5950798980597327,0.17863646149187784,BH_from_pvalue
polymyxin,polymixinE,polymixinE_vs_control,not_regulated,b0576,b0576,192.02530925341884,0.32144160213576,1.249578557212662,0.045295011693046845,0.27816633610918995,0.17862362925302172,BH_from_pvalue
polymyxin,polymixinE,polymixinE_vs_control,not_regulated,b0680,b0680,1282.7812677819484,-0.5021501264330439,0.7060537266208065,0.16959036252976809,0.4409667328354387,0.17856165897936355,BH_from_pvalue
polymyxin,polymixinE,polymixinE_vs_control,not_regulated,b3311,b3311,1309.4853956157438,-0.607377142123104,0.6563889503650324,0.24512787033854544,0.508195540904698,0.17855014215626921,BH_from_pvalue
polymyxin,polymixinE,polymixinE_vs_control,not_regulated,b1851,b1851,263.41161984910076,-0.3195841186810684,0.8013008328577059,0.043777945352054676,0.27636066640839996,0.17849532639561255,BH_from_pvalue
polymyxin,polymixinE,polymixinE_vs_control,not_regulated,b0535,b0535,4.554684854205644,0.8150810653399674,1.7593970099581155,0.3511951113547428,0.6041335848401618,0.1783943641646743,BH_from_pvalue
polymyxin,polymixinE,polymixinE_vs_control,not_regulated,b1429,b1429,222.23074721744533,-0.43263043556827885,0.7409096680086119,0.12426986917398895,0.3871240945036934,0.17830854639596933,BH_from_pvalue
polymyxin,polymixinE,polymixinE_vs_control,not_regulated,b4351,b4351,280.3080091880834,-0.6415683790466922,0.6410157104543681,0.265628859550868,0.527613041247006,0.17815358065660827,BH_from_pvalue
polymyxin,polymixinE,polymixinE_vs_control,not_regulated,b1634,b1634,593.3022450363359,-0.3103246687171666,0.8064602503990318,0.03793424492000329,0.2675647568277765,0.1776829343375332,BH_from_pvalue
polymyxin,polymixinE,polymixinE_vs_control,not_regulated,b2287,b2287,2396.5427218448626,-0.26588052547842267,0.8316909707032278,0.01833158574032081,0.2147277933853203,0.17763790019850756,BH_from_pvalue
polymyxin,polymixinE,polymixinE_vs_control,not_regulated,b1840,b1840,388.3019685426214,0.414014839706768,1.3323885301044034,0.11052162122895391,0.3727724146482527,0.17742864017110654,BH_from_pvalue
polymyxin,polymixinE,polymixinE_vs_control,not_regulated,b1414,b1414,902.7528655959042,-0.767927640081373,0.5872604395459912,0.32521229248275474,0.587707871268554,0.17726725891520728,BH_from_pvalue
polymyxin,polymixinE,polymixinE_vs_control,not_regulated,b2209,b2209,1335.2161859267555,0.34978632677803034,1.2743718699579194,0.06452683508910537,0.31147028066923194,0.1771959417205986,BH_from_pvalue
polymyxin,polymixinE,polymixinE_vs_control,not_regulated,b3957,b3957,462.02420222236333,0.26246491014694406,1.1995264002859334,0.01700917335936004,0.2121333993881926,0.17674149479520979,BH_from_pvalue
polymyxin,polymixinE,polymixinE_vs_control,not_regulated,b1343,b1343,964.1791909394769,0.6737091305293941,1.5951688366662415,0.2848226813621119,0.5467914727984547,0.17663189221314585,BH_from_pvalue
polymyxin,polymixinE,polymixinE_vs_control,not_regulated,b3256,b3256,2318.5019406477554,-0.30824216317968833,0.8076252025250034,0.037951604014255534,0.2675647568277765,0.17649055186854382,BH_from_pvalue
polymyxin,polymixinE,polymixinE_vs_control,not_regulated,b4057,b4057,1780.0280411196456,-0.5415773871164387,0.6870193378279369,0.20411542461724735,0.47252248066308733,0.17632542514711302,BH_from_pvalue
polymyxin,polymixinE,polymixinE_vs_control,not_regulated,b3569,b3569,109.99811732760402,0.6514228747155277,1.5707165695500853,0.27440675983487633,0.5368776014516198,0.1759654180100078,BH_from_pvalue
polymyxin,polymixinE,polymixinE_vs_control,not_regulated,b1850,b1850,738.0431402162782,-0.4131065863511658,0.7510044771884247,0.1135171671492279,0.37666169398592103,0.17517724676726,BH_from_pvalue
polymyxin,polymixinE,polymixinE_vs_control,not_regulated,b0889,b0889,1259.765732893243,-0.3842613865729252,0.7661711531241633,0.09457709201695319,0.35039175273795337,0.17501035930430106,BH_from_pvalue
polymyxin,polymixinE,polymixinE_vs_control,not_regulated,b0180,b0180,1041.1455155829256,-0.41495693710202275,0.7500418822536644,0.11647293468536109,0.3788107449130544,0.17493659562100733,BH_from_pvalue
polymyxin,polymixinE,polymixinE_vs_control,not_regulated,b4354,b4354,529.2149821112231,-0.5415091489905812,0.6870518339684528,0.2090630276596246,0.4754122843341716,0.17486933319669734,BH_from_pvalue
polymyxin,polymixinE,polymixinE_vs_control,not_regulated,b0387,b0387,722.3823197023813,-0.32155418340324005,0.8002073674239356,0.049979101220415725,0.2861178651675259,0.17475023647452426,BH_from_pvalue
polymyxin,polymixinE,polymixinE_vs_control,not_regulated,b0179,b0179,3139.216258900906,-0.43910154799080736,0.7375938091798403,0.1347636213734637,0.4006389748432516,0.17443168660543162,BH_from_pvalue
polymyxin,polymixinE,polymixinE_vs_control,not_regulated,b2089,b2089,5.068740837780398,0.5293725080010714,1.4433013032940067,0.20080397151988708,0.4686718888063913,0.17423295317720813,BH_from_pvalue
polymyxin,polymixinE,polymixinE_vs_control,not_regulated,b2381,b2381,330.32617766531513,-0.43893142994928525,0.7376807890397389,0.13585240732855622,0.4010728320527366,0.17415778859364053,BH_from_pvalue
polymyxin,polymixinE,polymixinE_vs_control,not_regulated,b1446,b1446,485.7970211119502,-0.4106209543709909,0.7522995046970334,0.11355344152048642,0.37666169398592103,0.17412321814329232,BH_from_pvalue
polymyxin,polymixinE,polymixinE_vs_control,not_regulated,b2320,b2320,1012.4193820171995,-0.4748117621773371,0.7195606696499974,0.15816481141235617,0.42986424273883866,0.17409860168762328,BH_from_pvalue
polymyxin,polymixinE,polymixinE_vs_control,not_regulated,b3900,b3900,1.6243941705035514,0.7021085588919459,1.6268808100304497,0.3024567195615549,0.5656758106394486,0.17372440024796326,BH_from_pvalue
polymyxin,polymixinE,polymixinE_vs_control,not_regulated,b3356,b3356,821.2215274915944,-0.5049668937716465,0.7046765479426955,0.18251808635521005,0.45334988607248616,0.17348970279117165,BH_from_pvalue
polymyxin,polymixinE,polymixinE_vs_control,not_regulated,b2626,b2626,2.885611626494253,0.8240048956550534,1.7703135365476654,0.36296246440971514,0.6158450263730286,0.1734765654600776,BH_from_pvalue
polymyxin,polymixinE,polymixinE_vs_control,not_regulated,b2995,b2995,339.2402384826244,1.1201128035719874,2.1736396741591357,0.4806902166970061,0.7004031728873125,0.1732275679016198,BH_from_pvalue
polymyxin,polymixinE,polymixinE_vs_control,not_regulated,b1963,b1963,61.89244926213005,0.6876572190561596,1.6106658462191519,0.2971045867341085,0.5603255476436143,0.1729867582761366,BH_from_pvalue
polymyxin,polymixinE,polymixinE_vs_control,not_regulated,b1945,b1945,29.1282039697311,1.0146736987810625,2.020445867412453,0.4469252635094803,0.6754938962586163,0.17287865472342667,BH_from_pvalue
polymyxin,polymixinE,polymixinE_vs_control,not_regulated,b3515,b3515,605.1999355962695,0.48921061301344615,1.403676627960902,0.17110913800362967,0.44324557336087245,0.17286530623931928,BH_from_pvalue
polymyxin,polymixinE,polymixinE_vs_control,not_regulated,b2586,b2586,45.42599097848889,-0.3576078086329231,0.7804576158848991,0.07912529536167212,0.3289330670395575,0.17268611639024983,BH_from_pvalue
polymyxin,polymixinE,polymixinE_vs_control,not_regulated,b4472,b4472,927.3569947963564,-0.38730268540681045,0.7645577136717474,0.09975191679073982,0.35884361057569286,0.17238640442011735,BH_from_pvalue
polymyxin,polymixinE,polymixinE_vs_control,not_regulated,b3068,b3068,702.76463683347,-0.339569284847391,0.7902772131142685,0.06364178281183154,0.3111529772691503,0.1721704694996712,BH_from_pvalue
polymyxin,polymixinE,polymixinE_vs_control,not_regulated,b1070,b1070,79.66896598605354,0.8445031565302692,1.795646244473022,0.3737742996644457,0.6253679233212892,0.17216412809457118,BH_from_pvalue
polymyxin,polymixinE,polymixinE_vs_control,not_regulated,b0611,b0611,666.5271980980451,-0.41279232365510765,0.7511680865391798,0.12144771012010654,0.38346801081149495,0.1718334153111998,BH_from_pvalue
polymyxin,polymixinE,polymixinE_vs_control,not_regulated,b1725,b1725,4895.2692484009685,0.5407421715916527,1.4547206828553725,0.21649928648777372,0.48116765614658447,0.17179572020963313,BH_from_pvalue
polymyxin,polymixinE,polymixinE_vs_control,not_regulated,b0294,b0294,0.9875015112092403,0.9306053200515785,1.9060755716836708,0.4226497308103741,0.6537408834886739,0.17178448823928916,BH_from_pvalue
polymyxin,polymixinE,polymixinE_vs_control,not_regulated,b2678,b2678,40.66579327023366,-0.5468543362604636,0.6845110156771212,0.22230762833645812,0.4854302068267548,0.1716429217438633,BH_from_pvalue
polymyxin,polymixinE,polymixinE_vs_control,not_regulated,b2701,b2701,314.3562189353494,0.4926048632038391,1.4069829668592448,0.1756007069397811,0.4487795339858724,0.17141021512546897,BH_from_pvalue
polymyxin,polymixinE,polymixinE_vs_control,not_regulated,b2190,b2190,288.3658507342191,-0.2699054731041475,0.8293738854831629,0.022242441036220948,0.23185004589504166,0.1713340547315231,BH_from_pvalue
polymyxin,polymixinE,polymixinE_vs_control,not_regulated,b0430,b0430,1196.4001686428453,-0.41635220529317074,0.7493168477450762,0.12522505496301237,0.38812131479347217,0.17113429035353672,BH_from_pvalue
polymyxin,polymixinE,polymixinE_vs_control,not_regulated,b2079,b2079,371.2814024575429,-0.4670621722455319,0.7234362661272413,0.15879500265231167,0.4305840958867938,0.17091767261780658,BH_from_pvalue
polymyxin,polymixinE,polymixinE_vs_control,not_regulated,b2525,b2525,152.69165450220927,-0.5243305117905912,0.6952816832218891,0.20480435588989923,0.4725797442449207,0.1706826358831188,BH_from_pvalue
polymyxin,polymixinE,polymixinE_vs_control,not_regulated,b4225,b4225,117.1000033671197,-0.5330169877603268,0.6911079654075265,0.21178416338392814,0.4785603700966599,0.170599159241505,BH_from_pvalue
polymyxin,polymixinE,polymixinE_vs_control,not_regulated,b2559,b2559,173.99863935522788,0.3676924952651355,1.290287441481433,0.09030001909754176,0.3442114287294431,0.1703058663505911,BH_from_pvalue
polymyxin,polymixinE,polymixinE_vs_control,not_regulated,b4637,b4637,18.03193543826512,0.41055304987294683,1.3291952567468555,0.12358337541264458,0.3857585167287129,0.1698394236596524,BH_from_pvalue
polymyxin,polymixinE,polymixinE_vs_control,not_regulated,b3871,b3871,3262.919703442949,0.4241482811217505,1.3417801268174634,0.13284555815435325,0.3980941509515529,0.16966533675202813,BH_from_pvalue
polymyxin,polymixinE,polymixinE_vs_control,not_regulated,b3754,b3754,336.3949915134402,0.6112473516287071,1.5275793806508013,0.2659089691748205,0.527756539616941,0.1696617125314585,BH_from_pvalue
polymyxin,polymixinE,polymixinE_vs_control,not_regulated,b0263,b0263,3.8630177143318587,-0.8838493478819376,0.5419195699262613,0.39777265004031825,0.6428001698538437,0.1696319174013364,BH_from_pvalue
polymyxin,polymixinE,polymixinE_vs_control,not_regulated,b2086,b2086,776.4334423290378,0.5886690656374629,1.50385874734663,0.2551938638799378,0.5154355980711561,0.16943402149238249,BH_from_pvalue
polymyxin,polymixinE,polymixinE_vs_control,not_regulated,b1284,b1284,158.37141451519133,0.3625323348003393,1.2856806485871426,0.0886181937510344,0.34134711142657825,0.1692314598763519,BH_from_pvalue
polymyxin,polymixinE,polymixinE_vs_control,not_regulated,b1939,b1939,30.489473822456556,0.8378940699221875,1.7874390769400685,0.378896438002483,0.6281887866329409,0.1691790409721011,BH_from_pvalue
polymyxin,polymixinE,polymixinE_vs_control,not_regulated,b1245,b1245,4040.9158530631157,0.5503218102453094,1.4644123140569965,0.22804996906002814,0.49296806730670983,0.16904852057408534,BH_from_pvalue
polymyxin,polymixinE,polymixinE_vs_control,not_regulated,b3865,b3865,1221.6749931940828,-0.3040823146687899,0.8099572592459962,0.0455027526791567,0.27816633610918995,0.16897715254311813,BH_from_pvalue
polymyxin,polymixinE,polymixinE_vs_control,not_regulated,b2202,b2202,116.81858925841765,-0.582199663906354,0.667944591621848,0.24901960641114884,0.5128618084420089,0.1688376932742603,BH_from_pvalue
polymyxin,polymixinE,polymixinE_vs_control,not_regulated,b3095,b3095,841.6068861870208,0.34923657562239896,1.2738863522823651,0.07700606370977878,0.3285436663382447,0.16882337063890884,BH_from_pvalue
polymyxin,polymixinE,polymixinE_vs_control,not_regulated,b2521,b2521,4373.585792227738,-0.5524980473151615,0.6818384924580054,0.23157402239253533,0.4951237355712353,0.16867005902565985,BH_from_pvalue
polymyxin,polymixinE,polymixinE_vs_control,not_regulated,b3670,b3670,78.65607702849063,-0.5525901867007077,0.681794947445491,0.23457638046756532,0.4966845169333592,0.16794286582317627,BH_from_pvalue
polymyxin,polymixinE,polymixinE_vs_control,not_regulated,b4532,b4532,14.21365251349112,-0.6845955696053942,0.6221802178529832,0.3056897070016035,0.5685003492616395,0.16791025160753828,BH_from_pvalue
polymyxin,polymixinE,polymixinE_vs_control,not_regulated,b4066,b4066,9.537708167920284,1.0043046578174395,2.0059764345523865,0.45358429311072346,0.6805277352942075,0.1678737116871705,BH_from_pvalue
polymyxin,polymixinE,polymixinE_vs_control,not_regulated,b4640,b4640,33.61089862277723,0.516806807660803,1.4307849097489649,0.20574120907382293,0.47336263857496447,0.16786196381402763,BH_from_pvalue
polymyxin,polymixinE,polymixinE_vs_control,not_regulated,b0922,b0922,468.2694099580695,-0.3952901061541656,0.7603364680282674,0.11306093806226836,0.37614504393793124,0.16785783116475592,BH_from_pvalue
polymyxin,polymixinE,polymixinE_vs_control,not_regulated,b0421,b0421,902.6284513052163,-0.4834095047231699,0.7152851996040385,0.1770168384409681,0.4497239646212668,0.16776918745561173,BH_from_pvalue
polymyxin,polymixinE,polymixinE_vs_control,not_regulated,b1413,b1413,3306.75953438001,-0.5828094500930163,0.6676623300847735,0.2533395948265652,0.5154347958970809,0.1677478681051965,BH_from_pvalue
polymyxin,polymixinE,polymixinE_vs_control,not_regulated,b3654,b3654,213.7348308984452,0.5183972454141861,1.432363087422691,0.2067655449261206,0.47472384418410996,0.16773207059405978,BH_from_pvalue
polymyxin,polymixinE,polymixinE_vs_control,not_regulated,b3832,b3832,688.483830319671,-0.475700300732921,0.7191176373153102,0.17299811724220154,0.4447451515310184,0.167393597403718,BH_from_pvalue
polymyxin,polymixinE,polymixinE_vs_control,not_regulated,b0641,b0641,718.7306472849247,-0.5563295383540616,0.6800300769561072,0.23743758363585749,0.5002314993883311,0.1673600388799357,BH_from_pvalue
polymyxin,polymixinE,polymixinE_vs_control,not_regulated,b2741,b2741,13922.57589188374,-0.69555007142894,0.6174738429642643,0.3121027271898179,0.5747863954074925,0.16727528481394355,BH_from_pvalue
polymyxin,polymixinE,polymixinE_vs_control,not_regulated,b2765,b2765,46.83566237970294,0.4634919589364852,1.3788752692138178,0.16553277713320774,0.4367397668816729,0.16675386796808578,BH_from_pvalue
polymyxin,polymixinE,polymixinE_vs_control,not_regulated,b2312,b2312,681.5732736773726,-0.5731354125857724,0.6721544051302591,0.25008647764263225,0.5129531190655369,0.1661647513948574,BH_from_pvalue
polymyxin,polymixinE,polymixinE_vs_control,not_regulated,b4153,b4153,1259.7065763266867,0.583177775699939,1.4981455316219001,0.2595872532713079,0.5197888049124687,0.1657234238132765,BH_from_pvalue
polymyxin,polymixinE,polymixinE_vs_control,not_regulated,b1356,b1356,772.002344237946,0.29973236913284396,1.23091604790535,0.04649703806157343,0.28011750234863747,0.1656500175910716,BH_from_pvalue
polymyxin,polymixinE,polymixinE_vs_control,not_regulated,b2315,b2315,316.82283352295764,-0.4737558714085299,0.7200875000270882,0.17479891466562966,0.447238633769057,0.16555905271220647,BH_from_pvalue
polymyxin,polymixinE,polymixinE_vs_control,not_regulated,b2565,b2565,135.01370233181612,0.418202135632912,1.33626128850192,0.13709975463291937,0.40200436527957717,0.1655115376131567,BH_from_pvalue
polymyxin,polymixinE,polymixinE_vs_control,not_regulated,b1078,b1078,91.73890606031802,1.0921108576173228,2.1318572791304304,0.4870818432736984,0.7056019745716894,0.16538950038994854,BH_from_pvalue
polymyxin,polymixinE,polymixinE_vs_control,not_regulated,b4457,b4457,5443.940729914314,-0.7059093881787497,0.613055933222765,0.321303842315569,0.5833966501353449,0.16520825822791463,BH_from_pvalue
polymyxin,polymixinE,polymixinE_vs_control,not_regulated,b3468,b3468,714.2260622396435,0.34654880790394316,1.2715152876479094,0.08319882632797147,0.3337090761154892,0.1651762449556336,BH_from_pvalue
polymyxin,polymixinE,polymixinE_vs_control,not_regulated,b3774,b3774,309.65287457360193,-0.45890135373558394,0.7275400866741427,0.16583490215958213,0.4367397668816729,0.16510227259775576,BH_from_pvalue
polymyxin,polymixinE,polymixinE_vs_control,not_regulated,b3932,b3932,740.3462823850473,-0.31778701422035915,0.8022996014953796,0.058775095419640565,0.30248327139307013,0.16502636387256084,BH_from_pvalue
polymyxin,polymixinE,polymixinE_vs_control,not_regulated,b4170,b4170,1638.208593402536,-0.49350676877443966,0.7102964752267661,0.19421002246777255,0.46307619630387703,0.16500277542096412,BH_from_pvalue
polymyxin,polymixinE,polymixinE_vs_control,not_regulated,b0631,b0631,1835.122549043116,-0.6793839675261406,0.6244318506648885,0.30996655923886557,0.5721089796702574,0.1647650392582343,BH_from_pvalue
polymyxin,polymixinE,polymixinE_vs_control,not_regulated,b3163,b3163,9678.150028894532,-0.3340284633155832,0.7933181914503725,0.07116413501166122,0.3218292455395536,0.1644670952284937,BH_from_pvalue
polymyxin,polymixinE,polymixinE_vs_control,not_regulated,b1334,b1334,4827.927004234429,-0.5047681922845992,0.704773609287533,0.20493070886633755,0.4725797442449207,0.16431461383941218,BH_from_pvalue
polymyxin,polymixinE,polymixinE_vs_control,not_regulated,b1537,b1537,163.45005136696088,0.8284428538686495,1.7757676857027038,0.3857764340329481,0.6335240599781674,0.16422793226791974,BH_from_pvalue
polymyxin,polymixinE,polymixinE_vs_control,not_regulated,b1608,b1608,141.6953742359906,0.5354963344369974,1.449440723961181,0.23011771885191154,0.4941707813450773,0.1639277104073182,BH_from_pvalue
polymyxin,polymixinE,polymixinE_vs_control,not_regulated,b1971,b1971,550.435861803257,0.44973127121180845,1.365785830042261,0.16027219140835586,0.4322297371160836,0.16383051680247915,BH_from_pvalue
polymyxin,polymixinE,polymixinE_vs_control,not_regulated,b4473,b4473,164.54383486449586,-0.3925931107053726,0.7617591816746108,0.12117811213228152,0.38346801081149495,0.1634250715779206,BH_from_pvalue
polymyxin,polymixinE,polymixinE_vs_control,not_regulated,b0235,b0235,1.333249359388229,0.8757559977919274,1.8349693910265652,0.4070673623781051,0.6513657047231294,0.16304397040908658,BH_from_pvalue
polymyxin,polymixinE,polymixinE_vs_control,not_regulated,b3906,b3906,53.07758855238734,-0.5625993208394036,0.6770811589158116,0.2509495151465667,0.5132578678610213,0.16296498598838857,BH_from_pvalue
polymyxin,polymixinE,polymixinE_vs_control,not_regulated,b2454,b2454,15.856927238824634,-0.6058035460034357,0.6571052865174651,0.27566595943741307,0.5386383516722345,0.16278106517380353,BH_from_pvalue
polymyxin,polymixinE,polymixinE_vs_control,not_regulated,b1672,b1672,70.06218513645001,0.8358109771235114,1.7848600740557392,0.39281153075775704,0.638780283929281,0.16268935039428836,BH_from_pvalue
polymyxin,polymixinE,polymixinE_vs_control,not_regulated,b1235,b1235,1960.887611262179,0.4457238742420522,1.3619973291367087,0.15966496414537268,0.43175397974072216,0.1625838675209604,BH_from_pvalue
polymyxin,polymixinE,polymixinE_vs_control,not_regulated,b1790,b1790,125.41825075713398,-0.4228608541987313,0.7459439550666876,0.14654188994553427,0.4127397751878605,0.16251543822632114,BH_from_pvalue
polymyxin,polymixinE,polymixinE_vs_control,not_regulated,b4550,b4550,15.773221375883912,0.5648246364587735,1.479207696565975,0.25571957586958083,0.5155655097540899,0.16250916628692796,BH_from_pvalue
polymyxin,polymixinE,polymixinE_vs_control,not_regulated,b2309,b2309,794.2272000719822,-0.32814016327569995,0.7965627034489954,0.06849781127853921,0.3199409710600928,0.16240645740625967,BH_from_pvalue
polymyxin,polymixinE,polymixinE_vs_control,not_regulated,b3066,b3066,1535.8929928550933,0.363073267181516,1.2861627994730351,0.09790898575664127,0.35713657126793064,0.16235390266183103,BH_from_pvalue
polymyxin,polymixinE,polymixinE_vs_control,not_regulated,b4222,b4222,260.28232417970816,-0.27340283188979253,0.8273657652736501,0.03316265246684713,0.2549839500784246,0.16226106894879436,BH_from_pvalue
polymyxin,polymixinE,polymixinE_vs_control,not_regulated,b0882,b0882,18801.997856068923,-0.2843963191250438,0.8210851115427171,0.03911722274846184,0.26911970661197326,0.16212140131286268,BH_from_pvalue
polymyxin,polymixinE,polymixinE_vs_control,not_regulated,b0041,b0041,5.981450708643599,0.5825170122754111,1.4974595286318553,0.26510641705893206,0.5271656339217845,0.16197054996393456,BH_from_pvalue
polymyxin,polymixinE,polymixinE_vs_control,not_regulated,b1077,b1077,71.10122216839538,1.1178996929216964,2.1703078422905624,0.5000292013869967,0.71674039128066,0.1616909105514705,BH_from_pvalue
polymyxin,polymixinE,polymixinE_vs_control,not_regulated,b0642,b0642,5100.0945772837285,-0.5317010090841041,0.6917386588292912,0.23358467619788534,0.4965330215208356,0.1616646828018326,BH_from_pvalue
polymyxin,polymixinE,polymixinE_vs_control,not_regulated,b1852,b1852,1103.4031627615475,-0.5261632858628573,0.6943989705708178,0.2288492544067367,0.49296806730670983,0.1616274757779759,BH_from_pvalue
polymyxin,polymixinE,polymixinE_vs_control,not_regulated,b2002,b2002,4.562101803103369,-0.6016980092168249,0.65897790136071,0.2759975700001925,0.5390521362834849,0.16147723052086219,BH_from_pvalue
polymyxin,polymixinE,polymixinE_vs_control,not_regulated,b2575,b2575,160.47595816422475,0.3509823784069104,1.275428813039829,0.09218497613114676,0.34677575801446336,0.161434790792276,BH_from_pvalue
polymyxin,polymixinE,polymixinE_vs_control,not_regulated,b0452,b0452,579.4086853384933,0.3706077565628849,1.292897368016205,0.10581689051702531,0.3677422023572624,0.16101295891668138,BH_from_pvalue
polymyxin,polymixinE,polymixinE_vs_control,not_regulated,b2176,b2176,235.8145586568613,0.25680115656529257,1.1948265132382592,0.023228927550476102,0.2361712491914291,0.16095602443850227,BH_from_pvalue
polymyxin,polymixinE,polymixinE_vs_control,not_regulated,b1594,b1594,581.633885001541,-0.3647328557261371,0.7766126672883631,0.10281940105242597,0.3621626201517713,0.16088234104929966,BH_from_pvalue
polymyxin,polymixinE,polymixinE_vs_control,not_regulated,b0558,b0558,0.8464298667507775,0.8679113831130904,1.8250188726895185,0.4226497308103741,0.6537408834886739,0.16021154142646896,BH_from_pvalue
polymyxin,polymixinE,polymixinE_vs_control,not_regulated,b2849,b2849,0.8464298667507775,0.8679113831130904,1.8250188726895185,0.4226497308103741,0.6537408834886739,0.16021154142646896,BH_from_pvalue
polymyxin,polymixinE,polymixinE_vs_control,not_regulated,b2854,b2854,0.8464298667507775,0.8679113831130904,1.8250188726895185,0.4226497308103741,0.6537408834886739,0.16021154142646896,BH_from_pvalue
polymyxin,polymixinE,polymixinE_vs_control,not_regulated,b4590,b4590,0.8464298667507775,0.8679113831130904,1.8250188726895185,0.4226497308103741,0.6537408834886739,0.16021154142646896,BH_from_pvalue
polymyxin,polymixinE,polymixinE_vs_control,not_regulated,b0579,b0579,119.10581789780674,-0.34398544111113694,0.7878618366797416,0.08949991531843997,0.3423219550189991,0.16014766659320057,BH_from_pvalue
polymyxin,polymixinE,polymixinE_vs_control,not_regulated,b3145,b3145,63.26937562876458,0.41210361692563424,1.3306246054763355,0.14371526379983962,0.4094218780064535,0.15982571466966528,BH_from_pvalue
polymyxin,polymixinE,polymixinE_vs_control,not_regulated,b0741,b0741,3802.932808065216,-0.39035889890160647,0.762939784522097,0.12666527181347692,0.3896993109555535,0.159762327903103,BH_from_pvalue
polymyxin,polymixinE,polymixinE_vs_control,not_regulated,b4644,b4644,1.341220490863244,0.8651916803114212,1.8215816713067365,0.4130100553205819,0.6537408834886739,0.15970949964368417,BH_from_pvalue
polymyxin,polymixinE,polymixinE_vs_control,not_regulated,b4554,b4554,2962.1733373412494,0.37403280844536013,1.2959704368674227,0.11190511677423122,0.37462051032139565,0.15949074967292853,BH_from_pvalue
polymyxin,polymixinE,polymixinE_vs_control,not_regulated,b4620,b4620,14.533118981185865,0.49271408402473904,1.407089488090255,0.208504609778456,0.47472384418410996,0.15942205375395974,BH_from_pvalue
polymyxin,polymixinE,polymixinE_vs_control,not_regulated,b1929,b1929,344.2157116567118,-0.40838161266704986,0.7534681257426185,0.14257251625278014,0.4071690019714318,0.15936083426318806,BH_from_pvalue
polymyxin,polymixinE,polymixinE_vs_control,not_regulated,b3039,b3039,124.80939141578888,-0.4588751166545251,0.7275533179539774,0.17710667789337722,0.4497239646212668,0.15925443068980435,BH_from_pvalue
polymyxin,polymixinE,polymixinE_vs_control,not_regulated,b1930,b1930,23.083945772862034,0.4825295670665497,1.3971913024549056,0.19992352580499442,0.46779915451166143,0.15920607917368237,BH_from_pvalue
polymyxin,polymixinE,polymixinE_vs_control,not_regulated,b0404,b0404,274.50432825490253,0.38291210069059556,1.3039712855730847,0.12197421840981557,0.38391259968100105,0.15920245831701618,BH_from_pvalue
polymyxin,polymixinE,polymixinE_vs_control,not_regulated,b4001,b4001,113.65106923495006,0.31406518619472124,1.2432058401839885,0.06422547514128914,0.31147028066923194,0.15910020537979516,BH_from_pvalue
polymyxin,polymixinE,polymixinE_vs_control,not_regulated,b1359,b1359,29.219169257941264,0.4403926932021376,1.3569736375178987,0.16403778796849763,0.4353049972166975,0.15907263604414829,BH_from_pvalue
polymyxin,polymixinE,polymixinE_vs_control,not_regulated,b1496,b1496,1.8103686594422257,0.8609244914864232,1.8162017756546172,0.41466271134521143,0.6537408834886739,0.15892180067750797,BH_from_pvalue
polymyxin,polymixinE,polymixinE_vs_control,not_regulated,b1288,b1288,6409.788899326551,-0.5760009270357465,0.6708206813902617,0.26920409001524737,0.5299256003888764,0.15885247295860372,BH_from_pvalue
polymyxin,polymixinE,polymixinE_vs_control,not_regulated,b0311,b0311,296.10931123243785,-0.47198097012053797,0.720973945679482,0.19247442751322444,0.4611149276775715,0.15867566848848752,BH_from_pvalue
polymyxin,polymixinE,polymixinE_vs_control,not_regulated,b0194,b0194,3556.6145001460604,-0.44992746551183416,0.732079653871929,0.17226391417233322,0.44416364782892276,0.15858007965976464,BH_from_pvalue
polymyxin,polymixinE,polymixinE_vs_control,not_regulated,b2004,b2004,0.9241499430542808,-0.7584291836060583,0.5911396173702764,0.36556275018217144,0.6179260617509985,0.15855985016450724,BH_from_pvalue
polymyxin,polymixinE,polymixinE_vs_control,not_regulated,b4493,b4493,8031.676469505669,0.536252596076709,1.4502007208701877,0.24375630377443694,0.5073575543418126,0.1580260621593605,BH_from_pvalue
polymyxin,polymixinE,polymixinE_vs_control,not_regulated,b3838,b3838,538.6992372698518,-0.2576424954074348,0.8364536502094804,0.027471463639898757,0.24408265629022852,0.1577965160241982,BH_from_pvalue
polymyxin,polymixinE,polymixinE_vs_control,not_regulated,b0735,b0735,640.9339575153837,-0.49666708600636866,0.7087422276051555,0.21769145848339247,0.48116765614658447,0.15779290802071605,BH_from_pvalue
polymyxin,polymixinE,polymixinE_vs_control,not_regulated,b0222,b0222,1099.187025188296,-0.34629693563231534,0.7866005304944984,0.09413486975211373,0.3503442650519541,0.1577399812604285,BH_from_pvalue
polymyxin,polymixinE,polymixinE_vs_control,not_regulated,b1686,b1686,352.83572320901186,-0.38951515522909297,0.7633861116195972,0.1294203017442757,0.39376934317213436,0.15765941367871353,BH_from_pvalue
polymyxin,polymixinE,polymixinE_vs_control,not_regulated,b1841,b1841,449.01936322663664,0.33467716400869385,1.2610951783834565,0.08599944150352899,0.33831144465100005,0.1575269554464611,BH_from_pvalue
polymyxin,polymixinE,polymixinE_vs_control,not_regulated,b2793,b2793,175.99404458566775,0.3452828318805672,1.270400012580815,0.09469839357536951,0.35039175273795337,0.1572577276315964,BH_from_pvalue
polymyxin,polymixinE,polymixinE_vs_control,not_regulated,b1942,b1942,4.72267466196508,1.0927304663446908,2.132773065927116,0.5014288024933884,0.7180600934782748,0.1571774856219633,BH_from_pvalue
polymyxin,polymixinE,polymixinE_vs_control,not_regulated,b4659,b4659,181.0989029132426,0.5207364850312448,1.4346874583262015,0.23678762463941755,0.4990959398444706,0.15716658375823664,BH_from_pvalue
polymyxin,polymixinE,polymixinE_vs_control,not_regulated,b3447,b3447,1288.2297385897798,0.5272818814098201,1.441211312841455,0.24009294496978378,0.5037024563778393,0.15703821735543835,BH_from_pvalue
polymyxin,polymixinE,polymixinE_vs_control,not_regulated,b1431,b1431,970.1332865560279,-0.4116546875901861,0.7517606531593707,0.14806508698802653,0.41546897147357664,0.15703037556201485,BH_from_pvalue
polymyxin,polymixinE,polymixinE_vs_control,not_regulated,b1368,b1368,9.722016660590858,0.7171715017830156,1.6439557898256318,0.3507408216410322,0.6041335848401618,0.15696518971918774,BH_from_pvalue
polymyxin,polymixinE,polymixinE_vs_control,not_regulated,b3308,b3308,9587.494798581765,-0.5212258161425698,0.6967795482094834,0.23773945607275643,0.5003987241063447,0.15672416235067627,BH_from_pvalue
polymyxin,polymixinE,polymixinE_vs_control,not_regulated,b1875,b1875,184.5640985830155,-0.4313626534968211,0.7415610356245371,0.16267681352310398,0.4332269432959868,0.15670738380372148,BH_from_pvalue
polymyxin,polymixinE,polymixinE_vs_control,not_regulated,b4300,b4300,64.95955114035866,0.5185975156118836,1.4325619371739833,0.23645189712249415,0.4988558317340425,0.15662938686533048,BH_from_pvalue
polymyxin,polymixinE,polymixinE_vs_control,not_regulated,b0288,b0288,9.483548281556986,-0.7778481678526137,0.583236062608631,0.3799683944430992,0.6290745225838649,0.1565792052860748,BH_from_pvalue
polymyxin,polymixinE,polymixinE_vs_control,not_regulated,b1944,b1944,14.57241666488349,1.2304246724476016,2.3463604726845997,0.5429630601687083,0.7461802152883745,0.15645621224739814,BH_from_pvalue
polymyxin,polymixinE,polymixinE_vs_control,not_regulated,b1561,b1561,27.372208953119166,-0.5664402871480521,0.6752809260218462,0.2683984742776003,0.529498393552915,0.15641418873686402,BH_from_pvalue
polymyxin,polymixinE,polymixinE_vs_control,not_regulated,b3344,b3344,43.47373021446387,0.45058593991745255,1.3665951765790452,0.17807045332616053,0.4499780331803765,0.1562671181558711,BH_from_pvalue
polymyxin,polymixinE,polymixinE_vs_control,not_regulated,b0860,b0860,101.99314785802159,0.5341033240157049,1.448041875615292,0.24640270089428035,0.5099014112036186,0.15623258546417237,BH_from_pvalue
polymyxin,polymixinE,polymixinE_vs_control,not_regulated,b0873,b0873,1494.3338196488965,-1.558717039209367,0.3394528165015751,0.6061633101164573,0.7942098948161447,0.1559725630410079,BH_from_pvalue
polymyxin,polymixinE,polymixinE_vs_control,not_regulated,b3980,b3980,119.07645290542224,-0.41845755045368094,0.7482241566158647,0.15464798358220183,0.4249276909912913,0.1555343806627758,BH_from_pvalue
polymyxin,polymixinE,polymixinE_vs_control,not_regulated,b0172,b0172,4105.472527541457,0.18114631122809932,1.1337843899360498,0.0036884825298251996,0.13854706394780464,0.15549647780510162,BH_from_pvalue
polymyxin,polymixinE,polymixinE_vs_control,not_regulated,b1271,b1271,249.79981085891623,-0.4517515536922643,0.731154625393008,0.18153710429374095,0.4528862424366316,0.15540744587162933,BH_from_pvalue
polymyxin,polymixinE,polymixinE_vs_control,not_regulated,b3087,b3087,2625.894006030409,-0.6796668305765401,0.6243094329821802,0.3316991131876758,0.5906976333130095,0.1553954689291387,BH_from_pvalue
polymyxin,polymixinE,polymixinE_vs_control,not_regulated,b3156,b3156,1483.6155447224046,-0.46930639463552026,0.7223117805670776,0.19870345897637698,0.46678396892458485,0.15528600882537888,BH_from_pvalue
polymyxin,polymixinE,polymixinE_vs_control,not_regulated,b0984,b0984,16.226004203285996,0.6432057865566292,1.5617957444524087,0.31228820752627173,0.5747863954074925,0.15468682350818905,BH_from_pvalue
polymyxin,polymixinE,polymixinE_vs_control,not_regulated,b1839,b1839,152.31268918927015,0.24765102391698157,1.1872724398826238,0.023791384967788192,0.23780811018913617,0.1544781059270166,BH_from_pvalue
polymyxin,polymixinE,polymixinE_vs_control,not_regulated,b1695,b1695,10.387079394213771,0.5075106030200107,1.4215950894172449,0.23284003780534024,0.4965330215208356,0.15430954475171732,BH_from_pvalue
polymyxin,polymixinE,polymixinE_vs_control,not_regulated,b2007,b2007,1343.4793836163747,-0.3131549739736883,0.8048796729854973,0.0705870311913646,0.3218292455395536,0.1541895214993922,BH_from_pvalue
polymyxin,polymixinE,polymixinE_vs_control,not_regulated,b1381,b1381,688.5570242722894,-0.4141043267137352,0.7504852763771139,0.154343812808488,0.4246978175674499,0.1540136690793887,BH_from_pvalue
polymyxin,polymixinE,polymixinE_vs_control,not_regulated,b0429,b0429,626.6179994886926,-0.36941897025786474,0.7740941920206066,0.11958354703418825,0.3830307345375663,0.1539614057083728,BH_from_pvalue
polymyxin,polymixinE,polymixinE_vs_control,not_regulated,b0055,b0055,436.69718675792393,-0.2969883063269094,0.8139497824620001,0.05919792173103125,0.3032713575696795,0.15389001628605736,BH_from_pvalue
polymyxin,polymixinE,polymixinE_vs_control,not_regulated,b0507,b0507,101.65152165093058,0.46290978342817546,1.378318959361682,0.1967962575505517,0.46525163102421485,0.15383052024930435,BH_from_pvalue
polymyxin,polymixinE,polymixinE_vs_control,not_regulated,b0135,b0135,7.193751690326512,0.8316935585707688,1.7797733864448022,0.4150656677315578,0.6537408834886739,0.1535259354879619,BH_from_pvalue
polymyxin,polymixinE,polymixinE_vs_control,not_regulated,b0864,b0864,1426.6964348271777,0.5040836656828347,1.41822227973766,0.2328736166128447,0.4965330215208356,0.15326757806718788,BH_from_pvalue
polymyxin,polymixinE,polymixinE_vs_control,not_regulated,b4573,b4573,36.91233024773621,0.3778632660448764,1.299415902195937,0.12953955130734973,0.39376934317213436,0.1529432171652493,BH_from_pvalue
polymyxin,polymixinE,polymixinE_vs_control,not_regulated,b0217,b0217,14.597939119682431,0.950154541340182,1.9320796109286582,0.46671614037774395,0.6905721274264014,0.15277625556655777,BH_from_pvalue
polymyxin,polymixinE,polymixinE_vs_control,not_regulated,b0927,b0927,1690.139599838515,-0.4898250766273513,0.7121114343970402,0.22447800632048978,0.48801453476537604,0.1526134486813453,BH_from_pvalue
polymyxin,polymixinE,polymixinE_vs_control,not_regulated,b4124,b4124,149.22227084948776,-0.3867024439788551,0.7648758784134337,0.138976170560826,0.4042275523349461,0.15211872126669193,BH_from_pvalue
polymyxin,polymixinE,polymixinE_vs_control,not_regulated,b3622,b3622,121.27961825340753,0.37854103191009614,1.3000265001555134,0.13156793214910661,0.3966308210095993,0.1520272042687289,BH_from_pvalue
polymyxin,polymixinE,polymixinE_vs_control,not_regulated,b4173,b4173,3910.1470632553646,-0.36178210248472453,0.7782027035628164,0.1179223315952235,0.38079352880335776,0.15169901279966666,BH_from_pvalue
polymyxin,polymixinE,polymixinE_vs_control,not_regulated,b1422,b1422,463.65091232636513,0.41734721592701796,1.3354696744332903,0.16173974561634913,0.4332269432959868,0.1516157919919968,BH_from_pvalue
polymyxin,polymixinE,polymixinE_vs_control,not_regulated,b2200,b2200,52.36159436615079,-0.4622188307111825,0.7258690304145756,0.2021099585242965,0.47005718378608363,0.15153812272926498,BH_from_pvalue
polymyxin,polymixinE,polymixinE_vs_control,not_regulated,b1420,b1420,2.9153601410232093,0.7843867704229841,1.7223600602792601,0.3957706493245468,0.6412739123421511,0.15135246880536785,BH_from_pvalue
polymyxin,polymixinE,polymixinE_vs_control,not_regulated,b0481,b0481,135.77645142185995,0.3164418716560853,1.2452555764639792,0.08219357241695469,0.3330690889472632,0.1510901305476428,BH_from_pvalue
polymyxin,polymixinE,polymixinE_vs_control,not_regulated,b3017,b3017,1019.5961498111996,-0.37957785201678007,0.7686624765936945,0.1358619359881805,0.4010728320527366,0.1506076685235427,BH_from_pvalue
polymyxin,polymixinE,polymixinE_vs_control,not_regulated,b4561,b4561,11.059441419955846,-0.743497939467824,0.5972894151909397,0.37788124342078755,0.627292305803312,0.15058066695037567,BH_from_pvalue
polymyxin,polymixinE,polymixinE_vs_control,not_regulated,b3802,b3802,1762.2525207618085,-0.27070707402573646,0.8289131906112104,0.045911599615147215,0.27816633610918995,0.15043068384944455,BH_from_pvalue
polymyxin,polymixinE,polymixinE_vs_control,not_regulated,b3618,b3618,326.08282774255,0.47685547779497917,1.391706970380981,0.2209028182562771,0.48374920959918916,0.15039055258413025,BH_from_pvalue
polymyxin,polymixinE,polymixinE_vs_control,not_regulated,b2389,b2389,286.56009475066236,0.3400450516058102,1.2657961208667323,0.10174348814013352,0.36176324708336355,0.15015558302653012,BH_from_pvalue
polymyxin,polymixinE,polymixinE_vs_control,not_regulated,b4618,b4618,1114.1698006222157,0.4639767230944951,1.3793386669541239,0.20741437228660192,0.47472384418410996,0.15012382330447605,BH_from_pvalue
polymyxin,polymixinE,polymixinE_vs_control,not_regulated,b0353,b0353,98.10196124725066,-0.3562131919567415,0.7812124292225325,0.11809848214332683,0.38079352880335776,0.14936391047242986,BH_from_pvalue
polymyxin,polymixinE,polymixinE_vs_control,not_regulated,b3297,b3297,3383.7954777528103,-0.46153129627816547,0.7262150348532534,0.20700679329446392,0.47472384418410996,0.14933258356117554,BH_from_pvalue
polymyxin,polymixinE,polymixinE_vs_control,not_regulated,b3472,b3472,3216.139961055254,-0.37596629445291896,0.7705891113482533,0.1354744137671181,0.4010728320527366,0.14917468643161697,BH_from_pvalue
polymyxin,polymixinE,polymixinE_vs_control,not_regulated,b0330,b0330,128.7394837317536,0.539111375708778,1.4530772224521422,0.26784645702268167,0.5289397610645388,0.14911485610212655,BH_from_pvalue
polymyxin,polymixinE,polymixinE_vs_control,not_regulated,b4165,b4165,5.632771565187649,0.4692834482349473,1.3844216885242435,0.2186068651155369,0.4817705435030304,0.14883782451586006,BH_from_pvalue
polymyxin,polymixinE,polymixinE_vs_control,not_regulated,b3247,b3247,682.6513964268237,-0.5050110144780078,0.7046549977531107,0.2442553510082476,0.5073575543418126,0.14881960954394624,BH_from_pvalue
polymyxin,polymixinE,polymixinE_vs_control,not_regulated,b3819,b3819,103.89175373432664,0.39539245881534946,1.3153005150057209,0.15184704729606138,0.4210824603933945,0.14852239543711637,BH_from_pvalue
polymyxin,polymixinE,polymixinE_vs_control,not_regulated,b3835,b3835,995.5928950139605,-0.2692243977791495,0.8297655132534812,0.04716622800672586,0.28126745767411226,0.14831047417420085,BH_from_pvalue
polymyxin,polymixinE,polymixinE_vs_control,not_regulated,b0211,b0211,2916.7683447673007,-0.5073486948592105,0.7035141299571727,0.24729904331666527,0.5103762682183026,0.14820138773732194,BH_from_pvalue
polymyxin,polymixinE,polymixinE_vs_control,not_regulated,b2869,b2869,2941.2849494630536,-0.6978101795662468,0.6165072734145727,0.3603300622381218,0.6132593034198236,0.1481840770504107,BH_from_pvalue
polymyxin,polymixinE,polymixinE_vs_control,not_regulated,b2321,b2321,292.91568963896805,0.3720370714138381,1.294178909206937,0.13616805750564487,0.4010728320527366,0.14761566206314883,BH_from_pvalue
polymyxin,polymixinE,polymixinE_vs_control,not_regulated,b0128,b0128,422.5840040792694,-0.3449646565674094,0.7873272644342459,0.11124593070735045,0.3734210420310913,0.1475762986899634,BH_from_pvalue
polymyxin,polymixinE,polymixinE_vs_control,not_regulated,b0334,b0334,5550.578398808372,1.5824719201596569,2.994825451115137,0.6274142517634955,0.8072395035561221,0.14716608012840549,BH_from_pvalue
polymyxin,polymixinE,polymixinE_vs_control,not_regulated,b0034,b0034,96.27754697706382,0.8193600586352501,1.7646230788259774,0.4312849311445735,0.6616369782702222,0.14697699615254498,BH_from_pvalue
polymyxin,polymixinE,polymixinE_vs_control,not_regulated,b3306,b3306,4215.054606779102,-0.4831568863218987,0.7154104582479741,0.23297460956659233,0.4965330215208356,0.14690475179894863,BH_from_pvalue
polymyxin,polymixinE,polymixinE_vs_control,not_regulated,b2018,b2018,0.7053582222923146,0.7958012394014734,1.7360412637158475,0.4226497308103743,0.6537408834886739,0.14690041600363649,BH_from_pvalue
polymyxin,polymixinE,polymixinE_vs_control,not_regulated,b2357,b2357,0.7053582222923146,0.7958012394014734,1.7360412637158475,0.4226497308103743,0.6537408834886739,0.14690041600363649,BH_from_pvalue
polymyxin,polymixinE,polymixinE_vs_control,not_regulated,b0700,b0700,31.22258436109142,-0.5466914107053897,0.6845883228221232,0.27777555288483224,0.539712499730443,0.14642447359868205,BH_from_pvalue
polymyxin,polymixinE,polymixinE_vs_control,not_regulated,b0009,b0009,617.6527210831995,-0.36895716046989335,0.7743420209008631,0.13633360822389484,0.4010728320527366,0.1463936249920629,BH_from_pvalue
polymyxin,polymixinE,polymixinE_vs_control,not_regulated,b3271,b3271,21.88509736858988,0.4542540515472764,1.3700742221000959,0.21062853773167875,0.4775237715307919,0.14581782363455079,BH_from_pvalue
polymyxin,polymixinE,polymixinE_vs_control,not_regulated,b2709,b2709,174.56883104245148,-0.5255245141421954,0.6947064926899434,0.2670106335331699,0.5283826791166731,0.1455973167807379,BH_from_pvalue
polymyxin,polymixinE,polymixinE_vs_control,not_regulated,b0638,b0638,60.700153875734465,0.5222612496174319,1.436204561369764,0.2644216701455277,0.5267354616096473,0.14540141881630242,BH_from_pvalue
polymyxin,polymixinE,polymixinE_vs_control,not_regulated,b4182,b4182,8.703372460636727,0.7873141161859198,1.725858417173923,0.41377496063259817,0.6537408834886739,0.14533374097310167,BH_from_pvalue
polymyxin,polymixinE,polymixinE_vs_control,not_regulated,b4665,b4665,3.6949884544718876,0.7852748568764747,1.7234206278169013,0.41273957451093035,0.6537408834886739,0.14495730521745734,BH_from_pvalue
polymyxin,polymixinE,polymixinE_vs_control,not_regulated,b4074,b4074,49.93813393451257,0.6088432322489279,1.5250359290831232,0.3157216479750225,0.5782231158760794,0.14484657539549056,BH_from_pvalue
polymyxin,polymixinE,polymixinE_vs_control,not_regulated,b1069,b1069,278.0005385445915,0.41908013352168716,1.337074760257152,0.17998376335599073,0.45198107536275617,0.14453225121797836,BH_from_pvalue
polymyxin,polymixinE,polymixinE_vs_control,not_regulated,b4589,b4589,4.130663032262554,0.6378281981615876,1.555985049216473,0.33650430599564374,0.5936112239781277,0.1444667449109825,BH_from_pvalue
polymyxin,polymixinE,polymixinE_vs_control,not_regulated,b1547,b1547,4.791906343073431,0.5321375349165036,1.4460701446465754,0.2736563558313014,0.5356424232067857,0.1442758071989468,BH_from_pvalue
polymyxin,polymixinE,polymixinE_vs_control,not_regulated,b3107,b3107,288.35971823887434,-0.3631323662559618,0.7774746998528521,0.13564828575405913,0.4010728320527366,0.14408248204331447,BH_from_pvalue
polymyxin,polymixinE,polymixinE_vs_control,not_regulated,b2042,b2042,2216.396991776836,0.46695128150207843,1.382185530593631,0.22683024124894058,0.49159633103285166,0.1440037440600921,BH_from_pvalue
polymyxin,polymixinE,polymixinE_vs_control,not_regulated,b2199,b2199,116.57289707304055,-0.4873182811606007,0.7133498593270546,0.24408577761689593,0.5073575543418126,0.14360581105524745,BH_from_pvalue
polymyxin,polymixinE,polymixinE_vs_control,not_regulated,b0762,b0762,148.15360711360893,-0.34822356197701865,0.7855507772232551,0.12430403515683514,0.3871240945036934,0.1435202705408125,BH_from_pvalue
polymyxin,polymixinE,polymixinE_vs_control,not_regulated,b3983,b3983,3928.744943483185,-0.36069020172973154,0.7787919076087585,0.13567511466027712,0.4010728320527366,0.1431134879265814,BH_from_pvalue
polymyxin,polymixinE,polymixinE_vs_control,not_regulated,b1813,b1813,147.99742913998804,0.29597258691773387,1.227712355561806,0.07894127789873145,0.3289330670395575,0.14292293221500327,BH_from_pvalue
polymyxin,polymixinE,polymixinE_vs_control,not_regulated,b3429,b3429,4588.7778083452895,0.2819914459713857,1.2158720740120308,0.06460688569684157,0.31147028066923194,0.14285218146266146,BH_from_pvalue
polymyxin,polymixinE,polymixinE_vs_control,not_regulated,b2269,b2269,9.234042877259272,0.6518824535199408,1.571217010053769,0.3509882942972456,0.6041335848401618,0.14267557026035518,BH_from_pvalue
polymyxin,polymixinE,polymixinE_vs_control,not_regulated,b3260,b3260,1530.7437260506304,0.4836581382237384,1.3982847051985732,0.24381046094795958,0.5073575543418126,0.14252721865404624,BH_from_pvalue
polymyxin,polymixinE,polymixinE_vs_control,not_regulated,b2582,b2582,320.9444455382641,0.4477267372741185,1.3638894743499046,0.21742909253421439,0.48116765614658447,0.1422443843444145,BH_from_pvalue
polymyxin,polymixinE,polymixinE_vs_control,not_regulated,b3072,b3072,199.91725185877644,0.6165597842604305,1.533214751881261,0.3291803617313144,0.5883791155117037,0.1420200768209567,BH_from_pvalue
polymyxin,polymixinE,polymixinE_vs_control,not_regulated,b1657,b1657,297.7111704823372,0.35346753748992477,1.277627735862477,0.13196060202843807,0.3966308210095993,0.14195734938744475,BH_from_pvalue
polymyxin,polymixinE,polymixinE_vs_control,not_regulated,b4666,b4666,3.709728883182727,-0.7427394047362685,0.5976035383282512,0.40032021097267967,0.6441493010579231,0.14187322365734403,BH_from_pvalue
polymyxin,polymixinE,polymixinE_vs_control,not_regulated,b1166,b1166,88.3523045384904,-0.7637896363427386,0.5889472646901925,0.4082314980490978,0.6520686357332536,0.14184084422742496,BH_from_pvalue
polymyxin,polymixinE,polymixinE_vs_control,not_regulated,b0876,b0876,896.5454564740331,0.33081414541993936,1.2577229357724813,0.11010740304640157,0.3727724146482527,0.1417724640324457,BH_from_pvalue
polymyxin,polymixinE,polymixinE_vs_control,not_regulated,b4705,b4705,605.1471580091974,-0.4021695826677245,0.7567194421039353,0.17247980982263583,0.44416364782892276,0.1417474800824414,BH_from_pvalue
polymyxin,polymixinE,polymixinE_vs_control,not_regulated,b0674,b0674,1148.4289758010989,0.7973222559193438,1.7378725168922904,0.4343046474431381,0.664230637265976,0.14166909284390736,BH_from_pvalue
polymyxin,polymixinE,polymixinE_vs_control,not_regulated,b3997,b3997,1307.1744001136517,-0.3188984514108544,0.8016817562837444,0.100739056965115,0.3605252459899635,0.14129252493538785,BH_from_pvalue
polymyxin,polymixinE,polymixinE_vs_control,not_regulated,b2171,b2171,174.02261141422443,0.44129049969726797,1.357818361365207,0.21292284136534456,0.4794825722226026,0.14087191892401507,BH_from_pvalue
polymyxin,polymixinE,polymixinE_vs_control,not_regulated,b2692,b2692,3.8182542502132257,0.8132538081877347,1.757170041937925,0.44045730711784087,0.6711304090162765,0.1408499341322515,BH_from_pvalue
polymyxin,polymixinE,polymixinE_vs_control,not_regulated,b0095,b0095,6978.160114020563,-0.23280551733415145,0.8509784380179418,0.03127760984515525,0.24846593167023134,0.14078521406832156,BH_from_pvalue
polymyxin,polymixinE,polymixinE_vs_control,not_regulated,b1847,b1847,1916.3481829072077,0.4358054963839155,1.3526658528424853,0.2093813998888898,0.47589567291572826,0.14054214925809386,BH_from_pvalue
polymyxin,polymixinE,polymixinE_vs_control,not_regulated,b0643,b0643,5509.341537561141,0.45048901216179615,1.3665033646922689,0.22465221833945515,0.4881573324110479,0.14030038036225517,BH_from_pvalue
polymyxin,polymixinE,polymixinE_vs_control,not_regulated,b1025,b1025,29.703403490868777,0.60139548391796,1.5171833916766622,0.3228539683352882,0.5850764359217974,0.13999728676696038,BH_from_pvalue
polymyxin,polymixinE,polymixinE_vs_control,not_regulated,b1856,b1856,1499.4298532815017,-0.4190040001284743,0.7479408053794728,0.19601853272553704,0.4643316883760817,0.13960026532521777,BH_from_pvalue
polymyxin,polymixinE,polymixinE_vs_control,not_regulated,b1086,b1086,292.5305406536633,0.4214784462569856,1.339299340098762,0.19869028610360673,0.46678396892458485,0.139460502719124,BH_from_pvalue
polymyxin,polymixinE,polymixinE_vs_control,not_regulated,b3415,b3415,157.50493804888043,0.3361522145641942,1.2623852156842406,0.12295854598731863,0.3851445263586067,0.13929350079488478,BH_from_pvalue
polymyxin,polymixinE,polymixinE_vs_control,not_regulated,b0175,b0175,852.5506601372762,-0.26978771830817827,0.8294415829075619,0.06071277005027618,0.3054653687764455,0.13895093211476203,BH_from_pvalue
polymyxin,polymixinE,polymixinE_vs_control,not_regulated,b4263,b4263,1341.1263911212293,0.37435057489235746,1.2962559173507255,0.15525215230694764,0.42563498060733485,0.1388700951278172,BH_from_pvalue
polymyxin,polymixinE,polymixinE_vs_control,not_regulated,b2319,b2319,466.13819565354055,-0.48813748355679465,0.7129449144039042,0.2589563389662379,0.5196840171112611,0.1387582733394621,BH_from_pvalue
polymyxin,polymixinE,polymixinE_vs_control,not_regulated,b0186,b0186,1507.138452902802,0.4288173686749559,1.3461296514154586,0.20838128963664804,0.47472384418410996,0.13874769935762157,BH_from_pvalue
polymyxin,polymixinE,polymixinE_vs_control,not_regulated,b3440,b3440,978.0862402920529,0.4562977212756394,1.3720163950787347,0.2352478951932062,0.49680472756819316,0.1386297636951062,BH_from_pvalue
polymyxin,polymixinE,polymixinE_vs_control,not_regulated,b1633,b1633,74.636380969928,-0.40342545713961897,0.7560610000336978,0.18534264811607962,0.45360438560761757,0.1385051394558173,BH_from_pvalue
polymyxin,polymixinE,polymixinE_vs_control,not_regulated,b0243,b0243,959.5516655617704,-0.4030627314945594,0.7562511144961578,0.18516021285098733,0.45360438560761757,0.1383806074879802,BH_from_pvalue
polymyxin,polymixinE,polymixinE_vs_control,not_regulated,b3545,b3545,0.6813713542683023,-0.6192977687742056,0.6509877186236991,0.34236319211846006,0.5980386944267314,0.13827105581085347,BH_from_pvalue
polymyxin,polymixinE,polymixinE_vs_control,not_regulated,b2295,b2295,1533.4742297215544,-0.47967569547116184,0.717138812076065,0.25467606120051506,0.5154355980711561,0.13806294035142538,BH_from_pvalue
polymyxin,polymixinE,polymixinE_vs_control,not_regulated,b0851,b0851,354.0357337284709,-0.39672344930660586,0.7595814353712736,0.1760031197613648,0.44904415653358526,0.1379450877492189,BH_from_pvalue
polymyxin,polymixinE,polymixinE_vs_control,not_regulated,b3185,b3185,1355.8822529391384,0.47917541462222424,1.3939467157875762,0.25507333071031,0.5154355980711561,0.1379189467206078,BH_from_pvalue
polymyxin,polymixinE,polymixinE_vs_control,not_regulated,b3703,b3703,671.8931737607589,0.47501463136151045,1.3899323160293282,0.24982330547206064,0.5129531190655369,0.13771734636497074,BH_from_pvalue
polymyxin,polymixinE,polymixinE_vs_control,not_regulated,b1395,b1395,114.81640014747909,-0.5861597131319076,0.6661136665457345,0.32039856294321256,0.5822839337852809,0.13766851395308385,BH_from_pvalue
polymyxin,polymixinE,polymixinE_vs_control,not_regulated,b0232,b0232,65.55575205598545,0.3469153254317403,1.2718383578945813,0.13537041334465066,0.4010728320527366,0.13764793720380383,BH_from_pvalue
polymyxin,polymixinE,polymixinE_vs_control,not_regulated,b3753,b3753,151.9991616685601,-0.40337807585862695,0.7560858311490314,0.18829440226391878,0.4558413152213867,0.13762707927402396,BH_from_pvalue
polymyxin,polymixinE,polymixinE_vs_control,not_regulated,b2358,b2358,1.0673881908293976,0.7427104406713001,1.6733166049165695,0.4144421247487273,0.6537408834886739,0.13710015428842037,BH_from_pvalue
polymyxin,polymixinE,polymixinE_vs_control,not_regulated,b0687,b0687,697.2385147751608,-0.27869532681333453,0.8243361526512507,0.07377279071380537,0.322316482706892,0.13703936514062517,BH_from_pvalue
polymyxin,polymixinE,polymixinE_vs_control,not_regulated,b2927,b2927,1160.822479514646,-0.3491777149884321,0.7850314104731915,0.13989057731096952,0.40516923164503593,0.13700460510035767,BH_from_pvalue
polymyxin,polymixinE,polymixinE_vs_control,not_regulated,b3910,b3910,305.10132961422386,0.29211930542749265,1.2244376445792402,0.0881323089259595,0.3402739275098419,0.136761882621368,BH_from_pvalue
polymyxin,polymixinE,polymixinE_vs_control,not_regulated,b2468,b2468,167.05558440248728,0.4496676947852851,1.3657256441631986,0.23376680706752978,0.4966146039774646,0.13669021666088,BH_from_pvalue
polymyxin,polymixinE,polymixinE_vs_control,not_regulated,b3624,b3624,176.94690073304102,-0.42950329104431884,0.7425173844129567,0.21744468306492554,0.48116765614658447,0.13645473035731223,BH_from_pvalue
polymyxin,polymixinE,polymixinE_vs_control,not_regulated,b1479,b1479,2548.8659715311587,0.39739687980248384,1.317129209354957,0.18507027605982138,0.45360438560761757,0.13643539167460303,BH_from_pvalue
polymyxin,polymixinE,polymixinE_vs_control,not_regulated,b4543,b4543,26.089889076315156,-0.6152398538721089,0.6528213503380783,0.3447699684969444,0.6003136819935172,0.1363505382215106,BH_from_pvalue
polymyxin,polymixinE,polymixinE_vs_control,not_regulated,b1006,b1006,89.09236575781578,-0.30249296193645137,0.810850044686979,0.09628261042288608,0.35440194900338917,0.13627425859481748,BH_from_pvalue
polymyxin,polymixinE,polymixinE_vs_control,not_regulated,b1370,b1370,30.184229141805066,-0.6004701167546198,0.6595390029187098,0.33569871467249807,0.5936112239781277,0.13600521807265845,BH_from_pvalue
polymyxin,polymixinE,polymixinE_vs_control,not_regulated,b1463,b1463,122.98897661422245,0.35038196423731627,1.2748981213957074,0.1434759836003259,0.4092295334396106,0.13595977576315782,BH_from_pvalue
polymyxin,polymixinE,polymixinE_vs_control,not_regulated,b4076,b4076,9.127623062485739,0.8354117395429679,1.7843662173432981,0.4632649121975241,0.6874845183320566,0.13595246491380775,BH_from_pvalue
polymyxin,polymixinE,polymixinE_vs_control,not_regulated,b0021,b0021,2.430554763755531,-0.5067418507981778,0.703810112934153,0.27665802072949913,0.5394051916953997,0.13584982716900718,BH_from_pvalue
polymyxin,polymixinE,polymixinE_vs_control,not_regulated,b3896,b3896,21.63128565787548,0.5557717957744552,1.469954801848049,0.3074149264912704,0.5704423842234877,0.13549061326532985,BH_from_pvalue
polymyxin,polymixinE,polymixinE_vs_control,not_regulated,b2157,b2157,1850.9209009300382,0.3700175863087143,1.2923685843856705,0.1586936974055932,0.4305840958867938,0.13540498125867828,BH_from_pvalue
polymyxin,polymixinE,polymixinE_vs_control,not_regulated,b0400,b0400,191.54594439236647,0.31590457109926184,1.2447918943138427,0.1104476428771492,0.3727724146482527,0.13538287302377194,BH_from_pvalue
polymyxin,polymixinE,polymixinE_vs_control,not_regulated,b2322,b2322,56.6367836133474,0.2749143040695534,1.2099222178349747,0.06966909709356368,0.3218292455395536,0.1353607910484105,BH_from_pvalue
polymyxin,polymixinE,polymixinE_vs_control,not_regulated,b2520,b2520,6495.785302979686,-0.20067538927398232,0.8701431155039161,0.017347073887524392,0.2121333993881926,0.13513299072640703,BH_from_pvalue
polymyxin,polymixinE,polymixinE_vs_control,not_regulated,b3877,b3877,10.065489972387242,0.6798373695781912,1.6019591612411719,0.3857111672447263,0.6335240599781674,0.13476884369623623,BH_from_pvalue
polymyxin,polymixinE,polymixinE_vs_control,not_regulated,b4077,b4077,630.87476476335,0.5679731980274951,1.4824394692139804,0.3168056074142068,0.5794503525989663,0.13460042889182924,BH_from_pvalue
polymyxin,polymixinE,polymixinE_vs_control,not_regulated,b0844,b0844,1623.490678659142,0.44260429719882666,1.359055428676582,0.23523976407728045,0.49680472756819316,0.13446950591727108,BH_from_pvalue
polymyxin,polymixinE,polymixinE_vs_control,not_regulated,b3052,b3052,835.965020074202,-0.3362658484700525,0.7920888375886451,0.13315227886510878,0.39848233555240137,0.13436878171063915,BH_from_pvalue
polymyxin,polymixinE,polymixinE_vs_control,not_regulated,b2526,b2526,1192.6535372206436,-0.4144358256907257,0.7503128514959819,0.20859046774607132,0.47472384418410996,0.1340944223496485,BH_from_pvalue
polymyxin,polymixinE,polymixinE_vs_control,not_regulated,b1034,b1034,521.6012726012967,-0.3060389227794982,0.8088595256724191,0.10462046856979934,0.3650759252342571,0.13392777573256254,BH_from_pvalue
polymyxin,polymixinE,polymixinE_vs_control,not_regulated,b0189,b0189,216.67512203087048,-0.36878526170478665,0.7744342901356748,0.16294733012050158,0.4334341164293413,0.1338974123588845,BH_from_pvalue
polymyxin,polymixinE,polymixinE_vs_control,not_regulated,b0428,b0428,5628.809387004218,-0.31048573491293574,0.8063702201221281,0.10776391749175167,0.3706390503110395,0.13383451139879213,BH_from_pvalue
polymyxin,polymixinE,polymixinE_vs_control,not_regulated,b1029,b1029,7.2006600828072225,0.5896509789756323,1.5048826377390354,0.3347188945808811,0.5933006656164287,0.1336887151662401,BH_from_pvalue
polymyxin,polymixinE,polymixinE_vs_control,not_regulated,b0978,b0978,846.9060805843177,-0.7260638086496005,0.6045510987644541,0.42467403273496507,0.6550698900006423,0.133386897441511,BH_from_pvalue
polymyxin,polymixinE,polymixinE_vs_control,not_regulated,b3209,b3209,616.5364742164762,-0.4623805105419958,0.72578768834096,0.2531532724943526,0.5154347958970809,0.1330852560548444,BH_from_pvalue
polymyxin,polymixinE,polymixinE_vs_control,not_regulated,b3959,b3959,128.68158221714467,0.4781823556848277,1.39298754223213,0.267511876487397,0.5287422558062032,0.13233982667670768,BH_from_pvalue
polymyxin,polymixinE,polymixinE_vs_control,not_regulated,b4187,b4187,10892.357671132091,-0.7783522470691988,0.5830323148908476,0.4475588430861686,0.6762242782000626,0.13224923952667728,BH_from_pvalue
polymyxin,polymixinE,polymixinE_vs_control,not_regulated,b2952,b2952,254.40098491283288,-0.28427844714021777,0.8211521990996044,0.08997343293666121,0.3435488126902395,0.1319084823343874,BH_from_pvalue
polymyxin,polymixinE,polymixinE_vs_control,not_regulated,b0959,b0959,246.69149090466382,0.23103563471145083,1.173677167866475,0.039492968725494515,0.26911970661197326,0.13170290307505153,BH_from_pvalue
polymyxin,polymixinE,polymixinE_vs_control,not_regulated,b1690,b1690,5.584663767487714,1.0207324349964966,2.0289487655161644,0.538470196434948,0.7430641220602666,0.13164764657299563,BH_from_pvalue
polymyxin,polymixinE,polymixinE_vs_control,not_regulated,b2395,b2395,222.46847734102946,0.15320978579686972,1.1120408503270824,0.003614514515555973,0.13854706394780464,0.13151568969399927,BH_from_pvalue
polymyxin,polymixinE,polymixinE_vs_control,not_regulated,b0438,b0438,11111.128527136178,-0.3418163531014482,0.7890472757041955,0.14626016528790228,0.41272159564930017,0.13137465631432144,BH_from_pvalue
polymyxin,polymixinE,polymixinE_vs_control,not_regulated,b2928,b2928,198.76392828701384,0.339327503054756,1.2651667124938815,0.14422585308531227,0.41010279207777817,0.13135614467424106,BH_from_pvalue
polymyxin,polymixinE,polymixinE_vs_control,not_regulated,b3529,b3529,673.6293495642598,0.36152456358114726,1.2847828708253513,0.16228550924546994,0.4332269432959868,0.13133628532819022,BH_from_pvalue
polymyxin,polymixinE,polymixinE_vs_control,not_regulated,b0352,b0352,55.271772874194404,-0.3903699278509105,0.7629339521099764,0.19186100656474164,0.46099936299583755,0.13128127975422121,BH_from_pvalue
polymyxin,polymixinE,polymixinE_vs_control,not_regulated,b0218,b0218,0.5642865778338517,0.7109378442753634,1.6368678403784156,0.4226497308103743,0.6537408834886739,0.13123511236967553,BH_from_pvalue
polymyxin,polymixinE,polymixinE_vs_control,not_regulated,b2361,b2361,0.5642865778338517,0.7109378442753634,1.6368678403784156,0.4226497308103743,0.6537408834886739,0.13123511236967553,BH_from_pvalue
polymyxin,polymixinE,polymixinE_vs_control,not_regulated,b1442,b1442,759.8020842667984,0.31048353058948486,1.2401232673611489,0.11603271991084321,0.37875533825484475,0.13091266003369156,BH_from_pvalue
polymyxin,polymixinE,polymixinE_vs_control,not_regulated,b1523,b1523,16.00208124337879,0.5436291981126775,1.4576346889872978,0.3121081302114028,0.5747863954074925,0.13073929927238057,BH_from_pvalue
polymyxin,polymixinE,polymixinE_vs_control,not_regulated,b1763,b1763,1440.7745536255145,-0.36742555832198853,0.7751645188142345,0.16973763059356134,0.4410628898959208,0.13061959540310603,BH_from_pvalue
polymyxin,polymixinE,polymixinE_vs_control,not_regulated,b0904,b0904,1952.2351143692338,-0.5706937100062301,0.673292962285573,0.3323473516438008,0.5908689279422198,0.1304085620565267,BH_from_pvalue
polymyxin,polymixinE,polymixinE_vs_control,not_regulated,b2051,b2051,4.3315412563581335,0.8112661962421139,1.754750842245842,0.4680930716498727,0.6907751431368527,0.13034070303567882,BH_from_pvalue
polymyxin,polymixinE,polymixinE_vs_control,not_regulated,b0987,b0987,8.662615982602597,0.5902401980631233,1.5054973807348029,0.3484062866221751,0.6017620416762123,0.13019235589313882,BH_from_pvalue
polymyxin,polymixinE,polymixinE_vs_control,not_regulated,b2494,b2494,726.280315213788,-0.31632218164413217,0.8031146257346338,0.12497680240392674,0.38812131479347217,0.13001869904984273,BH_from_pvalue
polymyxin,polymixinE,polymixinE_vs_control,not_regulated,b3585,b3585,247.21421411889787,0.3020116214043469,1.2328622565529659,0.10911475876025276,0.371680056282081,0.1298138792544992,BH_from_pvalue
polymyxin,polymixinE,polymixinE_vs_control,not_regulated,b4645,b4645,9.22061543414298,-0.3778134191149909,0.7696031348899235,0.18285559268926477,0.45334988607248616,0.12980402992996476,BH_from_pvalue
polymyxin,polymixinE,polymixinE_vs_control,not_regulated,b0740,b0740,2698.5691116110156,-0.48430419458245666,0.7148417517499884,0.27731862311026934,0.539712499730443,0.12971483613007634,BH_from_pvalue
polymyxin,polymixinE,polymixinE_vs_control,not_regulated,b0449,b0449,414.5574830815562,-0.32952362292433257,0.7957992128200247,0.13838081883718692,0.4041269167800971,0.129661687517875,BH_from_pvalue
polymyxin,polymixinE,polymixinE_vs_control,not_regulated,b4679,b4679,275.70845536315136,0.6404764362086892,1.558843867572977,0.37919177616585525,0.628414238064619,0.12921867244097737,BH_from_pvalue
polymyxin,polymixinE,polymixinE_vs_control,not_regulated,b0867,b0867,1610.8049357109549,0.21532202848030835,1.1609630276588179,0.03260994626912592,0.2526951082460145,0.12863406135408195,BH_from_pvalue
polymyxin,polymixinE,polymixinE_vs_control,not_regulated,b3575,b3575,21.484440927408844,-0.5825264237986412,0.6677933241802699,0.3482297296467913,0.6017620416762123,0.1284908885115265,BH_from_pvalue
polymyxin,polymixinE,polymixinE_vs_control,not_regulated,b3149,b3149,397.1717448658257,-0.2890351985598798,0.8184492130012911,0.10010408270223366,0.3593692309221356,0.12846432704961736,BH_from_pvalue
polymyxin,polymixinE,polymixinE_vs_control,not_regulated,b1621,b1621,94.16419497833344,-0.44612098983529513,0.7340137582797539,0.25487670056507533,0.5154355980711561,0.1284050373839551,BH_from_pvalue
polymyxin,polymixinE,polymixinE_vs_control,not_regulated,b1822,b1822,258.7709028944566,0.3691604659941907,1.2916010026385816,0.17612385738153993,0.4490958676316137,0.12834267502147018,BH_from_pvalue
polymyxin,polymixinE,polymixinE_vs_control,not_regulated,b0695,b0695,792.4731779275734,-0.4019881983782412,0.7568145874002066,0.21497930194458736,0.48041083695021664,0.1279878987180286,BH_from_pvalue
polymyxin,polymixinE,polymixinE_vs_control,not_regulated,b3310,b3310,9281.8351880914,-0.4442061198002527,0.7349886518656836,0.25325381732785446,0.5154347958970809,0.12785418902161141,BH_from_pvalue
polymyxin,polymixinE,polymixinE_vs_control,not_regulated,b3027,b3027,4.1086905647250065,-0.832676734636951,0.5614865094912892,0.4825863278253895,0.7022560021218384,0.12781965931301223,BH_from_pvalue
polymyxin,polymixinE,polymixinE_vs_control,not_regulated,b0088,b0088,1770.4956878001067,-0.35183649266859085,0.7835859893575828,0.16145080708066928,0.4332269432959868,0.12781675892852512,BH_from_pvalue
polymyxin,polymixinE,polymixinE_vs_control,not_regulated,b0713,b0713,703.7761734725572,-0.470419671820661,0.7217546128898051,0.2730263988282633,0.535051324495985,0.1277681263467919,BH_from_pvalue
polymyxin,polymixinE,polymixinE_vs_control,not_regulated,b2727,b2727,409.52227156494286,-0.6384741378970862,0.6423920136080762,0.3824385357951414,0.6310376133552994,0.1276595541914635,BH_from_pvalue
polymyxin,polymixinE,polymixinE_vs_control,not_regulated,b3719,b3719,13.40844852401887,0.44293257605470027,1.3593647108963374,0.2550354836394159,0.5154355980711561,0.1274873303044385,BH_from_pvalue
polymyxin,polymixinE,polymixinE_vs_control,not_regulated,b2408,b2408,23.375049264838022,0.5196381825529306,1.4335956675373607,0.3058627935111533,0.5685003492616395,0.1274512746666466,BH_from_pvalue
polymyxin,polymixinE,polymixinE_vs_control,not_regulated,b2201,b2201,124.69344846127585,-0.3917317410445307,0.7622141303292788,0.20544613145229748,0.47292563934106147,0.12739395929612132,BH_from_pvalue
polymyxin,polymixinE,polymixinE_vs_control,not_regulated,b3858,b3858,380.9347906399184,-0.36884138710104075,0.774404162780472,0.17996470113298269,0.45198107536275617,0.1272059249673702,BH_from_pvalue
polymyxin,polymixinE,polymixinE_vs_control,not_regulated,b0076,b0076,40.611968424094364,0.431199006334376,1.3483537117369777,0.24392048747980094,0.5073575543418126,0.12706825379788614,BH_from_pvalue
polymyxin,polymixinE,polymixinE_vs_control,not_regulated,b3741,b3741,1134.7259097261356,0.356719666435902,1.280511017959688,0.1687666186628206,0.44045713818368387,0.12702657023180497,BH_from_pvalue
polymyxin,polymixinE,polymixinE_vs_control,not_regulated,b3601,b3601,158.23166694283395,0.3656811271849749,1.2884898095282598,0.17685428449420645,0.4497239646212668,0.126911086720995,BH_from_pvalue
polymyxin,polymixinE,polymixinE_vs_control,not_regulated,b1076,b1076,104.82454514551172,1.191433722677428,2.283795896957127,0.5880165296168717,0.7826780981493409,0.12678858677684973,BH_from_pvalue
polymyxin,polymixinE,polymixinE_vs_control,not_regulated,b3848,b3848,314.982672674311,-0.3042189865548597,0.8098805326060274,0.11970717191602397,0.3830307345375663,0.1267882447413801,BH_from_pvalue
polymyxin,polymixinE,polymixinE_vs_control,not_regulated,b0692,b0692,70.95837249319786,-0.4117314591828283,0.7517206500225835,0.22849593963320505,0.49296806730670983,0.12647616858514246,BH_from_pvalue
polymyxin,polymixinE,polymixinE_vs_control,not_regulated,b0789,b0789,520.4389342114192,0.6201002760331278,1.5369820071231317,0.37371985590815443,0.6253679233212892,0.12641636982516102,BH_from_pvalue
polymyxin,polymixinE,polymixinE_vs_control,not_regulated,b3405,b3405,1226.425905850988,0.3968263536660146,1.3166084422819817,0.21455081791608646,0.48041083695021664,0.12634443341011173,BH_from_pvalue
polymyxin,polymixinE,polymixinE_vs_control,not_regulated,b3616,b3616,3573.088689639728,-0.43427828759223,0.7400638811562551,0.25156825260393173,0.5138755677622547,0.12556810582232367,BH_from_pvalue
polymyxin,polymixinE,polymixinE_vs_control,not_regulated,b0025,b0025,1014.4550918299643,-0.3249130650334475,0.7983464922505297,0.14484059175489727,0.41087937395331464,0.12550925766199586,BH_from_pvalue
polymyxin,polymixinE,polymixinE_vs_control,not_regulated,b1821,b1821,31.48284378931271,0.5160963763252635,1.4300805168082833,0.30853593446985395,0.5713440235674776,0.12546422184129455,BH_from_pvalue
polymyxin,polymixinE,polymixinE_vs_control,not_regulated,b3313,b3313,3169.787924507989,-0.4996172574011819,0.7072943993473823,0.2976152319836724,0.5610533585341821,0.12540184997627077,BH_from_pvalue
polymyxin,polymixinE,polymixinE_vs_control,not_regulated,b3307,b3307,4289.077242742823,-0.5086717255001503,0.7028692645695716,0.30428832778201154,0.567343328806565,0.12521160407526602,BH_from_pvalue
polymyxin,polymixinE,polymixinE_vs_control,not_regulated,b0902,b0902,1957.158286541445,-0.2661517544639427,0.8315346261615145,0.08659885807613271,0.33900928078889897,0.12503501015986293,BH_from_pvalue
polymyxin,polymixinE,polymixinE_vs_control,not_regulated,b2829,b2829,2265.5678759191346,-0.3192851258433791,0.8014669164936228,0.14205157270630622,0.40660966727538395,0.12478374726487595,BH_from_pvalue
polymyxin,polymixinE,polymixinE_vs_control,not_regulated,b3844,b3844,1633.6863596002756,-0.362428088431459,0.7778543309229612,0.1813693430116209,0.4528862424366316,0.12467920270538416,BH_from_pvalue
polymyxin,polymixinE,polymixinE_vs_control,not_regulated,b3338,b3338,325.05062109025477,-0.25704467397095776,0.8368003302269168,0.07628394794117412,0.3277222519956076,0.12453662013002607,BH_from_pvalue
polymyxin,polymixinE,polymixinE_vs_control,not_regulated,b3564,b3564,295.86744122092506,0.5846487754966789,1.4996738488311103,0.3594848323927581,0.6127179901866714,0.12437781102300188,BH_from_pvalue
polymyxin,polymixinE,polymixinE_vs_control,not_regulated,b3684,b3684,17.92877652791081,0.6714133298337961,1.5926324188551246,0.40920965177019764,0.6529354429451397,0.12429858604865816,BH_from_pvalue
polymyxin,polymixinE,polymixinE_vs_control,not_regulated,b1246,b1246,6498.41903438617,0.4747158546765906,1.3896444961093501,0.2854157947339608,0.5473357419609962,0.12425506665416089,BH_from_pvalue
polymyxin,polymixinE,polymixinE_vs_control,not_regulated,b0764,b0764,150.3785268333769,-0.26962370207566977,0.8295358853159537,0.09194801655959013,0.346728717454779,0.12402964957193924,BH_from_pvalue
polymyxin,polymixinE,polymixinE_vs_control,not_regulated,b3099,b3099,3047.694518360066,0.39768712873603107,1.3173942229553304,0.22433357800485396,0.48793638001249184,0.12393394426028471,BH_from_pvalue
polymyxin,polymixinE,polymixinE_vs_control,not_regulated,b2354,b2354,3.5774471802602954,0.5073431850700165,1.4214301295886174,0.3077833903432946,0.5704555687675228,0.12367919623415957,BH_from_pvalue
polymyxin,polymixinE,polymixinE_vs_control,not_regulated,b0200,b0200,11.623434612647339,-0.4225402041177162,0.7461097652797885,0.24653220603343443,0.5099014112036186,0.12359883487624358,BH_from_pvalue
polymyxin,polymixinE,polymixinE_vs_control,not_regulated,b0872,b0872,397.512342119119,-1.0626314677889024,0.47875801080651287,0.5655357283297159,0.7652766865304037,0.12345813579287311,BH_from_pvalue
polymyxin,polymixinE,polymixinE_vs_control,not_regulated,b0015,b0015,2627.8981390282283,-0.2963950477647703,0.8142845600566679,0.12055303542967334,0.38346801081149495,0.12338062124745254,BH_from_pvalue
polymyxin,polymixinE,polymixinE_vs_control,not_regulated,b3856,b3856,1.2751091857597705,-0.738193301717061,0.5994896279730545,0.453839211317663,0.6806831518862448,0.12331888114734531,BH_from_pvalue
polymyxin,polymixinE,polymixinE_vs_control,not_regulated,b2919,b2919,12.86480936455864,-0.4032976672730406,0.7561279727553994,0.23158685424004005,0.4951237355712353,0.12312123395623807,BH_from_pvalue
polymyxin,polymixinE,polymixinE_vs_control,not_regulated,b4161,b4161,1222.5901739184662,-0.2626620854913124,0.8335484217494208,0.08790716262065705,0.3401496964685207,0.12301251144810746,BH_from_pvalue
polymyxin,polymixinE,polymixinE_vs_control,not_regulated,b2102,b2102,77.87452682669266,0.2626166512404824,1.1996525718017996,0.08777122751230085,0.3401496964685207,0.12299123322940334,BH_from_pvalue
polymyxin,polymixinE,polymixinE_vs_control,not_regulated,b2890,b2890,2384.521065722182,-0.41307043509706887,0.7510232961994265,0.2404578943065394,0.503813407144082,0.12298357610744305,BH_from_pvalue
polymyxin,polymixinE,polymixinE_vs_control,not_regulated,b4677,b4677,5.355391595206515,0.5606442261001519,1.474927689641984,0.35144564539200035,0.6042823061824226,0.12264659931037332,BH_from_pvalue
polymyxin,polymixinE,polymixinE_vs_control,not_regulated,b2484,b2484,10.432572098545023,0.6808780486129296,1.6031151413313165,0.4299655689107889,0.6605122493232203,0.12263915760051218,BH_from_pvalue
polymyxin,polymixinE,polymixinE_vs_control,not_regulated,b0253,b0253,185.76285852581998,0.25613549201395003,1.194275343260499,0.08180164312485137,0.33207923355196883,0.12262698811378053,BH_from_pvalue
polymyxin,polymixinE,polymixinE_vs_control,not_regulated,b1430,b1430,220.97566675960067,0.2047644224050904,1.1524981400744205,0.03218571274950599,0.2522148709882891,0.12249607919294792,BH_from_pvalue
polymyxin,polymixinE,polymixinE_vs_control,not_regulated,b2897,b2897,724.7315837865453,-0.4184832244387966,0.7482108414491881,0.24707022703638984,0.5103762682183026,0.12224293712597278,BH_from_pvalue
polymyxin,polymixinE,polymixinE_vs_control,not_regulated,b1120,b1120,657.9070522676633,0.25340844655452344,1.1920200038543411,0.08013201439404119,0.32944721810342853,0.12219714001179631,BH_from_pvalue
polymyxin,polymixinE,polymixinE_vs_control,not_regulated,b2729,b2729,399.91251763373947,-0.4955262453362881,0.7093029016995996,0.30475818162838036,0.5676200003993602,0.12187086961347005,BH_from_pvalue
polymyxin,polymixinE,polymixinE_vs_control,not_regulated,b3920,b3920,45.83783974046491,0.41333248786051424,1.3317584989617977,0.24429117071548057,0.5073575543418126,0.12180324327937674,BH_from_pvalue
polymyxin,polymixinE,polymixinE_vs_control,not_regulated,b1860,b1860,536.0998197268888,-0.29425667194154137,0.815492395011789,0.12329824923527964,0.3857585167287129,0.12172941739447533,BH_from_pvalue
polymyxin,polymixinE,polymixinE_vs_control,not_regulated,b4570,b4570,6.732492278509167,-0.49927318118318187,0.707463105967878,0.3077477138854849,0.5704555687675228,0.1217119054067633,BH_from_pvalue
polymyxin,polymixinE,polymixinE_vs_control,not_regulated,b4639,b4639,3.5050464315492458,0.5445363807755008,1.4585515541040226,0.3422964321397684,0.5980386944267314,0.12157902723641378,BH_from_pvalue
polymyxin,polymixinE,polymixinE_vs_control,not_regulated,b3510,b3510,33353.67129721545,-0.6584935237011553,0.6335394998616867,0.4221469695465835,0.6537408834886739,0.12155418687228181,BH_from_pvalue
polymyxin,polymixinE,polymixinE_vs_control,not_regulated,b1919,b1919,909.0061665447275,0.3411669494405274,1.2667808377966683,0.1685038776444048,0.4404011863129186,0.12150712756087823,BH_from_pvalue
polymyxin,polymixinE,polymixinE_vs_control,not_regulated,b2009,b2009,2207.0562566189597,0.2842104228688136,1.2177436185107957,0.11218373283185705,0.3748903642479146,0.12110084534426611,BH_from_pvalue
polymyxin,polymixinE,polymixinE_vs_control,not_regulated,b1241,b1241,24884.24231370133,-0.506932078741114,0.7037173174923791,0.3147520403415044,0.5769171464776229,0.12109925701807644,BH_from_pvalue
polymyxin,polymixinE,polymixinE_vs_control,not_regulated,b4265,b4265,57.69096648296077,0.43387607504405334,1.3508580432317883,0.2640033243998621,0.5263683302972428,0.12092570871809807,BH_from_pvalue
polymyxin,polymixinE,polymixinE_vs_control,not_regulated,b4616,b4616,4.326925284549608,0.6156198970731408,1.5322162181964782,0.3893124005777462,0.6366418788942764,0.12072601462508513,BH_from_pvalue
polymyxin,polymixinE,polymixinE_vs_control,not_regulated,b0581,b0581,2479.0743209124435,0.39188335774223937,1.312105166269909,0.22743515368671183,0.4923517383452412,0.12059211987335099,BH_from_pvalue
polymyxin,polymixinE,polymixinE_vs_control,not_regulated,b3723,b3723,3.4198830208733604,0.7286281002764814,1.6570625942561068,0.45762139022866344,0.6836203962964226,0.12035842420172584,BH_from_pvalue
polymyxin,polymixinE,polymixinE_vs_control,not_regulated,b4117,b4117,108.94688689276597,0.5606580371323027,1.4749418093073796,0.35745723163983006,0.6101869555658275,0.12028193863603967,BH_from_pvalue
polymyxin,polymixinE,polymixinE_vs_control,not_regulated,b1726,b1726,926.3580493837799,-0.40146521790516054,0.7570889842668344,0.238884970319528,0.5018704327404189,0.12020205439168624,BH_from_pvalue
polymyxin,polymixinE,polymixinE_vs_control,not_regulated,b4712,b4712,33.23975440954009,-0.3762938713294304,0.7704141620268408,0.21491557936994987,0.48041083695021664,0.11980715375780765,BH_from_pvalue
polymyxin,polymixinE,polymixinE_vs_control,not_regulated,b4295,b4295,1080.6262762124609,-0.3737575670654252,0.7717697661408828,0.2119522247807294,0.4785603700966599,0.11962606852257235,BH_from_pvalue
polymyxin,polymixinE,polymixinE_vs_control,not_regulated,b0583,b0583,13.658190777549038,0.6704900940819596,1.591613558477405,0.43447998095989643,0.6642729280617315,0.11911487608412022,BH_from_pvalue
polymyxin,polymixinE,polymixinE_vs_control,not_regulated,b0624,b0624,140.92559051763342,-0.4745829617919899,0.7196747955113233,0.2979282614739927,0.5611730821231236,0.11907436907428402,BH_from_pvalue
polymyxin,polymixinE,polymixinE_vs_control,not_regulated,b3593,b3593,6.968598969742779,0.4525629476549238,1.3684691840456285,0.2836642322653481,0.5461900809076957,0.11886846008007211,BH_from_pvalue
polymyxin,polymixinE,polymixinE_vs_control,not_regulated,b4169,b4169,1182.3477706461513,-0.4767075909236542,0.7186157243634279,0.3000882973761888,0.5638250466157466,0.11863137049369236,BH_from_pvalue
polymyxin,polymixinE,polymixinE_vs_control,not_regulated,b2399,b2399,146.2042224998719,0.5696649952238007,1.4841788929696116,0.36771116030593826,0.61999902216382,0.1182675774026135,BH_from_pvalue
polymyxin,polymixinE,polymixinE_vs_control,not_regulated,b2992,b2992,99.36286952612225,0.7250913688233638,1.653005321196368,0.4627161172684515,0.6872327105707261,0.11811461220775707,BH_from_pvalue
polymyxin,polymixinE,polymixinE_vs_control,not_regulated,b0422,b0422,357.7794847058961,-0.32372249071705284,0.7990055942112877,0.15982591187613204,0.43175397974072216,0.11808219749008687,BH_from_pvalue
polymyxin,polymixinE,polymixinE_vs_control,not_regulated,b3598,b3598,55.524813579380755,-0.3644428190712867,0.7767688117102918,0.2082148902831865,0.47472384418410996,0.11791873740980803,BH_from_pvalue
polymyxin,polymixinE,polymixinE_vs_control,not_regulated,b3986,b3986,5901.313886112034,-0.2832204386246264,0.8217546165454639,0.12063934364434475,0.38346801081149495,0.11789641537875878,BH_from_pvalue
polymyxin,polymixinE,polymixinE_vs_control,not_regulated,b1624,b1624,1129.5017692383753,-0.3430542559697898,0.7883705249547786,0.18406831111350946,0.45334988607248616,0.11786194628505595,BH_from_pvalue
polymyxin,polymixinE,polymixinE_vs_control,not_regulated,b0766,b0766,93.84381218031861,0.28803851585649465,1.2209791089053934,0.12705396337658004,0.38993708304659047,0.11780932608155606,BH_from_pvalue
polymyxin,polymixinE,polymixinE_vs_control,not_regulated,b4407,b4407,1.2352777395858776,-0.660114751180726,0.6328279601907135,0.43342455857261597,0.6634143322229195,0.11764244962018305,BH_from_pvalue
polymyxin,polymixinE,polymixinE_vs_control,not_regulated,b0911,b0911,25392.322049405473,-0.4737996663479187,0.72006564113878,0.301127187506033,0.5645977863285271,0.1176258979308048,BH_from_pvalue
polymyxin,polymixinE,polymixinE_vs_control,not_regulated,b3288,b3288,3706.341814443984,-0.30042998938540144,0.8120103439084028,0.14166314068014196,0.40611906104479195,0.11757226287066529,BH_from_pvalue
polymyxin,polymixinE,polymixinE_vs_control,not_regulated,b0106,b0106,37.71859704066941,0.3653928711646568,1.2882323900240729,0.21006356933511827,0.47672347874337134,0.11755911212946492,BH_from_pvalue
polymyxin,polymixinE,polymixinE_vs_control,not_regulated,b0333,b0333,2332.2184959384854,1.3648792122898605,2.575547615717783,0.6435085411973168,0.8201863192368266,0.11749901059295842,BH_from_pvalue
polymyxin,polymixinE,polymixinE_vs_control,not_regulated,b1833,b1833,607.2530912395841,0.4077430429795541,1.326608838534965,0.25464367164771073,0.5154355980711561,0.11735888216370817,BH_from_pvalue
polymyxin,polymixinE,polymixinE_vs_control,not_regulated,b3679,b3679,17.501667001389674,0.6044216159245424,1.5203691070244185,0.39390478581021293,0.6396331142867646,0.11729953520412523,BH_from_pvalue
polymyxin,polymixinE,polymixinE_vs_control,not_regulated,b3786,b3786,330.0274263798863,0.35161429737594396,1.2759875896181323,0.19552988512460487,0.4643195342605311,0.11715192221769201,BH_from_pvalue
polymyxin,polymixinE,polymixinE_vs_control,not_regulated,b3528,b3528,1486.9556437577173,0.42844598020878877,1.3457831660743131,0.2719446218976605,0.5334526425188298,0.11692467713910568,BH_from_pvalue
polymyxin,polymixinE,polymixinE_vs_control,not_regulated,b3780,b3780,2936.926977876808,-0.16221904988990232,0.893649465848978,0.011280069269263093,0.19064451060228804,0.11676132941556112,BH_from_pvalue
polymyxin,polymixinE,polymixinE_vs_control,not_regulated,b4483,b4483,166.19371350483905,-0.2852531532296334,0.8205976039065579,0.12653791173009266,0.3896993109555535,0.11674566131295956,BH_from_pvalue
polymyxin,polymixinE,polymixinE_vs_control,not_regulated,b4481,b4481,178.82003845161663,-0.2365595515954242,0.8487669869560163,0.06996132024864463,0.3218292455395536,0.11647588924988277,BH_from_pvalue
polymyxin,polymixinE,polymixinE_vs_control,not_regulated,b3854,b3854,1.9593924798067757,0.6416295713428519,1.5600903376584017,0.428009217552392,0.6586334110676221,0.1163635279642381,BH_from_pvalue
polymyxin,polymixinE,polymixinE_vs_control,not_regulated,b4341,b4341,2.5904342299824266,0.9457695589907484,1.9262160898647294,0.5515253084990511,0.7535026156100437,0.116249488350033,BH_from_pvalue
polymyxin,polymixinE,polymixinE_vs_control,not_regulated,b1122,b1122,3.3144618187856714,0.5264455542963971,1.4403760879542846,0.3472117747035513,0.601462477894072,0.11623468298893339,BH_from_pvalue
polymyxin,polymixinE,polymixinE_vs_control,not_regulated,b4139,b4139,50099.445623357584,-0.5012530407531912,0.7064928961163124,0.3243461846817412,0.5863782711810578,0.11620154821523368,BH_from_pvalue
polymyxin,polymixinE,polymixinE_vs_control,not_regulated,b2851,b2851,2.2861308189500775,0.9203779981471836,1.8926111084081885,0.5450815977390239,0.7479490624252988,0.11608541579649825,BH_from_pvalue
polymyxin,polymixinE,polymixinE_vs_control,not_regulated,b0386,b0386,776.2173680347474,0.33734945610521194,1.2634332592915372,0.18139075765095702,0.4528862424366316,0.11605188053256288,BH_from_pvalue
polymyxin,polymixinE,polymixinE_vs_control,not_regulated,b1539,b1539,1180.0601454752996,-0.26278468198562877,0.8334775919692867,0.10191623125902781,0.36176324708336355,0.11603929228687879,BH_from_pvalue
polymyxin,polymixinE,polymixinE_vs_control,not_regulated,b0389,b0389,780.941009982232,0.5829243299521867,1.497882367714158,0.3837825371975515,0.6323274184302515,0.1160357432737772,BH_from_pvalue
polymyxin,polymixinE,polymixinE_vs_control,not_regulated,b3157,b3157,1757.986662983815,-0.4835872666570573,0.7151970710365686,0.3134630089109638,0.5757274863542324,0.11595602296196145,BH_from_pvalue
polymyxin,polymixinE,polymixinE_vs_control,not_regulated,b0300,b0300,40.68416774910344,0.32883466879013934,1.255998436904252,0.17268053789952134,0.44434614386272714,0.1158414116184339,BH_from_pvalue
polymyxin,polymixinE,polymixinE_vs_control,not_regulated,b0354,b0354,250.51665750896822,-0.206099267287442,0.8668779143322659,0.04270295687505213,0.2746698526288774,0.11566064284462622,BH_from_pvalue
polymyxin,polymixinE,polymixinE_vs_control,not_regulated,b2771,b2771,16.976893896964075,0.4608604560320102,1.3763624671696864,0.29836340016004026,0.5617119080642299,0.11543926232074227,BH_from_pvalue
polymyxin,polymixinE,polymixinE_vs_control,not_regulated,b0496,b0496,483.5618461737377,-0.362129019833759,0.7780155957163893,0.21344663290449048,0.48004147740219905,0.11541820890684552,BH_from_pvalue
polymyxin,polymixinE,polymixinE_vs_control,not_regulated,b1687,b1687,2103.610220147695,-0.4309202670265293,0.7417884619775477,0.27747626003453607,0.539712499730443,0.11541661717521656,BH_from_pvalue
polymyxin,polymixinE,polymixinE_vs_control,not_regulated,b2076,b2076,376.2372372474387,-0.5209464517207003,0.6969144861263382,0.3455539700910084,0.600580277229272,0.11535261743764216,BH_from_pvalue
polymyxin,polymixinE,polymixinE_vs_control,not_regulated,b1423,b1423,3201.0105817537806,0.2762962388983823,1.2110817385019745,0.11955224510058957,0.3830307345375663,0.11515098237385576,BH_from_pvalue
polymyxin,polymixinE,polymixinE_vs_control,not_regulated,b3536,b3536,1358.9213787314982,0.49868223540951107,1.4129224026676057,0.329053254151449,0.5883791155117037,0.11486783794544421,BH_from_pvalue
polymyxin,polymixinE,polymixinE_vs_control,not_regulated,b2134,b2134,424.0420052196255,-0.4282190691071719,0.7431786341015073,0.2773660296902679,0.539712499730443,0.11469313501383153,BH_from_pvalue
polymyxin,polymixinE,polymixinE_vs_control,not_regulated,b1388,b1388,30.207821299947827,-0.6715496895017452,0.6278319311533476,0.4460777186365106,0.6748932318960729,0.11467713378424456,BH_from_pvalue
polymyxin,polymixinE,polymixinE_vs_control,not_regulated,b0784,b0784,15.95485416681543,-0.5524571692692328,0.6818578122860337,0.3682507457297965,0.6201392191286502,0.11464083022918314,BH_from_pvalue
polymyxin,polymixinE,polymixinE_vs_control,not_regulated,b2675,b2675,200.52577296210413,-0.7136854227053817,0.6097604898213919,0.46905719603717205,0.6908972716375382,0.11460826008227143,BH_from_pvalue
polymyxin,polymixinE,polymixinE_vs_control,not_regulated,b3250,b3250,575.0396550462779,-0.3268856558339266,0.7972556623967051,0.17399837612035635,0.4464601801422492,0.11448100193773396,BH_from_pvalue
polymyxin,polymixinE,polymixinE_vs_control,not_regulated,b2933,b2933,12.328077028388455,0.7336190274750019,1.662805041788647,0.4796984937870731,0.6994327781513779,0.11389730229423903,BH_from_pvalue
polymyxin,polymixinE,polymixinE_vs_control,not_regulated,b3667,b3667,44.585496164202276,-0.3800999224730903,0.7683843697461143,0.23874437648045418,0.5018704327404189,0.11380510569206854,BH_from_pvalue
polymyxin,polymixinE,polymixinE_vs_control,not_regulated,b2154,b2154,1614.449970276835,-0.23573238036520472,0.8492537682364415,0.08031241776353572,0.32944721810342853,0.1136734906845462,BH_from_pvalue
polymyxin,polymixinE,polymixinE_vs_control,not_regulated,b0455,b0455,0.937629729927136,0.5819053716683447,1.496824804796225,0.39207160581140665,0.638375802905429,0.11342707996026223,BH_from_pvalue
polymyxin,polymixinE,polymixinE_vs_control,not_regulated,b2946,b2946,286.03955723117156,-0.20409232226549356,0.8680846745521394,0.04549203803968225,0.27816633610918995,0.11341317073930827,BH_from_pvalue
polymyxin,polymixinE,polymixinE_vs_control,not_regulated,b4058,b4058,5017.263839113907,-0.19976033269040094,0.8706951952777698,0.040518972460713044,0.27100172480550333,0.11326969094304594,BH_from_pvalue
polymyxin,polymixinE,polymixinE_vs_control,not_regulated,b0130,b0130,165.63360587981936,0.3354149957487209,1.2617403001859253,0.19103691317592375,0.45975603823718836,0.1131933566794375,BH_from_pvalue
polymyxin,polymixinE,polymixinE_vs_control,not_regulated,b1765,b1765,971.5987268861937,-0.32819172045017275,0.7965342374272111,0.18216390909305064,0.4531414407369115,0.11282122680086246,BH_from_pvalue
polymyxin,polymixinE,polymixinE_vs_control,not_regulated,b3393,b3393,4.7019535131037875,-0.7166702930534059,0.6085002272951876,0.4768336849553673,0.6972685029028746,0.11223053374630132,BH_from_pvalue
polymyxin,polymixinE,polymixinE_vs_control,not_regulated,b1472,b1472,0.42321493337538874,0.6078199380836266,1.5239546145938618,0.4226497308103741,0.6537408834886739,0.1122001290509978,BH_from_pvalue
polymyxin,polymixinE,polymixinE_vs_control,not_regulated,b3138,b3138,0.42321493337538874,0.6078199380836266,1.5239546145938618,0.4226497308103741,0.6537408834886739,0.1122001290509978,BH_from_pvalue
polymyxin,polymixinE,polymixinE_vs_control,not_regulated,b2010,b2010,95.67261007510591,0.31189122690213456,1.2413338966776954,0.166144302159506,0.43679316923098105,0.11219481021494121,BH_from_pvalue
polymyxin,polymixinE,polymixinE_vs_control,not_regulated,b1096,b1096,225.1560683897985,-0.37247773844517074,0.7724547142763212,0.23765409765155815,0.5003987241063447,0.11199802416564518,BH_from_pvalue
polymyxin,polymixinE,polymixinE_vs_control,not_regulated,b2790,b2790,590.3145425096882,-0.47210108495750447,0.7209139218625543,0.3169857192096045,0.5794503525989663,0.11188029423969731,BH_from_pvalue
polymyxin,polymixinE,polymixinE_vs_control,not_regulated,b3336,b3336,4638.2762900666685,0.3850911975058757,1.3059423373967665,0.25031838513758414,0.5129531190655369,0.11164653534357481,BH_from_pvalue
polymyxin,polymixinE,polymixinE_vs_control,not_regulated,b0698,b0698,36.70302470689716,-0.5100761595674488,0.7021853686728027,0.35093356071032283,0.6041335848401618,0.11163884922739606,BH_from_pvalue
polymyxin,polymixinE,polymixinE_vs_control,not_regulated,b0765,b0765,233.80079051232812,-0.295882657116584,0.8145738144610621,0.1511161483394231,0.4198054331333297,0.11153354311146783,BH_from_pvalue
polymyxin,polymixinE,polymixinE_vs_control,not_regulated,b1339,b1339,158.3754889218661,0.3642214933782313,1.287186850725014,0.23027611331687015,0.4941707813450773,0.11149655310600867,BH_from_pvalue
polymyxin,polymixinE,polymixinE_vs_control,not_regulated,b3314,b3314,8714.040751043607,-0.42469658263977017,0.7449953972197395,0.2847420718747915,0.5467914727984547,0.11134621397987178,BH_from_pvalue
polymyxin,polymixinE,polymixinE_vs_control,not_regulated,b1793,b1793,164.49478378551123,-0.2719163801532618,0.8282186642102666,0.12717601174507517,0.38993708304659047,0.11121528452935082,BH_from_pvalue
polymyxin,polymixinE,polymixinE_vs_control,not_regulated,b0505,b0505,18.82805552610483,-0.48233208548580153,0.7158195813362519,0.32779387804590643,0.5883791155117037,0.11110169943385656,BH_from_pvalue
polymyxin,polymixinE,polymixinE_vs_control,not_regulated,b0107,b0107,97.94572138689341,-0.33955955350367706,0.7902825437523515,0.2031691199822348,0.4715452537048979,0.11085825604301225,BH_from_pvalue
polymyxin,polymixinE,polymixinE_vs_control,not_regulated,b1282,b1282,21.234739525345468,0.3224582327303098,1.2504594138426854,0.18221260893877456,0.4531414407369115,0.11085024740651536,BH_from_pvalue
polymyxin,polymixinE,polymixinE_vs_control,not_regulated,b2168,b2168,736.4195384405238,-0.48013199848436194,0.7169120275875835,0.32783261546652176,0.5883791155117037,0.11059492534165391,BH_from_pvalue
polymyxin,polymixinE,polymixinE_vs_control,not_regulated,b2181,b2181,940.3846784544894,0.5788303192617885,1.4936377744783154,0.4007051987259232,0.6443947028491964,0.11046863093465947,BH_from_pvalue
polymyxin,polymixinE,polymixinE_vs_control,not_regulated,b0755,b0755,6857.067688017653,-0.3410278983564101,0.7894786198782188,0.2082173147291101,0.47472384418410996,0.11034263015027952,BH_from_pvalue
polymyxin,polymixinE,polymixinE_vs_control,not_regulated,b1257,b1257,174.21445586413202,0.7773884794063326,1.7140253888553625,0.507179461042621,0.7212435079891587,0.11032548271430587,BH_from_pvalue
polymyxin,polymixinE,polymixinE_vs_control,not_regulated,b1103,b1103,732.3476108493905,0.3631054114524126,1.2861914564135861,0.23525879718102524,0.49680472756819316,0.11031660917643434,BH_from_pvalue
polymyxin,polymixinE,polymixinE_vs_control,not_regulated,b1517,b1517,1902.0657252549875,0.48408847968139135,1.3987018617123204,0.33313046985439954,0.5917933860209672,0.11028982647700836,BH_from_pvalue
polymyxin,polymixinE,polymixinE_vs_control,not_regulated,b3430,b3430,3405.2108842936177,0.2622300505250639,1.1993311425362914,0.11721781551092139,0.38040817761047935,0.11007110451963095,BH_from_pvalue
polymyxin,polymixinE,polymixinE_vs_control,not_regulated,b0845,b0845,3067.836434159391,0.46631598416530373,1.3815770128871112,0.31889789229485316,0.5814360435923184,0.10981650473947101,BH_from_pvalue
polymyxin,polymixinE,polymixinE_vs_control,not_regulated,b0028,b0028,459.0068992272354,-0.3775988043977865,0.769717629249615,0.25003189536661974,0.5129531190655369,0.1094743233133648,BH_from_pvalue
polymyxin,polymixinE,polymixinE_vs_control,not_regulated,b1296,b1296,617.6844478168031,0.6984941478901483,1.622810056356459,0.4776750317600338,0.6978182178813356,0.10914508667317444,BH_from_pvalue
polymyxin,polymixinE,polymixinE_vs_control,not_regulated,b1869,b1869,487.1848344258256,0.328250051249384,1.2554895767901957,0.19879124112011962,0.46678396892458485,0.10861271215967566,BH_from_pvalue
polymyxin,polymixinE,polymixinE_vs_control,not_regulated,b0756,b0756,1489.7240846969105,-0.21383539097362814,0.8622419197274579,0.06352579926473675,0.31092387931750376,0.10848851366498895,BH_from_pvalue
polymyxin,polymixinE,polymixinE_vs_control,not_regulated,b4494,b4494,6.379848745505441,0.5660875156638121,1.4805031044238,0.39875402137031163,0.6432329977722875,0.10848030416459374,BH_from_pvalue
polymyxin,polymixinE,polymixinE_vs_control,not_regulated,b1981,b1981,259.3707265047515,0.20345963993087768,1.1514562847048766,0.054653541565436795,0.29440913767824517,0.10804698029434302,BH_from_pvalue
polymyxin,polymixinE,polymixinE_vs_control,not_regulated,b3335,b3335,28.85923297975846,0.5132375451282645,1.427249488332298,0.36366761736256864,0.615941703149933,0.10801617413121688,BH_from_pvalue
polymyxin,polymixinE,polymixinE_vs_control,not_regulated,b4373,b4373,76.65701344429209,0.4687684644524701,1.3839275941629017,0.32623794856176636,0.5883791155117037,0.10797741765243175,BH_from_pvalue
polymyxin,polymixinE,polymixinE_vs_control,not_regulated,b3345,b3345,107.90491314863755,0.25520863102944347,1.193508326190429,0.11562523197522072,0.3787247651170132,0.10761543000624375,BH_from_pvalue
polymyxin,polymixinE,polymixinE_vs_control,not_regulated,b0848,b0848,58.25521726843883,0.273894863651984,1.2090675618686701,0.14159314743203966,0.40611906104479195,0.1071878309289082,BH_from_pvalue
polymyxin,polymixinE,polymixinE_vs_control,not_regulated,b4576,b4576,8.103481536275709,0.5803414229730546,1.4952030560972822,0.4152764483210103,0.6537408834886739,0.10712775029478828,BH_from_pvalue
polymyxin,polymixinE,polymixinE_vs_control,not_regulated,b3450,b3450,709.3188462445054,-0.4193340906290963,0.7477696951268723,0.2930156866291689,0.5554085792069118,0.10709264990316666,BH_from_pvalue
polymyxin,polymixinE,polymixinE_vs_control,not_regulated,b4471,b4471,389.47767924282635,1.0705617072901514,2.100250932008807,0.6067687623965344,0.7945063939577577,0.10695190162235037,BH_from_pvalue
polymyxin,polymixinE,polymixinE_vs_control,not_regulated,b1984,b1984,3.3310706889665287,0.5160443585930756,1.4300289548342378,0.36896114239675865,0.6208706391697045,0.1068206028941377,BH_from_pvalue
polymyxin,polymixinE,polymixinE_vs_control,not_regulated,b2902,b2902,280.6070562067526,0.3354804454760334,1.2617975419656924,0.21552006562728943,0.4808995042393506,0.10666455522394064,BH_from_pvalue
polymyxin,polymixinE,polymixinE_vs_control,not_regulated,b1462,b1462,167.00397067788225,0.36859777111561254,1.2910973372522188,0.2515063728074085,0.5138755677622547,0.10657710793217648,BH_from_pvalue
polymyxin,polymixinE,polymixinE_vs_control,not_regulated,b4401,b4401,8903.172378561196,-0.3130956047247935,0.8049127957754927,0.1897610272026506,0.4576649331675723,0.10628104269921794,BH_from_pvalue
polymyxin,polymixinE,polymixinE_vs_control,not_regulated,b0805,b0805,41.47035244136074,-0.2978470874110126,0.8134654135186643,0.16794050388545093,0.43995130254907294,0.10621089893926709,BH_from_pvalue
polymyxin,polymixinE,polymixinE_vs_control,not_regulated,b1768,b1768,190.4434310678281,0.30129129028446133,1.232246847643096,0.17249058109162504,0.44416364782892276,0.10619222091665452,BH_from_pvalue
polymyxin,polymixinE,polymixinE_vs_control,not_regulated,b2198,b2198,0.38443254837711427,-0.5751154927026979,0.6712325147665734,0.4226497308103741,0.6537408834886739,0.10616307307048693,BH_from_pvalue
polymyxin,polymixinE,polymixinE_vs_control,not_regulated,b4533,b4533,0.38443254837711427,-0.5751154927026979,0.6712325147665734,0.4226497308103741,0.6537408834886739,0.10616307307048693,BH_from_pvalue
polymyxin,polymixinE,polymixinE_vs_control,not_regulated,b4203,b4203,4101.38500989661,-0.3055263993853039,0.8091469274194767,0.17695586653500311,0.4497239646212668,0.1060341496604718,BH_from_pvalue
polymyxin,polymixinE,polymixinE_vs_control,not_regulated,b0170,b0170,4059.1377928118213,-0.32697880436708715,0.7972041887338536,0.2084479283528063,0.47472384418410996,0.10579691999142841,BH_from_pvalue
polymyxin,polymixinE,polymixinE_vs_control,not_regulated,b3102,b3102,1435.3444464146414,0.46165032901275005,1.3771162295066939,0.3307300753784294,0.5900927723332707,0.10575472105511383,BH_from_pvalue
polymyxin,polymixinE,polymixinE_vs_control,not_regulated,b2360,b2360,11.116471550536419,0.49701288146662614,1.4112884443973432,0.360198907368079,0.6132593034198236,0.10554359520532795,BH_from_pvalue
polymyxin,polymixinE,polymixinE_vs_control,not_regulated,b1258,b1258,114.4480767683123,0.8438873239965083,1.794879913846878,0.5466330809243262,0.7498492217132111,0.10550790294693407,BH_from_pvalue
polymyxin,polymixinE,polymixinE_vs_control,not_regulated,b1299,b1299,278.3893817277055,0.5710024337505182,1.4855554267124458,0.419113596050389,0.6537408834886739,0.10540382560867459,BH_from_pvalue
polymyxin,polymixinE,polymixinE_vs_control,not_regulated,b0753,b0753,6958.7128568903545,0.7642679386229361,1.698507912022674,0.5191423321970939,0.7289322025637321,0.10494381890962076,BH_from_pvalue
polymyxin,polymixinE,polymixinE_vs_control,not_regulated,b1008,b1008,3.87482880610994,0.5734815011861805,1.4881103381591985,0.4257091945884308,0.6562165720557785,0.10492004992485335,BH_from_pvalue
polymyxin,polymixinE,polymixinE_vs_control,not_regulated,b0208,b0208,293.11321275873036,-0.3222047944156632,0.7998465799146345,0.20398272857130711,0.47252248066308733,0.1049026394219913,BH_from_pvalue
polymyxin,polymixinE,polymixinE_vs_control,not_regulated,b1703,b1703,482.3776280448489,-0.3154400271007134,0.8036058507281295,0.19673634386510463,0.46525163102421485,0.10482453647231325,BH_from_pvalue
polymyxin,polymixinE,polymixinE_vs_control,not_regulated,b2141,b2141,63.79302097873413,0.466212436818064,1.3814778557562921,0.34080094899396923,0.5967001434701726,0.10454527535584839,BH_from_pvalue
polymyxin,polymixinE,polymixinE_vs_control,not_regulated,b0303,b0303,1.3871537260668372,0.6412570157102081,1.5596875183606786,0.4627093455099392,0.6872327105707261,0.10445831655536633,BH_from_pvalue
polymyxin,polymixinE,polymixinE_vs_control,not_regulated,b2231,b2231,5957.817469846552,-0.3805369486102652,0.7681516433644907,0.2708637906250431,0.5317963030255103,0.10436404140929997,BH_from_pvalue
polymyxin,polymixinE,polymixinE_vs_control,not_regulated,b3080,b3080,41.09472262819369,0.5434248256196907,1.457428214765452,0.39797311812545627,0.6428001698538437,0.10429627555223188,BH_from_pvalue
polymyxin,polymixinE,polymixinE_vs_control,not_regulated,b0324,b0324,236.66896026598803,-0.2834261457555529,0.8216374547552655,0.15779483266728736,0.42947913348559663,0.10403381487661478,BH_from_pvalue
polymyxin,polymixinE,polymixinE_vs_control,not_regulated,b3022,b3022,171.5479517825111,0.3378983987990649,1.2639140846923493,0.22867864603782279,0.49296806730670983,0.10379603962247486,BH_from_pvalue
polymyxin,polymixinE,polymixinE_vs_control,not_regulated,b1685,b1685,350.530560406961,-0.5982081438355049,0.6605738921095613,0.44205373625820354,0.6721966550674103,0.1031930900441437,BH_from_pvalue
polymyxin,polymixinE,polymixinE_vs_control,not_regulated,b2624,b2624,2.758674169529467,-0.5064566684942307,0.7039492511602402,0.3759351946856881,0.6265122288611431,0.10284638236853878,BH_from_pvalue
polymyxin,polymixinE,polymixinE_vs_control,not_regulated,b0075,b0075,1.489456378229019,0.722131068047265,1.6496169572017332,0.5070434493799812,0.7212435079891587,0.10248345682476907,BH_from_pvalue
polymyxin,polymixinE,polymixinE_vs_control,not_regulated,b4152,b4152,494.1534498102995,0.4449002637057031,1.3612200094785791,0.32895681142718214,0.5883791155117037,0.10247955063260995,BH_from_pvalue
polymyxin,polymixinE,polymixinE_vs_control,not_regulated,b0780,b0780,254.16074065633913,-0.3362101771375796,0.7921194036407881,0.23445176848390514,0.4966845169333592,0.10218078790817323,BH_from_pvalue
polymyxin,polymixinE,polymixinE_vs_control,not_regulated,b4478,b4478,101.01234929402563,-0.5207488571518155,0.6970099435475196,0.3897323164420643,0.6366418788942764,0.10212134864938781,BH_from_pvalue
polymyxin,polymixinE,polymixinE_vs_control,not_regulated,b0518,b0518,9.781512507655997,-0.6190904601536182,0.6510812692763583,0.45901732683274027,0.6843131576678475,0.10199212565028586,BH_from_pvalue
polymyxin,polymixinE,polymixinE_vs_control,not_regulated,b1095,b1095,4627.2959695789805,-0.2537785155512182,0.8386969324190591,0.1317909521703163,0.3966308210095993,0.10192088828003969,BH_from_pvalue
polymyxin,polymixinE,polymixinE_vs_control,not_regulated,b3620,b3620,562.2460295841844,-0.187421591422952,0.8781738064805117,0.049826720847315216,0.2861178651675259,0.10185520547409714,BH_from_pvalue
polymyxin,polymixinE,polymixinE_vs_control,not_regulated,b4267,b4267,39.23501813145297,0.5314733131921336,1.4454045222520775,0.399124788079692,0.6432329977722875,0.10184712623955272,BH_from_pvalue
polymyxin,polymixinE,polymixinE_vs_control,not_regulated,b3189,b3189,985.1378182152768,-0.24422895472236306,0.8442668922096583,0.11972903796349893,0.3830307345375663,0.10178641653809609,BH_from_pvalue
polymyxin,polymixinE,polymixinE_vs_control,not_regulated,b3655,b3655,545.5278432524391,-0.29549091319788445,0.8147950307661106,0.18224385644576988,0.4531414407369115,0.101579793938019,BH_from_pvalue
polymyxin,polymixinE,polymixinE_vs_control,not_regulated,b2783,b2783,32.77680165484748,-0.29528734361242304,0.8149100094585958,0.18378157788092678,0.45334988607248616,0.10145083591258264,BH_from_pvalue
polymyxin,polymixinE,polymixinE_vs_control,not_regulated,b3243,b3243,443.33360489288543,0.25889652079604275,1.1965631350841868,0.14128803654055092,0.40611906104479195,0.10131828004788428,BH_from_pvalue
polymyxin,polymixinE,polymixinE_vs_control,not_regulated,b2538,b2538,174.2654156932634,-0.3394866711789746,0.790322468394924,0.23977861933187883,0.5032777553685445,0.10123229934251715,BH_from_pvalue
polymyxin,polymixinE,polymixinE_vs_control,not_regulated,b3085,b3085,104.14339478705914,-0.3178909740731619,0.8022417902871527,0.21508970017465526,0.48041083695021664,0.10121241856649882,BH_from_pvalue
polymyxin,polymixinE,polymixinE_vs_control,not_regulated,b1487,b1487,198.4846977088071,0.40320020733728246,1.3224381113136072,0.2978771582649868,0.5611730821231236,0.1011642097685559,BH_from_pvalue
polymyxin,polymixinE,polymixinE_vs_control,not_regulated,b1982,b1982,886.2895042148151,0.2359834490800896,1.1777092785734526,0.11027408518468583,0.3727724146482527,0.10113217802246667,BH_from_pvalue
polymyxin,polymixinE,polymixinE_vs_control,not_regulated,b4450,b4450,15.281962876861252,-0.4389901983650035,0.7376507401055713,0.3258504380465968,0.5883791155117037,0.1011182099238418,BH_from_pvalue
polymyxin,polymixinE,polymixinE_vs_control,not_regulated,b0287,b0287,133.31687393734026,0.41944669388538713,1.3374145277523832,0.31204721680436526,0.5747863954074925,0.10087421174409764,BH_from_pvalue
polymyxin,polymixinE,polymixinE_vs_control,not_regulated,b4648,b4648,7.803472123933399,0.5356981053138385,1.4496434524446018,0.4047685227085417,0.6488413453824022,0.10063704096503429,BH_from_pvalue
polymyxin,polymixinE,polymixinE_vs_control,not_regulated,b0980,b0980,941.8969835151028,-0.6255901689798655,0.6481545799229426,0.4676586719869304,0.6907751431368527,0.10050938004658345,BH_from_pvalue
polymyxin,polymixinE,polymixinE_vs_control,not_regulated,b1214,b1214,494.6385515205215,-0.30865224075838427,0.8073956724348882,0.20498067608311257,0.4725797442449207,0.1004739889043729,BH_from_pvalue
polymyxin,polymixinE,polymixinE_vs_control,not_regulated,b4569,b4569,8.642416560821035,0.5636691478924956,1.4780234384639999,0.4336234185716725,0.6634143322229195,0.10045438193099808,BH_from_pvalue
polymyxin,polymixinE,polymixinE_vs_control,not_regulated,b3816,b3816,281.908768580944,0.26582635008657096,1.202324522459855,0.15042327101106936,0.4194692331108431,0.10029625210091966,BH_from_pvalue
polymyxin,polymixinE,polymixinE_vs_control,not_regulated,b0965,b0965,1867.5023472684215,0.2886364567598978,1.2214852620736705,0.17726381586968173,0.4497239646212668,0.10017242802953494,BH_from_pvalue
polymyxin,polymixinE,polymixinE_vs_control,not_regulated,b4518,b4518,3835.3587561476493,-0.8441753031888233,0.5570291361794264,0.5610815238463418,0.7610810296323418,0.10009310843589204,BH_from_pvalue
polymyxin,polymixinE,polymixinE_vs_control,not_regulated,b4546,b4546,36.906258969555864,-0.5421330020819255,0.6867548018587468,0.4154569231665531,0.6537408834886739,0.10007469150843813,BH_from_pvalue
polymyxin,polymixinE,polymixinE_vs_control,not_regulated,b2813,b2813,389.8163829422394,-0.3113802263194003,0.8058704140975037,0.21116525920388465,0.4781550950966076,0.0997759433540253,BH_from_pvalue
polymyxin,polymixinE,polymixinE_vs_control,not_regulated,b1769,b1769,25.002667452832856,0.50614757855673,1.4202526339536976,0.38792725376829273,0.6352008691116785,0.09975607777519183,BH_from_pvalue
polymyxin,polymixinE,polymixinE_vs_control,not_regulated,b2577,b2577,138.07466385860766,-0.4158601192715956,0.7495724743519601,0.31339373577854507,0.5757274863542324,0.09971620194337769,BH_from_pvalue
polymyxin,polymixinE,polymixinE_vs_control,not_regulated,b2226,b2226,39.15402895879063,0.3020629449906389,1.232906116160247,0.1999950587207481,0.46779915451166143,0.0996628194785477,BH_from_pvalue
polymyxin,polymixinE,polymixinE_vs_control,not_regulated,b0633,b0633,674.6647889935912,-0.3812713396508247,0.7677607221288943,0.2869781926509861,0.5478065048898979,0.09965396334321831,BH_from_pvalue
polymyxin,polymixinE,polymixinE_vs_control,not_regulated,b1042,b1042,39.491649206602894,0.30097341014084034,1.2319753670854725,0.19893838782312787,0.46678396892458485,0.09958730619818737,BH_from_pvalue
polymyxin,polymixinE,polymixinE_vs_control,not_regulated,b2486,b2486,54.01348981084743,-0.3269722389627834,0.7972078166521404,0.23319838453316646,0.4965330215208356,0.09941651867085707,BH_from_pvalue
polymyxin,polymixinE,polymixinE_vs_control,not_regulated,b1661,b1661,6379.885501372119,-0.5516505089389199,0.6822391690044158,0.4301112446126528,0.6605122493232203,0.09936280637037155,BH_from_pvalue
polymyxin,polymixinE,polymixinE_vs_control,not_regulated,b0892,b0892,1107.6362843540842,0.42116504363527163,1.3390084301524938,0.3185555521958743,0.5810473940701714,0.09930584956186976,BH_from_pvalue
polymyxin,polymixinE,polymixinE_vs_control,not_regulated,b4345,b4345,35.65846948276561,0.5655448753628924,1.479946348104097,0.4377407586580955,0.6681228138595566,0.09905162112976107,BH_from_pvalue
polymyxin,polymixinE,polymixinE_vs_control,not_regulated,b0665,b0665,0.34011230414626753,-0.5347970219343818,0.6902557844891781,0.42264973081037416,0.6537408834886739,0.09872051098934383,BH_from_pvalue
polymyxin,polymixinE,polymixinE_vs_control,not_regulated,b3357,b3357,7720.275457993626,-0.32136821749346467,0.800310522199064,0.2283428809342319,0.49296806730670983,0.09871827849705717,BH_from_pvalue
polymyxin,polymixinE,polymixinE_vs_control,not_regulated,b0952,b0952,266.59221673031516,-0.43481511113083116,0.739788556298818,0.33477036223532597,0.5933006656164287,0.0985835275690248,BH_from_pvalue
polymyxin,polymixinE,polymixinE_vs_control,not_regulated,b2158,b2158,256.02207187763617,0.42750409940064404,1.3449048420925451,0.3290737408761926,0.5883791155117037,0.09847247029090718,BH_from_pvalue
polymyxin,polymixinE,polymixinE_vs_control,not_regulated,b1438,b1438,64.97783759951484,0.28842093217351294,1.2213027977030626,0.18881415785215033,0.45611497423145664,0.09833009944498942,BH_from_pvalue
polymyxin,polymixinE,polymixinE_vs_control,not_regulated,b1372,b1372,62.38198385011362,0.2225303347085239,1.166778198640009,0.10274233029918065,0.3621626201517713,0.09815732430004386,BH_from_pvalue
polymyxin,polymixinE,polymixinE_vs_control,not_regulated,b3154,b3154,175.63898462130763,0.3236565995935159,1.2514985327274584,0.23592606865034776,0.4979800360343802,0.09799935639249584,BH_from_pvalue
polymyxin,polymixinE,polymixinE_vs_control,not_regulated,b3315,b3315,2040.9893675547582,-0.45276755428304405,0.7306398998280935,0.3545588335982388,0.6077765371664933,0.09791373173148236,BH_from_pvalue
polymyxin,polymixinE,polymixinE_vs_control,not_regulated,b3394,b3394,9.55112494538925,-0.35661103545645334,0.7809970285812251,0.2704517897598837,0.5314513544517068,0.09790273903495524,BH_from_pvalue
polymyxin,polymixinE,polymixinE_vs_control,not_regulated,b3995,b3995,1154.1610378031144,-0.29603854467507595,0.8144858020541391,0.19926163141761075,0.46705514232225803,0.09787976930933295,BH_from_pvalue
polymyxin,polymixinE,polymixinE_vs_control,not_regulated,b3353,b3353,164.95719415074893,-0.2921789895643059,0.8166676640427751,0.19434596688857206,0.46307619630387703,0.09768932717483804,BH_from_pvalue
polymyxin,polymixinE,polymixinE_vs_control,not_regulated,b4053,b4053,607.788687855677,-0.19745595317585796,0.8720870455047095,0.06877889672475572,0.32034756966721384,0.09761799106934917,BH_from_pvalue
polymyxin,polymixinE,polymixinE_vs_control,not_regulated,b0058,b0058,345.00156037579035,-0.44898683715788223,0.7325571209702441,0.3529458069565448,0.6061983350915848,0.0976031206669009,BH_from_pvalue
polymyxin,polymixinE,polymixinE_vs_control,not_regulated,b0490,b0490,137.04757587660922,-0.3383532090313901,0.7909436340360935,0.25248378281395517,0.5150289744695872,0.09750268182174295,BH_from_pvalue
polymyxin,polymixinE,polymixinE_vs_control,not_regulated,b4088,b4088,96.88620372577509,0.710066875518268,1.6358799458808528,0.519475606757787,0.7290487610597585,0.097452009079272,BH_from_pvalue
polymyxin,polymixinE,polymixinE_vs_control,not_regulated,b3739,b3739,419.2306498817049,0.33632951827235225,1.2625403692876658,0.25058782679181385,0.513213148528325,0.09743540995279268,BH_from_pvalue
polymyxin,polymixinE,polymixinE_vs_control,not_regulated,b0561,b0561,1.1765018357888335,-0.4803573770917172,0.7168000399466358,0.37700467569971635,0.6272387843859516,0.09730459869580989,BH_from_pvalue
polymyxin,polymixinE,polymixinE_vs_control,not_regulated,b0077,b0077,119.51749605256117,-0.239940357927245,0.8467803181593141,0.12938069992275686,0.39376934317213436,0.09711780309657297,BH_from_pvalue
polymyxin,polymixinE,polymixinE_vs_control,not_regulated,b3406,b3406,167.54589976142017,0.28387787653063334,1.2174629566235862,0.18843288153206708,0.4558413152213867,0.0968552466176069,BH_from_pvalue
polymyxin,polymixinE,polymixinE_vs_control,not_regulated,b1106,b1106,216.73320565440918,-0.3747209254132189,0.7712545895801513,0.290334967496738,0.5517222998733956,0.09678271904906557,BH_from_pvalue
polymyxin,polymixinE,polymixinE_vs_control,not_regulated,b0146,b0146,2707.7119129355256,0.2990542095356048,1.2303375740467293,0.20861891004270008,0.47472384418410996,0.09676166729088129,BH_from_pvalue
polymyxin,polymixinE,polymixinE_vs_control,not_regulated,b0029,b0029,795.2719019949668,-0.33352265241701673,0.793596378681109,0.24924800236572034,0.5129531190655369,0.09669566285111235,BH_from_pvalue
polymyxin,polymixinE,polymixinE_vs_control,not_regulated,b2926,b2926,7143.071089806792,-0.30282159187799707,0.8106653630681133,0.2134073942978317,0.48004147740219905,0.0965156721461402,BH_from_pvalue
polymyxin,polymixinE,polymixinE_vs_control,not_regulated,b1825,b1825,193.1691124925014,0.3897701252725838,1.3101846263128631,0.30221626069238844,0.5656758106394486,0.09644175446944532,BH_from_pvalue
polymyxin,polymixinE,polymixinE_vs_control,not_regulated,b4039,b4039,411.08186632632015,-0.31686170898545285,0.8028143396206688,0.23409126691256696,0.4966845169333592,0.09630041350239939,BH_from_pvalue
polymyxin,polymixinE,polymixinE_vs_control,not_regulated,b0440,b0440,5283.282784442635,-0.4937737580931927,0.7101650378682582,0.39227895047367844,0.638375802905429,0.09624815007453989,BH_from_pvalue
polymyxin,polymixinE,polymixinE_vs_control,not_regulated,b4294,b4294,11.910486757469185,-0.34640452775536046,0.7865418702350981,0.26541809605283817,0.5275521856145233,0.09620851372948468,BH_from_pvalue
polymyxin,polymixinE,polymixinE_vs_control,not_regulated,b2688,b2688,2302.2379982124107,-0.36724993393628935,0.7752588880850634,0.28611589624472245,0.5474843161317294,0.09608298235855585,BH_from_pvalue
polymyxin,polymixinE,polymixinE_vs_control,not_regulated,b0223,b0223,346.8699038270956,-0.2949879273749296,0.8150791530428625,0.20473438490449597,0.4725797442449207,0.09602591469664401,BH_from_pvalue
polymyxin,polymixinE,polymixinE_vs_control,not_regulated,b1497,b1497,5.212156206750897,0.6885724587220554,1.611687970038702,0.5133028325782043,0.7253681973783646,0.09601556913036215,BH_from_pvalue
polymyxin,polymixinE,polymixinE_vs_control,not_regulated,b0482,b0482,324.6824889839164,0.27661563623710705,1.211349888800518,0.178231469306878,0.45013203197211527,0.09589159886661314,BH_from_pvalue
polymyxin,polymixinE,polymixinE_vs_control,not_regulated,b0201,b0201,0.3236851257470225,0.5189505190811724,1.4329125041286144,0.4226497308103741,0.6537408834886739,0.09579533602594459,BH_from_pvalue
polymyxin,polymixinE,polymixinE_vs_control,not_regulated,b1220,b1220,189.8689236681531,-0.5077712737224678,0.7033080942686804,0.4039889046161614,0.6478935277352647,0.0957130360508621,BH_from_pvalue
polymyxin,polymixinE,polymixinE_vs_control,not_regulated,b1098,b1098,270.77224317083466,-0.426172113085701,0.744233835413573,0.3405048476917727,0.5964817665855113,0.09563422714434691,BH_from_pvalue
polymyxin,polymixinE,polymixinE_vs_control,not_regulated,b4392,b4392,1641.262180737159,-0.2099387025578352,0.8645739646751093,0.0946463507429897,0.35039175273795337,0.09561576845961006,BH_from_pvalue
polymyxin,polymixinE,polymixinE_vs_control,not_regulated,b0963,b0963,958.5824812360252,-0.4051879476516014,0.75513791049129,0.3191977537347695,0.5815812086760768,0.09537704282125743,BH_from_pvalue
polymyxin,polymixinE,polymixinE_vs_control,not_regulated,b3257,b3257,14.521252470402446,0.4241871297953592,1.3418162585560194,0.3392404160100153,0.5960560121925973,0.09532033157450133,BH_from_pvalue
polymyxin,polymixinE,polymixinE_vs_control,not_regulated,b2636,b2636,0.7689627815543774,0.5529706158239751,1.4671034625470294,0.4434215313983946,0.6726846705666033,0.09521516379469941,BH_from_pvalue
polymyxin,polymixinE,polymixinE_vs_control,not_regulated,b2137,b2137,713.5506600634188,0.4944331710003187,1.40876714752535,0.39649117092225855,0.6419788649417995,0.09516813553300162,BH_from_pvalue
polymyxin,polymixinE,polymixinE_vs_control,not_regulated,b2432,b2432,224.94864410260104,0.24613765035678714,1.1860276552319509,0.14487654226099533,0.41087937395331464,0.0950794446378082,BH_from_pvalue
polymyxin,polymixinE,polymixinE_vs_control,not_regulated,b2397,b2397,0.7852449019124719,0.5547291393534531,1.4688928282044162,0.4455260107464788,0.6742853285119992,0.09494538136324479,BH_from_pvalue
polymyxin,polymixinE,polymixinE_vs_control,not_regulated,b3766,b3766,11.091774112752022,-0.47246295581690534,0.7207331178687444,0.3812459344314292,0.6297628399091327,0.09488141359288166,BH_from_pvalue
polymyxin,polymixinE,polymixinE_vs_control,not_regulated,b0767,b0767,2466.6566171857385,0.4069225560306986,1.325854586422719,0.3231491525450361,0.5851549469193126,0.09470272799761237,BH_from_pvalue
polymyxin,polymixinE,polymixinE_vs_control,not_regulated,b2072,b2072,7.690252419978489,0.5499687910506714,1.464054024607757,0.4430654197851951,0.672676346177612,0.09470123992010458,BH_from_pvalue
polymyxin,polymixinE,polymixinE_vs_control,not_regulated,b2341,b2341,2007.8864620524548,-0.21997690950751192,0.8585791779817723,0.10932252433552538,0.371680056282081,0.09455283818815005,BH_from_pvalue
polymyxin,polymixinE,polymixinE_vs_control,not_regulated,b2962,b2962,122.03827673195313,-0.3107598902245954,0.8062170001629214,0.2338438708813406,0.4966146039774646,0.09446495093358721,BH_from_pvalue
polymyxin,polymixinE,polymixinE_vs_control,not_regulated,b2393,b2393,517.911191964237,0.319690278543721,1.248062582875759,0.24411176141321325,0.5073575543418126,0.09420820747255963,BH_from_pvalue
polymyxin,polymixinE,polymixinE_vs_control,not_regulated,b1957,b1957,244.50158977597502,0.48120133263921705,1.3959055535489258,0.39063796345028406,0.6373193904966912,0.0941436087416293,BH_from_pvalue
polymyxin,polymixinE,polymixinE_vs_control,not_regulated,b2625,b2625,6.400991869599475,0.7287984954394617,1.6572583196989898,0.5396654266174485,0.7432379329226221,0.09392181677503597,BH_from_pvalue
polymyxin,polymixinE,polymixinE_vs_control,not_regulated,b0160,b0160,287.07507691857876,0.27221932094575685,1.2076641686864271,0.17971057823668135,0.45198107536275617,0.09388293105352738,BH_from_pvalue
polymyxin,polymixinE,polymixinE_vs_control,not_regulated,b0917,b0917,26.024301361843417,-0.42351971250569775,0.7456033708472304,0.3476680087683602,0.6015876642533012,0.09347125696526402,BH_from_pvalue
polymyxin,polymixinE,polymixinE_vs_control,not_regulated,b2069,b2069,170.75329016447608,0.4323791614008696,1.3494571448545356,0.3558056875074121,0.6087538921294559,0.09320289496282437,BH_from_pvalue
polymyxin,polymixinE,polymixinE_vs_control,not_regulated,b1909,b1909,1.280702133255766,0.6439223539253441,1.5625716602282975,0.5005128832296518,0.7169767352761064,0.09304351948045583,BH_from_pvalue
polymyxin,polymixinE,polymixinE_vs_control,not_regulated,b0580,b0580,134.06826642448274,0.38813912444093823,1.3087042685832089,0.3138930247536697,0.5758183324219613,0.09304258101062854,BH_from_pvalue
polymyxin,polymixinE,polymixinE_vs_control,not_regulated,b1692,b1692,7.720140429681663,0.5645877702895925,1.478964855570904,0.45915009111639926,0.6843131576678475,0.09301307404042754,BH_from_pvalue
polymyxin,polymixinE,polymixinE_vs_control,not_regulated,b4537,b4537,30.683421182364967,0.41533319883997866,1.333606645764679,0.34196535104898457,0.5978252332611514,0.09279613478338386,BH_from_pvalue
polymyxin,polymixinE,polymixinE_vs_control,not_regulated,b2591,b2591,0.3070631479808629,0.5023662926762404,1.4165350433522639,0.4226497308103741,0.6537408834886739,0.09273398145980279,BH_from_pvalue
polymyxin,polymixinE,polymixinE_vs_control,not_regulated,b3218,b3218,0.3070631479808629,0.5023662926762404,1.4165350433522639,0.4226497308103741,0.6537408834886739,0.09273398145980279,BH_from_pvalue
polymyxin,polymixinE,polymixinE_vs_control,not_regulated,b2277,b2277,4005.9323594564044,0.21833318649516364,1.163388691978287,0.1140423793490098,0.37666169398592103,0.09258387000306305,BH_from_pvalue
polymyxin,polymixinE,polymixinE_vs_control,not_regulated,b3025,b3025,76.76394635888308,-0.33305068807718907,0.7938560388671981,0.26607930303376726,0.527756539616941,0.09244367267750583,BH_from_pvalue
polymyxin,polymixinE,polymixinE_vs_control,not_regulated,b2246,b2246,25.259507294384296,-0.30333070799756356,0.8103793358916058,0.23518517816243834,0.49680472756819316,0.09215620067883185,BH_from_pvalue
polymyxin,polymixinE,polymixinE_vs_control,not_regulated,b0907,b0907,1863.1459323676456,-0.3996698846029787,0.7580317151352197,0.3267563265963579,0.5883791155117037,0.09206106068436411,BH_from_pvalue
polymyxin,polymixinE,polymixinE_vs_control,not_regulated,b4334,b4334,175.39630491924757,0.4986927105362433,1.4129326616582747,0.4198289344852355,0.6537408834886739,0.09205585893640111,BH_from_pvalue
polymyxin,polymixinE,polymixinE_vs_control,not_regulated,b3591,b3591,1070.3200928067893,-0.32372367099632626,0.7990049405392852,0.259154501443004,0.5196840171112611,0.09202189780481382,BH_from_pvalue
polymyxin,polymixinE,polymixinE_vs_control,not_regulated,b1516,b1516,2244.877604161539,0.4720569198980922,1.3870856939461458,0.3922566702189728,0.638375802905429,0.09201502616407067,BH_from_pvalue
polymyxin,polymixinE,polymixinE_vs_control,not_regulated,b2867,b2867,40.912559559217975,0.3957076736185883,1.315587926744067,0.3236139258222591,0.5857607397780771,0.09191487553473102,BH_from_pvalue
polymyxin,polymixinE,polymixinE_vs_control,not_regulated,b3413,b3413,325.18167349037117,-0.19872640904027783,0.8713194124455184,0.09055611673597305,0.34475234201639215,0.09190952835031219,BH_from_pvalue
polymyxin,polymixinE,polymixinE_vs_control,not_regulated,b2249,b2249,1071.3281631199523,-0.18246017663912362,0.8811990368948112,0.06538766674684117,0.3138887140099163,0.09181839452939011,BH_from_pvalue
polymyxin,polymixinE,polymixinE_vs_control,not_regulated,b0270,b0270,107.74449581374414,0.410903496782435,1.3295181724960277,0.3419751723390268,0.5978252332611514,0.09180642524335639,BH_from_pvalue
polymyxin,polymixinE,polymixinE_vs_control,not_regulated,b0840,b0840,255.02820703203588,-0.23839518319986386,0.8476877341017747,0.14644560264692094,0.4127270179861218,0.0916241134493828,BH_from_pvalue
polymyxin,polymixinE,polymixinE_vs_control,not_regulated,b2915,b2915,13.024069311679021,-0.4008928181954179,0.757389424403382,0.3323271897405725,0.5908689279422198,0.09160755593237975,BH_from_pvalue
polymyxin,polymixinE,polymixinE_vs_control,not_regulated,b4168,b4168,228.12008370092235,-0.3579262307765836,0.780285377430641,0.292946484940367,0.5554085792069118,0.09140985524504125,BH_from_pvalue
polymyxin,polymixinE,polymixinE_vs_control,not_regulated,b2794,b2794,481.47395795703363,-0.1495763823970755,0.901515135051639,0.029216814140582185,0.24491933137254657,0.09138771964359066,BH_from_pvalue
polymyxin,polymixinE,polymixinE_vs_control,not_regulated,b3423,b3423,159.65102355200855,0.266072870353419,1.2025299870095902,0.18579000023488504,0.4538234226012548,0.09129308556179004,BH_from_pvalue
polymyxin,polymixinE,polymixinE_vs_control,not_regulated,b1708,b1708,359.2342442221739,0.3002236760756922,1.231335305315578,0.23238622659661742,0.4965330215208356,0.09128356827079032,BH_from_pvalue
polymyxin,polymixinE,polymixinE_vs_control,not_regulated,b0598,b0598,8999.567874085167,-0.4938466482177688,0.7101291586914517,0.41136152261015857,0.6537408834886739,0.09116130319142783,BH_from_pvalue
polymyxin,polymixinE,polymixinE_vs_control,not_regulated,b1037,b1037,147.97835393609745,0.4927770420871589,1.4071508936945478,0.4177162932501072,0.6537408834886739,0.09096385993830496,BH_from_pvalue
polymyxin,polymixinE,polymixinE_vs_control,not_regulated,b3795,b3795,221.69526503574855,0.32008938705496703,1.24840789584265,0.2602736158039105,0.5203158772826619,0.09081989694181666,BH_from_pvalue
polymyxin,polymixinE,polymixinE_vs_control,not_regulated,b1457,b1457,6.2179032200815385,0.524453847016229,1.438388954076732,0.4422840027366642,0.6723195148055138,0.09042857837704332,BH_from_pvalue
polymyxin,polymixinE,polymixinE_vs_control,not_regulated,b2970,b2970,1.3483847337705563,0.6594371311087768,1.5794662731774687,0.5210321133095404,0.7303217343927431,0.09000378760758868,BH_from_pvalue
polymyxin,polymixinE,polymixinE_vs_control,not_regulated,b3947,b3947,79.86211635440891,-0.6762699279942437,0.6257811348303635,0.5289214401940964,0.7361041577948779,0.08998496975618359,BH_from_pvalue
polymyxin,polymixinE,polymixinE_vs_control,not_regulated,b3190,b3190,145.61478789425183,0.39041068832221715,1.310766483309857,0.32698398503741005,0.5883791155117037,0.08992827194162861,BH_from_pvalue
polymyxin,polymixinE,polymixinE_vs_control,not_regulated,b3487,b3487,878.2548964418011,0.45035084741390463,1.3663725029736502,0.3829064672310262,0.6315780306582897,0.08987786303534642,BH_from_pvalue
polymyxin,polymixinE,polymixinE_vs_control,not_regulated,b2511,b2511,1626.6286924745982,-0.38593922091103927,0.7652806246280368,0.3229757204076974,0.5850764359217974,0.08984178503054847,BH_from_pvalue
polymyxin,polymixinE,polymixinE_vs_control,not_regulated,b1596,b1596,377.5820959712446,0.5395060281180033,1.453474769302454,0.45567611781242734,0.6818466992416162,0.08972700499818992,BH_from_pvalue
polymyxin,polymixinE,polymixinE_vs_control,not_regulated,b0961,b0961,122.03063902863221,0.4297062846673967,1.3469593242555096,0.36598486803047736,0.6184071887306863,0.08969064647178124,BH_from_pvalue
polymyxin,polymixinE,polymixinE_vs_control,not_regulated,b3882,b3882,11.285956628023387,-0.3891351482530787,0.7635872145888133,0.3264986737529212,0.5883791155117037,0.08963446053317851,BH_from_pvalue
polymyxin,polymixinE,polymixinE_vs_control,not_regulated,b2164,b2164,94.93079924552855,-0.28418509709336437,0.8212053337359071,0.22084654904867637,0.48374920959918916,0.08962621963718118,BH_from_pvalue
polymyxin,polymixinE,polymixinE_vs_control,not_regulated,b0768,b0768,8.122455482850283,0.322697600882909,1.250666903980162,0.26610756599626995,0.527756539616941,0.08957000377949145,BH_from_pvalue
polymyxin,polymixinE,polymixinE_vs_control,not_regulated,b2769,b2769,34.348567685504655,0.42814061526813774,1.3454983439212542,0.36541687033169995,0.6179116852451076,0.0895128962394156,BH_from_pvalue
polymyxin,polymixinE,polymixinE_vs_control,not_regulated,b1741,b1741,480.95092235170574,-0.29102357890845987,0.8173219703516987,0.2290580837418905,0.49296806730670983,0.08939697564361625,BH_from_pvalue
polymyxin,polymixinE,polymixinE_vs_control,not_regulated,b3638,b3638,560.7451467215301,-0.3676433907157257,0.775047485629287,0.30942196631926755,0.5715728971269263,0.08931101067391642,BH_from_pvalue
polymyxin,polymixinE,polymixinE_vs_control,not_regulated,b4415,b4415,1.4625516076300402,0.509480809740842,1.4235378073599971,0.4383450372301352,0.6685913792679377,0.08907723117317637,BH_from_pvalue
polymyxin,polymixinE,polymixinE_vs_control,not_regulated,b4156,b4156,91.63251629733615,0.549938745366755,1.4640235344174102,0.4645666289013482,0.6887345737634358,0.08906154336103925,BH_from_pvalue
polymyxin,polymixinE,polymixinE_vs_control,not_regulated,b0523,b0523,95.96662951764624,0.4133789386531266,1.331801378594695,0.3560801194254934,0.6089917783938666,0.08903709865389814,BH_from_pvalue
polymyxin,polymixinE,polymixinE_vs_control,not_regulated,b2539,b2539,14.662406438803636,-0.4898604980925496,0.7120939506461264,0.42722992006820454,0.6581096508447891,0.08900850507849402,BH_from_pvalue
polymyxin,polymixinE,polymixinE_vs_control,not_regulated,b0447,b0447,415.9153881968252,-0.2604870445253127,0.8348060467237118,0.1893829791592624,0.4569981975634991,0.08858787011984896,BH_from_pvalue
polymyxin,polymixinE,polymixinE_vs_control,not_regulated,b3657,b3657,20.603289259815696,0.5891636801280336,1.5043744196331006,0.489114093562191,0.7074068144188859,0.0885694243644535,BH_from_pvalue
polymyxin,polymixinE,polymixinE_vs_control,not_regulated,b0209,b0209,1412.5400763639498,-0.27789434582153305,0.824793949272602,0.21503262357548825,0.48041083695021664,0.08847800390859525,BH_from_pvalue
polymyxin,polymixinE,polymixinE_vs_control,not_regulated,b2167,b2167,1851.1677374280325,-0.4345021368925721,0.7399490613739629,0.3747090320569867,0.6258062505023658,0.08844729994374409,BH_from_pvalue
polymyxin,polymixinE,polymixinE_vs_control,not_regulated,b3387,b3387,289.52285802107184,0.2715571083622095,1.2071099650105424,0.2047259058344538,0.4725797442449207,0.08839859974918088,BH_from_pvalue
polymyxin,polymixinE,polymixinE_vs_control,not_regulated,b0957,b0957,93641.4921512929,0.3602388472104465,1.283638394357578,0.30579970452862076,0.5685003492616395,0.08835551697885105,BH_from_pvalue
polymyxin,polymixinE,polymixinE_vs_control,not_regulated,b0275,b0275,0.28214328891692586,0.47637969475257363,1.3912480782484142,0.4226497308103743,0.6537408834886739,0.08793700219350131,BH_from_pvalue
polymyxin,polymixinE,polymixinE_vs_control,not_regulated,b0556,b0556,0.28214328891692586,0.47637969475257363,1.3912480782484142,0.4226497308103743,0.6537408834886739,0.08793700219350131,BH_from_pvalue
polymyxin,polymixinE,polymixinE_vs_control,not_regulated,b0705,b0705,0.28214328891692586,0.47637969475257363,1.3912480782484142,0.4226497308103743,0.6537408834886739,0.08793700219350131,BH_from_pvalue
polymyxin,polymixinE,polymixinE_vs_control,not_regulated,b1576,b1576,0.28214328891692586,0.47637969475257363,1.3912480782484142,0.4226497308103743,0.6537408834886739,0.08793700219350131,BH_from_pvalue
polymyxin,polymixinE,polymixinE_vs_control,not_regulated,b4427,b4427,0.28214328891692586,0.47637969475257363,1.3912480782484142,0.4226497308103743,0.6537408834886739,0.08793700219350131,BH_from_pvalue
polymyxin,polymixinE,polymixinE_vs_control,not_regulated,b4541,b4541,0.28214328891692586,0.47637969475257363,1.3912480782484142,0.4226497308103743,0.6537408834886739,0.08793700219350131,BH_from_pvalue
polymyxin,polymixinE,polymixinE_vs_control,not_regulated,b4622,b4622,0.28214328891692586,0.47637969475257363,1.3912480782484142,0.4226497308103743,0.6537408834886739,0.08793700219350131,BH_from_pvalue
polymyxin,polymixinE,polymixinE_vs_control,not_regulated,b4630,b4630,0.28214328891692586,0.47637969475257363,1.3912480782484142,0.4226497308103743,0.6537408834886739,0.08793700219350131,BH_from_pvalue
polymyxin,polymixinE,polymixinE_vs_control,not_regulated,b4674,b4674,0.28214328891692586,0.47637969475257363,1.3912480782484142,0.4226497308103743,0.6537408834886739,0.08793700219350131,BH_from_pvalue
polymyxin,polymixinE,polymixinE_vs_control,not_regulated,b4682,b4682,0.28214328891692586,0.47637969475257363,1.3912480782484142,0.4226497308103743,0.6537408834886739,0.08793700219350131,BH_from_pvalue
polymyxin,polymixinE,polymixinE_vs_control,not_regulated,b4683,b4683,0.28214328891692586,0.47637969475257363,1.3912480782484142,0.4226497308103743,0.6537408834886739,0.08793700219350131,BH_from_pvalue
polymyxin,polymixinE,polymixinE_vs_control,not_regulated,b4166,b4166,521.7117959996569,0.27598350556213447,1.2108192404865283,0.21443116891172162,0.48041083695021664,0.08786961682018596,BH_from_pvalue
polymyxin,polymixinE,polymixinE_vs_control,not_regulated,b1565,b1565,8.017817243245807,0.45757348658309205,1.3732301963445093,0.39793884648467476,0.6428001698538437,0.08781934168657976,BH_from_pvalue
polymyxin,polymixinE,polymixinE_vs_control,not_regulated,b0999,b0999,2871.0397015287213,-0.5454183487834143,0.6851926833688257,0.46679881852623145,0.6905721274264014,0.08769833686938246,BH_from_pvalue
polymyxin,polymixinE,polymixinE_vs_control,not_regulated,b0910,b0910,1291.2244473984254,0.39010969652792227,1.3104930445083889,0.3396685852293489,0.5961456915413376,0.08763720332728159,BH_from_pvalue
polymyxin,polymixinE,polymixinE_vs_control,not_regulated,b1713,b1713,4324.77332941664,-0.38681889121167146,0.7648141438940034,0.3363391789737436,0.5936112239781277,0.08761366500335932,BH_from_pvalue
polymyxin,polymixinE,polymixinE_vs_control,not_regulated,b4346,b4346,130.7895975814387,0.5088401035077847,1.4229057492856552,0.4436625948984987,0.672823449714581,0.08757081222347317,BH_from_pvalue
polymyxin,polymixinE,polymixinE_vs_control,not_regulated,b2251,b2251,32.237193897826415,0.4417241868462698,1.3582265951746775,0.3856672682532124,0.6335240599781674,0.08756602763815133,BH_from_pvalue
polymyxin,polymixinE,polymixinE_vs_control,not_regulated,b2016,b2016,2543.35895442386,-0.2735875069411371,0.8272598634496808,0.21461736947267052,0.48041083695021664,0.0871067615172942,BH_from_pvalue
polymyxin,polymixinE,polymixinE_vs_control,not_regulated,b0838,b0838,736.5968670005509,0.25342869263898216,1.1920367322039451,0.18254147635386547,0.45334988607248616,0.0870696061603097,BH_from_pvalue
polymyxin,polymixinE,polymixinE_vs_control,not_regulated,b0866,b0866,870.4862686942606,0.20932978570209748,1.1561509609330691,0.12207335493192296,0.38391259968100105,0.08703254982708515,BH_from_pvalue
polymyxin,polymixinE,polymixinE_vs_control,not_regulated,b3448,b3448,2623.8451611639043,0.33389076505033266,1.2604079550506175,0.28766081059690063,0.5487270254727986,0.08702650761926961,BH_from_pvalue
polymyxin,polymixinE,polymixinE_vs_control,not_regulated,b4491,b4491,25.428242184851722,0.4705696416153575,1.38565648030872,0.4159124989598658,0.6537408834886739,0.08686449918571233,BH_from_pvalue
polymyxin,polymixinE,polymixinE_vs_control,not_regulated,b4460,b4460,310.9864699788101,0.6338251994351864,1.551673692466972,0.5199733752936239,0.729519726160549,0.08681057564032844,BH_from_pvalue
polymyxin,polymixinE,polymixinE_vs_control,not_regulated,b2493,b2493,506.147451986573,-0.30534221193530264,0.8092502370025663,0.2590601117826349,0.5196840171112611,0.08679677249343033,BH_from_pvalue
polymyxin,polymixinE,polymixinE_vs_control,not_regulated,b2170,b2170,127.06148492661335,0.4177791917120386,1.3358696043702107,0.36754668689583314,0.61999902216382,0.08673471831210823,BH_from_pvalue
polymyxin,polymixinE,polymixinE_vs_control,not_regulated,b0676,b0676,987.1327137402191,-0.27088538011495444,0.8288107496018394,0.21190117714688592,0.4785603700966599,0.08670046013468993,BH_from_pvalue
polymyxin,polymixinE,polymixinE_vs_control,not_regulated,b0451,b0451,137.65150664104652,-0.23843747040519947,0.8476628876727575,0.16175813496189625,0.4332269432959868,0.08662064711694248,BH_from_pvalue
polymyxin,polymixinE,polymixinE_vs_control,not_regulated,b3822,b3822,387.47348135762127,0.28498959198742924,1.2184014737485342,0.23464975510969058,0.4966845169333592,0.0866138595292671,BH_from_pvalue
polymyxin,polymixinE,polymixinE_vs_control,not_regulated,b0926,b0926,1782.3227222197463,-0.3917754988408326,0.7621910122732045,0.34613668346254656,0.601180200941931,0.08658055594681666,BH_from_pvalue
polymyxin,polymixinE,polymixinE_vs_control,not_regulated,b0248,b0248,1.0527616579807753,-0.5960494177735691,0.6615630585235868,0.498212013991392,0.7157891900145995,0.08655523555346835,BH_from_pvalue
polymyxin,polymixinE,polymixinE_vs_control,not_regulated,b3899,b3899,15.01030715253782,0.551098519643022,1.4652009277338687,0.47583228854578774,0.696710167278305,0.08649372870180196,BH_from_pvalue
polymyxin,polymixinE,polymixinE_vs_control,not_regulated,b2263,b2263,41.541238243915316,0.36652395299739915,1.289242768203057,0.3194947013425046,0.5815812086760768,0.08627593925895324,BH_from_pvalue
polymyxin,polymixinE,polymixinE_vs_control,not_regulated,b4206,b4206,1286.5943100811699,0.3107536710090937,1.2403554985512844,0.26666664525586836,0.5283826791166731,0.08609474812519581,BH_from_pvalue
polymyxin,polymixinE,polymixinE_vs_control,not_regulated,b4002,b4002,14.747248349179005,0.39169395982536104,1.311932923580627,0.34957844800206644,0.6029155901508032,0.08607219618967658,BH_from_pvalue
polymyxin,polymixinE,polymixinE_vs_control,not_regulated,b0416,b0416,749.9570615697488,-0.2800931463415246,0.8235378445515464,0.2290330579517483,0.49296806730670983,0.08603935212175083,BH_from_pvalue
polymyxin,polymixinE,polymixinE_vs_control,not_regulated,b1003,b1003,2072.2136222153586,0.40135708579488316,1.3207497032990814,0.35805635358121685,0.6107461048192314,0.08594632305968632,BH_from_pvalue
polymyxin,polymixinE,polymixinE_vs_control,not_regulated,b2925,b2925,12717.514654101253,-0.3271818601051102,0.7970919921233706,0.2838427428162151,0.5461900809076957,0.0859363411838183,BH_from_pvalue
polymyxin,polymixinE,polymixinE_vs_control,not_regulated,b3894,b3894,19072.30343839421,0.3277855833933998,1.255085443777338,0.28499893073326676,0.5468964123030008,0.08591093810296828,BH_from_pvalue
polymyxin,polymixinE,polymixinE_vs_control,not_regulated,b1518,b1518,561.4905020132225,0.4152336387426985,1.3335146170112873,0.3701694705906089,0.6215243068636634,0.08576313725640979,BH_from_pvalue
polymyxin,polymixinE,polymixinE_vs_control,not_regulated,b3455,b3455,14.322625541651007,0.38156004748934036,1.302749812826584,0.33953263102700104,0.5961456915413376,0.08571654527176599,BH_from_pvalue
polymyxin,polymixinE,polymixinE_vs_control,not_regulated,b4498,b4498,1029.3072562866241,-0.22976467608584272,0.8527739798907592,0.15410780643043054,0.4246978175674499,0.08545407160954492,BH_from_pvalue
polymyxin,polymixinE,polymixinE_vs_control,not_regulated,b0184,b0184,1663.6290544061521,-0.3767477646336399,0.7701718164047299,0.3363349346087605,0.5936112239781277,0.08533257602280267,BH_from_pvalue
polymyxin,polymixinE,polymixinE_vs_control,not_regulated,b3195,b3195,784.8171777127451,0.23959648810410528,1.1806623920812376,0.1692123609019005,0.4407163864138671,0.08525820637573409,BH_from_pvalue
polymyxin,polymixinE,polymixinE_vs_control,not_regulated,b0215,b0215,540.6400516566626,-0.20453733046423217,0.8678169497638074,0.12148884364245548,0.38346801081149495,0.08514293032655731,BH_from_pvalue
polymyxin,polymixinE,polymixinE_vs_control,not_regulated,b1762,b1762,42.8597535449043,0.38575894684495093,1.3065469308491686,0.34831759491803005,0.6017620416762123,0.08508886087631257,BH_from_pvalue
polymyxin,polymixinE,polymixinE_vs_control,not_regulated,b1138,b1138,56.026845463400456,0.5157493899877057,1.4297366057818552,0.4582606534574894,0.6839468396938702,0.08508712381813305,BH_from_pvalue
polymyxin,polymixinE,polymixinE_vs_control,not_regulated,b2573,b2573,2840.3957071672594,-0.28912109498014793,0.8184004849175514,0.24509817823575678,0.508195540904698,0.08499268251787237,BH_from_pvalue
polymyxin,polymixinE,polymixinE_vs_control,not_regulated,b1564,b1564,171.95837303701373,-0.3487995822687875,0.7852371954514104,0.3083983810015133,0.5713245130744674,0.08479915751399311,BH_from_pvalue
polymyxin,polymixinE,polymixinE_vs_control,not_regulated,b2713,b2713,17.408052960481218,0.4172263545330166,1.3353578005020643,0.3767339581010851,0.6271463151512513,0.08454304564818133,BH_from_pvalue
polymyxin,polymixinE,polymixinE_vs_control,not_regulated,b3463,b3463,417.1977045177294,-0.3039055556562662,0.8100565012978902,0.26501183447619453,0.5271656339217845,0.08450182389431712,BH_from_pvalue
polymyxin,polymixinE,polymixinE_vs_control,not_regulated,b3153,b3153,785.3682168327705,0.6104222392354508,1.5267059706245105,0.5164848592232936,0.7276939250951939,0.08426955353450438,BH_from_pvalue
polymyxin,polymixinE,polymixinE_vs_control,not_regulated,b3888,b3888,628.7271877856325,0.25834917931689994,1.1961092592495184,0.20345605962413593,0.4719676927227248,0.08424449712274497,BH_from_pvalue
polymyxin,polymixinE,polymixinE_vs_control,not_regulated,b0331,b0331,1924.0471694123032,1.0642600454563347,2.091097086221553,0.6609371631092968,0.833422251960714,0.08422012107974754,BH_from_pvalue
polymyxin,polymixinE,polymixinE_vs_control,not_regulated,b0675,b0675,567.3764899673856,-0.266004378389896,0.831619574514933,0.21990713102538828,0.4829796266368147,0.0840763200389569,BH_from_pvalue
polymyxin,polymixinE,polymixinE_vs_control,not_regulated,b3730,b3730,2528.513020657451,0.15036949174521297,1.1098536826969438,0.043391693129639364,0.27636066640839996,0.08398493523324795,BH_from_pvalue
polymyxin,polymixinE,polymixinE_vs_control,not_regulated,b4625,b4625,3.8670587219147947,-0.7286525678681419,0.6034672703179053,0.5680913522944386,0.7671194544041985,0.08389487308350613,BH_from_pvalue
polymyxin,polymixinE,polymixinE_vs_control,not_regulated,b0242,b0242,648.855508406632,-0.23538009548419936,0.8494611688199081,0.16831303604456577,0.4402540477034606,0.08386513771616069,BH_from_pvalue
polymyxin,polymixinE,polymixinE_vs_control,not_regulated,b0897,b0897,12103.989495501331,-0.5085840405848145,0.702911985243844,0.4595385051447402,0.6846651858698383,0.08367313879555725,BH_from_pvalue
polymyxin,polymixinE,polymixinE_vs_control,not_regulated,b1626,b1626,167.26568802498272,0.37105939291145607,1.293302173493094,0.3375972746013614,0.5950798980597327,0.0836459597720128,BH_from_pvalue
polymyxin,polymixinE,polymixinE_vs_control,not_regulated,b0122,b0122,248.57749473449636,0.3377718639197038,1.2638032350682622,0.30278138666282967,0.5657488331232372,0.08355676512752144,BH_from_pvalue
polymyxin,polymixinE,polymixinE_vs_control,not_regulated,b2305,b2305,32.98695876764379,0.283354510268242,1.2170213778710048,0.24350321742262795,0.5073575543418126,0.08350057003058146,BH_from_pvalue
polymyxin,polymixinE,polymixinE_vs_control,not_regulated,b2028,b2028,139.30582112779197,0.3331099078512896,1.259725945133519,0.2984640863213671,0.5617119080642299,0.08343949134879211,BH_from_pvalue
polymyxin,polymixinE,polymixinE_vs_control,not_regulated,b2005,b2005,0.9597898520425594,0.4096545098836947,1.3283676644928384,0.3743539656726134,0.6258062505023658,0.08338931441883554,BH_from_pvalue
polymyxin,polymixinE,polymixinE_vs_control,not_regulated,b1824,b1824,1825.486895208897,-0.28609935929290486,0.8201164273300213,0.24832343618110822,0.5116623068908038,0.08325965577420553,BH_from_pvalue
polymyxin,polymixinE,polymixinE_vs_control,not_regulated,b2217,b2217,2145.8940272858126,-0.2895976942921106,0.8181301681305488,0.2561004964136357,0.5158710402456486,0.08324742065205673,BH_from_pvalue
polymyxin,polymixinE,polymixinE_vs_control,not_regulated,b1574,b1574,8.564917812399734,-0.3668417830155999,0.7754782465659256,0.33627850107260293,0.5936112239781277,0.08308889202822375,BH_from_pvalue
polymyxin,polymixinE,polymixinE_vs_control,not_regulated,b0613,b0613,0.9845280193248843,-0.5664158370119612,0.675292370471284,0.49592850791207993,0.7135913079297938,0.08300849502404695,BH_from_pvalue
polymyxin,polymixinE,polymixinE_vs_control,not_regulated,b2412,b2412,2510.5378101979773,0.24968747687283432,1.1889495314774172,0.19775297908497735,0.46594704029556216,0.08281220814588167,BH_from_pvalue
polymyxin,polymixinE,polymixinE_vs_control,not_regulated,b0156,b0156,1396.5284369864646,-0.34140684807965904,0.7892712763940188,0.31009936705889457,0.5721193408658358,0.08279572539833306,BH_from_pvalue
polymyxin,polymixinE,polymixinE_vs_control,not_regulated,b0378,b0378,332.08586013288715,-0.25823953812354894,0.8361075651227796,0.21116623073584143,0.4781550950966076,0.08274800822180384,BH_from_pvalue
polymyxin,polymixinE,polymixinE_vs_control,not_regulated,b1615,b1615,16.602062959494184,-0.5072353056146479,0.7035694251293136,0.46279500998199313,0.6872327105707261,0.08262669229945302,BH_from_pvalue
polymyxin,polymixinE,polymixinE_vs_control,not_regulated,b1631,b1631,80.9519239432983,-0.35863592210588013,0.779901633416844,0.32805913950747023,0.5883791155117037,0.08260918488111738,BH_from_pvalue
polymyxin,polymixinE,polymixinE_vs_control,not_regulated,b0905,b0905,736.8770148762782,0.37146538372253524,1.293666174664931,0.3439597254184038,0.5995219161242622,0.08253772723861981,BH_from_pvalue
polymyxin,polymixinE,polymixinE_vs_control,not_regulated,b3650,b3650,1366.1528092884703,0.20025877113631196,1.148904411460884,0.12443529538779904,0.3871240945036934,0.08253661196410067,BH_from_pvalue
polymyxin,polymixinE,polymixinE_vs_control,not_regulated,b1188,b1188,12536.98675380134,0.2569624077985715,1.1949600674621557,0.21128624073999175,0.4781550950966076,0.08233877580371847,BH_from_pvalue
polymyxin,polymixinE,polymixinE_vs_control,not_regulated,b4254,b4254,12.755450364515879,0.5536761226840694,1.4678210810663384,0.49234634839751845,0.7101337386742421,0.08230941122681028,BH_from_pvalue
polymyxin,polymixinE,polymixinE_vs_control,not_regulated,b2580,b2580,294.41164276657327,-0.2855379077113902,0.8204356529883625,0.254237470395969,0.5154355980711561,0.08218511692927442,BH_from_pvalue
polymyxin,polymixinE,polymixinE_vs_control,not_regulated,b1195,b1195,670.4242140998006,0.3784896384135248,1.2999801898019374,0.35350227027406506,0.60665898958136,0.08215320569279674,BH_from_pvalue
polymyxin,polymixinE,polymixinE_vs_control,not_regulated,b3820,b3820,56.81316698122455,0.3653337607582827,1.2881796093753792,0.3398550252241715,0.5961456915413376,0.08207134905605314,BH_from_pvalue
polymyxin,polymixinE,polymixinE_vs_control,not_regulated,b1248,b1248,193.85687118402407,-0.3593839924147382,0.7794973414446814,0.33330826193094526,0.5918754686795862,0.08185676967342209,BH_from_pvalue
polymyxin,polymixinE,polymixinE_vs_control,not_regulated,b3483,b3483,2.938401310351324,0.6646328802924752,1.585164848180316,0.5510180634853573,0.7531310051322266,0.08183589619574977,BH_from_pvalue
polymyxin,polymixinE,polymixinE_vs_control,not_regulated,b1927,b1927,3605.776225450752,0.42280305442332455,1.3405295803513608,0.39502972231576206,0.6407658460065985,0.0817281031273095,BH_from_pvalue
polymyxin,polymixinE,polymixinE_vs_control,not_regulated,b1737,b1737,122.8050532211039,-0.27435086229062833,0.8268222614709841,0.24062154043333814,0.503813407144082,0.08168255891936028,BH_from_pvalue
polymyxin,polymixinE,polymixinE_vs_control,not_regulated,b1993,b1993,81.64237684379084,-0.2754789988092403,0.8261759684151199,0.24186724901036036,0.5053877582667515,0.0816451659483834,BH_from_pvalue
polymyxin,polymixinE,polymixinE_vs_control,not_regulated,b3751,b3751,5119.458667024777,-0.4938471082872127,0.7101289322342548,0.4582960815556524,0.6839468396938702,0.08147373679116264,BH_from_pvalue
polymyxin,polymixinE,polymixinE_vs_control,not_regulated,b2121,b2121,9.718906561079777,-0.39038202060666416,0.762927557178954,0.3664421896198125,0.6187150784196384,0.08139828179487642,BH_from_pvalue
polymyxin,polymixinE,polymixinE_vs_control,not_regulated,b4688,b4688,17.880130751109647,-0.1854671491770672,0.8793642889039183,0.10521031363967492,0.36628693796862105,0.08089679559179071,BH_from_pvalue
polymyxin,polymixinE,polymixinE_vs_control,not_regulated,b2517,b2517,975.2056165923165,0.39228027856420766,1.312466208275046,0.3709575292292163,0.6223673877183943,0.08079136792413763,BH_from_pvalue
polymyxin,polymixinE,polymixinE_vs_control,not_regulated,b1954,b1954,12.362061001673155,-0.23538650145606344,0.8494573969817082,0.18687504715353823,0.45445655546943253,0.08062167217366846,BH_from_pvalue
polymyxin,polymixinE,polymixinE_vs_control,not_regulated,b0578,b0578,467.1301238226631,-0.19442418116197757,0.8739216322146512,0.1228705558211206,0.38513711504069714,0.08056639181078872,BH_from_pvalue
polymyxin,polymixinE,polymixinE_vs_control,not_regulated,b1753,b1753,51.5863138770004,0.3052186606392171,1.2356058963146492,0.28196444773724283,0.545103101680657,0.08043163251849296,BH_from_pvalue
polymyxin,polymixinE,polymixinE_vs_control,not_regulated,b3890,b3890,30.093236756432344,-0.510015298935973,0.7022149912507956,0.4757724604267189,0.696710167278305,0.08004580547324108,BH_from_pvalue
polymyxin,polymixinE,polymixinE_vs_control,not_regulated,b3465,b3465,206.82476963522063,-0.24293245569185462,0.8450259460351577,0.20046917845794368,0.46842096867731464,0.08001312569005235,BH_from_pvalue
polymyxin,polymixinE,polymixinE_vs_control,not_regulated,b4394,b4394,141.59019792241597,-0.19548909438821926,0.8732767923233556,0.127163822073428,0.38993708304659047,0.07995610725075374,BH_from_pvalue
polymyxin,polymixinE,polymixinE_vs_control,not_regulated,b1177,b1177,81.02144053060941,0.4330809832370699,1.3501137693402696,0.4120335450405732,0.6537408834886739,0.07994430449572845,BH_from_pvalue
polymyxin,polymixinE,polymixinE_vs_control,not_regulated,b3685,b3685,436.1684852748624,-0.4170577272963314,0.7489504984722404,0.39894273276476383,0.6432329977722875,0.07992147478865945,BH_from_pvalue
polymyxin,polymixinE,polymixinE_vs_control,not_regulated,b4123,b4123,46.436016930634906,0.5775660757367982,1.4923294628126427,0.5161064637350372,0.7274982368787832,0.07980118124397911,BH_from_pvalue
polymyxin,polymixinE,polymixinE_vs_control,not_regulated,b3611,b3611,747.1344683481075,0.27784678778970573,1.21238405872102,0.25684393577590975,0.5166744289445626,0.0796817441950951,BH_from_pvalue
polymyxin,polymixinE,polymixinE_vs_control,not_regulated,b3876,b3876,14.086169530906185,0.42225579139566394,1.3400211685735814,0.4040332026005819,0.6478935277352647,0.07959367903633773,BH_from_pvalue
polymyxin,polymixinE,polymixinE_vs_control,not_regulated,b2842,b2842,58.616556240087256,0.37769085121278234,1.2992606197686154,0.36325638714954367,0.615941703149933,0.07948896400821927,BH_from_pvalue
polymyxin,polymixinE,polymixinE_vs_control,not_regulated,b0883,b0883,12.259442224376114,-0.4959926089446278,0.7090736504779797,0.47039611158807015,0.6914468381912164,0.07947845330420114,BH_from_pvalue
polymyxin,polymixinE,polymixinE_vs_control,not_regulated,b4065,b4065,811.7819085152414,-0.24825181325232037,0.8419159896966197,0.21204331205038754,0.4785603700966599,0.0794562867479723,BH_from_pvalue
polymyxin,polymixinE,polymixinE_vs_control,not_regulated,b0197,b0197,1165.6492277498864,-0.3022351913388004,0.8109949346105768,0.2837046121770542,0.5461900809076957,0.07938394418414178,BH_from_pvalue
polymyxin,polymixinE,polymixinE_vs_control,not_regulated,b1835,b1835,29.399719783509582,0.21782881997810932,1.162982042111432,0.16094071224338577,0.43308972402061263,0.07916381170880119,BH_from_pvalue
polymyxin,polymixinE,polymixinE_vs_control,not_regulated,b4151,b4151,792.361290489881,0.4225088881881707,1.3402562735689783,0.40553302463255714,0.6496038264947444,0.07915764250766628,BH_from_pvalue
polymyxin,polymixinE,polymixinE_vs_control,not_regulated,b2383,b2383,71.36245590672358,-0.23013192559860318,0.8525569271098321,0.18176653334254936,0.4531414407369115,0.07911158190238722,BH_from_pvalue
polymyxin,polymixinE,polymixinE_vs_control,not_regulated,b0477,b0477,600.0325475444553,0.3182385754108701,1.2468073591096172,0.30091956130956987,0.5645977863285271,0.07900617254009631,BH_from_pvalue
polymyxin,polymixinE,polymixinE_vs_control,not_regulated,b4154,b4154,5688.831843046494,0.44331011343371074,1.3597204881966047,0.4335192975773596,0.6634143322229195,0.07900457851072133,BH_from_pvalue
polymyxin,polymixinE,polymixinE_vs_control,not_regulated,b3437,b3437,35.16689249762459,0.357395679790093,1.281111176250565,0.34636694293563386,0.601180200941931,0.07898277646450831,BH_from_pvalue
polymyxin,polymixinE,polymixinE_vs_control,not_regulated,b1900,b1900,361.28064794161213,0.7041555303768074,1.629190752302973,0.5743311958491564,0.7725304183401631,0.07892485804829565,BH_from_pvalue
polymyxin,polymixinE,polymixinE_vs_control,not_regulated,b2544,b2544,75.44238471729959,-0.22993744813477246,0.8526718608137769,0.18711728339915276,0.45445655546943253,0.07875532984813811,BH_from_pvalue
polymyxin,polymixinE,polymixinE_vs_control,not_regulated,b2699,b2699,5260.918122574042,-0.21279851075845357,0.8628618448796737,0.156885815860466,0.4284592591016248,0.0783291033146969,BH_from_pvalue
polymyxin,polymixinE,polymixinE_vs_control,not_regulated,b1326,b1326,630.4312974120148,-0.2082608044993517,0.8655800753551691,0.15200109484842886,0.4210824603933945,0.0782295991496131,BH_from_pvalue
polymyxin,polymixinE,polymixinE_vs_control,not_regulated,b1427,b1427,339.7189059483025,-0.3214682269987996,0.8002550455508167,0.30961122661525564,0.5716877246779228,0.07806570843239526,BH_from_pvalue
polymyxin,polymixinE,polymixinE_vs_control,not_regulated,b2604,b2604,118.09498483845358,0.27132642095597426,1.2069169631654977,0.2562248745354371,0.5158905486393894,0.07799072536545953,BH_from_pvalue
polymyxin,polymixinE,polymixinE_vs_control,not_regulated,b0852,b0852,325.4152364611994,-0.16700317275475207,0.8906909418094677,0.08911567743740056,0.3416694788152319,0.07788924682550134,BH_from_pvalue
polymyxin,polymixinE,polymixinE_vs_control,not_regulated,b0425,b0425,697.8842193871848,-0.25469155282796585,0.8381663148740157,0.23058432814244717,0.49459623652109075,0.07787173663748055,BH_from_pvalue
polymyxin,polymixinE,polymixinE_vs_control,not_regulated,b2716,b2716,155.27748827583787,-0.15114401975794767,0.900536077645462,0.06145624817052067,0.3058195286499979,0.07776885576936898,BH_from_pvalue
polymyxin,polymixinE,polymixinE_vs_control,not_regulated,b3221,b3221,188.09602780742355,0.27857379889340805,1.2129951641654966,0.2647059401363966,0.5270683128523735,0.07748059220918724,BH_from_pvalue
polymyxin,polymixinE,polymixinE_vs_control,not_regulated,b2027,b2027,2538.4944608497312,0.3509480661209903,1.2753984792849806,0.34773853425046314,0.6015876642533012,0.07745461639974133,BH_from_pvalue
polymyxin,polymixinE,polymixinE_vs_control,not_regulated,b3530,b3530,794.5474450966229,0.2530607944853518,1.1917327925710923,0.23104436614405954,0.49494624350240995,0.07729538698180914,BH_from_pvalue
polymyxin,polymixinE,polymixinE_vs_control,not_regulated,b2859,b2859,1.4961223129851227,0.36692978228856554,1.2896054824708105,0.36281894740659054,0.6158450263730286,0.07724919928519601,BH_from_pvalue
polymyxin,polymixinE,polymixinE_vs_control,not_regulated,b4286,b4286,4.966834032265001,0.5400560932570757,1.454029050154644,0.5040984195617481,0.7194983145121886,0.0772119379787364,BH_from_pvalue
polymyxin,polymixinE,polymixinE_vs_control,not_regulated,b0651,b0651,938.5943120920296,-0.34192335161548826,0.7889887576162407,0.33827395378535036,0.5955210348831725,0.07696793592059922,BH_from_pvalue
polymyxin,polymixinE,polymixinE_vs_control,not_regulated,b2105,b2105,26.84905836650552,0.34723068160591275,1.272116397193567,0.3450001929642601,0.6003136819935172,0.07695387421021965,BH_from_pvalue
polymyxin,polymixinE,polymixinE_vs_control,not_regulated,b1072,b1072,43.724518413870875,0.45413686781707074,1.3699629415569239,0.4499081692479983,0.6779075819769338,0.07667170429803846,BH_from_pvalue
polymyxin,polymixinE,polymixinE_vs_control,not_regulated,b4084,b4084,45.880186307030634,0.594081300033853,1.5095110314317346,0.5396443632616243,0.7432379329226221,0.07656052442535476,BH_from_pvalue
polymyxin,polymixinE,polymixinE_vs_control,not_regulated,b0937,b0937,2.2386786320917302,0.3949089507341099,1.3148597760734635,0.3943919342013888,0.6399620923657455,0.07655142186898074,BH_from_pvalue
polymyxin,polymixinE,polymixinE_vs_control,not_regulated,b3226,b3226,915.418564527269,-0.25962975912693764,0.8353022567263609,0.24426796825498528,0.5073575543418126,0.07650922112896269,BH_from_pvalue
polymyxin,polymixinE,polymixinE_vs_control,not_regulated,b0584,b0584,157.32025527773126,-0.31847534952304013,0.8019169014791264,0.3136557291519753,0.5758183324219613,0.07634316316492505,BH_from_pvalue
polymyxin,polymixinE,polymixinE_vs_control,not_regulated,b2652,b2652,0.6057310149804911,0.452180991133362,1.368106926930782,0.45056237337487975,0.6784832793572846,0.07617479443221221,BH_from_pvalue
polymyxin,polymixinE,polymixinE_vs_control,not_regulated,b4349,b4349,404.60509459860356,0.3572989225198011,1.2810252588111708,0.35963658280610883,0.6127444505537415,0.07600484594250904,BH_from_pvalue
polymyxin,polymixinE,polymixinE_vs_control,not_regulated,b0147,b0147,40.085197520576905,-0.24995136345386815,0.840924764271025,0.23281470760776973,0.4965330215208356,0.07599817792007126,BH_from_pvalue
polymyxin,polymixinE,polymixinE_vs_control,not_regulated,b0472,b0472,677.0335545666987,-0.38163457650755106,0.7675674422749649,0.3843961416371885,0.6328747602796756,0.07582400645671089,BH_from_pvalue
polymyxin,polymixinE,polymixinE_vs_control,not_regulated,b0024,b0024,56.802618476682774,-0.29701164390572554,0.8139366158099891,0.29389719399512065,0.5555382267350972,0.07582292990376588,BH_from_pvalue
polymyxin,polymixinE,polymixinE_vs_control,not_regulated,b0444,b0444,301.0017216801103,-0.1841822580029735,0.8801478160391891,0.12558523718901834,0.3885023362284763,0.07562640750384132,BH_from_pvalue
polymyxin,polymixinE,polymixinE_vs_control,not_regulated,b4160,b4160,1044.2253280277218,-0.18184242651494387,0.8815764398532191,0.12342964029800815,0.3857585167287129,0.07522538908364798,BH_from_pvalue
polymyxin,polymixinE,polymixinE_vs_control,not_regulated,b2496,b2496,446.72340513318187,0.23731085930262452,1.1787933765305696,0.21910168026127613,0.4821422542175085,0.07518596694552022,BH_from_pvalue
polymyxin,polymixinE,polymixinE_vs_control,not_regulated,b2342,b2342,1129.6541095049822,0.33398897683037454,1.2604937605180533,0.33890646524784207,0.5957019463402867,0.07513782773601978,BH_from_pvalue
polymyxin,polymixinE,polymixinE_vs_control,not_regulated,b0349,b0349,22.37225693086344,-0.3805346870274606,0.7681528475274361,0.38745344667927994,0.6349765485433897,0.07505754227202782,BH_from_pvalue
polymyxin,polymixinE,polymixinE_vs_control,not_regulated,b2947,b2947,879.8778927742705,-0.22234160396567937,0.8571730496036924,0.19080651277772734,0.45969346249288573,0.07504733345344226,BH_from_pvalue
polymyxin,polymixinE,polymixinE_vs_control,not_regulated,b3056,b3056,1996.2207496008386,-0.2605533994893783,0.8347676517408474,0.254468647853668,0.5154355980711561,0.0749939360941122,BH_from_pvalue
polymyxin,polymixinE,polymixinE_vs_control,not_regulated,b0763,b0763,180.01811538711527,0.3803482648600669,1.301656035731679,0.38777869665860076,0.6351888483504684,0.0749655533728421,BH_from_pvalue
polymyxin,polymixinE,polymixinE_vs_control,not_regulated,b3669,b3669,137.32660974203998,-0.22930472721097317,0.8530458980386357,0.2053279610992499,0.47289563186094524,0.0745778536003535,BH_from_pvalue
polymyxin,polymixinE,polymixinE_vs_control,not_regulated,b1133,b1133,1472.9735922885448,0.3754876768235036,1.2972780017801027,0.38477544673049974,0.6330078693152306,0.07456843228630168,BH_from_pvalue
polymyxin,polymixinE,polymixinE_vs_control,not_regulated,b4172,b4172,2562.6106873914146,-0.1516477454390195,0.9002217049244272,0.07343863219399012,0.322316482706892,0.0745678479707326,BH_from_pvalue
polymyxin,polymixinE,polymixinE_vs_control,not_regulated,b2143,b2143,776.4045280648885,0.2838113117075771,1.2174067851289518,0.2830208010855489,0.5461293707776915,0.07455849923639807,BH_from_pvalue
polymyxin,polymixinE,polymixinE_vs_control,not_regulated,b4118,b4118,436.70829546549254,-0.5131050270601492,0.7007127113512743,0.49825650128919746,0.7157891900145995,0.07451047707881737,BH_from_pvalue
polymyxin,polymixinE,polymixinE_vs_control,not_regulated,b0832,b0832,118.56364564546452,-0.29000888774370637,0.8178970198758171,0.2917079970964236,0.5540973694846762,0.07436231330504463,BH_from_pvalue
polymyxin,polymixinE,polymixinE_vs_control,not_regulated,b2717,b2717,264.8583864204704,-0.3613469753979901,0.7784374504327266,0.37145770856097826,0.6227419951946628,0.07432612650012474,BH_from_pvalue
polymyxin,polymixinE,polymixinE_vs_control,not_regulated,b1659,b1659,221.00412263491162,-0.2790808167571761,0.8241159184109892,0.279366744666735,0.5418690370294434,0.07426498614358645,BH_from_pvalue
polymyxin,polymixinE,polymixinE_vs_control,not_regulated,b0559,b0559,6.645509551830425,0.4867357799414114,1.4012707920976561,0.48463918187370447,0.7038458001886937,0.07423814653730788,BH_from_pvalue
polymyxin,polymixinE,polymixinE_vs_control,not_regulated,b0684,b0684,850.1646783067063,0.23046785761958333,1.1732153544699175,0.21001797419357648,0.47672347874337134,0.07414922089141958,BH_from_pvalue
polymyxin,polymixinE,polymixinE_vs_control,not_regulated,b2847,b2847,38.420833475905376,0.32719868375899086,1.2545749690350287,0.3365203561330521,0.5936112239781277,0.07410981345456936,BH_from_pvalue
polymyxin,polymixinE,polymixinE_vs_control,not_regulated,b2405,b2405,116.03676418912865,-0.24260228582673182,0.8452193576868587,0.23118765175601672,0.49494624350240995,0.07410091951929816,BH_from_pvalue
polymyxin,polymixinE,polymixinE_vs_control,not_regulated,b0104,b0104,363.39840700343706,0.23016758921789382,1.172971198337205,0.20984104070228002,0.47669949549437146,0.07405764349132987,BH_from_pvalue
polymyxin,polymixinE,polymixinE_vs_control,not_regulated,b3001,b3001,2081.3780932490463,-0.47117862185618087,0.7213750235682408,0.47492808503902784,0.6965198977846583,0.07400636399809131,BH_from_pvalue
polymyxin,polymixinE,polymixinE_vs_control,not_regulated,b1604,b1604,1094.083799794507,-0.14992595376330975,0.9012967204240022,0.07131374886621679,0.3218292455395536,0.07381971545196357,BH_from_pvalue
polymyxin,polymixinE,polymixinE_vs_control,not_regulated,b3389,b3389,2478.3762644655167,-0.20363721103499088,0.8683585629310266,0.16328247181058483,0.4340688878274294,0.07380654392402423,BH_from_pvalue
polymyxin,polymixinE,polymixinE_vs_control,not_regulated,b2233,b2233,327.72425241695083,-0.1759176712519217,0.8852042781521082,0.11828367334542403,0.38084464044933236,0.07375386220624632,BH_from_pvalue
polymyxin,polymixinE,polymixinE_vs_control,not_regulated,b4179,b4179,5731.203838963756,-0.17880466990732558,0.8834346538136836,0.12521922822959775,0.38812131479347217,0.07349453157079376,BH_from_pvalue
polymyxin,polymixinE,polymixinE_vs_control,not_regulated,b2528,b2528,758.310779848393,-0.31861905018910264,0.8018370299534661,0.32550750503257464,0.5880051235488035,0.0734795715942375,BH_from_pvalue
polymyxin,polymixinE,polymixinE_vs_control,not_regulated,b1812,b1812,111.59146108220125,0.21141111344300434,1.1578201048613015,0.17737001183595538,0.4497239646212668,0.07337106609380863,BH_from_pvalue
polymyxin,polymixinE,polymixinE_vs_control,not_regulated,b1097,b1097,233.3542440959521,-0.3365165190890904,0.7919512228155053,0.35219265301850056,0.6053353279622528,0.07336194032781773,BH_from_pvalue
polymyxin,polymixinE,polymixinE_vs_control,not_regulated,b0364,b0364,1.610903850248201,0.7014182986481281,1.626102611927766,0.5917091123769064,0.7860329555438053,0.07333976785384319,BH_from_pvalue
polymyxin,polymixinE,polymixinE_vs_control,not_regulated,b1160,b1160,1.610903850248201,0.7014182986481281,1.626102611927766,0.5917091123769064,0.7860329555438053,0.07333976785384319,BH_from_pvalue
polymyxin,polymixinE,polymixinE_vs_control,not_regulated,b3875,b3875,1.610903850248201,0.7014182986481281,1.626102611927766,0.5917091123769064,0.7860329555438053,0.07333976785384319,BH_from_pvalue
polymyxin,polymixinE,polymixinE_vs_control,not_regulated,b4167,b4167,1908.5836176875655,-0.37731153081981006,0.7698709128941541,0.3934196345315669,0.639253804663126,0.07332169654110499,BH_from_pvalue
polymyxin,polymixinE,polymixinE_vs_control,not_regulated,b0109,b0109,745.6394553230845,-0.18616060593899597,0.8789417085506762,0.13846534356595497,0.4041269167800971,0.07325088896871913,BH_from_pvalue
polymyxin,polymixinE,polymixinE_vs_control,not_regulated,b2844,b2844,506.61498219902023,-0.2829601201190606,0.8219029065363431,0.28988597351512985,0.5515238027765584,0.07312700787773149,BH_from_pvalue
polymyxin,polymixinE,polymixinE_vs_control,not_regulated,b0219,b0219,726.1029210471814,0.13264069947868684,1.0962985234743279,0.04721141185948305,0.28126745767411226,0.07306917648161695,BH_from_pvalue
polymyxin,polymixinE,polymixinE_vs_control,not_regulated,b2216,b2216,2100.6658070639364,-0.32200547612100294,0.7999570918835917,0.3349281258939556,0.5933464790354519,0.07299594638886535,BH_from_pvalue
polymyxin,polymixinE,polymixinE_vs_control,not_regulated,b2311,b2311,96.8709783119255,-0.316878773088515,0.8028048440410586,0.32777024351191203,0.5883791155117037,0.07299072830535505,BH_from_pvalue
polymyxin,polymixinE,polymixinE_vs_control,not_regulated,b3887,b3887,181.99638628527154,0.2450571881560899,1.1851397487239423,0.2407058719325549,0.503813407144082,0.07296094513079407,BH_from_pvalue
polymyxin,polymixinE,polymixinE_vs_control,not_regulated,b3847,b3847,2260.6673352699104,-0.22850043480597115,0.8535215977537652,0.21288656742642362,0.4794825722226026,0.07294354795349392,BH_from_pvalue
polymyxin,polymixinE,polymixinE_vs_control,not_regulated,b0187,b0187,273.49763547392575,0.3270981821523469,1.2544875753691347,0.3431105096285926,0.5988789570467247,0.07283199085507482,BH_from_pvalue
polymyxin,polymixinE,polymixinE_vs_control,not_regulated,b2268,b2268,194.89377778034682,0.29304638121044846,1.225224721027505,0.3013528983077428,0.5647436538674087,0.07271906113904349,BH_from_pvalue
polymyxin,polymixinE,polymixinE_vs_control,not_regulated,b3069,b3069,1.1313326074995256,0.551654964462101,1.4657661620299425,0.5326288560143746,0.7387494894704462,0.0725441759027814,BH_from_pvalue
polymyxin,polymixinE,polymixinE_vs_control,not_regulated,b2840,b2840,167.46020544598403,-0.1592389378275172,0.8954973463606029,0.09472573840136755,0.35039175273795337,0.07252475710082872,BH_from_pvalue
polymyxin,polymixinE,polymixinE_vs_control,not_regulated,b4702,b4702,29.14576780126954,0.35771600328345077,1.281395654644539,0.37727153195437607,0.6272387843859516,0.07246149181116712,BH_from_pvalue
polymyxin,polymixinE,polymixinE_vs_control,not_regulated,b3504,b3504,4.183453001236316,0.7635883168188304,1.6977079708509955,0.6201508849411033,0.8045684108638831,0.07211100727940922,BH_from_pvalue
polymyxin,polymixinE,polymixinE_vs_control,not_regulated,b3063,b3063,15.433582180506184,-0.5587207901501805,0.6789038678819952,0.538881937312209,0.7430689619958051,0.07205871131180959,BH_from_pvalue
polymyxin,polymixinE,polymixinE_vs_control,not_regulated,b2080,b2080,3826.457282202477,-0.45155545258792174,0.7312540157495833,0.4714284229995456,0.6925163444323827,0.07205469098749324,BH_from_pvalue
polymyxin,polymixinE,polymixinE_vs_control,not_regulated,b3079,b3079,4.291051340023155,0.7726690911062783,1.7084275772511803,0.62538900688797,0.8071406841351533,0.07189744724813335,BH_from_pvalue
polymyxin,polymixinE,polymixinE_vs_control,not_regulated,b3037,b3037,3806.5729150071857,-0.2360227973075837,0.8490828292278079,0.2325571713596905,0.4965330215208356,0.07176317142308859,BH_from_pvalue
polymyxin,polymixinE,polymixinE_vs_control,not_regulated,b0934,b0934,8.204605379307893,0.49927904076768925,1.4135070127715372,0.5021695367313278,0.7183667980516669,0.07172330569605377,BH_from_pvalue
polymyxin,polymixinE,polymixinE_vs_control,not_regulated,b1191,b1191,607.7357833139655,0.17600631049702642,1.1297521562118622,0.127899585567793,0.3913553305332877,0.07171003044592136,BH_from_pvalue
polymyxin,polymixinE,polymixinE_vs_control,not_regulated,b4137,b4137,130.68466328102957,0.19280069050077842,1.1429804208268126,0.15397516252848858,0.4246978175674499,0.0717064271718937,BH_from_pvalue
polymyxin,polymixinE,polymixinE_vs_control,not_regulated,b0744,b0744,17.097324583189916,-0.39341900031681876,0.7613232274815573,0.4267291680407381,0.6575634799065571,0.07162677390956795,BH_from_pvalue
polymyxin,polymixinE,polymixinE_vs_control,not_regulated,b3159,b3159,80.4041793663785,0.38761364776784113,1.3082276825268304,0.41379683241802234,0.6537408834886739,0.07155129105932058,BH_from_pvalue
polymyxin,polymixinE,polymixinE_vs_control,not_regulated,b1724,b1724,806.5594341575328,0.3647259968082519,1.287637052410324,0.39303411768422936,0.638911261779423,0.07096089178405945,BH_from_pvalue
polymyxin,polymixinE,polymixinE_vs_control,not_regulated,b3697,b3697,641.2820286597064,-0.3004429640711912,0.8120030412343126,0.31776616897198495,0.5805492396571845,0.07095289263039099,BH_from_pvalue
polymyxin,polymixinE,polymixinE_vs_control,not_regulated,b1974,b1974,55.002373170184164,0.3179661830729765,1.2465719741514052,0.3433415810679941,0.599049818325771,0.07075925930806737,BH_from_pvalue
polymyxin,polymixinE,polymixinE_vs_control,not_regulated,b1385,b1385,435.4409488255413,0.2160504924087121,1.161549383898769,0.20466903269254877,0.4725797442449207,0.0703298143040213,BH_from_pvalue
polymyxin,polymixinE,polymixinE_vs_control,not_regulated,b3623,b3623,293.35271806375164,-0.3177385192157445,0.8023265705884336,0.3490886536388584,0.6025329102331485,0.06990858339331626,BH_from_pvalue
polymyxin,polymixinE,polymixinE_vs_control,not_regulated,b4459,b4459,3.513357420432325,0.46597889574473506,1.381254242518617,0.4906011573996312,0.7086461162439117,0.0696967377568878,BH_from_pvalue
polymyxin,polymixinE,polymixinE_vs_control,not_regulated,b3778,b3778,454.23462965245045,0.28822844324775865,1.22113985849932,0.3125672572625004,0.5747863954074925,0.06931707279779074,BH_from_pvalue
polymyxin,polymixinE,polymixinE_vs_control,not_regulated,b2748,b2748,268.70252713630066,0.24366344247207028,1.1839953725738295,0.25937986180853295,0.5196840171112611,0.06926392602964285,BH_from_pvalue
polymyxin,polymixinE,polymixinE_vs_control,not_regulated,b2044,b2044,51.01470737624015,0.25881107128468805,1.196492265839891,0.2781224116463296,0.5401531120834157,0.0692275921610302,BH_from_pvalue
polymyxin,polymixinE,polymixinE_vs_control,not_regulated,b4258,b4258,5178.03114681876,-0.3003238055978663,0.8120701108754281,0.3292044919043498,0.5883791155117037,0.0691774115519593,BH_from_pvalue
polymyxin,polymixinE,polymixinE_vs_control,not_regulated,b0951,b0951,691.723003057583,-0.3741744728580372,0.7715467745927896,0.42114708161703257,0.6537408834886739,0.0690704952434198,BH_from_pvalue
polymyxin,polymixinE,polymixinE_vs_control,not_regulated,b1511,b1511,3119.6241766128983,0.4053351487214627,1.324396541767224,0.4466232510221775,0.675491386381222,0.06906107745220605,BH_from_pvalue
polymyxin,polymixinE,polymixinE_vs_control,not_regulated,b3690,b3690,15.24565404332804,0.3873311579628145,1.3079715474507818,0.433522898583601,0.6634143322229195,0.06902828054586582,BH_from_pvalue
polymyxin,polymixinE,polymixinE_vs_control,not_regulated,b0250,b0250,318.8594615405838,-0.15647060092014797,0.8972173344911315,0.1039479805295573,0.36456468847085055,0.06856939154525327,BH_from_pvalue
polymyxin,polymixinE,polymixinE_vs_control,not_regulated,b3228,b3228,810.6310542656015,-0.1594942597384854,0.8953388791470979,0.10904708127104307,0.371680056282081,0.06855553597309177,BH_from_pvalue
polymyxin,polymixinE,polymixinE_vs_control,not_regulated,b2473,b2473,720.1174128589524,-0.2573644912725328,0.8366148485036432,0.2803692630671443,0.5426424033029326,0.06832673946096758,BH_from_pvalue
polymyxin,polymixinE,polymixinE_vs_control,not_regulated,b3857,b3857,125.41959561992688,-0.29816668284475867,0.8132852291898935,0.33194012354119384,0.5907820362585645,0.06815276930217265,BH_from_pvalue
polymyxin,polymixinE,polymixinE_vs_control,not_regulated,b0044,b0044,0.19221627418855713,-0.3688492511797357,0.7743999415427834,0.42264973081037416,0.6537408834886739,0.0680874893857732,BH_from_pvalue
polymyxin,polymixinE,polymixinE_vs_control,not_regulated,b0204,b0204,0.19221627418855713,-0.3688492511797357,0.7743999415427834,0.42264973081037416,0.6537408834886739,0.0680874893857732,BH_from_pvalue
polymyxin,polymixinE,polymixinE_vs_control,not_regulated,b1211,b1211,545.8761016045839,-0.2955787049188512,0.8147454498917459,0.32899817962597805,0.5883791155117037,0.06808441200810282,BH_from_pvalue
polymyxin,polymixinE,polymixinE_vs_control,not_regulated,b2085,b2085,9.622648292369766,0.3945146487436606,1.3145004617556255,0.442711378512885,0.6725284779386962,0.06797066092384219,BH_from_pvalue
polymyxin,polymixinE,polymixinE_vs_control,not_regulated,b2310,b2310,758.9436761283592,-0.20176098642734175,0.8694885977114777,0.19288120106813303,0.4611149276775715,0.06783019109452441,BH_from_pvalue
polymyxin,polymixinE,polymixinE_vs_control,not_regulated,b3081,b3081,2264.3830133080337,0.3995598798340634,1.3191054324595481,0.44835068398056716,0.676511699612409,0.06781517606218022,BH_from_pvalue
polymyxin,polymixinE,polymixinE_vs_control,not_regulated,b3100,b3100,3099.67727819096,0.30598092779566066,1.2362589176620669,0.3446670682790291,0.6003136819935172,0.06781203123932876,BH_from_pvalue
polymyxin,polymixinE,polymixinE_vs_control,not_regulated,b0694,b0694,161.81774354753543,-0.26475571045595725,0.8323396616965781,0.2921538500519235,0.5544759567652118,0.06780851269695688,BH_from_pvalue
polymyxin,polymixinE,polymixinE_vs_control,not_regulated,b0272,b0272,85.05752336820704,0.30039921945859493,1.2314851401107654,0.33766580054502093,0.5950798980597327,0.06771740995214112,BH_from_pvalue
polymyxin,polymixinE,polymixinE_vs_control,not_regulated,b2384,b2384,19.752929817854817,0.3118130333426379,1.241266618644032,0.35337466245411514,0.60665898958136,0.06768069100455791,BH_from_pvalue
polymyxin,polymixinE,polymixinE_vs_control,not_regulated,b0380,b0380,475.0499552563117,-0.3426980260111563,0.7885652132756025,0.38736901612947683,0.6349765485433897,0.0675945516946177,BH_from_pvalue
polymyxin,polymixinE,polymixinE_vs_control,not_regulated,b3249,b3249,99.50375661973163,-0.35006579158409057,0.7845483191270107,0.3954912566677195,0.6411536927430405,0.0675759484862957,BH_from_pvalue
polymyxin,polymixinE,polymixinE_vs_control,not_regulated,b0734,b0734,12500.12258404432,-0.36598070444452624,0.7759412321555178,0.41842645986474125,0.6537408834886739,0.06755797185317289,BH_from_pvalue
polymyxin,polymixinE,polymixinE_vs_control,not_regulated,b1677,b1677,71356.20709274148,-0.3076803828623369,0.8079397501440847,0.34987029578568785,0.6031876544438574,0.06755047603576067,BH_from_pvalue
polymyxin,polymixinE,polymixinE_vs_control,not_regulated,b3349,b3349,3749.270127153615,-0.21308481100889942,0.8626906284792366,0.21940078033217708,0.4823385679052456,0.06747288145260794,BH_from_pvalue
polymyxin,polymixinE,polymixinE_vs_control,not_regulated,b3722,b3722,15.261663577022722,0.6635120984494054,1.5839338644946588,0.6014225351795953,0.7912839433543584,0.0674577136981149,BH_from_pvalue
polymyxin,polymixinE,polymixinE_vs_control,not_regulated,b1761,b1761,787.0881653154289,0.21207644862531083,1.1583541859293818,0.2176573314595051,0.48116765614658447,0.06737744556494464,BH_from_pvalue
polymyxin,polymixinE,polymixinE_vs_control,not_regulated,b3936,b3936,4747.198830850448,0.2340470346334662,1.176129593753057,0.2555405477320316,0.5154355980711561,0.0673647259744702,BH_from_pvalue
polymyxin,polymixinE,polymixinE_vs_control,not_regulated,b3214,b3214,10.046011143105803,0.595336581391845,1.51082502059588,0.5723407571060563,0.7710059075959991,0.0672386793760852,BH_from_pvalue
polymyxin,polymixinE,polymixinE_vs_control,not_regulated,b2527,b2527,191.28608908352655,0.250213803345849,1.189383365210745,0.27660601927169215,0.5394051916953997,0.0670785369045263,BH_from_pvalue
polymyxin,polymixinE,polymixinE_vs_control,not_regulated,b3023,b3023,246.46734183676097,0.3095655841574354,1.2393344626465743,0.35399301767663677,0.6072614896067106,0.0670594154151762,BH_from_pvalue
polymyxin,polymixinE,polymixinE_vs_control,not_regulated,b4451,b4451,1.8328925650502033,0.5055028746487489,1.4196181007784652,0.5300613639296959,0.7370064961223407,0.0669936308192497,BH_from_pvalue
polymyxin,polymixinE,polymixinE_vs_control,not_regulated,b1327,b1327,93.09079086324483,0.2739739917283499,1.2091338779031484,0.30780250453507735,0.5704555687675228,0.06678887995972642,BH_from_pvalue
polymyxin,polymixinE,polymixinE_vs_control,not_regulated,b3929,b3929,3009.9201497602767,-0.32111010280471497,0.8004537197395202,0.36791825906724496,0.61999902216382,0.06666534587279328,BH_from_pvalue
polymyxin,polymixinE,polymixinE_vs_control,not_regulated,b4398,b4398,64.51426169685396,-0.21771121518467762,0.8599286012516089,0.23160078693683395,0.4951237355712353,0.06646424126599806,BH_from_pvalue
polymyxin,polymixinE,polymixinE_vs_control,not_regulated,b1559,b1559,13.57485910541529,0.40699369411152997,1.3259199648107314,0.46294244398161405,0.6872327105707261,0.06629771697461267,BH_from_pvalue
polymyxin,polymixinE,polymixinE_vs_control,not_regulated,b1808,b1808,776.112743141401,-0.31194412898379476,0.8055554870610149,0.360569819720929,0.6134050866508088,0.06621096084134347,BH_from_pvalue
polymyxin,polymixinE,polymixinE_vs_control,not_regulated,b0119,b0119,1388.258204803669,-0.3256801917348522,0.7979220989465525,0.37591353117782367,0.6265122288611431,0.06613602231481565,BH_from_pvalue
polymyxin,polymixinE,polymixinE_vs_control,not_regulated,b1178,b1178,254.44063016815082,0.2987801257197811,1.2301038561941444,0.34747423610759204,0.6015876642533012,0.06594109573327554,BH_from_pvalue
polymyxin,polymixinE,polymixinE_vs_control,not_regulated,b1168,b1168,59.386372437697055,0.24870047453741773,1.1881364042356823,0.28411357985265234,0.5463629252574734,0.06528854476335234,BH_from_pvalue
polymyxin,polymixinE,polymixinE_vs_control,not_regulated,b3075,b3075,603.2409161428194,0.3599331615307193,1.2833664392346158,0.4277151914240932,0.6585825298872424,0.06528820199903573,BH_from_pvalue
polymyxin,polymixinE,polymixinE_vs_control,not_regulated,b0210,b0210,153.94316584852717,0.2051688187890779,1.15282123774503,0.2174288479354309,0.48116765614658447,0.06518286688216098,BH_from_pvalue
polymyxin,polymixinE,polymixinE_vs_control,not_regulated,b1635,b1635,1670.9515507054366,-0.239310798036227,0.847149914812007,0.27343322746567467,0.5354386839967804,0.06492268752254322,BH_from_pvalue
polymyxin,polymixinE,polymixinE_vs_control,not_regulated,b1389,b1389,4.245053693394409,0.3873214476483655,1.3079627439462893,0.45219490486745906,0.6798721307306987,0.06490452438821205,BH_from_pvalue
polymyxin,polymixinE,polymixinE_vs_control,not_regulated,b4230,b4230,309.0119734480808,-0.32196371411059665,0.799980248752497,0.38012995828878277,0.6290745225838649,0.064810620593944,BH_from_pvalue
polymyxin,polymixinE,polymixinE_vs_control,not_regulated,b3374,b3374,43.01778659734424,-0.3130352597908219,0.8049464643083377,0.3698118854584906,0.6215243068636634,0.06465489172030198,BH_from_pvalue
polymyxin,polymixinE,polymixinE_vs_control,not_regulated,b2715,b2715,94.67748219359844,-0.1761268380338592,0.8850759475601271,0.15773620276246333,0.42947913348559663,0.06464875290165087,BH_from_pvalue
polymyxin,polymixinE,polymixinE_vs_control,not_regulated,b1459,b1459,10.321819932488259,0.46722436384572186,1.3824471840815078,0.515471237857636,0.7272825353202671,0.0646156536898566,BH_from_pvalue
polymyxin,polymixinE,polymixinE_vs_control,not_regulated,b4496,b4496,323.6674141862908,0.27120994587205516,1.2068195274108242,0.3155569280261012,0.578156848171651,0.06453557983236004,BH_from_pvalue
polymyxin,polymixinE,polymixinE_vs_control,not_regulated,b4690,b4690,62.38785430444261,0.2803841874738806,1.214518265684214,0.3296688022227967,0.5886662454935052,0.06452505593292261,BH_from_pvalue
polymyxin,polymixinE,polymixinE_vs_control,not_regulated,b3574,b3574,173.0920400555929,-0.19934374519373055,0.8709466504332242,0.20755228599361042,0.47472384418410996,0.0644994537241499,BH_from_pvalue
polymyxin,polymixinE,polymixinE_vs_control,not_regulated,b2753,b2753,117.31323077469021,0.3491003429154773,1.2737660657439394,0.4218002627019235,0.6537408834886739,0.06444195241498492,BH_from_pvalue
polymyxin,polymixinE,polymixinE_vs_control,not_regulated,b1902,b1902,531.341972163846,0.46126233010841666,1.3767459171888168,0.5148610066318328,0.7266535324223357,0.06396445162870003,BH_from_pvalue
polymyxin,polymixinE,polymixinE_vs_control,not_regulated,b4219,b4219,931.2373275017522,0.19323445081406554,1.143324120686665,0.19829948144685072,0.4667457182354446,0.06394507826681232,BH_from_pvalue
polymyxin,polymixinE,polymixinE_vs_control,not_regulated,b2500,b2500,179.0912067846947,-0.31394218836175014,0.8044406058191402,0.37509418660613125,0.6258062505023658,0.0639061043464843,BH_from_pvalue
polymyxin,polymixinE,polymixinE_vs_control,not_regulated,b3729,b3729,4286.364500085041,0.1484877674680174,1.1084070310040877,0.10903162077936297,0.371680056282081,0.06382460723607745,BH_from_pvalue
polymyxin,polymixinE,polymixinE_vs_control,not_regulated,b3388,b3388,3325.10462851934,-0.20128467155979024,0.8697757122500432,0.2187892547652145,0.48193637019291613,0.06380931364348957,BH_from_pvalue
polymyxin,polymixinE,polymixinE_vs_control,not_regulated,b2188,b2188,1226.5091195979483,-0.3309923794812981,0.7949894501842949,0.3962652761160381,0.6418441526719263,0.0637393385385605,BH_from_pvalue
polymyxin,polymixinE,polymixinE_vs_control,not_regulated,b2043,b2043,25.00084646360249,0.39655279739819527,1.3163588175607754,0.4678143531555477,0.6907751431368527,0.06371148045249064,BH_from_pvalue
polymyxin,polymixinE,polymixinE_vs_control,not_regulated,b0385,b0385,43.10709805693836,0.29479821324525624,1.2267133874040403,0.3551197777504633,0.608042923609282,0.06369580042471432,BH_from_pvalue
polymyxin,polymixinE,polymixinE_vs_control,not_regulated,b2702,b2702,57.143285008624254,0.6835024220361863,1.606033985272008,0.6271221281788354,0.8071406841351533,0.06360042079845372,BH_from_pvalue
polymyxin,polymixinE,polymixinE_vs_control,not_regulated,b0781,b0781,889.9412818792335,0.31482187330561295,1.2438580671294441,0.3803619396353089,0.6292269233099005,0.06333986368365338,BH_from_pvalue
polymyxin,polymixinE,polymixinE_vs_control,not_regulated,b4586,b4586,2.1471389115073065,0.6111151466907646,1.527439403539545,0.593549091231323,0.7880117509912902,0.06323043799060676,BH_from_pvalue
polymyxin,polymixinE,polymixinE_vs_control,not_regulated,b1265,b1265,10.105104519189103,-0.30018438796711244,0.8121485906360832,0.36294904931596483,0.6158450263730286,0.0631973874231323,BH_from_pvalue
polymyxin,polymixinE,polymixinE_vs_control,not_regulated,b4606,b4606,367.15155634727927,0.5887424398884127,1.5039352342770314,0.5857249386300434,0.7813139899044885,0.06309811734492576,BH_from_pvalue
polymyxin,polymixinE,polymixinE_vs_control,not_regulated,b1399,b1399,587.2934897397016,-0.16110843974073497,0.8943376766325026,0.1406323097360217,0.406010352498476,0.06306797584175942,BH_from_pvalue
polymyxin,polymixinE,polymixinE_vs_control,not_regulated,b1412,b1412,133.98988971723205,-0.17647845620416547,0.884860260353106,0.16948167699044317,0.4409667328354387,0.06275471070330309,BH_from_pvalue
polymyxin,polymixinE,polymixinE_vs_control,not_regulated,b0368,b0368,33.53500429495618,-0.30651952040898234,0.8085901193058738,0.37244163104639905,0.6241588883929593,0.06274602953429038,BH_from_pvalue
polymyxin,polymixinE,polymixinE_vs_control,not_regulated,b3551,b3551,659.8762277589533,-0.1804709610091173,0.8824148890782638,0.17728932145092036,0.4497239646212668,0.06263316337805923,BH_from_pvalue
polymyxin,polymixinE,polymixinE_vs_control,not_regulated,b2286,b2286,4468.622050665842,-0.2781254311917962,0.8246618475144634,0.3387186178535331,0.5956045125508959,0.06258990899042262,BH_from_pvalue
polymyxin,polymixinE,polymixinE_vs_control,not_regulated,b4022,b4022,222.90744564223576,-0.2258697976606472,0.8550793447942896,0.2669615549151012,0.5283826791166731,0.0625775498501297,BH_from_pvalue
polymyxin,polymixinE,polymixinE_vs_control,not_regulated,b3443,b3443,0.6278911370959145,0.4215303724929224,1.3393475457299688,0.49309272851807057,0.7108753502802184,0.062473560011541945,BH_from_pvalue
polymyxin,polymixinE,polymixinE_vs_control,not_regulated,b0706,b0706,0.17005615207313377,-0.3381986325392961,0.7910283836463436,0.42264973081037416,0.6537408834886739,0.06242955822643521,BH_from_pvalue
polymyxin,polymixinE,polymixinE_vs_control,not_regulated,b1653,b1653,1136.9818174405457,-0.38894516063483486,0.7636877775385409,0.46982193400952615,0.6911385022222774,0.06240038281571049,BH_from_pvalue
polymyxin,polymixinE,polymixinE_vs_control,not_regulated,b2352,b2352,97.68462320958548,0.2800259346687586,1.214216711617213,0.3440120199014497,0.5995219161242622,0.062220344689489344,BH_from_pvalue
polymyxin,polymixinE,polymixinE_vs_control,not_regulated,b4236,b4236,248.0482716072452,-0.19157911245440484,0.8756467510043517,0.20718049891252158,0.47472384418410996,0.06198713727515149,BH_from_pvalue
polymyxin,polymixinE,polymixinE_vs_control,not_regulated,b4527,b4527,2.945291533425765,0.582539827540109,1.4974832101478384,0.5885726281302405,0.7830226800738899,0.06188067679396616,BH_from_pvalue
polymyxin,polymixinE,polymixinE_vs_control,not_regulated,b0955,b0955,2173.127344646249,-0.2930306700945877,0.816185694764896,0.3618340111880246,0.6149367701697596,0.06187915108372553,BH_from_pvalue
polymyxin,polymixinE,polymixinE_vs_control,not_regulated,b4621,b4621,1.3207894298562606,0.6172113314943954,1.5339073358376352,0.6055074693073718,0.7938923967968495,0.06186824999216671,BH_from_pvalue
polymyxin,polymixinE,polymixinE_vs_control,not_regulated,b0054,b0054,6185.819519553616,0.19488324379573996,1.1446315226980677,0.21849190436479538,0.48175322834943607,0.0618121642456705,BH_from_pvalue
polymyxin,polymixinE,polymixinE_vs_control,not_regulated,b2324,b2324,480.8934966460544,-0.2617954878654718,0.8340492677751534,0.31815818594230244,0.5807004103386216,0.06179626652242419,BH_from_pvalue
polymyxin,polymixinE,polymixinE_vs_control,not_regulated,b1891,b1891,65.22523418361938,0.4192111501407991,1.3371961906109,0.49447693602633075,0.7121861217567838,0.06179444571943192,BH_from_pvalue
polymyxin,polymixinE,polymixinE_vs_control,not_regulated,b4252,b4252,288.86467556309435,0.3062060728376723,1.2364518616160471,0.37931184000565604,0.628414238064619,0.061778295013740006,BH_from_pvalue
polymyxin,polymixinE,polymixinE_vs_control,not_regulated,b0969,b0969,204.1806180688609,0.26870615769409056,1.2047269160864609,0.33018386606813005,0.5893519958628766,0.061701716319533625,BH_from_pvalue
polymyxin,polymixinE,polymixinE_vs_control,not_regulated,b1723,b1723,2391.170620853975,-0.31083693444369587,0.8061739469195636,0.3851596656508801,0.6332047427257524,0.061687405212956646,BH_from_pvalue
polymyxin,polymixinE,polymixinE_vs_control,not_regulated,b4500,b4500,87.40221504122371,0.20704523533687524,1.154321610410573,0.24050578498277303,0.503813407144082,0.06164363579241002,BH_from_pvalue
polymyxin,polymixinE,polymixinE_vs_control,not_regulated,b3091,b3091,300.5767055105142,-0.3023045364395074,0.8109559539720839,0.37621069563511567,0.6267391514691668,0.06134157322051444,BH_from_pvalue
polymyxin,polymixinE,polymixinE_vs_control,not_regulated,b0683,b0683,1184.0038996490282,-0.17896313309707068,0.883337624170375,0.18656118033470884,0.45445655546943253,0.06129623813801308,BH_from_pvalue
polymyxin,polymixinE,polymixinE_vs_control,not_regulated,b1335,b1335,155.24571639811487,0.33107435182554035,1.2579498008202321,0.4219340335919837,0.6537408834886739,0.06111445622764399,BH_from_pvalue
polymyxin,polymixinE,polymixinE_vs_control,not_regulated,b3663,b3663,133.7128305811633,0.18287464607135728,1.1351434666956253,0.19498146707431382,0.463648502880619,0.06104559375558056,BH_from_pvalue
polymyxin,polymixinE,polymixinE_vs_control,not_regulated,b1325,b1325,1196.27552153771,0.19977137727058647,1.1485163361099018,0.23113912973021447,0.49494624350240995,0.061018562537204016,BH_from_pvalue
polymyxin,polymixinE,polymixinE_vs_control,not_regulated,b2091,b2091,13243.805744895975,-0.21425358986529197,0.8619920149676256,0.25987580428622964,0.5197888049124687,0.060885102204290706,BH_from_pvalue
polymyxin,polymixinE,polymixinE_vs_control,not_regulated,b2627,b2627,534.5206437004123,0.1915668199600571,1.1420033002823653,0.21687358430458853,0.48116765614658447,0.06086146324862516,BH_from_pvalue
polymyxin,polymixinE,polymixinE_vs_control,not_regulated,b0110,b0110,323.63806428349426,-0.2882007380782152,0.8189227441756673,0.3618803091683756,0.6149367701697596,0.06085921657356397,BH_from_pvalue
polymyxin,polymixinE,polymixinE_vs_control,not_regulated,b2152,b2152,197.61239114291593,0.252538004727505,1.1913010223001497,0.3125136956341833,0.5747863954074925,0.06073375361798688,BH_from_pvalue
polymyxin,polymixinE,polymixinE_vs_control,not_regulated,b3279,b3279,340.09892795946786,-0.14651210141775195,0.9034319861171844,0.12281156281952375,0.38513711504069714,0.060712362512205076,BH_from_pvalue
polymyxin,polymixinE,polymixinE_vs_control,not_regulated,b0555,b0555,4.434626300770145,0.4933492956175287,1.4077091591407989,0.5523544778074995,0.7535609466721664,0.060623559172453545,BH_from_pvalue
polymyxin,polymixinE,polymixinE_vs_control,not_regulated,b1815,b1815,334.0523899688183,0.3901843409348906,1.3105608505963158,0.47971323268052496,0.6994327781513779,0.06057768700860747,BH_from_pvalue
polymyxin,polymixinE,polymixinE_vs_control,not_regulated,b0942,b0942,6.780217207802992,0.5649159146054168,1.4793012877994571,0.5853505174047854,0.7812337839961363,0.06056971050449841,BH_from_pvalue
polymyxin,polymixinE,polymixinE_vs_control,not_regulated,b0647,b0647,1.1575576632823743,0.5924066875122824,1.5077598785767146,0.5990893572986958,0.7906695349362017,0.060428440935660535,BH_from_pvalue
polymyxin,polymixinE,polymixinE_vs_control,not_regulated,b1028,b1028,0.16184256287351126,0.32632276993006837,1.2538135010811224,0.42264973081037416,0.6537408834886739,0.06023734103535658,BH_from_pvalue
polymyxin,polymixinE,polymixinE_vs_control,not_regulated,b3799,b3799,0.16184256287351126,0.32632276993006837,1.2538135010811224,0.42264973081037416,0.6537408834886739,0.06023734103535658,BH_from_pvalue
polymyxin,polymixinE,polymixinE_vs_control,not_regulated,b3439,b3439,641.564116390658,-0.1649239107707725,0.8919755618936177,0.15928846464354599,0.43135431304435273,0.06022458091322918,BH_from_pvalue
polymyxin,polymixinE,polymixinE_vs_control,not_regulated,b1380,b1380,498.9164351902895,0.3702198352394941,1.2925497720095482,0.4637528037271401,0.6879815670068193,0.060132289454346656,BH_from_pvalue
polymyxin,polymixinE,polymixinE_vs_control,not_regulated,b0737,b0737,311.1570451308134,0.23470121038228697,1.1766630189743466,0.29211718608460757,0.5544759567652118,0.06011103585562099,BH_from_pvalue
polymyxin,polymixinE,polymixinE_vs_control,not_regulated,b1464,b1464,884.0317501962096,-0.2949786045350038,0.8150844201830464,0.375016517060815,0.6258062505023658,0.06004587526055172,BH_from_pvalue
polymyxin,polymixinE,polymixinE_vs_control,not_regulated,b3200,b3200,585.9061191575302,-0.2546449880538564,0.8381933681693234,0.31986014328008733,0.5818861096167256,0.05988282719170843,BH_from_pvalue
polymyxin,polymixinE,polymixinE_vs_control,not_regulated,b3873,b3873,164.54441830773848,-0.41813902195371977,0.7483893731194226,0.5031864462825875,0.719107932420284,0.059879983558287594,BH_from_pvalue
polymyxin,polymixinE,polymixinE_vs_control,not_regulated,b1020,b1020,1096.7006323631947,0.48594535947984063,1.4005032773301507,0.551034712736807,0.7531310051322266,0.059834195951452965,BH_from_pvalue
polymyxin,polymixinE,polymixinE_vs_control,not_regulated,b3962,b3962,2464.8513574425383,0.35768731933204023,1.2813701779330608,0.4529873692577355,0.6804022834633828,0.05981756612746286,BH_from_pvalue
polymyxin,polymixinE,polymixinE_vs_control,not_regulated,b3572,b3572,587.0673561764835,0.1650652613010326,1.1212167958931971,0.1636180449501014,0.4347040556323427,0.05972165276693114,BH_from_pvalue
polymyxin,polymixinE,polymixinE_vs_control,not_regulated,b3513,b3513,1695.3012540272773,-0.5362298807513035,0.6895705751598707,0.5764279564436918,0.7739620740548435,0.059671832850832364,BH_from_pvalue
polymyxin,polymixinE,polymixinE_vs_control,not_regulated,b1777,b1777,488.1061368926152,0.26333532373646307,1.200250322580262,0.33598703276681635,0.5936112239781277,0.059644896776182864,BH_from_pvalue
polymyxin,polymixinE,polymixinE_vs_control,not_regulated,b3881,b3881,23.392822981213502,0.2962725973012086,1.227967686552622,0.38224230399732706,0.6309452783045787,0.05925698010880302,BH_from_pvalue
polymyxin,polymixinE,polymixinE_vs_control,not_regulated,b2921,b2921,31.209138274786316,0.30150131299340366,1.2324262470672374,0.3897980734715067,0.6366418788942764,0.059125853623278046,BH_from_pvalue
polymyxin,polymixinE,polymixinE_vs_control,not_regulated,b0890,b0890,6456.56222585347,-0.3080539235362334,0.8077305865419776,0.39848914715143957,0.643135082918192,0.05905325913830786,BH_from_pvalue
polymyxin,polymixinE,polymixinE_vs_control,not_regulated,b3381,b3381,14.082926716894585,-0.4327358255946234,0.740855545941772,0.5213322186141367,0.7305147412231734,0.059012624158764515,BH_from_pvalue
polymyxin,polymixinE,polymixinE_vs_control,not_regulated,b4441,b4441,20.81013883235458,0.4528634083186853,1.3687542158553028,0.5354743016691311,0.7410964335100775,0.05892897633692492,BH_from_pvalue
polymyxin,polymixinE,polymixinE_vs_control,not_regulated,b0162,b0162,141.96661087066892,-0.20196676845470662,0.8693645851091943,0.2482569793090036,0.5116623068908038,0.05877567730639993,BH_from_pvalue
polymyxin,polymixinE,polymixinE_vs_control,not_regulated,b0038,b0038,52.408396282296025,0.25112688015393037,1.1901363601755575,0.3216861000389829,0.583445192731994,0.058763673420577284,BH_from_pvalue
polymyxin,polymixinE,polymixinE_vs_control,not_regulated,b1328,b1328,103.27929998358388,0.2301512601581397,1.1729579222061788,0.2937355231772173,0.5555382267350972,0.05875440651671235,BH_from_pvalue
polymyxin,polymixinE,polymixinE_vs_control,not_regulated,b4419,b4419,0.6483221981028976,0.4178655458364168,1.3359495667317665,0.5110989355119316,0.7238422581651979,0.05864996422387066,BH_from_pvalue
polymyxin,polymixinE,polymixinE_vs_control,not_regulated,b3074,b3074,220.41203516061796,0.6188322842281044,1.5356317395026362,0.6191691162516844,0.804222548339612,0.05855623417531531,BH_from_pvalue
polymyxin,polymixinE,polymixinE_vs_control,not_regulated,b4114,b4114,52.03638460168289,0.2985681704884673,1.229923147320525,0.3896184726872818,0.6366418788942764,0.05855065030929819,BH_from_pvalue
polymyxin,polymixinE,polymixinE_vs_control,not_regulated,b1807,b1807,357.3344732622936,0.35251096150583194,1.276780888197322,0.45667453009131015,0.6828863152761679,0.058394001355273575,BH_from_pvalue
polymyxin,polymixinE,polymixinE_vs_control,not_regulated,b1759,b1759,28.177090414196204,0.22852618753645615,1.1716374292386038,0.29382560711876116,0.5555382267350972,0.05833954814327582,BH_from_pvalue
polymyxin,polymixinE,polymixinE_vs_control,not_regulated,b4521,b4521,2.013231509956156,0.5175681696566905,1.4315401856164016,0.5736720176661664,0.7721055462185566,0.05813497922751089,BH_from_pvalue
polymyxin,polymixinE,polymixinE_vs_control,not_regulated,b4171,b4171,4436.660954423141,-0.2349882402112069,0.8496919251740018,0.30287309696770903,0.5657488331232372,0.058130529189740515,BH_from_pvalue
polymyxin,polymixinE,polymixinE_vs_control,not_regulated,b3232,b3232,386.3686941516778,0.21688554369533364,1.1622218989107265,0.27777442170547756,0.539712499730443,0.058090086920840826,BH_from_pvalue
polymyxin,polymixinE,polymixinE_vs_control,not_regulated,b0118,b0118,17306.9331860882,-0.26796566381301545,0.830489789538586,0.35412336310324627,0.6072614896067106,0.05804786347794289,BH_from_pvalue
polymyxin,polymixinE,polymixinE_vs_control,not_regulated,b2179,b2179,159.8914220144475,0.27691924315242655,1.2116048372777704,0.3650167813824854,0.6174672744108384,0.057983027861167005,BH_from_pvalue
polymyxin,polymixinE,polymixinE_vs_control,not_regulated,b0802,b0802,278.2699261516864,0.3140346996233925,1.243179569432378,0.4134360926145115,0.6537408834886739,0.05796903263049626,BH_from_pvalue
polymyxin,polymixinE,polymixinE_vs_control,not_regulated,b1575,b1575,0.15353157399043146,0.31399992892008444,1.2431496076553952,0.42264973081037416,0.6537408834886739,0.05796261415496771,BH_from_pvalue
polymyxin,polymixinE,polymixinE_vs_control,not_regulated,b4627,b4627,0.15353157399043146,0.31399992892008444,1.2431496076553952,0.42264973081037416,0.6537408834886739,0.05796261415496771,BH_from_pvalue
polymyxin,polymixinE,polymixinE_vs_control,not_regulated,b3457,b3457,18.085598169195766,-0.40472379351486865,0.7553808979306389,0.5030563373073546,0.719107932420284,0.05795884342026434,BH_from_pvalue
polymyxin,polymixinE,polymixinE_vs_control,not_regulated,b1967,b1967,6438.544245960395,-0.4307801638332336,0.741860502135567,0.5248955030937081,0.7336792954989121,0.057937233880554384,BH_from_pvalue
polymyxin,polymixinE,polymixinE_vs_control,not_regulated,b2558,b2558,84.2764657102102,0.2198297550412036,1.1645961504083813,0.2833586057728556,0.5461900809076957,0.057739646157360464,BH_from_pvalue
polymyxin,polymixinE,polymixinE_vs_control,not_regulated,b1577,b1577,7.54949374640747,-0.465920159300929,0.7240091527289748,0.5492602595939646,0.75230592194082,0.05759030334673833,BH_from_pvalue
polymyxin,polymixinE,polymixinE_vs_control,not_regulated,b3021,b3021,247.96502108475087,0.2760110826606903,1.2108423855031236,0.36622768309151965,0.6185850989656986,0.057576062512772,BH_from_pvalue
polymyxin,polymixinE,polymixinE_vs_control,not_regulated,b2151,b2151,261.4625975152254,-0.2999677405838552,0.8122705589479698,0.3979143945599584,0.6428001698538437,0.05757101378840753,BH_from_pvalue
polymyxin,polymixinE,polymixinE_vs_control,not_regulated,b1646,b1646,2222.1593025256384,0.40504247618395617,1.324127895122242,0.5081419466623536,0.721357875484539,0.05745496028507317,BH_from_pvalue
polymyxin,polymixinE,polymixinE_vs_control,not_regulated,b2125,b2125,146.0822580978365,-0.29901346808395246,0.8128080140898878,0.39849210228835064,0.643135082918192,0.057320223725470215,BH_from_pvalue
polymyxin,polymixinE,polymixinE_vs_control,not_regulated,b4696,b4696,348.7522413156217,-0.2582120119419997,0.8361235179524071,0.34643376630535466,0.601180200941931,0.0570636489832333,BH_from_pvalue
polymyxin,polymixinE,polymixinE_vs_control,not_regulated,b0502,b0502,45.7316778144254,-0.25924694163783535,0.8355239326400705,0.34936735284978476,0.6027826440806797,0.056992656018841265,BH_from_pvalue
polymyxin,polymixinE,polymixinE_vs_control,not_regulated,b1630,b1630,98.69741460467452,-0.30833453819912027,0.8075734923553048,0.41494847029020915,0.6537408834886739,0.05691681501251008,BH_from_pvalue
polymyxin,polymixinE,polymixinE_vs_control,not_regulated,b0820,b0820,855.2936427717374,-0.29101051231908315,0.8173293729271811,0.3909496998569741,0.6374975764573847,0.05689880080459364,BH_from_pvalue
polymyxin,polymixinE,polymixinE_vs_control,not_regulated,b1280,b1280,955.3601492281902,-0.2372099581291245,0.8483844257363846,0.3138965209201088,0.5758183324219613,0.05686266948106974,BH_from_pvalue
polymyxin,polymixinE,polymixinE_vs_control,not_regulated,b1636,b1636,304.5540052685825,0.2785684555848835,1.2129906716045502,0.3737007093642407,0.6253679233212892,0.05679019065774653,BH_from_pvalue
polymyxin,polymixinE,polymixinE_vs_control,not_regulated,b4089,b4089,477.9681307678288,-0.328032937605542,0.7966219087151135,0.4413389171745343,0.671773468326853,0.05667659691957779,BH_from_pvalue
polymyxin,polymixinE,polymixinE_vs_control,not_regulated,b1475,b1475,67.4396302433068,-0.6085779490161949,0.655842841573686,0.6257180846101423,0.8071406841351533,0.056628641535436626,BH_from_pvalue
polymyxin,polymixinE,polymixinE_vs_control,not_regulated,b2155,b2155,125.77208918125451,-0.23607109462821985,0.8490544048289761,0.314433663559567,0.5765685359522758,0.05645618067576544,BH_from_pvalue
polymyxin,polymixinE,polymixinE_vs_control,not_regulated,b2971,b2971,1.3815181820341158,0.539357856366805,1.453325498086633,0.5910809138924247,0.7859254863848596,0.05642687865340696,BH_from_pvalue
polymyxin,polymixinE,polymixinE_vs_control,not_regulated,b1183,b1183,23.54660276960676,0.20538210131938683,1.152991679036667,0.2703545891801145,0.5314513544517068,0.05638487951497518,BH_from_pvalue
polymyxin,polymixinE,polymixinE_vs_control,not_regulated,b1092,b1092,1918.2278419538409,-0.33180840738077677,0.7945399094867852,0.44803332869361917,0.67631933321518,0.05635705997095098,BH_from_pvalue
polymyxin,polymixinE,polymixinE_vs_control,not_regulated,b3568,b3568,153.11616743412876,0.5534163491798623,1.4675568071288407,0.6026603231187682,0.7912839433543584,0.05626453794297741,BH_from_pvalue
polymyxin,polymixinE,polymixinE_vs_control,not_regulated,b3026,b3026,129.3040863691545,-0.21285268067428298,0.8628294469891398,0.28254920570358505,0.5454533593367921,0.05603184607348135,BH_from_pvalue
polymyxin,polymixinE,polymixinE_vs_control,not_regulated,b1950,b1950,3.1590384474741153,-0.6490117165426696,0.6377170167343563,0.643003224437789,0.8197926597282241,0.05600709860232165,BH_from_pvalue
polymyxin,polymixinE,polymixinE_vs_control,not_regulated,b1087,b1087,652.3568511054287,0.2771504439591119,1.2117990200085798,0.3786223454527479,0.6279658222147715,0.05600212526063534,BH_from_pvalue
polymyxin,polymixinE,polymixinE_vs_control,not_regulated,b2336,b2336,4.0752720622001135,0.4712952005762896,1.3863535287501683,0.56055255212955,0.7609764623484553,0.05590917283593397,BH_from_pvalue
polymyxin,polymixinE,polymixinE_vs_control,not_regulated,b2078,b2078,135.74921909468873,-0.4063176272715481,0.7545468430920164,0.5177429555072692,0.7286216992615762,0.055867820105350144,BH_from_pvalue
polymyxin,polymixinE,polymixinE_vs_control,not_regulated,b4121,b4121,44.021016207041534,-0.24817146435452742,0.8419628803448008,0.3386561145085636,0.5956045125508959,0.05584900777109503,BH_from_pvalue
polymyxin,polymixinE,polymixinE_vs_control,not_regulated,b4144,b4144,973.9146597433054,-0.3020184845965286,0.811116763039654,0.4179495302641405,0.6537408834886739,0.055750907175498146,BH_from_pvalue
polymyxin,polymixinE,polymixinE_vs_control,not_regulated,b3461,b3461,6444.161043865839,0.23506369920335324,1.1769587022387544,0.3165872292892262,0.5793365977798778,0.05572632443640646,BH_from_pvalue
polymyxin,polymixinE,polymixinE_vs_control,not_regulated,b2540,b2540,5.45279064709603,0.45186785016872566,1.3678100077481254,0.5501547919675756,0.7528433995345771,0.05571320603763636,BH_from_pvalue
polymyxin,polymixinE,polymixinE_vs_control,not_regulated,b0954,b0954,1738.5752503416845,-0.2990128851458067,0.8128083425147308,0.4079925216255783,0.6519184235423983,0.05555861102339615,BH_from_pvalue
polymyxin,polymixinE,polymixinE_vs_control,not_regulated,b3770,b3770,313.55516835034894,-0.26738541716347086,0.8308238766631483,0.36802965521951964,0.61999902216382,0.0555116178558371,BH_from_pvalue
polymyxin,polymixinE,polymixinE_vs_control,not_regulated,b3351,b3351,169.46870868235644,0.26883802159217307,1.2048370344711412,0.37043245164848604,0.6217183460876456,0.055489865902621664,BH_from_pvalue
polymyxin,polymixinE,polymixinE_vs_control,not_regulated,b3424,b3424,157.94739150283348,0.1767354898981992,1.1303233096410366,0.22297677652621528,0.485925165123506,0.05539431224558709,BH_from_pvalue
polymyxin,polymixinE,polymixinE_vs_control,not_regulated,b3011,b3011,495.2332751799131,-0.3862590546144471,0.7651109869704152,0.503467037698322,0.7191472643909343,0.055305408558768886,BH_from_pvalue
polymyxin,polymixinE,polymixinE_vs_control,not_regulated,b3556,b3556,31516.27365007556,-0.3066216667505799,0.808532871172124,0.43001892128363645,0.6605122493232203,0.05522842598459711,BH_from_pvalue
polymyxin,polymixinE,polymixinE_vs_control,not_regulated,b3567,b3567,145.31974868742125,0.6955318503021175,1.6194813457303756,0.6599602063158982,0.8329640415097075,0.05520696868892587,BH_from_pvalue
polymyxin,polymixinE,polymixinE_vs_control,not_regulated,b4000,b4000,2155.795922105931,0.27076536549926544,1.2064476916447784,0.373858236062905,0.6253679233212892,0.055199418390472384,BH_from_pvalue
polymyxin,polymixinE,polymixinE_vs_control,not_regulated,b1501,b1501,54.83250169855677,0.2721346211363693,1.207593269487782,0.377591246766199,0.627292305803312,0.055115435532119166,BH_from_pvalue
polymyxin,polymixinE,polymixinE_vs_control,not_regulated,b3895,b3895,400.15079405525574,-0.15314320075705545,0.8992890450054509,0.1651850808570384,0.4367397668816729,0.0550974414698564,BH_from_pvalue
polymyxin,polymixinE,polymixinE_vs_control,not_regulated,b2452,b2452,56.688345031865396,0.2118715955410062,1.1581897190290285,0.28835737092003244,0.5498225749886841,0.05503945912387458,BH_from_pvalue
polymyxin,polymixinE,polymixinE_vs_control,not_regulated,b4514,b4514,0.8525742523172033,-0.45064849619651964,0.7317138662341546,0.5545141255758919,0.7558195566182914,0.054790689145283435,BH_from_pvalue
polymyxin,polymixinE,polymixinE_vs_control,not_regulated,b1474,b1474,233.69719869415053,-0.5799627389489448,0.6689810552062115,0.6197039736711305,0.8045684108638831,0.054769954396848265,BH_from_pvalue
polymyxin,polymixinE,polymixinE_vs_control,not_regulated,b0398,b0398,91.25887469405194,0.22441309677616061,1.1683018746208176,0.30722244248285613,0.5703204895946706,0.05473009617122695,BH_from_pvalue
polymyxin,polymixinE,polymixinE_vs_control,not_regulated,b3495,b3495,4532.699410119766,0.3924279781143234,1.3126005821976872,0.5134553546593076,0.7253681973783646,0.05472074170851116,BH_from_pvalue
polymyxin,polymixinE,polymixinE_vs_control,not_regulated,b0051,b0051,1110.1390571743113,0.2473732218782665,1.1870438434421668,0.3463578638132215,0.601180200941931,0.054668326988148275,BH_from_pvalue
polymyxin,polymixinE,polymixinE_vs_control,not_regulated,b4566,b4566,33.23834732503692,0.26549934857450186,1.2020520342541083,0.3711889938886262,0.6225235251719018,0.05465150948474015,BH_from_pvalue
polymyxin,polymixinE,polymixinE_vs_control,not_regulated,b3689,b3689,279.76139827597734,-0.15869622442210662,0.8958342781608605,0.1833832917425732,0.45334988607248616,0.05452270465382787,BH_from_pvalue
polymyxin,polymixinE,polymixinE_vs_control,not_regulated,b3184,b3184,776.5203345624935,-0.32577769187412464,0.7978681756399795,0.4534315404073846,0.6805255484659379,0.05445555439686672,BH_from_pvalue
polymyxin,polymixinE,polymixinE_vs_control,not_regulated,b0550,b0550,0.14107164445846293,0.29491282182041806,1.226810842135621,0.42264973081037416,0.6537408834886739,0.05443924194288648,BH_from_pvalue
polymyxin,polymixinE,polymixinE_vs_control,not_regulated,b0617,b0617,0.14107164445846293,0.29491282182041806,1.226810842135621,0.42264973081037416,0.6537408834886739,0.05443924194288648,BH_from_pvalue
polymyxin,polymixinE,polymixinE_vs_control,not_regulated,b0664,b0664,0.14107164445846293,0.29491282182041806,1.226810842135621,0.42264973081037416,0.6537408834886739,0.05443924194288648,BH_from_pvalue
polymyxin,polymixinE,polymixinE_vs_control,not_regulated,b1027,b1027,0.14107164445846293,0.29491282182041806,1.226810842135621,0.42264973081037416,0.6537408834886739,0.05443924194288648,BH_from_pvalue
polymyxin,polymixinE,polymixinE_vs_control,not_regulated,b1500,b1500,0.14107164445846293,0.29491282182041806,1.226810842135621,0.42264973081037416,0.6537408834886739,0.05443924194288648,BH_from_pvalue
polymyxin,polymixinE,polymixinE_vs_control,not_regulated,b4513,b4513,0.14107164445846293,0.29491282182041806,1.226810842135621,0.42264973081037416,0.6537408834886739,0.05443924194288648,BH_from_pvalue
polymyxin,polymixinE,polymixinE_vs_control,not_regulated,b4577,b4577,0.14107164445846293,0.29491282182041806,1.226810842135621,0.42264973081037416,0.6537408834886739,0.05443924194288648,BH_from_pvalue
polymyxin,polymixinE,polymixinE_vs_control,not_regulated,b4636,b4636,0.14107164445846293,0.29491282182041806,1.226810842135621,0.42264973081037416,0.6537408834886739,0.05443924194288648,BH_from_pvalue
polymyxin,polymixinE,polymixinE_vs_control,not_regulated,b4653,b4653,0.14107164445846293,0.29491282182041806,1.226810842135621,0.42264973081037416,0.6537408834886739,0.05443924194288648,BH_from_pvalue
polymyxin,polymixinE,polymixinE_vs_control,not_regulated,b4664,b4664,0.14107164445846293,0.29491282182041806,1.226810842135621,0.42264973081037416,0.6537408834886739,0.05443924194288648,BH_from_pvalue
polymyxin,polymixinE,polymixinE_vs_control,not_regulated,b1251,b1251,444.6381413333081,-0.15636575642278316,0.8972825400376785,0.17577033307427484,0.4489579546667168,0.054383123361413065,BH_from_pvalue
polymyxin,polymixinE,polymixinE_vs_control,not_regulated,b3943,b3943,192.920501213111,-0.1824433959336922,0.8812092866198356,0.24024693769658403,0.5037905481395035,0.05432251836106942,BH_from_pvalue
polymyxin,polymixinE,polymixinE_vs_control,not_regulated,b3078,b3078,43.65587212314397,0.48798677709460136,1.4024863962071943,0.5770080635071161,0.7742601582417531,0.054221717715466765,BH_from_pvalue
polymyxin,polymixinE,polymixinE_vs_control,not_regulated,b0895,b0895,385.6382917444623,0.5318817839319046,1.44581381806753,0.6001515810857078,0.7911339190938604,0.05411896892806234,BH_from_pvalue
polymyxin,polymixinE,polymixinE_vs_control,not_regulated,b0656,b0656,4.624918714483348,-0.5731942183734133,0.6721270079586268,0.6204711532330053,0.8047518013962104,0.054074020530814136,BH_from_pvalue
polymyxin,polymixinE,polymixinE_vs_control,not_regulated,b3048,b3048,7.93408849212652,0.6137534704753054,1.5302352589735086,0.6384682874613038,0.8164909995014751,0.054040132776050624,BH_from_pvalue
polymyxin,polymixinE,polymixinE_vs_control,not_regulated,b3067,b3067,7101.962941674438,0.2060906831914302,1.1535581117509763,0.28480872250351813,0.5467914727984547,0.054032498136098894,BH_from_pvalue
polymyxin,polymixinE,polymixinE_vs_control,not_regulated,b1700,b1700,2.1693774777372594,0.41820572740307593,1.336264615296056,0.5380353569140219,0.7430405389620113,0.05394330760968743,BH_from_pvalue
polymyxin,polymixinE,polymixinE_vs_control,not_regulated,b0213,b0213,297.5826845237546,0.21077208769925626,1.157307374868653,0.2932665366495115,0.5555382267350972,0.0538071740930256,BH_from_pvalue
polymyxin,polymixinE,polymixinE_vs_control,not_regulated,b0061,b0061,65.74664227336542,0.5794572572542442,1.4942869912121501,0.6298239838439916,0.8081860791560919,0.05359321045411441,BH_from_pvalue
polymyxin,polymixinE,polymixinE_vs_control,not_regulated,b1961,b1961,535.2199797060656,-0.28731617862186987,0.8194250041499134,0.4066335945248356,0.6509031701682244,0.05357975913712659,BH_from_pvalue
polymyxin,polymixinE,polymixinE_vs_control,not_regulated,b2504,b2504,309.5873371744497,-0.23253139200589068,0.8511401471114297,0.32654641790059963,0.5883791155117037,0.05356192051282319,BH_from_pvalue
polymyxin,polymixinE,polymixinE_vs_control,not_regulated,b3166,b3166,944.7896879534436,-0.18464721032628795,0.8798642073592309,0.24951619202550343,0.5129531190655369,0.05353334853485415,BH_from_pvalue
polymyxin,polymixinE,polymixinE_vs_control,not_regulated,b1897,b1897,2811.214439303223,0.49083436840343175,1.4052573574595824,0.5816270741860666,0.7779240498628985,0.053531771486511434,BH_from_pvalue
polymyxin,polymixinE,polymixinE_vs_control,not_regulated,b2178,b2178,186.97202627008076,0.21729865339245436,1.1625547439476271,0.30404575139527257,0.567343328806565,0.05348894304654332,BH_from_pvalue
polymyxin,polymixinE,polymixinE_vs_control,not_regulated,b2129,b2129,214.7430193788273,0.4439860020631752,1.3603576532943407,0.5568463361410322,0.7585189106623417,0.05329323255233587,BH_from_pvalue
polymyxin,polymixinE,polymixinE_vs_control,not_regulated,b3106,b3106,56.15492734074684,-0.2877329970206022,0.8191882929439663,0.4093898280171802,0.6529912930571903,0.053257251269389135,BH_from_pvalue
polymyxin,polymixinE,polymixinE_vs_control,not_regulated,b0679,b0679,2213.507244643462,-0.3466428634555605,0.7864119428987735,0.4825218442135797,0.7022560021218384,0.05321125337973452,BH_from_pvalue
polymyxin,polymixinE,polymixinE_vs_control,not_regulated,b0237,b0237,4053.081275569257,-0.20827302524208235,0.8655727432535733,0.2927559058049635,0.5553842531888342,0.053194271501018416,BH_from_pvalue
polymyxin,polymixinE,polymixinE_vs_control,not_regulated,b3401,b3401,953.3142899889043,0.2528942710591835,1.1915952444619213,0.3649812526068464,0.6174672744108384,0.05295253373447502,BH_from_pvalue
polymyxin,polymixinE,polymixinE_vs_control,not_regulated,b1602,b1602,1669.9142702502497,-0.21503895353490243,0.8615228978206383,0.30497861711417995,0.5677246197476492,0.05286996566380712,BH_from_pvalue
polymyxin,polymixinE,polymixinE_vs_control,not_regulated,b3117,b3117,1219.9145383497635,-0.7786543482391046,0.5829102403710367,0.6949547869398452,0.8554752686522781,0.05278695696046083,BH_from_pvalue
polymyxin,polymixinE,polymixinE_vs_control,not_regulated,b0632,b0632,743.9835060744789,0.22915730919952537,1.1721500861096172,0.326626564553652,0.5883791155117037,0.052784724997330626,BH_from_pvalue
polymyxin,polymixinE,polymixinE_vs_control,not_regulated,b3460,b3460,79.17689944670917,0.4102455485318224,1.328911977358946,0.5403939567984065,0.7437515220272373,0.052746145029116336,BH_from_pvalue
polymyxin,polymixinE,polymixinE_vs_control,not_regulated,b3846,b3846,1037.077322168563,-0.30282234320934087,0.8106649408873192,0.43990149981779125,0.6705106561099373,0.05256823745414015,BH_from_pvalue
polymyxin,polymixinE,polymixinE_vs_control,not_regulated,b3204,b3204,1392.9915427057701,-0.22353122966095818,0.8564665283011876,0.3199209313210677,0.5818861096167256,0.05256605323371309,BH_from_pvalue
polymyxin,polymixinE,polymixinE_vs_control,not_regulated,b0266,b0266,53.681885645638694,-0.18413382829226865,0.880177362144465,0.2588913118661272,0.5196840171112611,0.052341999821547094,BH_from_pvalue
polymyxin,polymixinE,polymixinE_vs_control,not_regulated,b3934,b3934,678.415091560239,-0.24800059061413648,0.8420626088826296,0.3636491092947214,0.615941703149933,0.052194301127612405,BH_from_pvalue
polymyxin,polymixinE,polymixinE_vs_control,not_regulated,b2419,b2419,34.08423556052773,0.32488493938740426,1.2525645376844337,0.46911992472790437,0.6908972716375382,0.05217214257926,BH_from_pvalue
polymyxin,polymixinE,polymixinE_vs_control,not_regulated,b2674,b2674,18.11849503184712,-0.5518439331737501,0.6821477063322989,0.6207287839578491,0.804853868619892,0.05202948175145291,BH_from_pvalue
polymyxin,polymixinE,polymixinE_vs_control,not_regulated,b0821,b0821,202.14261481174842,0.3370576779940331,1.2631777618482019,0.4829690814855641,0.7025856819282236,0.051671179658566845,BH_from_pvalue
polymyxin,polymixinE,polymixinE_vs_control,not_regulated,b1787,b1787,207.53165436042988,0.14161213957408503,1.103137127976599,0.159915991606946,0.43175397974072216,0.05165496099804966,BH_from_pvalue
polymyxin,polymixinE,polymixinE_vs_control,not_regulated,b4363,b4363,32.85193442999898,-0.28479822611302286,0.8208564049393269,0.4286954924451326,0.6590130980923466,0.05157865431836283,BH_from_pvalue
polymyxin,polymixinE,polymixinE_vs_control,not_regulated,b4216,b4216,981.0155971816095,0.27264966408063884,1.2080244579295814,0.40363268336884783,0.6478935277352647,0.05139346882720461,BH_from_pvalue
polymyxin,polymixinE,polymixinE_vs_control,not_regulated,b3199,b3199,493.6543927201394,-0.1771968278710947,0.8844197651067546,0.2503005213195045,0.5129531190655369,0.051373316330809306,BH_from_pvalue
polymyxin,polymixinE,polymixinE_vs_control,not_regulated,b4178,b4178,380.5311578778528,0.22361571261573943,1.1676563272357647,0.33131621511935466,0.5906976333130095,0.0511263268392397,BH_from_pvalue
polymyxin,polymixinE,polymixinE_vs_control,not_regulated,b3897,b3897,15.201891903028686,0.3637285026302579,1.286747074624459,0.5107897651544022,0.7238422581651979,0.05105150180249089,BH_from_pvalue
polymyxin,polymixinE,polymixinE_vs_control,not_regulated,b2411,b2411,916.6919533329256,-0.2818601441859503,0.8225298014321777,0.42869089802548294,0.6590130980923466,0.051046550189261394,BH_from_pvalue
polymyxin,polymixinE,polymixinE_vs_control,not_regulated,b4649,b4649,1.016486018823911,0.5297127505737942,1.4436417289876617,0.6150312992039298,0.8010347367558075,0.05103710861207687,BH_from_pvalue
polymyxin,polymixinE,polymixinE_vs_control,not_regulated,b3752,b3752,739.8089391271052,-0.3174138496985197,0.8025071494953264,0.4684997997080417,0.6908972716375382,0.050972386267976726,BH_from_pvalue
polymyxin,polymixinE,polymixinE_vs_control,not_regulated,b3520,b3520,48.56839562760572,-0.2341203341164757,0.8502032422888237,0.35296430404732343,0.6061983350915848,0.05089430987775311,BH_from_pvalue
polymyxin,polymixinE,polymixinE_vs_control,not_regulated,b3230,b3230,4718.63698290721,-0.2507534030456178,0.8404573976447574,0.3778925992941578,0.627292305803312,0.05078509659046546,BH_from_pvalue
polymyxin,polymixinE,polymixinE_vs_control,not_regulated,b3390,b3390,1620.3186356570543,-0.11317377548103202,0.9245519072941986,0.09739688211307639,0.35595769242227465,0.05076993871746465,BH_from_pvalue
polymyxin,polymixinE,polymixinE_vs_control,not_regulated,b1662,b1662,556.9290278425442,0.12107129998772592,1.08754213736594,0.11772423188808423,0.38079352880335776,0.05076646014374301,BH_from_pvalue
polymyxin,polymixinE,polymixinE_vs_control,not_regulated,b4142,b4142,844.0960525943486,0.20882586128263192,1.1557471951020102,0.3088444013658752,0.5714534676304178,0.05074867862986654,BH_from_pvalue
polymyxin,polymixinE,polymixinE_vs_control,not_regulated,b2846,b2846,8.548256883579006,0.49708896146351966,1.4113628701412133,0.5987699537154509,0.7906695349362017,0.050705556808800116,BH_from_pvalue
polymyxin,polymixinE,polymixinE_vs_control,not_regulated,b0635,b0635,340.1087518751058,-0.2152119008607123,0.8614196264107812,0.3201862335966348,0.5821332573636472,0.050569973522711704,BH_from_pvalue
polymyxin,polymixinE,polymixinE_vs_control,not_regulated,b2920,b2920,28.46658649176239,-0.33044324532124136,0.7952921052468346,0.4841695000726251,0.7034219674827737,0.05048646492493178,BH_from_pvalue
polymyxin,polymixinE,polymixinE_vs_control,not_regulated,b3678,b3678,33.17090346701058,0.3114226416105037,1.2409307786681334,0.46726857160676044,0.6907751431368527,0.05003418882330372,BH_from_pvalue
polymyxin,polymixinE,polymixinE_vs_control,not_regulated,b3979,b3979,3.936219103697655,0.5370404853474218,1.4509929254680454,0.6251132753575722,0.8071406841351533,0.04997202607146511,BH_from_pvalue
polymyxin,polymixinE,polymixinE_vs_control,not_regulated,b0097,b0097,1070.0923277811044,-0.1497726036341085,0.9013925281384122,0.19520010860634673,0.46381938114704047,0.04997179513538627,BH_from_pvalue
polymyxin,polymixinE,polymixinE_vs_control,not_regulated,b3458,b3458,33.05004167048954,0.3760393576042871,1.2977741705304529,0.5293032282597183,0.7364076463693823,0.04996875313586164,BH_from_pvalue
polymyxin,polymixinE,polymixinE_vs_control,not_regulated,b2955,b2955,293.4751852320665,-0.1793367790078193,0.883108876760412,0.2656833122330966,0.527613041247006,0.04979903992640611,BH_from_pvalue
polymyxin,polymixinE,polymixinE_vs_control,not_regulated,b2560,b2560,479.5319122389604,0.21009202980438602,1.1567619716286677,0.31799645621704103,0.5807004103386216,0.049591775526323885,BH_from_pvalue
polymyxin,polymixinE,polymixinE_vs_control,not_regulated,b4199,b4199,58.21446082766289,0.3282423700152375,1.2554828922980044,0.4877782427220551,0.7063833019200915,0.04955132884705798,BH_from_pvalue
polymyxin,polymixinE,polymixinE_vs_control,not_regulated,b4565,b4565,9.23473352538723,-0.3605296336530621,0.7788785898765002,0.5192304973353041,0.7289322025637321,0.049505356267869755,BH_from_pvalue
polymyxin,polymixinE,polymixinE_vs_control,not_regulated,b3886,b3886,487.96202142733335,0.13262279956962253,1.0962849214852837,0.1535281441321665,0.4239224016614395,0.04943032545471702,BH_from_pvalue
polymyxin,polymixinE,polymixinE_vs_control,not_regulated,b2285,b2285,1272.1715487424017,-0.24760460326274725,0.8422937678584804,0.38320066297840955,0.6317958449479821,0.04937811088232807,BH_from_pvalue
polymyxin,polymixinE,polymixinE_vs_control,not_regulated,b0921,b0921,364.3177466420748,0.1664903993217699,1.122324915157112,0.24190747966836731,0.5053877582667515,0.04934363904397409,BH_from_pvalue
polymyxin,polymixinE,polymixinE_vs_control,not_regulated,b2556,b2556,255.65160934078514,0.20287460062436136,1.1509894427199014,0.30920716791254754,0.5714534676304178,0.04930240845655511,BH_from_pvalue
polymyxin,polymixinE,polymixinE_vs_control,not_regulated,b0401,b0401,2730.333732627039,-0.2670376120566065,0.8310241959362107,0.4226361480499784,0.6537408834886739,0.049293635593275445,BH_from_pvalue
polymyxin,polymixinE,polymixinE_vs_control,not_regulated,b0439,b0439,5375.659846037597,-0.2456492080399979,0.8434361672096387,0.38172780356653413,0.6303273349641229,0.04923641865929654,BH_from_pvalue
polymyxin,polymixinE,polymixinE_vs_control,not_regulated,b0071,b0071,133.11477213802124,-0.32022683203406377,0.8009439368879878,0.48230383720390324,0.7022560021218384,0.049156272621601896,BH_from_pvalue
polymyxin,polymixinE,polymixinE_vs_control,not_regulated,b0284,b0284,735.3299398629742,0.5084184575466111,1.422489947761058,0.614365885240403,0.8005265793196213,0.04912554906141367,BH_from_pvalue
polymyxin,polymixinE,polymixinE_vs_control,not_regulated,b3641,b3641,170.94151960444205,-0.15154521988777425,0.9002856817202944,0.2080077387310532,0.47472384418410996,0.04903381286314386,BH_from_pvalue
polymyxin,polymixinE,polymixinE_vs_control,not_regulated,b1684,b1684,1567.8731954593402,-0.3645096054294843,0.7767328537580803,0.525810013503515,0.7340451398941062,0.04894534101809744,BH_from_pvalue
polymyxin,polymixinE,polymixinE_vs_control,not_regulated,b4197,b4197,44.806348375184314,-0.2836725716697437,0.8214971233172002,0.44272050315172956,0.6725284779386962,0.048873754735750605,BH_from_pvalue
polymyxin,polymixinE,polymixinE_vs_control,not_regulated,b3779,b3779,1569.5599135106816,-0.13414656070816022,0.9112087079357895,0.16284385373421756,0.43341517993876366,0.04870806377952465,BH_from_pvalue
polymyxin,polymixinE,polymixinE_vs_control,not_regulated,b3354,b3354,20.128418613726403,0.33536823650112346,1.261699406532489,0.4984748891513647,0.7157891900145995,0.048700453086481015,BH_from_pvalue
polymyxin,polymixinE,polymixinE_vs_control,not_regulated,b2724,b2724,3.9601932640656954,-0.29420499941304623,0.8155216037547769,0.458627787417684,0.6839879933039599,0.04852956237428272,BH_from_pvalue
polymyxin,polymixinE,polymixinE_vs_control,not_regulated,b2934,b2934,2.695027013730679,0.4068924276953778,1.32582689839903,0.5595738772368796,0.7605551999826423,0.04836700178364548,BH_from_pvalue
polymyxin,polymixinE,polymixinE_vs_control,not_regulated,b1215,b1215,1192.7064159620998,-0.2098659386189592,0.8646175715302147,0.32853008138078765,0.5883791155117037,0.04834109762854282,BH_from_pvalue
polymyxin,polymixinE,polymixinE_vs_control,not_regulated,b0786,b0786,2740.8066419108322,0.18149028790726973,1.1340547463693897,0.27949590476894226,0.5418847326080614,0.04829331058748011,BH_from_pvalue
polymyxin,polymixinE,polymixinE_vs_control,not_regulated,b2128,b2128,281.885781003563,0.37055815131164227,1.2928529141334548,0.5353028872229542,0.7410964335100775,0.04821898199099303,BH_from_pvalue
polymyxin,polymixinE,polymixinE_vs_control,not_regulated,b2745,b2745,541.5539658547931,0.17740251508090488,1.130846031638195,0.2729922076004139,0.535051324495985,0.04818333143546102,BH_from_pvalue
polymyxin,polymixinE,polymixinE_vs_control,not_regulated,b4456,b4456,101.25257755587558,-0.17303109054225008,0.8869771903023911,0.2678801190984925,0.5289397610645388,0.047859324306559134,BH_from_pvalue
polymyxin,polymixinE,polymixinE_vs_control,not_regulated,b3317,b3317,7779.800282602929,-0.27877982482677766,0.8242878730595494,0.44503157105993074,0.6741161939460264,0.04774529357915875,BH_from_pvalue
polymyxin,polymixinE,polymixinE_vs_control,not_regulated,b2516,b2516,2960.2567965058383,-0.1564920082513126,0.89720402129218,0.23337389297251254,0.4965330215208356,0.04758168678022653,BH_from_pvalue
polymyxin,polymixinE,polymixinE_vs_control,not_regulated,b3949,b3949,20.041959935540707,-0.5109651152331698,0.7017528313927778,0.6260615762664223,0.8071406841351533,0.04754569302819456,BH_from_pvalue
polymyxin,polymixinE,polymixinE_vs_control,not_regulated,b3565,b3565,547.4280332195636,0.5517261673976677,1.4658385054054597,0.6436766800591369,0.8201863192368266,0.04749671487684983,BH_from_pvalue
polymyxin,polymixinE,polymixinE_vs_control,not_regulated,b2067,b2067,1099.9755958112403,0.18088245167584915,1.1335770470968007,0.28438779613145393,0.5466565414526837,0.047442835349374934,BH_from_pvalue
polymyxin,polymixinE,polymixinE_vs_control,not_regulated,b3911,b3911,1353.151080213733,-0.16661130402554214,0.8909329065522955,0.25989440245623435,0.5197888049124687,0.0473464471720788,BH_from_pvalue
polymyxin,polymixinE,polymixinE_vs_control,not_regulated,b1603,b1603,1748.1157651547667,0.20095456624406438,1.1494586483912683,0.31934507110616933,0.5815812086760768,0.04730262185949201,BH_from_pvalue
polymyxin,polymixinE,polymixinE_vs_control,not_regulated,b1814,b1814,6356.18277019351,-0.21416008550116494,0.8620478844514387,0.34726501891749784,0.601462477894072,0.047284718132686,BH_from_pvalue
polymyxin,polymixinE,polymixinE_vs_control,not_regulated,b1681,b1681,2847.5299456788634,-0.37914006001745726,0.768895765914313,0.5477320269550183,0.7507233422324241,0.04721055076011841,BH_from_pvalue
polymyxin,polymixinE,polymixinE_vs_control,not_regulated,b3467,b3467,89.28603402939376,-0.13772026806279758,0.9089543414322326,0.18676108764951224,0.45445655546943253,0.04717024228129372,BH_from_pvalue
polymyxin,polymixinE,polymixinE_vs_control,not_regulated,b4023,b4023,701.7074653104759,0.3002782701278157,1.231381902034828,0.4748892785481655,0.6965198977846583,0.04716364862279204,BH_from_pvalue
polymyxin,polymixinE,polymixinE_vs_control,not_regulated,b2721,b2721,24.246649237252978,-0.24561611112767334,0.8434555167272357,0.39799877124120825,0.6428001698538437,0.04713963072450257,BH_from_pvalue
polymyxin,polymixinE,polymixinE_vs_control,not_regulated,b0637,b0637,337.5796831812042,0.23031932066740168,1.1730945688171313,0.37462007016296756,0.6258062505023658,0.04688382474617308,BH_from_pvalue
polymyxin,polymixinE,polymixinE_vs_control,not_regulated,b4378,b4378,555.4359300452023,-0.4349519591404807,0.7397183863826269,0.5844011076956108,0.780242262515541,0.04687500291777067,BH_from_pvalue
polymyxin,polymixinE,polymixinE_vs_control,not_regulated,b4069,b4069,8659.62583527637,0.29418037614487424,1.2261881573617146,0.47220877042923154,0.6932098725165416,0.046814470881195745,BH_from_pvalue
polymyxin,polymixinE,polymixinE_vs_control,not_regulated,b0335,b0335,8049.058894765562,0.9463411272132785,1.9269793710812884,0.7593458945980904,0.8927176774443834,0.04664124133802287,BH_from_pvalue
polymyxin,polymixinE,polymixinE_vs_control,not_regulated,b0192,b0192,781.5631403420233,0.2300611828718111,1.1728846887332374,0.3773472989213839,0.6272387843859516,0.04660282560946415,BH_from_pvalue
polymyxin,polymixinE,polymixinE_vs_control,not_regulated,b4657,b4657,2.3787198858268113,0.5703195661806614,1.4848524385184563,0.6541604186781443,0.8293161113907253,0.0463555157999636,BH_from_pvalue
polymyxin,polymixinE,polymixinE_vs_control,not_regulated,b1445,b1445,57.121425376934326,0.21844791351681003,1.1634812114803563,0.3609595562253337,0.6138359485450099,0.04629952874136141,BH_from_pvalue
polymyxin,polymixinE,polymixinE_vs_control,not_regulated,b3773,b3773,285.33274364893003,-0.16284752257907087,0.8932602554101005,0.25933088300348484,0.5196840171112611,0.04629114094257392,BH_from_pvalue
polymyxin,polymixinE,polymixinE_vs_control,not_regulated,b3794,b3794,186.40325308299543,0.2334134572799309,1.175613195309064,0.3860028826946114,0.6336645862629059,0.04624867400002701,BH_from_pvalue
polymyxin,polymixinE,polymixinE_vs_control,not_regulated,b4198,b4198,55.431941398170125,0.29428605422967014,1.2262779795060035,0.47508842773646653,0.6965279491390569,0.04622099504798698,BH_from_pvalue
polymyxin,polymixinE,polymixinE_vs_control,not_regulated,b3880,b3880,48.19802061086235,-0.27951939983177443,0.8238654230888373,0.4581912017715805,0.6839468396938702,0.046114454509821864,BH_from_pvalue
polymyxin,polymixinE,polymixinE_vs_control,not_regulated,b2725,b2725,1.3622338670028997,0.47486342831414297,1.3897866504637506,0.6134369246989196,0.7997795035639829,0.046075870230899076,BH_from_pvalue
polymyxin,polymixinE,polymixinE_vs_control,not_regulated,b4277,b4277,7.584577941667007,0.4761349479057544,1.3910120791704297,0.615468219259242,0.8010347367558075,0.045874959634157886,BH_from_pvalue
polymyxin,polymixinE,polymixinE_vs_control,not_regulated,b3222,b3222,297.6484748871108,0.21796196079670338,1.1630893742375863,0.3633928177664217,0.615941703149933,0.045872359368242216,BH_from_pvalue
polymyxin,polymixinE,polymixinE_vs_control,not_regulated,b0419,b0419,4213.887121445445,-0.12329072879473024,0.9180911319122448,0.15543898054222946,0.4258005691101998,0.045715433203082266,BH_from_pvalue
polymyxin,polymixinE,polymixinE_vs_control,not_regulated,b2475,b2475,1270.9488122109872,-0.26682579777309634,0.8311462145971086,0.44511451667845675,0.6741161939460264,0.04569798426799945,BH_from_pvalue
polymyxin,polymixinE,polymixinE_vs_control,not_regulated,b4371,b4371,412.485303732369,0.1767809867770982,1.1303589561166778,0.2899852809174212,0.5515238027765584,0.045686525038378355,BH_from_pvalue
polymyxin,polymixinE,polymixinE_vs_control,not_regulated,b3115,b3115,433.64340601897175,-0.7868560304866907,0.5796058131257109,0.7276378178806635,0.8748770127846095,0.04567934866721909,BH_from_pvalue
polymyxin,polymixinE,polymixinE_vs_control,not_regulated,b1102,b1102,58.80886263385752,-0.27276122432434935,0.8277338002204625,0.453046873937935,0.6804022834633828,0.04561501538130704,BH_from_pvalue
polymyxin,polymixinE,polymixinE_vs_control,not_regulated,b0456,b0456,47.537498621134404,-0.34539291752484846,0.7870935826943972,0.5316376232573107,0.7380363133170111,0.045565017454745296,BH_from_pvalue
polymyxin,polymixinE,polymixinE_vs_control,not_regulated,b0001,b0001,41.51847099129265,0.2707701725754532,1.2064517115488247,0.45104847492581196,0.6789879652665001,0.0455267345114137,BH_from_pvalue
polymyxin,polymixinE,polymixinE_vs_control,not_regulated,b1143,b1143,108.53267500037873,0.25477832006524714,1.193152392941011,0.4347604266389623,0.6644758406462972,0.0452284524072447,BH_from_pvalue
polymyxin,polymixinE,polymixinE_vs_control,not_regulated,b1525,b1525,269.1384651748355,0.4395962066171979,1.3562246829750408,0.5967726667319662,0.7892629976361023,0.04518093206966952,BH_from_pvalue
polymyxin,polymixinE,polymixinE_vs_control,not_regulated,b1099,b1099,380.1942525218023,-0.2744705746906835,0.8267536560013492,0.46006892905160657,0.6852284910179226,0.045058348774520106,BH_from_pvalue
polymyxin,polymixinE,polymixinE_vs_control,not_regulated,b1917,b1917,468.353842491606,0.2707437023965813,1.2064295761018076,0.45555965334452797,0.6818466992416162,0.04502826710372365,BH_from_pvalue
polymyxin,polymixinE,polymixinE_vs_control,not_regulated,b0183,b0183,184.9016457258813,-0.2644510254315833,0.8325154633761084,0.4479093066224833,0.67631933321518,0.04491653004597937,BH_from_pvalue
polymyxin,polymixinE,polymixinE_vs_control,not_regulated,b4307,b4307,38.706652871386574,0.3003829968733003,1.231471292582468,0.4911029116917386,0.7089155637963543,0.044878868499237765,BH_from_pvalue
polymyxin,polymixinE,polymixinE_vs_control,not_regulated,b1817,b1817,3422.18337862346,0.2354364395256674,1.1772628251688169,0.40107244174680523,0.6447547687552287,0.04487546544994767,BH_from_pvalue
polymyxin,polymixinE,polymixinE_vs_control,not_regulated,b2139,b2139,13.99134497981805,0.37080126359798715,1.2930707944913307,0.5554744563727113,0.7568991532155273,0.04485285526546688,BH_from_pvalue
polymyxin,polymixinE,polymixinE_vs_control,not_regulated,b2284,b2284,3893.870030592354,-0.24267720647662827,0.8451754657086054,0.4156425739412237,0.6537408834886739,0.044796842252757964,BH_from_pvalue
polymyxin,polymixinE,polymixinE_vs_control,not_regulated,b1772,b1772,10.73761448741304,0.3190664710879978,1.2475230492753255,0.5135141053150133,0.7253681973783646,0.04449110391197974,BH_from_pvalue
polymyxin,polymixinE,polymixinE_vs_control,not_regulated,b2245,b2245,26.793563715473244,-0.24855500147934073,0.8417390762194112,0.43227652816221135,0.6624803487814741,0.04444834517975771,BH_from_pvalue
polymyxin,polymixinE,polymixinE_vs_control,not_regulated,b2989,b2989,1682.2353823964165,-0.21933725082386246,0.8589599371721696,0.37793733853423195,0.627292305803312,0.04442238204420522,BH_from_pvalue
polymyxin,polymixinE,polymixinE_vs_control,not_regulated,b1491,b1491,427.0689848718648,-0.3116286201447398,0.805731676527927,0.5055447625289438,0.720393452143118,0.04438534017342059,BH_from_pvalue
polymyxin,polymixinE,polymixinE_vs_control,not_regulated,b2161,b2161,29.948769301808113,0.24680025213766577,1.1865724997818503,0.43093364668278067,0.661323624284936,0.04432186090796747,BH_from_pvalue
polymyxin,polymixinE,polymixinE_vs_control,not_regulated,b3333,b3333,9.719982007730053,0.3197830368768182,1.2481428298602262,0.5157291808069145,0.7272825353202671,0.044224983895630225,BH_from_pvalue
polymyxin,polymixinE,polymixinE_vs_control,not_regulated,b2775,b2775,5.442801615827669,0.5008963779820164,1.415092517218251,0.6378427688762629,0.8161827343229304,0.04418537013410513,BH_from_pvalue
polymyxin,polymixinE,polymixinE_vs_control,not_regulated,b2924,b2924,1720.0325681390725,0.428967434115318,1.3462696796540785,0.5963913602971107,0.7892629976361023,0.04408852535377267,BH_from_pvalue
polymyxin,polymixinE,polymixinE_vs_control,not_regulated,b4538,b4538,15.466536921553043,0.3304531494961762,1.2574082635513206,0.5280274879482346,0.7356314098662311,0.044062535583762594,BH_from_pvalue
polymyxin,polymixinE,polymixinE_vs_control,not_regulated,b3531,b3531,51.9649180630525,-0.2808696376669957,0.8230947169905678,0.47638524042960095,0.6968392882771853,0.0440592817919562,BH_from_pvalue
polymyxin,polymixinE,polymixinE_vs_control,not_regulated,b0347,b0347,21.410358353899728,-0.2385022076544896,0.8476248518225323,0.41513817417436705,0.6537408834886739,0.04402616104064005,BH_from_pvalue
polymyxin,polymixinE,polymixinE_vs_control,not_regulated,b3073,b3073,2823.497686633389,-0.3204603435231377,0.8008143083311687,0.5185226599090617,0.7288484138346747,0.044019325915401794,BH_from_pvalue
polymyxin,polymixinE,polymixinE_vs_control,not_regulated,b1896,b1896,3755.406547481227,0.4424605362481451,1.3589200089511912,0.609270221512634,0.7954999873334768,0.043962800536256307,BH_from_pvalue
polymyxin,polymixinE,polymixinE_vs_control,not_regulated,b1313,b1313,34.3410907484046,0.3178510908279133,1.246472531760275,0.5165688534524131,0.7276939250951939,0.04387974060065648,BH_from_pvalue
polymyxin,polymixinE,polymixinE_vs_control,not_regulated,b3583,b3583,31.42230379880607,0.17415875200362407,1.1283062877613728,0.29678351150200827,0.559975107263595,0.04385862115878233,BH_from_pvalue
polymyxin,polymixinE,polymixinE_vs_control,not_regulated,b3343,b3343,67.60961188405348,0.30465281931768295,1.2351213727232049,0.5020851233750935,0.7183667980516669,0.043764519450865104,BH_from_pvalue
polymyxin,polymixinE,polymixinE_vs_control,not_regulated,b1154,b1154,1.7104147023076395,0.47265131159963913,1.3876572922863593,0.6298722637562489,0.8081860791560919,0.04371487438780737,BH_from_pvalue
polymyxin,polymixinE,polymixinE_vs_control,not_regulated,b0182,b0182,678.483130055656,-0.23680594472946126,0.8486220412157658,0.41700235901078037,0.6537408834886739,0.043713040481132476,BH_from_pvalue
polymyxin,polymixinE,polymixinE_vs_control,not_regulated,b2810,b2810,1019.5923178315438,-0.13745998232401746,0.9091183464291378,0.21668956636457654,0.48116765614658447,0.04367152758559244,BH_from_pvalue
polymyxin,polymixinE,polymixinE_vs_control,not_regulated,b4305,b4305,118.85983701171246,-0.2665359237185374,0.8313132297473629,0.460871958678053,0.685970241606182,0.04363052452658513,BH_from_pvalue
polymyxin,polymixinE,polymixinE_vs_control,not_regulated,b2482,b2482,26.531446974572816,0.30675570758210835,1.2369230120364763,0.5084878660212659,0.7214218710311429,0.04350124024152771,BH_from_pvalue
polymyxin,polymixinE,polymixinE_vs_control,not_regulated,b3114,b3114,839.1590407601583,0.7668315605571223,1.7015287882720844,0.7347332852056538,0.8779299712710322,0.04335675192795478,BH_from_pvalue
polymyxin,polymixinE,polymixinE_vs_control,not_regulated,b4525,b4525,5.092137960766008,-0.42475857811267437,0.7449633839748694,0.6028746273622468,0.7912839433543584,0.04318420511111155,BH_from_pvalue
polymyxin,polymixinE,polymixinE_vs_control,not_regulated,b4557,b4557,5.641338119380639,0.2764046638809874,1.2111727601296618,0.4779047618084631,0.697927148900801,0.043171618906166276,BH_from_pvalue
polymyxin,polymixinE,polymixinE_vs_control,not_regulated,b4068,b4068,591.1064450623226,-0.31115682369093456,0.8059952135204649,0.5157917491488777,0.7272825353202671,0.04303200585979735,BH_from_pvalue
polymyxin,polymixinE,polymixinE_vs_control,not_regulated,b2099,b2099,61.701227210984136,-0.18915575043481692,0.8771188516464099,0.33472722293053536,0.5933006656164287,0.04288636862075264,BH_from_pvalue
polymyxin,polymixinE,polymixinE_vs_control,not_regulated,b0847,b0847,766.9116092254252,0.11179440737987534,1.0805714032178007,0.14688346012735043,0.4134148096232827,0.042885896421029884,BH_from_pvalue
polymyxin,polymixinE,polymixinE_vs_control,not_regulated,b1816,b1816,2491.180679665078,-0.1990328325412989,0.8711343668294065,0.35718561962223094,0.6099547900762319,0.04273281762144726,BH_from_pvalue
polymyxin,polymixinE,polymixinE_vs_control,not_regulated,b1972,b1972,85.9359449568414,0.26540041614947096,1.2019696066848955,0.46657771715232654,0.6905721274264014,0.042673986221158776,BH_from_pvalue
polymyxin,polymixinE,polymixinE_vs_control,not_regulated,b2703,b2703,75.92224816627733,0.5685662100179556,1.4830489431885643,0.6708453671023455,0.8414062976090455,0.04263919181993757,BH_from_pvalue
polymyxin,polymixinE,polymixinE_vs_control,not_regulated,b1104,b1104,346.5204053260837,0.26099451375860205,1.1983044644511824,0.46209545171733857,0.6870860866409582,0.04253919454419923,BH_from_pvalue
polymyxin,polymixinE,polymixinE_vs_control,not_regulated,b1809,b1809,351.21364449861534,0.19027398446335297,1.140980380656268,0.34148144928246094,0.5976589723239336,0.04253509397790253,BH_from_pvalue
polymyxin,polymixinE,polymixinE_vs_control,not_regulated,b2542,b2542,58.87273920627305,-0.22847471826807997,0.8535368122069369,0.4085854728617178,0.6521708505791365,0.04241373056280763,BH_from_pvalue
polymyxin,polymixinE,polymixinE_vs_control,not_regulated,b3116,b3116,1324.639514726817,-0.7175414773074991,0.608132889932651,0.7238202695537025,0.8728535046789689,0.04237702377142145,BH_from_pvalue
polymyxin,polymixinE,polymixinE_vs_control,not_regulated,b2451,b2451,64.75715043594958,0.2078215048721379,1.154942882259601,0.3749298895473466,0.6258062505023658,0.04230416703504246,BH_from_pvalue
polymyxin,polymixinE,polymixinE_vs_control,not_regulated,b2953,b2953,20.935821669598866,-0.2785762548392654,0.824404191551308,0.48678769168547015,0.7054030403354525,0.0422217617691599,BH_from_pvalue
polymyxin,polymixinE,polymixinE_vs_control,not_regulated,b1956,b1956,875.1393000614177,0.24394930170479867,1.1842299956456794,0.44147673907829643,0.671773468326853,0.04214886572811571,BH_from_pvalue
polymyxin,polymixinE,polymixinE_vs_control,not_regulated,b1757,b1757,249.7337971967247,0.2275351518303923,1.170832868486554,0.4235138723848816,0.6544024039804869,0.041901761808622685,BH_from_pvalue
polymyxin,polymixinE,polymixinE_vs_control,not_regulated,b0412,b0412,365.220550323973,-0.3666464988943243,0.7755832229008619,0.5695978808255461,0.768692249610953,0.04188844504306713,BH_from_pvalue
polymyxin,polymixinE,polymixinE_vs_control,not_regulated,b1026,b1026,1.6647105321266602,-0.4116774537005925,0.7517487902704665,0.6026457184302867,0.7912839433543584,0.04185427797413572,BH_from_pvalue
polymyxin,polymixinE,polymixinE_vs_control,not_regulated,b1658,b1658,723.400549992721,0.22610608992052939,1.1696736739300915,0.41088025328768585,0.6537408834886739,0.04173790769069755,BH_from_pvalue
polymyxin,polymixinE,polymixinE_vs_control,not_regulated,b4487,b4487,227.5420109717261,-0.33444024120109805,0.7930917927569872,0.5472410096068164,0.7504542869547135,0.04169659029501769,BH_from_pvalue
polymyxin,polymixinE,polymixinE_vs_control,not_regulated,b2948,b2948,749.0674960824144,0.18852545300593704,1.1395983619096366,0.34715655425262376,0.601462477894072,0.041624810175816734,BH_from_pvalue
polymyxin,polymixinE,polymixinE_vs_control,not_regulated,b2189,b2189,3.00166572708863,-0.3236563529968328,0.7990422240036157,0.5406997503399434,0.7437515220272373,0.04161318750651011,BH_from_pvalue
polymyxin,polymixinE,polymixinE_vs_control,not_regulated,b0382,b0382,522.5332676807178,-0.22515295380751432,0.8555043207337367,0.41094030007717447,0.6537408834886739,0.04156196414527746,BH_from_pvalue
polymyxin,polymixinE,polymixinE_vs_control,not_regulated,b1000,b1000,8538.127864584212,-0.3776905757937321,0.7696686682338189,0.5795232664702522,0.7762422521396471,0.04154699125668094,BH_from_pvalue
polymyxin,polymixinE,polymixinE_vs_control,not_regulated,b2581,b2581,1147.6450881455037,0.180148514489348,1.1330005130842473,0.3283463625137817,0.5883791155117037,0.04149590440389741,BH_from_pvalue
polymyxin,polymixinE,polymixinE_vs_control,not_regulated,b1424,b1424,1043.8027673078295,0.22542140785152753,1.1691186955309678,0.42454861858918946,0.6550698900006423,0.041412699341310526,BH_from_pvalue
polymyxin,polymixinE,polymixinE_vs_control,not_regulated,b3422,b3422,73.99663828235522,-0.21178461317793573,0.8634684602758328,0.39103063882746203,0.6374975764573847,0.041408437182078664,BH_from_pvalue
polymyxin,polymixinE,polymixinE_vs_control,not_regulated,b2282,b2282,3195.062680763315,-0.1845116960205324,0.879946858081615,0.3403643231773605,0.5964817665855113,0.04140494627922273,BH_from_pvalue
polymyxin,polymixinE,polymixinE_vs_control,not_regulated,b0376,b0376,372.9184127697312,0.223905545612876,1.167890929365762,0.4212601637708631,0.6537408834886739,0.0413316996349375,BH_from_pvalue
polymyxin,polymixinE,polymixinE_vs_control,not_regulated,b1432,b1432,506.66330797772525,-0.18181760004548764,0.8815916105013833,0.3341928233281749,0.5929780352387103,0.041265575820333786,BH_from_pvalue
polymyxin,polymixinE,polymixinE_vs_control,not_regulated,b4687,b4687,58.51560892276444,-0.30514832282875215,0.8093590024345951,0.5240019657714313,0.73288583396763,0.04118393838322033,BH_from_pvalue
polymyxin,polymixinE,polymixinE_vs_control,not_regulated,b1062,b1062,208.46120366682416,0.2106038847958409,1.15717245299831,0.3920134317573141,0.638375802905429,0.04105166379920395,BH_from_pvalue
polymyxin,polymixinE,polymixinE_vs_control,not_regulated,b2939,b2939,47.99437586566688,0.3043405338021117,1.2348540475010754,0.5242760108168469,0.7330411864016716,0.04104690190656002,BH_from_pvalue
polymyxin,polymixinE,polymixinE_vs_control,not_regulated,b4278,b4278,86.78613891607193,0.22217056696650328,1.1664872731075284,0.41180040710727,0.6537408834886739,0.04101143237184393,BH_from_pvalue
polymyxin,polymixinE,polymixinE_vs_control,not_regulated,b0521,b0521,29.63039072681015,-0.25436510155181846,0.8383559955861178,0.4678071244952341,0.6907751431368527,0.04086713623417307,BH_from_pvalue
polymyxin,polymixinE,polymixinE_vs_control,not_regulated,b3498,b3498,3174.670949423337,0.20170962984119178,1.150060398253221,0.3772579006967023,0.6272387843859516,0.04085973385817281,BH_from_pvalue
polymyxin,polymixinE,polymixinE_vs_control,not_regulated,b1317,b1317,5.485386950966451,0.3960299161053178,1.3158818112188022,0.5953579988949643,0.7892485349335542,0.040706416343723975,BH_from_pvalue
polymyxin,polymixinE,polymixinE_vs_control,not_regulated,b2339,b2339,0.8754143743654484,0.4576026068621773,1.3732579147805026,0.6370488572323761,0.8154370403617609,0.04054796796899084,BH_from_pvalue
polymyxin,polymixinE,polymixinE_vs_control,not_regulated,b3950,b3950,5.737815991010119,-0.43453304685502747,0.7399332080216995,0.6251882416665584,0.8071406841351533,0.040433630869198024,BH_from_pvalue
polymyxin,polymixinE,polymixinE_vs_control,not_regulated,b0750,b0750,213.21485725504576,0.11798345201176641,1.0852169241646006,0.1870389165731881,0.45445655546943253,0.04041023224004144,BH_from_pvalue
polymyxin,polymixinE,polymixinE_vs_control,not_regulated,b2156,b2156,1416.0655553492797,0.2848546718805167,1.2182875347898539,0.5089928116306858,0.7216642444840922,0.04035388345012507,BH_from_pvalue
polymyxin,polymixinE,polymixinE_vs_control,not_regulated,b2518,b2518,406.0095961788207,-0.19529171950648205,0.8733962733569295,0.3697216013227973,0.6215243068636634,0.04033591930506669,BH_from_pvalue
polymyxin,polymixinE,polymixinE_vs_control,not_regulated,b1461,b1461,118.14707962321974,0.20293419914639887,1.1510369917060956,0.38489918243155974,0.6330078693152306,0.040300883415505716,BH_from_pvalue
polymyxin,polymixinE,polymixinE_vs_control,not_regulated,b0529,b0529,1233.9636156458503,-0.10116429352995127,0.9322803126850704,0.1340671755089482,0.3996250201718019,0.04029852609743829,BH_from_pvalue
polymyxin,polymixinE,polymixinE_vs_control,not_regulated,b4397,b4397,105.77358418550908,0.17492245097890535,1.1289037213429116,0.3291769169145088,0.5883791155117037,0.04029211855835358,BH_from_pvalue
polymyxin,polymixinE,polymixinE_vs_control,not_regulated,b4508,b4508,2.1569652065629845,-0.29975711805627614,0.8123891529420809,0.5251539722989838,0.7338125403544047,0.04029181427123528,BH_from_pvalue
polymyxin,polymixinE,polymixinE_vs_control,not_regulated,b0249,b0249,1.3124594854042528,0.3613785977975653,1.2846528885030226,0.5762425371392856,0.773944142147658,0.04021796238034911,BH_from_pvalue
polymyxin,polymixinE,polymixinE_vs_control,not_regulated,b0861,b0861,1751.2726309973314,-0.3436529290603332,0.7880434438384017,0.5642595861185137,0.7640688366961899,0.04016186318394392,BH_from_pvalue
polymyxin,polymixinE,polymixinE_vs_control,not_regulated,b1800,b1800,364.37220346504745,-0.21597045080671684,0.8609668224291225,0.4075701896108097,0.6517066167328198,0.04015924522833023,BH_from_pvalue
polymyxin,polymixinE,polymixinE_vs_control,not_regulated,b2476,b2476,677.2173476171912,-0.20948701057826113,0.8648446956715026,0.39945297083158227,0.6435313262179287,0.04010216282884593,BH_from_pvalue
polymyxin,polymixinE,polymixinE_vs_control,not_regulated,b1456,b1456,5.9602606333558805,-0.3928924414436441,0.761601148078598,0.5991673333687492,0.7906695349362017,0.04007699135123702,BH_from_pvalue
polymyxin,polymixinE,polymixinE_vs_control,not_regulated,b0283,b0283,256.7637618178322,0.429130059908144,1.3464214445856963,0.6257896147723835,0.8071406841351533,0.0399308788198832,BH_from_pvalue
polymyxin,polymixinE,polymixinE_vs_control,not_regulated,b0967,b0967,364.1142277151496,-0.2345650933355241,0.8499411789706417,0.44807283525594405,0.67631933321518,0.03984045834327376,BH_from_pvalue
polymyxin,polymixinE,polymixinE_vs_control,not_regulated,b0190,b0190,194.04588156405347,0.18723550157117863,1.1385798725535679,0.35948058546180944,0.6127179901866714,0.03983236227841773,BH_from_pvalue
polymyxin,polymixinE,polymixinE_vs_control,not_regulated,b1394,b1394,39.670995898683366,-0.3680679118617327,0.7748194570898915,0.5833485138448654,0.7795310799982783,0.03981264162318852,BH_from_pvalue
polymyxin,polymixinE,polymixinE_vs_control,not_regulated,b0723,b0723,3978.9161129221416,-0.2156002849676284,0.8611877571289092,0.41850766265306993,0.6537408834886739,0.03979859540815456,BH_from_pvalue
polymyxin,polymixinE,polymixinE_vs_control,not_regulated,b2444,b2444,3.938937430201431,0.440294157847277,1.356880960057268,0.6343639532290251,0.8126941217955439,0.039658563496693736,BH_from_pvalue
polymyxin,polymixinE,polymixinE_vs_control,not_regulated,b4414,b4414,37.96881441737032,0.2739850216948341,1.2091431222387512,0.4996317558837785,0.7166274355756491,0.03964743249996771,BH_from_pvalue
polymyxin,polymixinE,polymixinE_vs_control,not_regulated,b3205,b3205,1291.9100108726968,-0.17184592573599744,0.8877061357976072,0.3276469154503001,0.5883791155117037,0.03958346327058859,BH_from_pvalue
polymyxin,polymixinE,polymixinE_vs_control,not_regulated,b0493,b0493,304.18171975885076,-0.16058669146821636,0.8946611708643365,0.3044704371417716,0.567343328806565,0.03952906407782885,BH_from_pvalue
polymyxin,polymixinE,polymixinE_vs_control,not_regulated,b1641,b1641,4692.707263797228,-0.14507591757917027,0.9043317885110037,0.2731164608810097,0.535051324495985,0.03940328025695052,BH_from_pvalue
polymyxin,polymixinE,polymixinE_vs_control,not_regulated,b0406,b0406,782.3419304199055,-0.21432628627967532,0.8619485808750594,0.42463393198913046,0.6550698900006423,0.03937438834773783,BH_from_pvalue
polymyxin,polymixinE,polymixinE_vs_control,not_regulated,b0896,b0896,743.5690219935445,0.4957255945641261,1.4100297425906552,0.6598522815382631,0.8329640415097075,0.039347597619739876,BH_from_pvalue
polymyxin,polymixinE,polymixinE_vs_control,not_regulated,b4464,b4464,112.29319729127968,0.19530242786040652,1.144964150865121,0.38009419655389487,0.6290745225838649,0.03931396924061117,BH_from_pvalue
polymyxin,polymixinE,polymixinE_vs_control,not_regulated,b4082,b4082,1.7079817151818883,0.4569635505473367,1.372649751046869,0.6441644171963272,0.8203430205405096,0.03930092740486864,BH_from_pvalue
polymyxin,polymixinE,polymixinE_vs_control,not_regulated,b3688,b3688,1312.2047512227591,0.24521142314444155,1.1852664558805646,0.47054663666147484,0.6914468381912164,0.03929297391247607,BH_from_pvalue
polymyxin,polymixinE,polymixinE_vs_control,not_regulated,b4130,b4130,42.176981014671654,-0.24262378640450954,0.845206761421806,0.46688080024537276,0.6905721274264014,0.03901171018556464,BH_from_pvalue
polymyxin,polymixinE,polymixinE_vs_control,not_regulated,b4266,b4266,35.02011388317325,0.4210906388129825,1.3389393745916094,0.6306756937628849,0.808429544185083,0.038891014899703286,BH_from_pvalue
polymyxin,polymixinE,polymixinE_vs_control,not_regulated,b2267,b2267,188.0592979125521,0.16740006904503346,1.1230328034526125,0.32383953873298105,0.5859072413047253,0.03886546393830542,BH_from_pvalue
polymyxin,polymixinE,polymixinE_vs_control,not_regulated,b0619,b0619,114.35541030545973,0.21051363186383742,1.1571000642140745,0.41823384419517984,0.6537408834886739,0.038859627962495535,BH_from_pvalue
polymyxin,polymixinE,polymixinE_vs_control,not_regulated,b0853,b0853,281.5826449551565,0.16901842893664742,1.1242932853705045,0.3314200684281494,0.5906976333130095,0.03864348948733765,BH_from_pvalue
polymyxin,polymixinE,polymixinE_vs_control,not_regulated,b2530,b2530,2905.6398508563943,0.2711747697678497,1.2067901028333998,0.5076310383862763,0.721357875484539,0.03846593022567248,BH_from_pvalue
polymyxin,polymixinE,polymixinE_vs_control,not_regulated,b1667,b1667,1273.692167093959,-0.17414574209276523,0.8862921607995018,0.34665913021479083,0.6013392856560467,0.03846538511671179,BH_from_pvalue
polymyxin,polymixinE,polymixinE_vs_control,not_regulated,b3952,b3952,28.768922885360507,-0.2556702246737972,0.8375979261385046,0.48866731631476484,0.707215440406632,0.03846514199048561,BH_from_pvalue
polymyxin,polymixinE,polymixinE_vs_control,not_regulated,b3700,b3700,181.7413536434631,0.19637055673652526,1.1458121624503357,0.390547061285101,0.6373193904966912,0.03841849888566309,BH_from_pvalue
polymyxin,polymixinE,polymixinE_vs_control,not_regulated,b1213,b1213,13.741042834101798,0.20658401418502637,1.153952639536929,0.41363049717574807,0.6537408834886739,0.03813424272410768,BH_from_pvalue
polymyxin,polymixinE,polymixinE_vs_control,not_regulated,b2968,b2968,16.358001913981795,-0.2360727256379227,0.8490534449482318,0.46925103709485977,0.6908972716375382,0.0379100980312593,BH_from_pvalue
polymyxin,polymixinE,polymixinE_vs_control,not_regulated,b4380,b4380,834.5173253809721,0.34384782713095063,1.269137012678088,0.5795398835685169,0.7762422521396471,0.037824196797645974,BH_from_pvalue
polymyxin,polymixinE,polymixinE_vs_control,not_regulated,b0620,b0620,23.60631248232116,0.24886249365818713,1.1882698431259093,0.4861265268163157,0.7048991352739484,0.03779549902335862,BH_from_pvalue
polymyxin,polymixinE,polymixinE_vs_control,not_regulated,b2382,b2382,231.28092081789444,-0.13085635309664578,0.9132891802695037,0.25252579438595263,0.5150289744695872,0.0377086577569661,BH_from_pvalue
polymyxin,polymixinE,polymixinE_vs_control,not_regulated,b2686,b2686,235.57899512254153,0.05668520061117377,1.0400732953656942,0.018704028442952672,0.21626559077695198,0.03769637116970172,BH_from_pvalue
polymyxin,polymixinE,polymixinE_vs_control,not_regulated,b4567,b4567,7.730344493283262,0.4763130636302999,1.391183824696882,0.6620299743276783,0.833422251960714,0.037692990601379504,BH_from_pvalue
polymyxin,polymixinE,polymixinE_vs_control,not_regulated,b0415,b0415,949.676362744923,-0.16725496369519632,0.890535504704514,0.3385224216491075,0.5956045125508959,0.037639394970176904,BH_from_pvalue
polymyxin,polymixinE,polymixinE_vs_control,not_regulated,b3341,b3341,4400.325755764874,-0.2166558210970866,0.8605579065294574,0.4412301118226626,0.671773468326853,0.03743317586408214,BH_from_pvalue
polymyxin,polymixinE,polymixinE_vs_control,not_regulated,b1834,b1834,1120.5270811932007,0.22400592574336997,1.167972191946624,0.45413515313729513,0.6808999729371845,0.03739032611601459,BH_from_pvalue
polymyxin,polymixinE,polymixinE_vs_control,not_regulated,b3418,b3418,7510.709038973039,-0.2711772042267686,0.8286431171545164,0.5188608904871479,0.7288862751444319,0.037243538898545675,BH_from_pvalue
polymyxin,polymixinE,polymixinE_vs_control,not_regulated,b2003,b2003,0.4854302889370765,0.3021240663108567,1.232958350654508,0.5520650247048511,0.7535609466721664,0.037125493791356164,BH_from_pvalue
polymyxin,polymixinE,polymixinE_vs_control,not_regulated,b2979,b2979,1213.125702613677,-0.1968120125774,0.8724763846126802,0.4040026083333329,0.6478935277352647,0.037098347681163615,BH_from_pvalue
polymyxin,polymixinE,polymixinE_vs_control,not_regulated,b1991,b1991,194.04202617426793,0.17170358521043294,1.1263877781295697,0.35534515870828204,0.6081973074086197,0.037080334777587036,BH_from_pvalue
polymyxin,polymixinE,polymixinE_vs_control,not_regulated,b0662,b0662,1753.4869574626252,0.18996433476645258,1.1407355151050604,0.3925579968167426,0.6385988678776522,0.03699970600361999,BH_from_pvalue
polymyxin,polymixinE,polymixinE_vs_control,not_regulated,b3566,b3566,575.3085832847772,0.6387377536174439,1.5569663383123356,0.7285822009895866,0.8751500312806859,0.036994085766848914,BH_from_pvalue
polymyxin,polymixinE,polymixinE_vs_control,not_regulated,b3266,b3266,141.73659559822525,0.14063356525898918,1.1023891281562619,0.28315249373753376,0.5461491924663066,0.036942849018684325,BH_from_pvalue
polymyxin,polymixinE,polymixinE_vs_control,not_regulated,b3639,b3639,439.95527672554675,0.20397759868765064,1.151869756660557,0.4285932703699854,0.6590130980923466,0.03694155751947989,BH_from_pvalue
polymyxin,polymixinE,polymixinE_vs_control,not_regulated,b0543,b0543,37.19042595451453,0.23415796327364724,1.1762200296863048,0.47618201747059236,0.6967686124211856,0.036742058843502436,BH_from_pvalue
polymyxin,polymixinE,polymixinE_vs_control,not_regulated,b2001,b2001,35.03991475162596,-0.1916990577862503,0.8755739529623547,0.3990551976285292,0.6432329977722875,0.03673561334828754,BH_from_pvalue
polymyxin,polymixinE,polymixinE_vs_control,not_regulated,b2081,b2081,745.9278511768666,0.316604194439023,1.2453956925084038,0.5666522277570406,0.7655451023951642,0.036735336963078104,BH_from_pvalue
polymyxin,polymixinE,polymixinE_vs_control,not_regulated,b3146,b3146,186.93410534354805,0.13697463222231576,1.0995968142700832,0.27776462800526824,0.539712499730443,0.036686946285925844,BH_from_pvalue
polymyxin,polymixinE,polymixinE_vs_control,not_regulated,b2220,b2220,286.5240067853451,0.42258138096034514,1.340323620673536,0.6415608155560668,0.8188821079373407,0.03667102816718627,BH_from_pvalue
polymyxin,polymixinE,polymixinE_vs_control,not_regulated,b1293,b1293,354.54537201045923,-0.29421067318586047,0.8155183965106435,0.5480440792247139,0.7508687993764127,0.03661038208902785,BH_from_pvalue
polymyxin,polymixinE,polymixinE_vs_control,not_regulated,b3421,b3421,186.21125214279132,-0.15867880994910077,0.8958450916561371,0.3320357909430082,0.5907820362585645,0.03626964697875018,BH_from_pvalue
polymyxin,polymixinE,polymixinE_vs_control,not_regulated,b1962,b1962,260.1378655430036,0.2490147358496344,1.1883952433978024,0.4984345180170773,0.7157891900145995,0.03616064117344326,BH_from_pvalue
polymyxin,polymixinE,polymixinE_vs_control,not_regulated,b4535,b4535,43.01224632051691,0.20752440894890611,1.1547050679716742,0.4395197477444992,0.6701558730016127,0.036072758567479886,BH_from_pvalue
polymyxin,polymixinE,polymixinE_vs_control,not_regulated,b3800,b3800,109.97634944871913,-0.1892953459940303,0.8770339854969065,0.40195068905688897,0.6457050712063881,0.035959642356769156,BH_from_pvalue
polymyxin,polymixinE,polymixinE_vs_control,not_regulated,b2344,b2344,2187.7834959386514,0.20873487828318105,1.1556743106546534,0.44331529673403836,0.6726846705666033,0.035941739138859355,BH_from_pvalue
polymyxin,polymixinE,polymixinE_vs_control,not_regulated,b2546,b2546,22.991808877333472,-0.20318402776584676,0.8686313769182618,0.4363632824000728,0.6662464508606679,0.035834569643165066,BH_from_pvalue
polymyxin,polymixinE,polymixinE_vs_control,not_regulated,b4004,b4004,209.17853031774962,-0.23715987508200786,0.8484138778475269,0.48827723327574696,0.706878337713006,0.03572939855295696,BH_from_pvalue
polymyxin,polymixinE,polymixinE_vs_control,not_regulated,b1007,b1007,8.940414175107678,-0.24615271540030115,0.8431418553781668,0.49885922939259625,0.7159760095111353,0.035717135501027376,BH_from_pvalue
polymyxin,polymixinE,polymixinE_vs_control,not_regulated,b0888,b0888,469.3378481259153,-0.1815920232776591,0.881729465091852,0.3885012022776654,0.6359091731604581,0.03570188342168905,BH_from_pvalue
polymyxin,polymixinE,polymixinE_vs_control,not_regulated,b1680,b1680,2175.6403161869084,-0.3173356896422863,0.80255062763954,0.5732807392765383,0.7718098668859232,0.035696988171668276,BH_from_pvalue
polymyxin,polymixinE,polymixinE_vs_control,not_regulated,b3718,b3718,16.765202337859602,0.40582259952466204,1.3248440980521154,0.6390505755907968,0.8168370244408649,0.035657434447088,BH_from_pvalue
polymyxin,polymixinE,polymixinE_vs_control,not_regulated,b2698,b2698,71.14645354635162,0.1553211274908337,1.1136694807891248,0.33287778007045105,0.5915781330528996,0.03541133574568714,BH_from_pvalue
polymyxin,polymixinE,polymixinE_vs_control,not_regulated,b4135,b4135,1562.4294772891305,0.16353166118176965,1.1200255638139762,0.3548857024701363,0.6078735299735998,0.03535338124439388,BH_from_pvalue
polymyxin,polymixinE,polymixinE_vs_control,not_regulated,b0509,b0509,15.323486700057144,0.34663647397540087,1.2715925542452862,0.6002979248259994,0.7911339190938604,0.03527025954099897,BH_from_pvalue
polymyxin,polymixinE,polymixinE_vs_control,not_regulated,b1610,b1610,269.932410898433,-0.2589945219406191,0.8356701320400699,0.5223910748312764,0.7315426695489046,0.03516118363039236,BH_from_pvalue
polymyxin,polymixinE,polymixinE_vs_control,not_regulated,b4503,b4503,1.5849212521899603,0.47523112734665607,1.3901409099017812,0.6731342207801733,0.8436056748025946,0.03510081224186749,BH_from_pvalue
polymyxin,polymixinE,polymixinE_vs_control,not_regulated,b3982,b3982,1683.1250881849126,-0.14243710401263598,0.9059874029599975,0.3044835028321583,0.567343328806565,0.035061469665375364,BH_from_pvalue
polymyxin,polymixinE,polymixinE_vs_control,not_regulated,b1960,b1960,59.31724699737128,-0.23826384418153435,0.8477649087919472,0.4952119983736319,0.7127883419790708,0.035034175554868444,BH_from_pvalue
polymyxin,polymixinE,polymixinE_vs_control,not_regulated,b4163,b4163,206.20473862797067,-0.25418702471925325,0.8384594831494654,0.5172485913996037,0.7284233450580518,0.034980238211585926,BH_from_pvalue
polymyxin,polymixinE,polymixinE_vs_control,not_regulated,b0465,b0465,1355.8859162994017,-0.23324455500094565,0.8507195095994021,0.4901761238547567,0.7082703362723977,0.03494025520101737,BH_from_pvalue
polymyxin,polymixinE,polymixinE_vs_control,not_regulated,b4360,b4360,150.7563440369195,0.16233760471350767,1.1190989504684241,0.3564771725652781,0.6094391190416651,0.03491389547454978,BH_from_pvalue
polymyxin,polymixinE,polymixinE_vs_control,not_regulated,b2092,b2092,45856.78221136757,0.26721833353601276,1.203485144380649,0.5341717094358726,0.740204666987848,0.03491158920822287,BH_from_pvalue
polymyxin,polymixinE,polymixinE_vs_control,not_regulated,b2077,b2077,128.202282500872,-0.2633643634780549,0.8331427641176117,0.5302683087660286,0.7370663945703327,0.03489403715126865,BH_from_pvalue
polymyxin,polymixinE,polymixinE_vs_control,not_regulated,b0225,b0225,112.52868376074908,0.18053370788937162,1.1333030597586247,0.3955539122636588,0.6411536927430405,0.034849839194989116,BH_from_pvalue
polymyxin,polymixinE,polymixinE_vs_control,not_regulated,b0983,b0983,18.53752337442368,-0.23248006213608985,0.8511704304969767,0.4901835386429466,0.7082703362723977,0.03482573344595514,BH_from_pvalue
polymyxin,polymixinE,polymixinE_vs_control,not_regulated,b2275,b2275,13.72668028874952,0.31346160649829624,1.242685829483559,0.5775044778562972,0.7744827493731739,0.0347905555107681,BH_from_pvalue
polymyxin,polymixinE,polymixinE_vs_control,not_regulated,b2770,b2770,18.212182455049142,0.2071701055339661,1.1544215252234846,0.4545020790799869,0.6809946587627321,0.03456763611375872,BH_from_pvalue
polymyxin,polymixinE,polymixinE_vs_control,not_regulated,b0240,b0240,1491.7347008700333,0.11710963686726927,1.0845598262773077,0.24282882019190866,0.5068417787578678,0.03456228531587098,BH_from_pvalue
polymyxin,polymixinE,polymixinE_vs_control,not_regulated,b1136,b1136,15360.959669254793,-0.20869775633745213,0.8653179551396101,0.4574098311866937,0.6836203962964226,0.034473736433826986,BH_from_pvalue
polymyxin,polymixinE,polymixinE_vs_control,not_regulated,b2743,b2743,487.00658945940876,-0.13295553312768504,0.9119612736364662,0.2895546967410141,0.5511709800850958,0.03439741215449383,BH_from_pvalue
polymyxin,polymixinE,polymixinE_vs_control,not_regulated,b3579,b3579,8.596021550090056,0.34557268135350094,1.270655272185802,0.6090105740943568,0.7954693051079876,0.03434182909931297,BH_from_pvalue
polymyxin,polymixinE,polymixinE_vs_control,not_regulated,b0262,b0262,29.41333349309293,0.1920089788516055,1.1423533564517947,0.4322492752892459,0.6624803487814741,0.034336389607184485,BH_from_pvalue
polymyxin,polymixinE,polymixinE_vs_control,not_regulated,b3701,b3701,893.4503679061003,0.1847474845136805,1.1366180131219705,0.40796255994592434,0.6519184235423983,0.034327328819429716,BH_from_pvalue
polymyxin,polymixinE,polymixinE_vs_control,not_regulated,b3059,b3059,263.43311247199443,-0.14067809192974323,0.9070927056514269,0.31024781647542776,0.5721585397730521,0.034112132366520054,BH_from_pvalue
polymyxin,polymixinE,polymixinE_vs_control,not_regulated,b1486,b1486,89.63810344344957,0.3064962789113945,1.2367006057527183,0.5770885390650863,0.7742601582417531,0.03405574801620676,BH_from_pvalue
polymyxin,polymixinE,polymixinE_vs_control,not_regulated,b1055,b1055,248.9925960210272,0.20849052373229693,1.1554785864333743,0.4620849503363073,0.6870860866409582,0.033981629812622274,BH_from_pvalue
polymyxin,polymixinE,polymixinE_vs_control,not_regulated,b2457,b2457,61.20286667797785,-0.21725929813092204,0.8601980118070873,0.4785889496229629,0.6986994791963931,0.03382935416393445,BH_from_pvalue
polymyxin,polymixinE,polymixinE_vs_control,not_regulated,b1550,b1550,53.68988156326903,-0.2894042708324358,0.8182398629528348,0.5643033960659721,0.7640688366961899,0.03382195740860615,BH_from_pvalue
polymyxin,polymixinE,polymixinE_vs_control,not_regulated,b0355,b0355,91.72161557044429,0.2375803295938681,1.179013575154018,0.5085879842240449,0.7214218710311429,0.03369143177737889,BH_from_pvalue
polymyxin,polymixinE,polymixinE_vs_control,not_regulated,b4147,b4147,1067.154161768347,0.1216508833344534,1.0879791305781772,0.2672244717761209,0.5285732955360561,0.03368449481862847,BH_from_pvalue
polymyxin,polymixinE,polymixinE_vs_control,not_regulated,b3187,b3187,1982.941686513241,-0.10310801196138009,0.9310251130590536,0.20309684429461122,0.4715452537048979,0.03366235546065078,BH_from_pvalue
polymyxin,polymixinE,polymixinE_vs_control,not_regulated,b1953,b1953,3468.722448025912,-0.2896748010949892,0.8180864432170667,0.5659768666786208,0.7655319858356148,0.03361289602286458,BH_from_pvalue
polymyxin,polymixinE,polymixinE_vs_control,not_regulated,b2487,b2487,62.55699700825068,-0.16527439017864776,0.8917588971875529,0.3757919027584608,0.6265122288611431,0.03356234439281336,BH_from_pvalue
polymyxin,polymixinE,polymixinE_vs_control,not_regulated,b4221,b4221,1334.7966205282416,-0.11634736389030564,0.9225203467195371,0.255987362056187,0.5158710402456486,0.033445079620573664,BH_from_pvalue
polymyxin,polymixinE,polymixinE_vs_control,not_regulated,b2058,b2058,4.086197444873865,0.39093381396797566,1.3112418574369362,0.645019927496542,0.8212000095894271,0.03344479991913215,BH_from_pvalue
polymyxin,polymixinE,polymixinE_vs_control,not_regulated,b4042,b4042,245.27250067039427,0.14368945093356,1.104726659930477,0.32395538219761044,0.5859072413047253,0.03336054283269645,BH_from_pvalue
polymyxin,polymixinE,polymixinE_vs_control,not_regulated,b4192,b4192,41.70583252356867,-0.28076301184310193,0.823155552020222,0.5604738146101242,0.7609764623484553,0.03330657247491409,BH_from_pvalue
polymyxin,polymixinE,polymixinE_vs_control,not_regulated,b3652,b3652,353.64439398476856,-0.21699942142141282,0.8603529756474281,0.4839132801243057,0.7032768768979409,0.03317349610869797,BH_from_pvalue
polymyxin,polymixinE,polymixinE_vs_control,not_regulated,b0546,b0546,133.8840564250992,-0.1937312753850735,0.8743414650767747,0.445409932949062,0.6742853285119992,0.03315832632275639,BH_from_pvalue
polymyxin,polymixinE,polymixinE_vs_control,not_regulated,b1818,b1818,2566.606692873902,0.19856978179645424,1.1475601551837473,0.45433185764395,0.6809679092577431,0.033136005454699725,BH_from_pvalue
polymyxin,polymixinE,polymixinE_vs_control,not_regulated,b2144,b2144,42.71637672705904,0.20312185955222972,1.151186724055608,0.46223265855392165,0.6870860866409582,0.03310659743470193,BH_from_pvalue
polymyxin,polymixinE,polymixinE_vs_control,not_regulated,b3740,b3740,136.81203045953978,0.19720212390277858,1.1464727971656816,0.4527059262292692,0.6803445560238065,0.03298621342617322,BH_from_pvalue
polymyxin,polymixinE,polymixinE_vs_control,not_regulated,b2283,b2283,9553.805714037451,-0.19641588252701503,0.8727159789534709,0.4520796204647389,0.6798721307306987,0.032913951745012895,BH_from_pvalue
polymyxin,polymixinE,polymixinE_vs_control,not_regulated,b2535,b2535,8149.380030739227,-0.21671801466974472,0.8605208092805199,0.4864702696397387,0.7051702458393635,0.03287742762717015,BH_from_pvalue
polymyxin,polymixinE,polymixinE_vs_control,not_regulated,b1419,b1419,279.9575996640188,0.3190479165259097,1.24750700493167,0.5959805151454568,0.7892629976361023,0.032791188883209026,BH_from_pvalue
polymyxin,polymixinE,polymixinE_vs_control,not_regulated,b4303,b4303,80.3693242539368,-0.30496104944710734,0.809464070540516,0.5854911262452146,0.7812337839961363,0.03269761393261729,BH_from_pvalue
polymyxin,polymixinE,polymixinE_vs_control,not_regulated,b0846,b0846,1300.739534138419,0.20015527537737832,1.148821994549697,0.4614623158233629,0.6866217322439584,0.03268184471500468,BH_from_pvalue
polymyxin,polymixinE,polymixinE_vs_control,not_regulated,b0241,b0241,6.326187121668132,0.4647525915184958,1.380080662391114,0.685594659882302,0.8507047669380949,0.032635453825560844,BH_from_pvalue
polymyxin,polymixinE,polymixinE_vs_control,not_regulated,b3223,b3223,230.8676971070884,-0.14507101273667633,0.9043348630433194,0.33995413490518694,0.5961456915413376,0.032589853452127095,BH_from_pvalue
polymyxin,polymixinE,polymixinE_vs_control,not_regulated,b1733,b1733,138.04966495355868,-0.20112077035932696,0.8698745310422599,0.4656454772970182,0.6896520766815897,0.03245484899985749,BH_from_pvalue
polymyxin,polymixinE,polymixinE_vs_control,not_regulated,b0644,b0644,32.491007793023506,-0.31532728429361345,0.8036686528568144,0.5964983605160227,0.7892629976361023,0.03240878878599894,BH_from_pvalue
polymyxin,polymixinE,polymixinE_vs_control,not_regulated,b3352,b3352,513.8262715201822,-0.14065681565957888,0.9071060831783706,0.3270302227655127,0.5883791155117037,0.03239927785644673,BH_from_pvalue
polymyxin,polymixinE,polymixinE_vs_control,not_regulated,b3649,b3649,621.0530659048042,0.1916816669644259,1.1420942140755221,0.4500152353789957,0.6779075819769338,0.03236152166965537,BH_from_pvalue
polymyxin,polymixinE,polymixinE_vs_control,not_regulated,b2276,b2276,6395.104473496137,-0.16587653281977843,0.8913867783403381,0.3941542276102188,0.6398071872214955,0.03217190044282853,BH_from_pvalue
polymyxin,polymixinE,polymixinE_vs_control,not_regulated,b2852,b2852,3.4312390860829787,0.48770142839342534,1.402209027750546,0.6994333166886921,0.8591073343707638,0.032165164199747645,BH_from_pvalue
polymyxin,polymixinE,polymixinE_vs_control,not_regulated,b3290,b3290,936.298673163109,-0.1997069215010363,0.8707274305911893,0.4690587309896336,0.6908972716375382,0.032070240012551036,BH_from_pvalue
polymyxin,polymixinE,polymixinE_vs_control,not_regulated,b1683,b1683,4674.228277308845,-0.3002695771518784,0.8121006357795497,0.5866123732407302,0.7820339225953777,0.032061106331105045,BH_from_pvalue
polymyxin,polymixinE,polymixinE_vs_control,not_regulated,b0549,b0549,0.47297035940510795,0.2830369592111904,1.2167535292372489,0.5718481811192276,0.7705731332157837,0.03203586008661266,BH_from_pvalue
polymyxin,polymixinE,polymixinE_vs_control,not_regulated,b4582,b4582,86.58936201021834,0.24191070807176818,1.1825578065811921,0.5313207341937286,0.7378452184017881,0.03194061570575716,BH_from_pvalue
polymyxin,polymixinE,polymixinE_vs_control,not_regulated,b4635,b4635,1.3690582525021473,0.43585488773675884,1.3527121627958518,0.6757368665271366,0.8452348235926198,0.031827265127828575,BH_from_pvalue
polymyxin,polymixinE,polymixinE_vs_control,not_regulated,b2222,b2222,2.4147530672590674,0.44246090369508906,1.3589203550611133,0.6793418211928288,0.8473875517818481,0.03182086792940766,BH_from_pvalue
polymyxin,polymixinE,polymixinE_vs_control,not_regulated,b3973,b3973,278.1725201806308,-0.1606667571535052,0.894611520959075,0.3862419609619181,0.6338257352815424,0.031816858981080456,BH_from_pvalue
polymyxin,polymixinE,polymixinE_vs_control,not_regulated,b1361,b1361,19.248546718295575,0.2891273771627283,1.221900979918613,0.5789574072241405,0.7761998264364185,0.03181166142451735,BH_from_pvalue
polymyxin,polymixinE,polymixinE_vs_control,not_regulated,b2214,b2214,154.30105502697086,-0.15593317886490698,0.8975516214965341,0.37648582240419304,0.6269652829226435,0.031616466637908576,BH_from_pvalue
polymyxin,polymixinE,polymixinE_vs_control,not_regulated,b0221,b0221,2447.5255616127774,-0.22609676128452705,0.8549448349800312,0.5121513272926518,0.7248762335312611,0.03159388850719893,BH_from_pvalue
polymyxin,polymixinE,polymixinE_vs_control,not_regulated,b4046,b4046,1156.8248440895857,-0.2180810180625059,0.8597082058740034,0.49996128055082584,0.71674039128066,0.03154282858094334,BH_from_pvalue
polymyxin,polymixinE,polymixinE_vs_control,not_regulated,b2807,b2807,61.75179311619385,-0.18262604046345832,0.8810977329902231,0.4418333543058099,0.6720887479430276,0.03151639225011635,BH_from_pvalue
polymyxin,polymixinE,polymixinE_vs_control,not_regulated,b2014,b2014,199.376100687874,0.16924823078991302,1.1244723843840627,0.4073412286862491,0.6515721360706788,0.031486517092655264,BH_from_pvalue
polymyxin,polymixinE,polymixinE_vs_control,not_regulated,b3082,b3082,41.890214761044454,0.2392020952102678,1.1803396757740114,0.5334804083426914,0.7394745382821035,0.03135383924066181,BH_from_pvalue
polymyxin,polymixinE,polymixinE_vs_control,not_regulated,b0035,b0035,18.08591367847202,0.2153617262430867,1.160994973612501,0.4977607894685467,0.7157698308917912,0.03127625357992501,BH_from_pvalue
polymyxin,polymixinE,polymixinE_vs_control,not_regulated,b1526,b1526,125.96962779687466,0.13279365710827307,1.0964147615622888,0.3194676822452583,0.5815812086760768,0.03125825038433144,BH_from_pvalue
polymyxin,polymixinE,polymixinE_vs_control,not_regulated,b2643,b2643,0.9055456279558864,0.4163876707412316,1.3345817408041334,0.6703508116638535,0.8413052318258964,0.031248399994114218,BH_from_pvalue
polymyxin,polymixinE,polymixinE_vs_control,not_regulated,b1449,b1449,1092.3448003722726,0.2883412057241994,1.2212353077329405,0.5831167551924754,0.7794529464653059,0.03120142981319025,BH_from_pvalue
polymyxin,polymixinE,polymixinE_vs_control,not_regulated,b0813,b0813,110.18017805051882,0.21167095810254022,1.1580286593080071,0.49490183498509416,0.712569927580971,0.03115214620332555,BH_from_pvalue
polymyxin,polymixinE,polymixinE_vs_control,not_regulated,b1081,b1081,27.87333700840766,0.5267412205508619,1.4406713092123231,0.7234674017089682,0.8727989357510586,0.031122922183255138,BH_from_pvalue
polymyxin,polymixinE,polymixinE_vs_control,not_regulated,b2768,b2768,51.249828322315174,0.31273420744098246,1.2420594319181366,0.6085643616271796,0.7954693051079876,0.031078454070450807,BH_from_pvalue
polymyxin,polymixinE,polymixinE_vs_control,not_regulated,b3041,b3041,2844.9320721823697,-0.1980105645785315,0.8717518558423794,0.47607944598174173,0.6967686124211856,0.031070119135249274,BH_from_pvalue
polymyxin,polymixinE,polymixinE_vs_control,not_regulated,b4025,b4025,5695.004385357555,-0.15467508827912013,0.8983346655299699,0.3812352883873515,0.6297628399091327,0.031062310479245323,BH_from_pvalue
polymyxin,polymixinE,polymixinE_vs_control,not_regulated,b2569,b2569,2218.987671947806,-0.167158058439826,0.8905953236311794,0.4084611540534351,0.6521708505791365,0.03103099067508224,BH_from_pvalue
polymyxin,polymixinE,polymixinE_vs_control,not_regulated,b3402,b3402,309.3364604961518,0.14911807204369154,1.1088913930073,0.3676384843023361,0.61999902216382,0.030958253140738107,BH_from_pvalue
polymyxin,polymixinE,polymixinE_vs_control,not_regulated,b2392,b2392,896.0026257661062,0.1803819842018335,1.1331838801169778,0.4451101146305432,0.6741161939460264,0.030893163798560754,BH_from_pvalue
polymyxin,polymixinE,polymixinE_vs_control,not_regulated,b0526,b0526,592.9815436640769,0.1565951691224612,1.1146533948691393,0.3874389150057775,0.6349765485433897,0.03088719353764535,BH_from_pvalue
polymyxin,polymixinE,polymixinE_vs_control,not_regulated,b1796,b1796,1.6755388002336458,0.2018190643811577,1.1501476385226734,0.48482077735778906,0.7038458001886937,0.030781943495820738,BH_from_pvalue
polymyxin,polymixinE,polymixinE_vs_control,not_regulated,b3398,b3398,982.4763251735931,-0.19809138530965598,0.8717030210942842,0.4791658927261176,0.6993147908767284,0.030768997280974136,BH_from_pvalue
polymyxin,polymixinE,polymixinE_vs_control,not_regulated,b1654,b1654,1212.6210286411851,-0.18207886123313344,0.8814319753665911,0.4500293552207924,0.6779075819769338,0.030740284695436097,BH_from_pvalue
polymyxin,polymixinE,polymixinE_vs_control,not_regulated,b1802,b1802,24.73465597101809,0.28879123686766306,1.2216163166328649,0.5881396113260943,0.7826780981493409,0.030732244772882618,BH_from_pvalue
polymyxin,polymixinE,polymixinE_vs_control,not_regulated,b2450,b2450,184.95455155816936,-0.18585255784201848,0.8791294025687204,0.4575787728100391,0.6836203962964226,0.030700052588196167,BH_from_pvalue
polymyxin,polymixinE,polymixinE_vs_control,not_regulated,b2547,b2547,39.50980692141847,-0.2356381486032424,0.849309240314915,0.5357327919398773,0.7412261144711069,0.03064457351254109,BH_from_pvalue
polymyxin,polymixinE,polymixinE_vs_control,not_regulated,b4038,b4038,7.36416665537664,0.46721620294225286,1.3824393640046442,0.7009665777416906,0.8598603228447181,0.030636343166838064,BH_from_pvalue
polymyxin,polymixinE,polymixinE_vs_control,not_regulated,b3792,b3792,216.1028811921557,0.18166762959410399,1.1341941573588363,0.4515182843974493,0.6794677963264393,0.030489482109628027,BH_from_pvalue
polymyxin,polymixinE,polymixinE_vs_control,not_regulated,b0530,b0530,14.31872637791903,0.32167818695302053,1.2497834900276819,0.6211140790176682,0.8050437119095848,0.030295824665399644,BH_from_pvalue
polymyxin,polymixinE,polymixinE_vs_control,not_regulated,b2047,b2047,21.842946900339864,0.2547464740327161,1.193126055600498,0.5596793490312464,0.7605551999826423,0.030281524858315135,BH_from_pvalue
polymyxin,polymixinE,polymixinE_vs_control,not_regulated,b0572,b0572,6.08192164438163,0.4288781125320482,1.3461863306347674,0.685478349939041,0.8507047669380949,0.030116307243391285,BH_from_pvalue
polymyxin,polymixinE,polymixinE_vs_control,not_regulated,b0006,b0006,208.47960977736443,0.14304959608755485,1.1042368072880542,0.3626941482432187,0.6158450263730286,0.030116025706367636,BH_from_pvalue
polymyxin,polymixinE,polymixinE_vs_control,not_regulated,b4350,b4350,4971.502539499957,-0.259049004259829,0.8356385741668402,0.5667552670022002,0.7655451023951642,0.03005725327895956,BH_from_pvalue
polymyxin,polymixinE,polymixinE_vs_control,not_regulated,b4467,b4467,612.4709731439626,0.2548254129760412,1.1931913408369226,0.5624603329114061,0.7627213076380779,0.029976163424556505,BH_from_pvalue
polymyxin,polymixinE,polymixinE_vs_control,not_regulated,b3253,b3253,933.6141139785536,0.09392227811883558,1.0672678398880404,0.21510614175583287,0.48041083695021664,0.029903651569216594,BH_from_pvalue
polymyxin,polymixinE,polymixinE_vs_control,not_regulated,b1131,b1131,1119.2466446762448,-0.2801928831351965,0.8234809134727938,0.5873853460457831,0.7821371481687189,0.029901368144002197,BH_from_pvalue
polymyxin,polymixinE,polymixinE_vs_control,not_regulated,b1705,b1705,6.14294002140705,0.19913413355802634,1.1480091442371168,0.4894763144771558,0.7077031380643672,0.029899766857079138,BH_from_pvalue
polymyxin,polymixinE,polymixinE_vs_control,not_regulated,b4162,b4162,408.4610739589393,-0.13916213948324518,0.9080463598111246,0.3568963089719471,0.609923859329718,0.0298815037505058,BH_from_pvalue
polymyxin,polymixinE,polymixinE_vs_control,not_regulated,b2550,b2550,146.31201043579657,0.1531446185176799,1.1119906200027168,0.3922433887237936,0.638375802905429,0.029851497744875853,BH_from_pvalue
polymyxin,polymixinE,polymixinE_vs_control,not_regulated,b2708,b2708,265.5626024366496,-0.22433422500898903,0.8559899568440176,0.5294807216495145,0.7364268045700423,0.02980738098487627,BH_from_pvalue
polymyxin,polymixinE,polymixinE_vs_control,not_regulated,b4325,b4325,4.342565030996045,-0.5019779126507846,0.7061380129299577,0.7235200602467252,0.8727989357510586,0.029659762524005207,BH_from_pvalue
polymyxin,polymixinE,polymixinE_vs_control,not_regulated,b3176,b3176,1713.9694083117172,-0.17136815040922393,0.8880001648980995,0.4410878410038036,0.671773468326853,0.029608501074597806,BH_from_pvalue
polymyxin,polymixinE,polymixinE_vs_control,not_regulated,b3318,b3318,1069.9455988185834,-0.22910233326785168,0.8531655792111379,0.5400071664307274,0.7434809411097067,0.029492380017041943,BH_from_pvalue
polymyxin,polymixinE,polymixinE_vs_control,not_regulated,b2063,b2063,684.8505400715435,0.1737922914954808,1.128019721873175,0.44878653838729893,0.6768343710343544,0.029460851291943157,BH_from_pvalue
polymyxin,polymixinE,polymixinE_vs_control,not_regulated,b3196,b3196,379.0682130927947,0.09340367511171799,1.0668842599722068,0.2206166197893825,0.48374920959918916,0.02945762598428044,BH_from_pvalue
polymyxin,polymixinE,polymixinE_vs_control,not_regulated,b2564,b2564,491.97665322038756,-0.1360387551480997,0.9100143780166259,0.35479716348122975,0.6078735299735998,0.029409778754816873,BH_from_pvalue
polymyxin,polymixinE,polymixinE_vs_control,not_regulated,b3916,b3916,3664.589813776372,0.11880202554110753,1.085832842210893,0.3026003939404483,0.5657092983973967,0.02939241505263712,BH_from_pvalue
polymyxin,polymixinE,polymixinE_vs_control,not_regulated,b0747,b0747,1.138241285096928,0.361933038086505,1.2851466866935866,0.6554403441731412,0.8296172243761214,0.029360818698124087,BH_from_pvalue
polymyxin,polymixinE,polymixinE_vs_control,not_regulated,b2519,b2519,258.2295178906564,0.1468647146549351,1.1071607582119625,0.3833194443892937,0.6317958449479821,0.0292882364438009,BH_from_pvalue
polymyxin,polymixinE,polymixinE_vs_control,not_regulated,b1218,b1218,670.4629599461757,-0.3153135145770012,0.8036763234608557,0.6279796918081059,0.807505046813282,0.029278359049019022,BH_from_pvalue
polymyxin,polymixinE,polymixinE_vs_control,not_regulated,b4176,b4176,14.649176925794443,0.28751691833880777,1.2205377512089777,0.6031284781379985,0.7913862003105943,0.02921503309780837,BH_from_pvalue
polymyxin,polymixinE,polymixinE_vs_control,not_regulated,b4098,b4098,4.022058228836823,0.2832280125606106,1.2169146722534145,0.5955609781680183,0.7892629976361023,0.029109681573916992,BH_from_pvalue
polymyxin,polymixinE,polymixinE_vs_control,not_regulated,b1393,b1393,47.76111668476805,-0.31269282583243907,0.8051375467696437,0.628485999484909,0.8076942930523202,0.029003193207382098,BH_from_pvalue
polymyxin,polymixinE,polymixinE_vs_control,not_regulated,b0639,b0639,161.3423630079675,0.2364142343121003,1.1780609922088225,0.5531654218935057,0.7542097810478898,0.028962597120088508,BH_from_pvalue
polymyxin,polymixinE,polymixinE_vs_control,not_regulated,b1756,b1756,43.874757964799954,0.25559087375529366,1.1938245886747683,0.5732714435585977,0.7718098668859232,0.028751333981733424,BH_from_pvalue
polymyxin,polymixinE,polymixinE_vs_control,not_regulated,b3464,b3464,967.012374415246,0.09787436864540666,1.0701955006538362,0.24574289078040695,0.509143953353418,0.028692792126300465,BH_from_pvalue
polymyxin,polymixinE,polymixinE_vs_control,not_regulated,b1688,b1688,931.2873125390121,-0.2013734164403438,0.8697222111527871,0.5082221225901521,0.721357875484539,0.028564662533800054,BH_from_pvalue
polymyxin,polymixinE,polymixinE_vs_control,not_regulated,b1642,b1642,1397.1403965232623,-0.13031006223346253,0.913635071808057,0.35073809867125366,0.6041335848401618,0.02852057505065661,BH_from_pvalue
polymyxin,polymixinE,polymixinE_vs_control,not_regulated,b1123,b1123,2503.9197147322507,0.26673757222921424,1.2030841637984735,0.5863875091450587,0.7819659105053287,0.02849082142398686,BH_from_pvalue
polymyxin,polymixinE,polymixinE_vs_control,not_regulated,b0857,b0857,132.07077367697667,-0.2552722714726636,0.8378290011355933,0.5755023346122188,0.7734906425809456,0.028474329152201983,BH_from_pvalue
polymyxin,polymixinE,polymixinE_vs_control,not_regulated,b0566,b0566,18.27459060600832,0.27844606038596353,1.2128877684040722,0.5980783601703132,0.7905249673952597,0.02842500152898067,BH_from_pvalue
polymyxin,polymixinE,polymixinE_vs_control,not_regulated,b1831,b1831,1688.3117618811768,-0.11076813327495394,0.9260948504635048,0.29393149734101826,0.5555382267350972,0.028277559406201868,BH_from_pvalue
polymyxin,polymixinE,polymixinE_vs_control,not_regulated,b1754,b1754,166.79600666112657,0.22268425778807277,1.1669026904205333,0.5435343178559705,0.7467371294184958,0.02824354635772112,BH_from_pvalue
polymyxin,polymixinE,polymixinE_vs_control,not_regulated,b0803,b0803,276.34466112582146,0.17207349599824617,1.126676623935431,0.46027743070504856,0.6853121096694169,0.028239255713726052,BH_from_pvalue
polymyxin,polymixinE,polymixinE_vs_control,not_regulated,b1749,b1749,278.5729488284829,0.1512877894947735,1.1105603466417149,0.40645796043663857,0.6508536511370595,0.02821769236592861,BH_from_pvalue
polymyxin,polymixinE,polymixinE_vs_control,not_regulated,b1760,b1760,76.60445658025486,0.13881232703163704,1.1009983654218234,0.38067978158608223,0.6292898410783528,0.027921999528688284,BH_from_pvalue
polymyxin,polymixinE,polymixinE_vs_control,not_regulated,b3404,b3404,656.1630247128132,-0.09084354234724934,0.9389735717697678,0.2289943926452995,0.49296806730670983,0.027905429426223014,BH_from_pvalue
polymyxin,polymixinE,polymixinE_vs_control,not_regulated,b3180,b3180,576.6826221497441,-0.15464771118539566,0.8983517128095327,0.4308396146570162,0.661323624284936,0.027772558113398123,BH_from_pvalue
polymyxin,polymixinE,polymixinE_vs_control,not_regulated,b4680,b4680,45.65931876127578,-0.18410876902945716,0.8801926507444625,0.4890363048133557,0.7074068144188859,0.027677211347860976,BH_from_pvalue
polymyxin,polymixinE,polymixinE_vs_control,not_regulated,b0512,b0512,29.667082656843593,0.38837954725460655,1.3089223802231418,0.6828713195867967,0.8491996669896078,0.02757113583716299,BH_from_pvalue
polymyxin,polymixinE,polymixinE_vs_control,not_regulated,b0471,b0471,496.54086606854116,-0.197390560815478,0.872126575080401,0.5130013849557493,0.7253681973783646,0.02752443377249532,BH_from_pvalue
polymyxin,polymixinE,polymixinE_vs_control,not_regulated,b3201,b3201,849.3374996986589,-0.14892718329547883,0.9019208996105205,0.4186905387625925,0.6537408834886739,0.027491117250344855,BH_from_pvalue
polymyxin,polymixinE,polymixinE_vs_control,not_regulated,b1392,b1392,88.4133247658657,-0.2782033287131025,0.8246173215559135,0.6102831705352084,0.7965913235831014,0.02747659268535719,BH_from_pvalue
polymyxin,polymixinE,polymixinE_vs_control,not_regulated,b2124,b2124,635.2659719159498,-0.13432510080985516,0.9110959486730646,0.3728415093338259,0.6245963161949903,0.027456128718613106,BH_from_pvalue
polymyxin,polymixinE,polymixinE_vs_control,not_regulated,b0043,b0043,10.764063045351568,0.22235575241952787,1.166637013927736,0.5508688636681668,0.7531310051322266,0.0273785465827763,BH_from_pvalue
polymyxin,polymixinE,polymixinE_vs_control,not_regulated,b2470,b2470,233.3206922549289,0.17019456440531044,1.1252102222978297,0.4699301804522528,0.6911385022222774,0.027305150049200262,BH_from_pvalue
polymyxin,polymixinE,polymixinE_vs_control,not_regulated,b4469,b4469,826.0200792203317,0.15900986296690078,1.1165205950357948,0.44442242780287017,0.6737485946266634,0.027270529824086138,BH_from_pvalue
polymyxin,polymixinE,polymixinE_vs_control,not_regulated,b3724,b3724,240.48725470336922,-0.1482735096415917,0.9023296453927812,0.42426589531093045,0.6550698900006423,0.0272396767174504,BH_from_pvalue
polymyxin,polymixinE,polymixinE_vs_control,not_regulated,b4651,b4651,1.9012417727958215,0.398553510327613,1.3181855952496466,0.6945059452160938,0.8551567866361867,0.027083406197857835,BH_from_pvalue
polymyxin,polymixinE,polymixinE_vs_control,not_regulated,b2289,b2289,507.44879681561855,-0.3329101077056613,0.793933398261414,0.6551326462205385,0.8296172243761214,0.027006413580798045,BH_from_pvalue
polymyxin,polymixinE,polymixinE_vs_control,not_regulated,b2093,b2093,4178.9327874852415,0.2265257687773783,1.1700139805803103,0.558562613165965,0.7599560296492773,0.027004484583115333,BH_from_pvalue
polymyxin,polymixinE,polymixinE_vs_control,not_regulated,b2166,b2166,7.136538180826377,-0.3829023552185302,0.7668932331050572,0.6847636079424679,0.8503773353189455,0.02695185479586054,BH_from_pvalue
polymyxin,polymixinE,polymixinE_vs_control,not_regulated,b3049,b3049,2314.5347642336187,0.2073958470704511,1.1546021741277352,0.5360760931602443,0.741473021843413,0.026941684086042035,BH_from_pvalue
polymyxin,polymixinE,polymixinE_vs_control,not_regulated,b0804,b0804,20.83425959931245,-0.19573590562388077,0.8731274079540443,0.5188736889756494,0.7288862751444319,0.026882413791864974,BH_from_pvalue
polymyxin,polymixinE,polymixinE_vs_control,not_regulated,b0900,b0900,18.072987503943075,0.23902964420396078,1.1801985935674633,0.5742238487314234,0.7725304183401631,0.02679149694107633,BH_from_pvalue
polymyxin,polymixinE,polymixinE_vs_control,not_regulated,b2106,b2106,18.07217861140595,0.20721514815104847,1.154457568168784,0.5406691878256769,0.7437515220272373,0.026642093486986894,BH_from_pvalue
polymyxin,polymixinE,polymixinE_vs_control,not_regulated,b3289,b3289,1911.5730938919278,0.144286802521556,1.1051841695520697,0.4224328870439659,0.6537408834886739,0.026634529157296357,BH_from_pvalue
polymyxin,polymixinE,polymixinE_vs_control,not_regulated,b2801,b2801,76.76531092522644,0.4053415382674679,1.3244024073944927,0.7010021796068433,0.8598603228447181,0.026579092051888954,BH_from_pvalue
polymyxin,polymixinE,polymixinE_vs_control,not_regulated,b0977,b0977,319.075418753729,0.44024695468106945,1.3568365653460677,0.7185490728832696,0.8705592337400208,0.026503603513517316,BH_from_pvalue
polymyxin,polymixinE,polymixinE_vs_control,not_regulated,b3441,b3441,146.19138730018796,0.22778666913048085,1.171037007535414,0.5664884148359587,0.7655451023951642,0.026429908994200047,BH_from_pvalue
polymyxin,polymixinE,polymixinE_vs_control,not_regulated,b2828,b2828,309.2424557014465,0.15818833913283648,1.1158849879628527,0.45478256095287534,0.6809946587627321,0.026394720080341053,BH_from_pvalue
polymyxin,polymixinE,polymixinE_vs_control,not_regulated,b0738,b0738,161.79848604064776,-0.16742637826215656,0.8904297015477174,0.47568708953655137,0.696710167278305,0.026277210376672085,BH_from_pvalue
polymyxin,polymixinE,polymixinE_vs_control,not_regulated,b2294,b2294,442.35456741354596,-0.08530264640436513,0.9425867807338058,0.22951593053842426,0.4937034345631809,0.026148148745389503,BH_from_pvalue
polymyxin,polymixinE,polymixinE_vs_control,not_regulated,b3248,b3248,192.2120510802587,-0.2562730269779596,0.8372480251007864,0.6028283824567555,0.7912839433543584,0.026054675600985594,BH_from_pvalue
polymyxin,polymixinE,polymixinE_vs_control,not_regulated,b0862,b0862,1450.0799142597634,-0.27298636009649435,0.827604640596732,0.6178619174193405,0.8028106714965006,0.026039312589648277,BH_from_pvalue
polymyxin,polymixinE,polymixinE_vs_control,not_regulated,b2687,b2687,3044.150224888416,-0.2914472538481476,0.8170819833925959,0.6360573620322327,0.8146315530811454,0.02595010570749549,BH_from_pvalue
polymyxin,polymixinE,polymixinE_vs_control,not_regulated,b0878,b0878,425.1433691218758,-0.16578724205662,0.8914419494378748,0.4775399139691533,0.6978182178813356,0.025905532577807804,BH_from_pvalue
polymyxin,polymixinE,polymixinE_vs_control,not_regulated,b2617,b2617,1026.0932908767875,-0.11834376819808767,0.921244644066365,0.3512248386743048,0.6041335848401618,0.02590154792976791,BH_from_pvalue
polymyxin,polymixinE,polymixinE_vs_control,not_regulated,b3179,b3179,4149.2388685204105,-0.12303007164561741,0.9182570218819468,0.3637041270711921,0.615941703149933,0.025892956913212483,BH_from_pvalue
polymyxin,polymixinE,polymixinE_vs_control,not_regulated,b4585,b4585,15.385187986680863,-0.2535262162091736,0.8388436170488005,0.5992424287677883,0.7906695349362017,0.02586094030466176,BH_from_pvalue
polymyxin,polymixinE,polymixinE_vs_control,not_regulated,b1637,b1637,2269.0024838748445,-0.20056722159537976,0.8702083579056046,0.5390905100362359,0.743128750886604,0.02586032243987747,BH_from_pvalue
polymyxin,polymixinE,polymixinE_vs_control,not_regulated,b1693,b1693,148.30867284206838,-0.16087054746969454,0.8944851600278415,0.4690915330529311,0.6908972716375382,0.025833641766276075,BH_from_pvalue
polymyxin,polymixinE,polymixinE_vs_control,not_regulated,b4281,b4281,8.351566551186883,-0.27829227068601137,0.8245664855658772,0.6299640537831838,0.8081860791560919,0.025738872097834167,BH_from_pvalue
polymyxin,polymixinE,polymixinE_vs_control,not_regulated,b1907,b1907,118.21776864023322,0.16564468991681647,1.121667199864488,0.47939969374113844,0.6994290698824654,0.025717385211472443,BH_from_pvalue
polymyxin,polymixinE,polymixinE_vs_control,not_regulated,b1101,b1101,3362.7660122627185,0.1449283249598068,1.1056757204910146,0.4352400458396366,0.6649829232971078,0.025679778478621625,BH_from_pvalue
polymyxin,polymixinE,polymixinE_vs_control,not_regulated,b0254,b0254,32.27180908618488,0.26234699900624925,1.199428367269619,0.6124143816133002,0.7987728335159352,0.025598958097378364,BH_from_pvalue
polymyxin,polymixinE,polymixinE_vs_control,not_regulated,b1556,b1556,2.9131282011773276,-0.37770973329031166,0.7696584478985692,0.6955082122897853,0.8559222814991667,0.02552021038547878,BH_from_pvalue
polymyxin,polymixinE,polymixinE_vs_control,not_regulated,b1638,b1638,543.5347555578846,0.14232859340697424,1.1036850906990627,0.4318691557897646,0.6623073517703243,0.02546833887341921,BH_from_pvalue
polymyxin,polymixinE,polymixinE_vs_control,not_regulated,b2335,b2335,3.721582286380842,-0.36432654065844905,0.7768314202879687,0.6869108992106575,0.8513985187791505,0.025454442390890144,BH_from_pvalue
polymyxin,polymixinE,polymixinE_vs_control,not_regulated,b1901,b1901,835.4952367445508,0.4302168272032141,1.3474360720798233,0.7246868033302656,0.8735977918752139,0.025248768376481812,BH_from_pvalue
polymyxin,polymixinE,polymixinE_vs_control,not_regulated,b2407,b2407,9.78932547350456,-0.2961278492533941,0.8144353859524548,0.6458857825271077,0.8218371286582548,0.02523431027825189,BH_from_pvalue
polymyxin,polymixinE,polymixinE_vs_control,not_regulated,b0396,b0396,197.62572659496144,-0.1765684717138578,0.884805052107247,0.5058720888775118,0.7205233235500468,0.025134867384104864,BH_from_pvalue
polymyxin,polymixinE,polymixinE_vs_control,not_regulated,b1613,b1613,1590.0708728226691,-0.16473353338965246,0.892093274349356,0.48493066580363753,0.7038458001886937,0.025125566468241958,BH_from_pvalue
polymyxin,polymixinE,polymixinE_vs_control,not_regulated,b2480,b2480,456.8251286528639,0.16938022890260562,1.1245752717016655,0.49400578114116556,0.711963474390568,0.024990746217381864,BH_from_pvalue
polymyxin,polymixinE,polymixinE_vs_control,not_regulated,b0773,b0773,784.2595318260642,-0.24448512066522277,0.8441169968965576,0.5994640912622659,0.7907300535183789,0.024930576709719304,BH_from_pvalue
polymyxin,polymixinE,polymixinE_vs_control,not_regulated,b3546,b3546,590.4529763524914,-0.18105521493426302,0.8820576063754149,0.5177380368598293,0.7286216992615762,0.0248947116693089,BH_from_pvalue
polymyxin,polymixinE,polymixinE_vs_control,not_regulated,b0195,b0195,100.73614768771093,0.1929811647753601,1.1431234111742066,0.5409489640082832,0.7438668419777615,0.024799005911591072,BH_from_pvalue
polymyxin,polymixinE,polymixinE_vs_control,not_regulated,b0950,b0950,432.94598040484334,-0.2494061940366077,0.8412425951923871,0.609069872563786,0.7954693051079876,0.02478513306771985,BH_from_pvalue
polymyxin,polymixinE,polymixinE_vs_control,not_regulated,b0289,b0289,62.12389190691308,-0.1800618498084825,0.8826651547236812,0.5178754051888081,0.7286216992615762,0.02475812605150368,BH_from_pvalue
polymyxin,polymixinE,polymixinE_vs_control,not_regulated,b2803,b2803,95.66202153594593,0.3581909476713543,1.2818175676924983,0.6902991475619857,0.8530125180587395,0.02473114908056972,BH_from_pvalue
polymyxin,polymixinE,polymixinE_vs_control,not_regulated,b0050,b0050,255.86287213109222,0.18012882699424448,1.1329850518888978,0.5204580049914935,0.7297444222106414,0.024646886149587238,BH_from_pvalue
polymyxin,polymixinE,polymixinE_vs_control,not_regulated,b1433,b1433,78.87279429805697,-0.1734168447491724,0.8867400581063983,0.5076999828353869,0.721357875484539,0.02459904457847837,BH_from_pvalue
polymyxin,polymixinE,polymixinE_vs_control,not_regulated,b2650,b2650,2.912292609820861,0.4213541032601933,1.3391839135446495,0.7268184875186696,0.8743593358809778,0.02456917818240882,BH_from_pvalue
polymyxin,polymixinE,polymixinE_vs_control,not_regulated,b3787,b3787,403.81601929453086,0.17315243200101982,1.127519537099047,0.5090797349373108,0.7216642444840922,0.024529606672576313,BH_from_pvalue
polymyxin,polymixinE,polymixinE_vs_control,not_regulated,b4420,b4420,1.3546134114351371,-0.3809684284687106,0.7679219396542687,0.705197416390596,0.8622242390389545,0.0245266606888811,BH_from_pvalue
polymyxin,polymixinE,polymixinE_vs_control,not_regulated,b1863,b1863,383.42202602385873,0.225320376868396,1.1690368257857198,0.5835491350334215,0.7795675703535284,0.024367550568162005,BH_from_pvalue
polymyxin,polymixinE,polymixinE_vs_control,not_regulated,b0615,b0615,7.146881818600838,0.24419088098265496,1.1844283115564531,0.607360022109476,0.7948282785913618,0.024352348252927876,BH_from_pvalue
polymyxin,polymixinE,polymixinE_vs_control,not_regulated,b3030,b3030,1146.4257947259484,-0.17647398178336893,0.8848630046914302,0.5185028247031744,0.7288484138346747,0.024240957974102393,BH_from_pvalue
polymyxin,polymixinE,polymixinE_vs_control,not_regulated,b2160,b2160,382.374821552778,0.24147662101274747,1.1822020447561636,0.6053880406551063,0.7938923967968495,0.02420521982301943,BH_from_pvalue
polymyxin,polymixinE,polymixinE_vs_control,not_regulated,b1648,b1648,136.32771142215265,0.22586772296009716,1.1694804324489576,0.5869197507504328,0.7821371481687189,0.024103945326900373,BH_from_pvalue
polymyxin,polymixinE,polymixinE_vs_control,not_regulated,b0212,b0212,241.04224268483827,0.14397585031225546,1.1049459886360091,0.45330782537858866,0.6805255484659379,0.02406636471457208,BH_from_pvalue
polymyxin,polymixinE,polymixinE_vs_control,not_regulated,b2555,b2555,113.70880794558418,0.16962370589979603,1.1247650771064688,0.507779145465438,0.721357875484539,0.024060990782244638,BH_from_pvalue
polymyxin,polymixinE,polymixinE_vs_control,not_regulated,b0423,b0423,597.6996309928064,0.17646909165115687,1.1301146111008546,0.5216615043103981,0.7307485040137561,0.02404074877419981,BH_from_pvalue
polymyxin,polymixinE,polymixinE_vs_control,not_regulated,b1110,b1110,1808.3336169351214,-0.3425548670258429,0.7886434666790124,0.6861890961811188,0.8509731881178058,0.024007657487595285,BH_from_pvalue
polymyxin,polymixinE,polymixinE_vs_control,not_regulated,b4099,b4099,8.355816822118078,0.40943943345778777,1.3281696467091315,0.7256617696771511,0.8741367541531403,0.02391970511911656,BH_from_pvalue
polymyxin,polymixinE,polymixinE_vs_control,not_regulated,b0402,b0402,563.4942132313977,-0.16786294355103593,0.8901602947229436,0.5082030766763811,0.721357875484539,0.023811228012244393,BH_from_pvalue
polymyxin,polymixinE,polymixinE_vs_control,not_regulated,b0678,b0678,738.2515677894056,0.14683783261284233,1.1071401284433862,0.46432450913823853,0.6886025855930752,0.02379233238466582,BH_from_pvalue
polymyxin,polymixinE,polymixinE_vs_control,not_regulated,b1682,b1682,1610.3627041742895,-0.25496264438660177,0.8380088328978736,0.6268903430851019,0.8071406841351533,0.023724468192178386,BH_from_pvalue
polymyxin,polymixinE,polymixinE_vs_control,not_regulated,b1400,b1400,351.4397670688522,0.1724350864643327,1.1269590443861626,0.5181648953450829,0.7288010316642223,0.023691032630935395,BH_from_pvalue
polymyxin,polymixinE,polymixinE_vs_control,not_regulated,b1859,b1859,761.8410208595518,0.17694354296331305,1.130486326897066,0.5266569311308062,0.7349993410568931,0.023659660855241547,BH_from_pvalue
polymyxin,polymixinE,polymixinE_vs_control,not_regulated,b2398,b2398,285.4453012473866,-0.22988585423991292,0.8527023547489021,0.5963183610555429,0.7892629976361023,0.023627267496500536,BH_from_pvalue
polymyxin,polymixinE,polymixinE_vs_control,not_regulated,b2075,b2075,344.4912927756944,-0.2293468277251005,0.8530210049421356,0.59486216243338,0.789041972787677,0.023599764272767127,BH_from_pvalue
polymyxin,polymixinE,polymixinE_vs_control,not_regulated,b2296,b2296,3680.24730265192,0.16593764096708874,1.1218949867071752,0.5063490926296462,0.7209744281887144,0.023576443050615892,BH_from_pvalue
polymyxin,polymixinE,polymixinE_vs_control,not_regulated,b0394,b0394,318.8169304694007,0.11316623459817521,1.081599383639327,0.36787290536980444,0.61999902216382,0.023494328284018852,BH_from_pvalue
polymyxin,polymixinE,polymixinE_vs_control,not_regulated,b3370,b3370,8.905716465508414,-0.4056044800017822,0.7549199198852369,0.7288377094658625,0.8751500312806859,0.023491592340713487,BH_from_pvalue
polymyxin,polymixinE,polymixinE_vs_control,not_regulated,b2280,b2280,1419.500392854415,-0.12748468268802782,0.9154260914622107,0.4246364470213051,0.6550698900006423,0.023420512209110914,BH_from_pvalue
polymyxin,polymixinE,polymixinE_vs_control,not_regulated,b2332,b2332,220.77436450936204,-0.07400960528650202,0.9499940579099978,0.22074303034081524,0.48374920959918916,0.023341129448775724,BH_from_pvalue
polymyxin,polymixinE,polymixinE_vs_control,not_regulated,b3327,b3327,7.874107678841511,-0.29739641915057025,0.813719563077675,0.6640541279907967,0.8348002984076589,0.02332105525684054,BH_from_pvalue
polymyxin,polymixinE,polymixinE_vs_control,not_regulated,b1289,b1289,155.8281154979535,-0.1604303889395471,0.8947581042942563,0.49747585491222374,0.7155888696498824,0.023316378887833337,BH_from_pvalue
polymyxin,polymixinE,polymixinE_vs_control,not_regulated,b2900,b2900,173.85097677931037,-0.10270805010841144,0.9312832591957924,0.3365292621485606,0.5936112239781277,0.023263157254702065,BH_from_pvalue
polymyxin,polymixinE,polymixinE_vs_control,not_regulated,b4115,b4115,51.09209820939071,-0.24959324104245795,0.8411335342306582,0.6271580015678881,0.8071406841351533,0.023224841122669492,BH_from_pvalue
polymyxin,polymixinE,polymixinE_vs_control,not_regulated,b3806,b3806,5668.026861732443,0.11702270774133083,1.0844944784423804,0.3875079203538472,0.6349765485433897,0.023081829679427502,BH_from_pvalue
polymyxin,polymixinE,polymixinE_vs_control,not_regulated,b0958,b0958,634.6064950731809,0.1427032131829904,1.103971718112047,0.46524777322050836,0.6894813159827113,0.023043357839276923,BH_from_pvalue
polymyxin,polymixinE,polymixinE_vs_control,not_regulated,b3193,b3193,370.06935484121385,-0.1582932082796038,0.8960845639781236,0.4985699271488973,0.7157891900145995,0.022986526822445775,BH_from_pvalue
polymyxin,polymixinE,polymixinE_vs_control,not_regulated,b3211,b3211,90.61459784221273,0.1607226730792135,1.1178469484109188,0.5043139726046092,0.7194983145121886,0.022978555784318743,BH_from_pvalue
polymyxin,polymixinE,polymixinE_vs_control,not_regulated,b0574,b0574,7.7317021348753725,0.28479337716753106,1.2182357754114936,0.6573723748785208,0.8312794327252142,0.022855512802862066,BH_from_pvalue
polymyxin,polymixinE,polymixinE_vs_control,not_regulated,b1434,b1434,41.329057084529346,0.21952001371243046,1.1643461427292474,0.5927751818022565,0.7872166423816208,0.0228093879661688,BH_from_pvalue
polymyxin,polymixinE,polymixinE_vs_control,not_regulated,b2837,b2837,878.4781270776224,-0.17660989688454265,0.8847796464095442,0.5377328765161907,0.7429935460024774,0.02278531855482311,BH_from_pvalue
polymyxin,polymixinE,polymixinE_vs_control,not_regulated,b4458,b4458,0.7565028520224089,0.3420885930956277,1.267590359902307,0.6980592960954739,0.858122632915398,0.022732007109370275,BH_from_pvalue
polymyxin,polymixinE,polymixinE_vs_control,not_regulated,b3607,b3607,1242.8194970668621,-0.12883673996774547,0.9145685791796194,0.4362191019063277,0.6662464508606679,0.02272230342974116,BH_from_pvalue
polymyxin,polymixinE,polymixinE_vs_control,not_regulated,b4100,b4100,1.0963726984440685,0.3196484130058941,1.2480263658987352,0.6827967294058422,0.8491996669896078,0.022691899914445226,BH_from_pvalue
polymyxin,polymixinE,polymixinE_vs_control,not_regulated,b2359,b2359,7.505374650573128,-0.2451135726859417,0.8437493713821519,0.6291976194113221,0.808147028016027,0.02267536343172199,BH_from_pvalue
polymyxin,polymixinE,polymixinE_vs_control,not_regulated,b2969,b2969,4.85532424003832,0.3946924342790381,1.3146624596566852,0.731378332476683,0.8760958027909775,0.022674448953290013,BH_from_pvalue
polymyxin,polymixinE,polymixinE_vs_control,not_regulated,b3481,b3481,28.42606729481926,-0.167901776735766,0.8901363345006119,0.5235813950557476,0.7328579692640274,0.022663412914204584,BH_from_pvalue
polymyxin,polymixinE,polymixinE_vs_control,not_regulated,b0053,b0053,4157.6040440523075,-0.14473109673685158,0.904547960126602,0.4774424836443029,0.6978182178813356,0.0226153478098024,BH_from_pvalue
polymyxin,polymixinE,polymixinE_vs_control,not_regulated,b0570,b0570,108.39642790574403,-0.17844854034663626,0.8836527567537344,0.5443046407526951,0.7472027935174332,0.022584717278007045,BH_from_pvalue
polymyxin,polymixinE,polymixinE_vs_control,not_regulated,b1958,b1958,572.1985067619947,0.24259502673301725,1.1831188664786831,0.6253882710639173,0.8071406841351533,0.02257365195264103,BH_from_pvalue
polymyxin,polymixinE,polymixinE_vs_control,not_regulated,b4379,b4379,197.56939012006774,0.2773730989626024,1.2119860546409484,0.6548383365389702,0.8296172243761214,0.022501127041160966,BH_from_pvalue
polymyxin,polymixinE,polymixinE_vs_control,not_regulated,b0798,b0798,174.3077912307111,0.2255235980239192,1.169201510449604,0.6075188132052249,0.7948282785913618,0.02249072191488551,BH_from_pvalue
polymyxin,polymixinE,polymixinE_vs_control,not_regulated,b0393,b0393,297.1852016081117,0.1463660005699179,1.1067780985198823,0.48207574768304706,0.7021945314372882,0.02247340999467345,BH_from_pvalue
polymyxin,polymixinE,polymixinE_vs_control,not_regulated,b2499,b2499,400.82953610613725,0.20426356245894972,1.152098097132934,0.5796793519202034,0.7762422521396471,0.02246954779241098,BH_from_pvalue
polymyxin,polymixinE,polymixinE_vs_control,not_regulated,b1727,b1727,225.27123039901304,-0.069997108544122,0.9526399073272033,0.21055270137157828,0.4775237715307919,0.022469422108286945,BH_from_pvalue
polymyxin,polymixinE,polymixinE_vs_control,not_regulated,b2308,b2308,150.44843091709666,-0.15699144344656446,0.8968934790774173,0.5043526424315097,0.7194983145121886,0.022445101066230076,BH_from_pvalue
polymyxin,polymixinE,polymixinE_vs_control,not_regulated,b2987,b2987,19.757961368230482,0.28323297144949766,1.2169188550882097,0.6615528579903661,0.833422251960714,0.02241361521659423,BH_from_pvalue
polymyxin,polymixinE,polymixinE_vs_control,not_regulated,b0040,b0040,9.459661272606601,0.32160935878898345,1.2497238667194104,0.6886873251593848,0.8522197251008613,0.022335261191931167,BH_from_pvalue
polymyxin,polymixinE,polymixinE_vs_control,not_regulated,b1536,b1536,842.8916834289831,0.39722748200884617,1.3169745642794881,0.73678850089066,0.8786321969742679,0.022321358734235592,BH_from_pvalue
polymyxin,polymixinE,polymixinE_vs_control,not_regulated,b0103,b0103,247.64748400338382,-0.12097176568966717,0.9195680424119134,0.42490739138759237,0.6552051581972542,0.022213161294689008,BH_from_pvalue
polymyxin,polymixinE,polymixinE_vs_control,not_regulated,b2212,b2212,150.96135924653606,0.23707074429059816,1.178597200329306,0.6262097679152469,0.8071406841351533,0.022059613265110578,BH_from_pvalue
polymyxin,polymixinE,polymixinE_vs_control,not_regulated,b2866,b2866,179.66250085511936,0.19666469797175168,1.1460457980801924,0.5746979662119388,0.7727926612918686,0.022014058417807136,BH_from_pvalue
polymyxin,polymixinE,polymixinE_vs_control,not_regulated,b4700,b4700,2.192745396888137,0.38138452141112467,1.3025913228829578,0.7311023107359703,0.8760958027909775,0.021909930647917568,BH_from_pvalue
polymyxin,polymixinE,polymixinE_vs_control,not_regulated,b2015,b2015,750.5024184189547,-0.19197688409879277,0.8754053559583294,0.5701512028455339,0.7689276413541187,0.021907351291132623,BH_from_pvalue
polymyxin,polymixinE,polymixinE_vs_control,not_regulated,b1554,b1554,2.475215150511134,0.26989883566151107,1.2057232772688193,0.655504583244272,0.8296172243761214,0.02189479806150884,BH_from_pvalue
polymyxin,polymixinE,polymixinE_vs_control,not_regulated,b4331,b4331,252.32561683927153,-0.11844647780995832,0.9211790603434928,0.4213066946034139,0.6537408834886739,0.021864551100140142,BH_from_pvalue
polymyxin,polymixinE,polymixinE_vs_control,not_regulated,b3965,b3965,878.1626751304842,0.1528355066123197,1.1117523903641395,0.5040474480527618,0.7194983145121886,0.021850925866476325,BH_from_pvalue
polymyxin,polymixinE,polymixinE_vs_control,not_regulated,b0120,b0120,454.95938288421854,-0.183942079680671,0.8802943543005759,0.560763279290588,0.7609764623484553,0.021820823789617756,BH_from_pvalue
polymyxin,polymixinE,polymixinE_vs_control,not_regulated,b3726,b3726,213.50350597531977,0.12753993378957063,1.0924293148354998,0.44690785161220437,0.6754938962586163,0.021730071651155914,BH_from_pvalue
polymyxin,polymixinE,polymixinE_vs_control,not_regulated,b3319,b3319,4183.798193129344,-0.19785343817568624,0.8718468050095802,0.5805242517864926,0.7769110635333663,0.021690414025789972,BH_from_pvalue
polymyxin,polymixinE,polymixinE_vs_control,not_regulated,b2373,b2373,9.097897972995307,0.3027971363925199,1.2335337050891662,0.6803320624142911,0.8483874734514781,0.021621457385366038,BH_from_pvalue
polymyxin,polymixinE,polymixinE_vs_control,not_regulated,b3619,b3619,1156.3159153333247,-0.10075299894634071,0.9325461322065994,0.3577061888608267,0.610380287365705,0.02160139266345486,BH_from_pvalue
polymyxin,polymixinE,polymixinE_vs_control,not_regulated,b3362,b3362,8.386816370206597,-0.23092678264757316,0.8520873377519862,0.6229024193449498,0.8067420334620168,0.021537459019237953,BH_from_pvalue
polymyxin,polymixinE,polymixinE_vs_control,not_regulated,b1913,b1913,1224.7231072696343,-0.13024863323196456,0.9136739746139001,0.4586122984378288,0.6839879933039599,0.021484710263952787,BH_from_pvalue
polymyxin,polymixinE,polymixinE_vs_control,not_regulated,b2767,b2767,2.147381084115223,-0.3529850624542168,0.7829624029428915,0.7168473234613757,0.8695677695945092,0.02142498102962277,BH_from_pvalue
polymyxin,polymixinE,polymixinE_vs_control,not_regulated,b0818,b0818,214.6862869959533,0.16685585614464138,1.1226092533162955,0.5413689702261826,0.744216878996751,0.02140768715361252,BH_from_pvalue
polymyxin,polymixinE,polymixinE_vs_control,not_regulated,b2531,b2531,1154.4272283060527,0.22934210948366918,1.172300240880278,0.6250084677678887,0.8071406841351533,0.02134045791163879,BH_from_pvalue
polymyxin,polymixinE,polymixinE_vs_control,not_regulated,b2097,b2097,11029.17607895838,-0.3062445047533817,0.8087442725621586,0.6875850287364286,0.8517646541604119,0.021339235267579637,BH_from_pvalue
polymyxin,polymixinE,polymixinE_vs_control,not_regulated,b1032,b1032,1.4901655819965722,-0.3681438117110215,0.7747786950913929,0.7294507629911411,0.8754482700709622,0.021267488028044918,BH_from_pvalue
polymyxin,polymixinE,polymixinE_vs_control,not_regulated,b3617,b3617,3297.151453278191,-0.22855326910626417,0.8534903407040098,0.626582958552256,0.8071406841351533,0.021267055713887522,BH_from_pvalue
polymyxin,polymixinE,polymixinE_vs_control,not_regulated,b1499,b1499,2.267857939073316,0.3515815483602507,1.27595862517164,0.7177940663444908,0.8702431349436546,0.021221249212466226,BH_from_pvalue
polymyxin,polymixinE,polymixinE_vs_control,not_regulated,b1719,b1719,15962.1866838248,-0.11504313705586178,0.9233547017075976,0.42308901187157016,0.6541953851489594,0.02120159007591837,BH_from_pvalue
polymyxin,polymixinE,polymixinE_vs_control,not_regulated,b0972,b0972,928.0644624002256,0.3807365424819551,1.3020064021725535,0.7411336202960602,0.8807447883993867,0.02099758908789013,BH_from_pvalue
polymyxin,polymixinE,polymixinE_vs_control,not_regulated,b0719,b0719,3.609690234020656,0.29133005428534076,1.2237679780936135,0.681720358044561,0.8484027545389908,0.020800362855988432,BH_from_pvalue
polymyxin,polymixinE,polymixinE_vs_control,not_regulated,b0884,b0884,1420.9133923140462,0.1559700199706331,1.1141704974775968,0.5278475671015854,0.7356314098662311,0.020797001225239364,BH_from_pvalue
polymyxin,polymixinE,polymixinE_vs_control,not_regulated,b2761,b2761,250.06139672559493,0.3750274097171209,1.2968641934984497,0.7395390752299833,0.8802452395830815,0.02077513650019008,BH_from_pvalue
polymyxin,polymixinE,polymixinE_vs_control,not_regulated,b3573,b3573,188.13075477186098,0.3586541408517361,1.282229175454965,0.7299812258654419,0.8755107684885826,0.020708154934653143,BH_from_pvalue
polymyxin,polymixinE,polymixinE_vs_control,not_regulated,b1171,b1171,32.37524980873449,0.18477910909822448,1.1366429286206734,0.5755609561401567,0.7734906425809456,0.020611173875486586,BH_from_pvalue
polymyxin,polymixinE,polymixinE_vs_control,not_regulated,b1089,b1089,1413.8733586248127,-0.17756062847725218,0.8841967714225718,0.5664179583615939,0.7655451023951642,0.020602220795100813,BH_from_pvalue
polymyxin,polymixinE,polymixinE_vs_control,not_regulated,b1855,b1855,546.1989088573442,-0.1293436478230401,0.9142472912099597,0.47202027493793974,0.6931593851357666,0.020587226448554756,BH_from_pvalue
polymyxin,polymixinE,polymixinE_vs_control,not_regulated,b3236,b3236,15226.688761391139,0.20067075549624924,1.1492325461152104,0.5973469402335765,0.7897902813552695,0.02056638747563609,BH_from_pvalue
polymyxin,polymixinE,polymixinE_vs_control,not_regulated,b3608,b3608,2295.3065141979555,-0.1670472815871431,0.8906637103185613,0.5516416436647118,0.7535026156100437,0.02053265600501235,BH_from_pvalue
polymyxin,polymixinE,polymixinE_vs_control,not_regulated,b4052,b4052,1085.6589212264378,0.1210185426997672,1.0875023682373162,0.4488654799456379,0.6768343710343544,0.02051477231450294,BH_from_pvalue
polymyxin,polymixinE,polymixinE_vs_control,not_regulated,b2435,b2435,555.0258794553291,0.12775778007389604,1.0925942836118834,0.4700294971760663,0.6911385022222774,0.02049680826799432,BH_from_pvalue
polymyxin,polymixinE,polymixinE_vs_control,not_regulated,b3316,b3316,895.4010400685637,-0.22042972126052618,0.8583097421504844,0.6279204406123413,0.807505046813282,0.0204679476957998,BH_from_pvalue
polymyxin,polymixinE,polymixinE_vs_control,not_regulated,b2593,b2593,431.79027596309726,0.17366818744968704,1.1279226911173943,0.5628063450220897,0.7628168987241227,0.0204198524369041,BH_from_pvalue
polymyxin,polymixinE,polymixinE_vs_control,not_regulated,b2165,b2165,18.53387610229146,-0.362124802521135,0.7780178700291832,0.7364488465808026,0.8786321969742679,0.020348837856738387,BH_from_pvalue
polymyxin,polymixinE,polymixinE_vs_control,not_regulated,b3380,b3380,12.801057350942672,0.28855566113916886,1.2214168568364472,0.6842497179396946,0.8501872164465136,0.02033896969342454,BH_from_pvalue
polymyxin,polymixinE,polymixinE_vs_control,not_regulated,b2554,b2554,203.85920336239383,-0.16940396367777666,0.8892099742951838,0.5571228135342625,0.7585189106623417,0.02033416546831266,BH_from_pvalue
polymyxin,polymixinE,polymixinE_vs_control,not_regulated,b3497,b3497,308.0994267191482,0.217113853105797,1.1624058374326875,0.6243443305732305,0.8071406841351533,0.02020260934491802,BH_from_pvalue
polymyxin,polymixinE,polymixinE_vs_control,not_regulated,b0688,b0688,2835.192194351274,-0.14117181158803938,0.9067823331436465,0.5049259029088167,0.7198594964449627,0.020152595396151725,BH_from_pvalue
polymyxin,polymixinE,polymixinE_vs_control,not_regulated,b4071,b4071,68.06948418280636,-0.5641285403483893,0.6763638505933885,0.7992468333552528,0.9211508560135192,0.020122036283981813,BH_from_pvalue
polymyxin,polymixinE,polymixinE_vs_control,not_regulated,b3281,b3281,624.2631411190126,-0.12767509070869387,0.9153052807826926,0.47580823629320196,0.696710167278305,0.020038331195099138,BH_from_pvalue
polymyxin,polymixinE,polymixinE_vs_control,not_regulated,b1612,b1612,3470.712714161093,-0.19580142220094388,0.8730877578418528,0.600848450534763,0.7912839433543584,0.019906669842768752,BH_from_pvalue
polymyxin,polymixinE,polymixinE_vs_control,not_regulated,b1805,b1805,1464.2310321352422,0.15429110265346146,1.1128746504215716,0.5384992159816981,0.7430641220602666,0.019899495553455594,BH_from_pvalue
polymyxin,polymixinE,polymixinE_vs_control,not_regulated,b1100,b1100,1607.2061452078458,0.1984822501436856,1.14749053216083,0.6060430401540542,0.7942098948161447,0.01986106810557477,BH_from_pvalue
polymyxin,polymixinE,polymixinE_vs_control,not_regulated,b1176,b1176,1137.4242883336221,0.0815388686891847,1.0581461235948133,0.30923026683246707,0.5714534676304178,0.019815504734587576,BH_from_pvalue
polymyxin,polymixinE,polymixinE_vs_control,not_regulated,b2247,b2247,178.18832313749212,-0.16478673546098221,0.8920603773520211,0.5587994587472951,0.7600483717705876,0.01963578422026896,BH_from_pvalue
polymyxin,polymixinE,polymixinE_vs_control,not_regulated,b1694,b1694,6.132228793598472,-0.3937810463575713,0.7611321964805651,0.7579537418994899,0.8924483310989236,0.01945944578072346,BH_from_pvalue
polymyxin,polymixinE,polymixinE_vs_control,not_regulated,b1330,b1330,115.99433156706482,0.13088761845510355,1.094967172867191,0.49242043817807046,0.7101337386742421,0.019457734170823644,BH_from_pvalue
polymyxin,polymixinE,polymixinE_vs_control,not_regulated,b3165,b3165,3672.7561674360713,-0.13692781679062804,0.9094537538968891,0.5070365162307813,0.7212435079891587,0.019432533263135744,BH_from_pvalue
polymyxin,polymixinE,polymixinE_vs_control,not_regulated,b1254,b1254,582.0823241568897,-0.16493706962492283,0.8919674262014141,0.5628700059727353,0.7628168987241227,0.01939325026981141,BH_from_pvalue
polymyxin,polymixinE,polymixinE_vs_control,not_regulated,b3118,b3118,1194.5699863154716,-0.41107209549904056,0.7520642920029177,0.7661331615222403,0.8971796304418216,0.01936996180801583,BH_from_pvalue
polymyxin,polymixinE,polymixinE_vs_control,not_regulated,b0807,b0807,202.46305574632254,0.11491753128702964,1.0829131412405113,0.4522404213308694,0.6798721307306987,0.019257048008411812,BH_from_pvalue
polymyxin,polymixinE,polymixinE_vs_control,not_regulated,b3258,b3258,164.800256894351,0.14558310596774504,1.1061776559372876,0.53074404188185,0.7374997529763859,0.019251636355669514,BH_from_pvalue
polymyxin,polymixinE,polymixinE_vs_control,not_regulated,b0366,b0366,9.069851449054111,-0.2419034003519318,0.8456289069109209,0.6588017078866586,0.832618736182689,0.019244339698170496,BH_from_pvalue
polymyxin,polymixinE,polymixinE_vs_control,not_regulated,b0948,b0948,736.5691424767607,0.1259268291140181,1.0912085315261826,0.4857672368642774,0.7046052987473459,0.019147690059415814,BH_from_pvalue
polymyxin,polymixinE,polymixinE_vs_control,not_regulated,b3177,b3177,177.6914080021219,-0.10552232928806937,0.929468366668201,0.4278297359560966,0.6585825298872424,0.019140673564695287,BH_from_pvalue
polymyxin,polymixinE,polymixinE_vs_control,not_regulated,b3169,b3169,3363.0249060548053,-0.05720663376160928,0.9611232591433593,0.19598353687424108,0.4643316883760817,0.0190596300966925,BH_from_pvalue
polymyxin,polymixinE,polymixinE_vs_control,not_regulated,b4201,b4201,620.1194687464678,-0.15987995647386377,0.8950995471218871,0.5608352540429368,0.7609764623484553,0.018966363562728267,BH_from_pvalue
polymyxin,polymixinE,polymixinE_vs_control,not_regulated,b2918,b2918,17.980268188065995,0.22543998442855706,1.1691337495532763,0.6481347137773128,0.8239994184766403,0.0189534371822585,BH_from_pvalue
polymyxin,polymixinE,polymixinE_vs_control,not_regulated,b1871,b1871,445.4496052758127,0.18621014740543806,1.137770947024908,0.6027236156132563,0.7912839433543584,0.01893154750412987,BH_from_pvalue
polymyxin,polymixinE,polymixinE_vs_control,not_regulated,b3849,b3849,582.767801271611,-0.13544556095252602,0.9103886263677975,0.5125749093724905,0.7252475439941687,0.018896515858478912,BH_from_pvalue
polymyxin,polymixinE,polymixinE_vs_control,not_regulated,b3587,b3587,13.716157240693562,-0.24750615129234355,0.8423512493832009,0.6684350560164898,0.8393693137806173,0.018822078521554413,BH_from_pvalue
polymyxin,polymixinE,polymixinE_vs_control,not_regulated,b2706,b2706,23.578883734504974,0.2629510119630112,1.1999306369330678,0.6817110202125848,0.8484027545389908,0.018774157975554952,BH_from_pvalue
polymyxin,polymixinE,polymixinE_vs_control,not_regulated,b3148,b3148,68.07703220030058,-0.19811459597402958,0.8716889968944869,0.6212331534099975,0.8050437119095848,0.01865853920695673,BH_from_pvalue
polymyxin,polymixinE,polymixinE_vs_control,not_regulated,b0812,b0812,62344.824025988426,0.2137873499538312,1.15972870047083,0.640916196668701,0.8184233077992833,0.01860420509554205,BH_from_pvalue
polymyxin,polymixinE,polymixinE_vs_control,not_regulated,b2491,b2491,35.21224054856478,0.07055342118585628,1.0501194346367897,0.28625231030200343,0.5474843161317294,0.018458772886566152,BH_from_pvalue
polymyxin,polymixinE,polymixinE_vs_control,not_regulated,b2172,b2172,488.4750471011934,0.18609530816590159,1.1376803834987104,0.6104960020061424,0.7966379509787144,0.018374866142210414,BH_from_pvalue
polymyxin,polymixinE,polymixinE_vs_control,not_regulated,b1999,b1999,72.61213474793243,0.1424506173634832,1.1037784449515813,0.5386064077196202,0.7430641220602666,0.018372384266242346,BH_from_pvalue
polymyxin,polymixinE,polymixinE_vs_control,not_regulated,b1928,b1928,637.9060520169371,-0.0991079072428338,0.9336101123741841,0.4159185856102484,0.6537408834886739,0.018294760151632842,BH_from_pvalue
polymyxin,polymixinE,polymixinE_vs_control,not_regulated,b1349,b1349,28.36922251109924,-0.19779153042415842,0.8718842177904573,0.6294562825145289,0.8081860791560919,0.018293468557616644,BH_from_pvalue
polymyxin,polymixinE,polymixinE_vs_control,not_regulated,b1061,b1061,87.82967263550925,0.11824739443208543,1.0854154837886176,0.4805443100914915,0.7004031728873125,0.01828718365047887,BH_from_pvalue
polymyxin,polymixinE,polymixinE_vs_control,not_regulated,b2959,b2959,716.7634442995977,0.12725079920108762,1.092210399928019,0.5021159123282181,0.7183667980516669,0.01828005429014877,BH_from_pvalue
polymyxin,polymixinE,polymixinE_vs_control,not_regulated,b0819,b0819,1565.7926047522885,0.20077611178855292,1.14931647466405,0.6327897893503616,0.8109083967230559,0.018276288573893896,BH_from_pvalue
polymyxin,polymixinE,polymixinE_vs_control,not_regulated,b0808,b0808,701.7095045960572,0.2877936808457946,1.2207719181545909,0.7077209011127759,0.8640957147679874,0.018257098296495144,BH_from_pvalue
polymyxin,polymixinE,polymixinE_vs_control,not_regulated,b0761,b0761,352.86165009451105,0.11368369288470781,1.0819873956113037,0.4700230816678609,0.6911385022222774,0.018238833321208528,BH_from_pvalue
polymyxin,polymixinE,polymixinE_vs_control,not_regulated,b0048,b0048,629.0393973797374,0.07816238442500811,1.0556725335522046,0.32293986788125895,0.5850764359217974,0.018195217688448746,BH_from_pvalue
polymyxin,polymixinE,polymixinE_vs_control,not_regulated,b2409,b2409,56.83986816816562,0.1301769504440129,1.094427927570729,0.5131152239470541,0.7253681973783646,0.018152067841537233,BH_from_pvalue
polymyxin,polymixinE,polymixinE_vs_control,not_regulated,b1204,b1204,227.35369786003207,0.1480808817786965,1.108094469198144,0.5530644875959191,0.7542097810478898,0.01814106892769413,BH_from_pvalue
polymyxin,polymixinE,polymixinE_vs_control,not_regulated,b3194,b3194,519.8558982231788,-0.12647253324363028,0.9160685509412247,0.5032796290037915,0.719107932420284,0.018111615547906867,BH_from_pvalue
polymyxin,polymixinE,polymixinE_vs_control,not_regulated,b4714,b4714,0.4947906241124662,0.22949918208026066,1.1724278813460929,0.6629282335886983,0.8338510052242633,0.018110134656584464,BH_from_pvalue
polymyxin,polymixinE,polymixinE_vs_control,not_regulated,b2548,b2548,24.333278970710367,0.13194895379922222,1.0957729945407568,0.5204025087704585,0.7297444222106414,0.01805447188056407,BH_from_pvalue
polymyxin,polymixinE,polymixinE_vs_control,not_regulated,b0915,b0915,429.16349407515344,-0.21731849674250725,0.8601627157245492,0.6500197528670517,0.8259290532192086,0.018049878169045328,BH_from_pvalue
polymyxin,polymixinE,polymixinE_vs_control,not_regulated,b2467,b2467,390.25566830210045,0.11161259658990019,1.0804352364214096,0.4688383221826182,0.6908972716375382,0.017923478736532227,BH_from_pvalue
polymyxin,polymixinE,polymixinE_vs_control,not_regulated,b0746,b0746,15.703619315175944,-0.2185642262741827,0.8594203082297912,0.652504829411877,0.8283305145004014,0.01787775366899759,BH_from_pvalue
polymyxin,polymixinE,polymixinE_vs_control,not_regulated,b4384,b4384,5931.625504659695,0.19156549187073146,1.1420022489987247,0.6241990101678742,0.8071406841351533,0.01782531487912746,BH_from_pvalue
polymyxin,polymixinE,polymixinE_vs_control,not_regulated,b0982,b0982,6.058127001521726,-0.17328453847078373,0.8868213827477529,0.5960786395157396,0.7892629976361023,0.01780988289598726,BH_from_pvalue
polymyxin,polymixinE,polymixinE_vs_control,not_regulated,b0310,b0310,2.966705818033173,-0.2719537664091449,0.8281972018825882,0.701890621549056,0.8602463258113499,0.017779568601367993,BH_from_pvalue
polymyxin,polymixinE,polymixinE_vs_control,not_regulated,b2177,b2177,789.1691030764947,0.11933320018499316,1.0862327001487198,0.4918352748908468,0.7097449683859574,0.017768436373695642,BH_from_pvalue
polymyxin,polymixinE,polymixinE_vs_control,not_regulated,b1645,b1645,104.606273671066,0.16379686039908137,1.1202314681780137,0.5872812807578239,0.7821371481687189,0.017479923718338848,BH_from_pvalue
polymyxin,polymixinE,polymixinE_vs_control,not_regulated,b0299,b0299,0.9555435117102133,-0.29582633503049105,0.8146056156323113,0.7217796817349237,0.8727989357510586,0.01747913329297249,BH_from_pvalue
polymyxin,polymixinE,polymixinE_vs_control,not_regulated,b1918,b1918,333.079223832851,0.17131999082885052,1.1260883256643968,0.5984294438226059,0.7906695349362017,0.017475494732129365,BH_from_pvalue
polymyxin,polymixinE,polymixinE_vs_control,not_regulated,b3400,b3400,235.1428108715661,0.16085768162245806,1.1179515623075307,0.5824707805871551,0.7788209188706967,0.017463094686914257,BH_from_pvalue
polymyxin,polymixinE,polymixinE_vs_control,not_regulated,b2497,b2497,40.06601245285992,-0.2356895090181368,0.8492790051666192,0.6733091090576511,0.8436056748025946,0.017408146746643798,BH_from_pvalue
polymyxin,polymixinE,polymixinE_vs_control,not_regulated,b1879,b1879,103.44559267219707,0.18051968691394915,1.1332920456935016,0.6151707855123649,0.8010347367558075,0.017392828202956095,BH_from_pvalue
polymyxin,polymixinE,polymixinE_vs_control,not_regulated,b2483,b2483,2.499371002660786,-0.21965269261614417,0.8587721481834544,0.6612848151784254,0.833422251960714,0.017382195682909555,BH_from_pvalue
polymyxin,polymixinE,polymixinE_vs_control,not_regulated,b3093,b3093,438.9419291526317,0.09055573557488117,1.0647802637938675,0.3979677720397181,0.6428001698538437,0.017379820547548115,BH_from_pvalue
polymyxin,polymixinE,polymixinE_vs_control,not_regulated,b4377,b4377,836.6884567533411,-0.3048694979553499,0.8095154396743364,0.7339872999261832,0.8773518137305267,0.01732458170246031,BH_from_pvalue
polymyxin,polymixinE,polymixinE_vs_control,not_regulated,b0628,b0628,1568.0986829977928,-0.13744327735712503,0.9091288731720546,0.5477710113843521,0.7507233422324241,0.017114447948356638,BH_from_pvalue
polymyxin,polymixinE,polymixinE_vs_control,not_regulated,b3621,b3621,216.16790972573634,0.11792854502760441,1.0851756230906295,0.4991238058600487,0.7161272340537477,0.017100795896362122,BH_from_pvalue
polymyxin,polymixinE,polymixinE_vs_control,not_regulated,b3010,b3010,59.230224089524434,0.1709522253247826,1.1258013047427622,0.6069195130366508,0.7945063939577577,0.017078572361175114,BH_from_pvalue
polymyxin,polymixinE,polymixinE_vs_control,not_regulated,b3597,b3597,176.4409847808719,-0.11160051676148797,0.9255606809402687,0.48360169711881335,0.7030512067357538,0.01707633455720757,BH_from_pvalue
polymyxin,polymixinE,polymixinE_vs_control,not_regulated,b4212,b4212,170.59052498411145,-0.12243731543773162,0.9186343811769462,0.5136277698199402,0.7253681973783646,0.017072841609676957,BH_from_pvalue
polymyxin,polymixinE,polymixinE_vs_control,not_regulated,b4466,b4466,245.27099875279774,-0.08231293810158746,0.9445421360972256,0.36967347130944295,0.6215243068636634,0.017001069156536253,BH_from_pvalue
polymyxin,polymixinE,polymixinE_vs_control,not_regulated,b0677,b0677,574.1525394571703,-0.12728330633360052,0.9155538787146704,0.5282546584855328,0.7356314098662311,0.016971922413492158,BH_from_pvalue
polymyxin,polymixinE,polymixinE_vs_control,not_regulated,b0323,b0323,11.746229455874841,0.24538025289825072,1.1854051684618445,0.6912243327049084,0.8532181801609984,0.016916489921357657,BH_from_pvalue
polymyxin,polymixinE,polymixinE_vs_control,not_regulated,b2446,b2446,7.443147484231552,0.2676684041840178,1.2038606484343295,0.7092394449733002,0.8648565035955487,0.016878084012884344,BH_from_pvalue
polymyxin,polymixinE,polymixinE_vs_control,not_regulated,b2929,b2929,198.4170943844601,-0.11835545854279417,0.9212371791319824,0.5056207488696807,0.720393452143118,0.016857396751181458,BH_from_pvalue
polymyxin,polymixinE,polymixinE_vs_control,not_regulated,b1091,b1091,1320.612151667892,-0.18060181438313627,0.8823348571061962,0.6271540596835461,0.8071406841351533,0.016805136341014434,BH_from_pvalue
polymyxin,polymixinE,polymixinE_vs_control,not_regulated,b1358,b1358,12.86421066805985,-0.17579568151346425,0.8852791313961494,0.6178020078565823,0.8028106714965006,0.016768598626031254,BH_from_pvalue
polymyxin,polymixinE,polymixinE_vs_control,not_regulated,b1283,b1283,5558.7214345661805,0.28768855359547985,1.2206829653851952,0.7273533958071549,0.8747688701445407,0.016716626817481598,BH_from_pvalue
polymyxin,polymixinE,polymixinE_vs_control,not_regulated,b1734,b1734,35.02226936686605,0.22849756374654806,1.1716141835976457,0.676705080911535,0.8452706064815564,0.01668128937416936,BH_from_pvalue
polymyxin,polymixinE,polymixinE_vs_control,not_regulated,b1801,b1801,11.336805955226344,0.2704538936306058,1.2061872527126773,0.7151963145178664,0.8687423771810324,0.01652716512556331,BH_from_pvalue
polymyxin,polymixinE,polymixinE_vs_control,not_regulated,b2433,b2433,48.11566086420269,-0.20325720471690456,0.8685873189698197,0.6554814841061232,0.8296172243761214,0.01648867969702775,BH_from_pvalue
polymyxin,polymixinE,polymixinE_vs_control,not_regulated,b2746,b2746,97.08416600041703,-0.12330863243735735,0.9180797386010682,0.5274374515981566,0.7355185141087887,0.01645015962677454,BH_from_pvalue
polymyxin,polymixinE,polymixinE_vs_control,not_regulated,b3912,b3912,1116.9503914261284,0.06546102314645097,1.046419276863904,0.2990243808282663,0.5625310183879305,0.01635566739820533,BH_from_pvalue
polymyxin,polymixinE,polymixinE_vs_control,not_regulated,b1792,b1792,496.4084643927224,0.08556760576631461,1.0611051344490727,0.40031742192208175,0.6441493010579231,0.01634456445059404,BH_from_pvalue
polymyxin,polymixinE,polymixinE_vs_control,not_regulated,b3456,b3456,34.034265809328794,0.16305184718084575,1.1196531257198377,0.605567988752777,0.7938923967968495,0.016344049320424263,BH_from_pvalue
polymyxin,polymixinE,polymixinE_vs_control,not_regulated,b3966,b3966,534.9043936898091,-0.2000318279897435,0.8705313578729554,0.6537683607997651,0.8292865445226575,0.01626166369800618,BH_from_pvalue
polymyxin,polymixinE,polymixinE_vs_control,not_regulated,b2599,b2599,1043.9634240628143,-0.15897801626473296,0.895659318011416,0.5986114351830516,0.7906695349362017,0.016216551683884757,BH_from_pvalue
polymyxin,polymixinE,polymixinE_vs_control,not_regulated,b2663,b2663,1356.6341255321915,0.3064291922238116,1.236643099338786,0.7478545873846754,0.8854566817731692,0.016189475598579438,BH_from_pvalue
polymyxin,polymixinE,polymixinE_vs_control,not_regulated,b3790,b3790,110.17558139080857,0.19608312891373547,1.1455839052781505,0.6524370897551913,0.8283305145004014,0.016038882195517565,BH_from_pvalue
polymyxin,polymixinE,polymixinE_vs_control,not_regulated,b4409,b4409,64.80769615386404,-0.19699821791660277,0.8723637833540387,0.6549269455037876,0.8296172243761214,0.015980936669065516,BH_from_pvalue
polymyxin,polymixinE,polymixinE_vs_control,not_regulated,b2279,b2279,137.5733198925482,0.12934727276174485,1.0937987153297957,0.5500705477358264,0.7528433995345771,0.015947917638067452,BH_from_pvalue
polymyxin,polymixinE,polymixinE_vs_control,not_regulated,b1569,b1569,0.5932710854485225,0.26962130554433045,1.205491355532569,0.7231597227942235,0.8727989357510586,0.015930788371998284,BH_from_pvalue
polymyxin,polymixinE,polymixinE_vs_control,not_regulated,b0069,b0069,329.83593544314687,-0.13278188238582977,0.912071048937768,0.5574446772314195,0.7586644956692663,0.015927218629783912,BH_from_pvalue
polymyxin,polymixinE,polymixinE_vs_control,not_regulated,b3924,b3924,710.3779040747512,-0.1864409997150389,0.878770899176637,0.6458327281275561,0.8218371286582548,0.015887428511902585,BH_from_pvalue
polymyxin,polymixinE,polymixinE_vs_control,not_regulated,b0869,b0869,637.447090327909,-0.19743499527756292,0.8720997143251058,0.6576269201456227,0.8313675904482888,0.015835650854407853,BH_from_pvalue
polymyxin,polymixinE,polymixinE_vs_control,not_regulated,b3785,b3785,457.2055824837806,-0.11409460799375815,0.9239619795613058,0.5146689207446242,0.7266104223193095,0.015824736955069887,BH_from_pvalue
polymyxin,polymixinE,polymixinE_vs_control,not_regulated,b1755,b1755,120.50605046354029,-0.170729083876469,0.8883936069485133,0.630480473606446,0.8084096836607166,0.015769988165345084,BH_from_pvalue
polymyxin,polymixinE,polymixinE_vs_control,not_regulated,b4012,b4012,1.6843347045659414,-0.27624691267857515,0.8257363306886759,0.7333939965272074,0.8768756502869163,0.015763198446327585,BH_from_pvalue
polymyxin,polymixinE,polymixinE_vs_control,not_regulated,b3860,b3860,737.4375631222216,0.1279787788826745,1.0927616651605832,0.5523495787084571,0.7535609466721664,0.015726239285901406,BH_from_pvalue
polymyxin,polymixinE,polymixinE_vs_control,not_regulated,b0328,b0328,119.79148285744789,0.30845546955339564,1.2383811952813817,0.7526247169945607,0.8894655746299354,0.015691393756043198,BH_from_pvalue
polymyxin,polymixinE,polymixinE_vs_control,not_regulated,b0068,b0068,229.68084942107052,0.11745976096705846,1.0848230673668937,0.5282406879464436,0.7356314098662311,0.01566205347161066,BH_from_pvalue
polymyxin,polymixinE,polymixinE_vs_control,not_regulated,b2742,b2742,4747.053733226919,-0.1539380050841821,0.8987937483876383,0.6016808499141698,0.7912839433543584,0.015650514735896022,BH_from_pvalue
polymyxin,polymixinE,polymixinE_vs_control,not_regulated,b4362,b4362,388.1572155317992,-0.08467992341519093,0.9429937254718285,0.416496660686978,0.6537408834886739,0.01563143579193651,BH_from_pvalue
polymyxin,polymixinE,polymixinE_vs_control,not_regulated,b4390,b4390,1797.3907242717205,-0.13395092329866465,0.9113322812437896,0.565506244148213,0.7652766865304037,0.015562621453887251,BH_from_pvalue
polymyxin,polymixinE,polymixinE_vs_control,not_regulated,b2611,b2611,254.62171399754882,0.16081540731630906,1.1179188042173944,0.6141284878155877,0.8004491272658689,0.015545424708384275,BH_from_pvalue
polymyxin,polymixinE,polymixinE_vs_control,not_regulated,b2225,b2225,22.737656237931663,-0.19653105653108138,0.8726463106044329,0.6622793571133795,0.8335009928080528,0.01554440351352112,BH_from_pvalue
polymyxin,polymixinE,polymixinE_vs_control,not_regulated,b3182,b3182,315.20880620504875,0.12046698656116916,1.0870866851259489,0.5394305749046011,0.7432379329226221,0.015524837537454409,BH_from_pvalue
polymyxin,polymixinE,polymixinE_vs_control,not_regulated,b1444,b1444,8049.115437274238,-0.21196803300233213,0.8633586885212375,0.6761552474029319,0.8452706064815564,0.015474563661026343,BH_from_pvalue
polymyxin,polymixinE,polymixinE_vs_control,not_regulated,b0060,b0060,980.8923002348803,0.11730909835315373,1.0847097837273383,0.5319711845883934,0.7380648945954946,0.015473709526411692,BH_from_pvalue
polymyxin,polymixinE,polymixinE_vs_control,not_regulated,b1865,b1865,618.9367301733623,-0.18353221154272426,0.8805444805258507,0.6479982487604018,0.8239994184766403,0.015430121019629399,BH_from_pvalue
polymyxin,polymixinE,polymixinE_vs_control,not_regulated,b3126,b3126,36.97056494148462,-0.23542515895947336,0.8494346357873169,0.702473797999588,0.8602578664312951,0.015390059848877657,BH_from_pvalue
polymyxin,polymixinE,polymixinE_vs_control,not_regulated,b3955,b3955,300.96728309664235,0.11914713571245628,1.0860926176806913,0.5378361462392321,0.7429935460024774,0.01537176279468551,BH_from_pvalue
polymyxin,polymixinE,polymixinE_vs_control,not_regulated,b1406,b1406,967.6802218044621,-0.16062925987537469,0.8946347732279301,0.6174996067646877,0.8028106714965006,0.015321921239802054,BH_from_pvalue
polymyxin,polymixinE,polymixinE_vs_control,not_regulated,b1118,b1118,846.7026160203195,-0.1506188260176291,0.900863965379579,0.6016881630375274,0.7912839433543584,0.015313061610764527,BH_from_pvalue
polymyxin,polymixinE,polymixinE_vs_control,not_regulated,b1750,b1750,6.510539912330934,0.24751375204250925,1.1871594767440121,0.7129855654508775,0.8674625570457255,0.015283791503588036,BH_from_pvalue
polymyxin,polymixinE,polymixinE_vs_control,not_regulated,b1292,b1292,307.1296716496233,-0.21222775416966222,0.8632032763672243,0.6792334480717869,0.8473875517818481,0.015262978672216125,BH_from_pvalue
polymyxin,polymixinE,polymixinE_vs_control,not_regulated,b2845,b2845,162.9422395190459,0.1055804041705608,1.0759271548272848,0.5003521874498262,0.7169748770784704,0.01525595260780259,BH_from_pvalue
polymyxin,polymixinE,polymixinE_vs_control,not_regulated,b0760,b0760,247.08866617084823,0.11719264910129468,1.0846222333153932,0.5365277218648734,0.7418695643861668,0.015196657430262132,BH_from_pvalue
polymyxin,polymixinE,polymixinE_vs_control,not_regulated,b3777,b3777,56.804873756672976,-0.1637724961373186,0.8926877315707045,0.6287146447143374,0.8077573470223048,0.015184835684051098,BH_from_pvalue
polymyxin,polymixinE,polymixinE_vs_control,not_regulated,b0704,b0704,7.5310719092533445,0.19144811210385626,1.1419093378144904,0.6620315042809317,0.833422251960714,0.015150228791086748,BH_from_pvalue
polymyxin,polymixinE,polymixinE_vs_control,not_regulated,b0800,b0800,1185.200153597321,0.10652817116424984,1.0766342088065215,0.5071226896603357,0.7212435079891587,0.015118273833107598,BH_from_pvalue
polymyxin,polymixinE,polymixinE_vs_control,not_regulated,b0776,b0776,37.32636945635853,-0.21148165049191725,0.8636498057342246,0.6817826740821252,0.8484027545389908,0.015099352102226784,BH_from_pvalue
polymyxin,polymixinE,polymixinE_vs_control,not_regulated,b2638,b2638,3.5430085352778242,0.27788281247238067,1.2124143328226582,0.744484115005353,0.8830932355733329,0.015003849485795893,BH_from_pvalue
polymyxin,polymixinE,polymixinE_vs_control,not_regulated,b4055,b4055,977.8034945063406,0.23009355122696462,1.1729110039093287,0.7048834311154413,0.8622242390389545,0.014813370442078363,BH_from_pvalue
polymyxin,polymixinE,polymixinE_vs_control,not_regulated,b2951,b2951,238.38327541478074,0.09160926175241446,1.0655581021700313,0.4653768953587175,0.6894813159827113,0.014792834392915349,BH_from_pvalue
polymyxin,polymixinE,polymixinE_vs_control,not_regulated,b0101,b0101,111.68436857699497,0.0988850848110081,1.0709455156217036,0.49103475400008156,0.7089155637963543,0.014773974439175946,BH_from_pvalue
polymyxin,polymixinE,polymixinE_vs_control,not_regulated,b2492,b2492,29.448559205912876,-0.14502768982456082,0.9043620198622849,0.6026071875224086,0.7912839433543584,0.014744623950862644,BH_from_pvalue
polymyxin,polymixinE,polymixinE_vs_control,not_regulated,b0868,b0868,280.59147707208166,0.11595816697931127,1.0836945431050231,0.5437278708382551,0.7467749505436554,0.014704685099900014,BH_from_pvalue
polymyxin,polymixinE,polymixinE_vs_control,not_regulated,b3825,b3825,674.6390954565796,0.09345699170177113,1.0669236887358802,0.47492200475913343,0.6965198977846583,0.014678960006294574,BH_from_pvalue
polymyxin,polymixinE,polymixinE_vs_control,not_regulated,b1453,b1453,42.07159751760378,-0.12167832398013445,0.9191177952497005,0.5571690708822536,0.7585189106623417,0.014605485727743884,BH_from_pvalue
polymyxin,polymixinE,polymixinE_vs_control,not_regulated,b4497,b4497,6.0291640236787885,0.32905007606408665,1.2561859827060808,0.774085649636968,0.9035359166582246,0.014496162578446199,BH_from_pvalue
polymyxin,polymixinE,polymixinE_vs_control,not_regulated,b1955,b1955,3480.5595906691246,0.19437153381596772,1.1442256049576514,0.6735024431234257,0.843612918175764,0.014355655332516863,BH_from_pvalue
polymyxin,polymixinE,polymixinE_vs_control,not_regulated,b3915,b3915,752.5382697623776,-0.07699784512604246,0.9480283811452573,0.4160916100418133,0.6537408834886739,0.014213367509839881,BH_from_pvalue
polymyxin,polymixinE,polymixinE_vs_control,not_regulated,b0224,b0224,1362.546929086045,-0.09858539919294529,0.9339483038380018,0.5046190785935867,0.7196501634476705,0.014085741020642585,BH_from_pvalue
polymyxin,polymixinE,polymixinE_vs_control,not_regulated,b4260,b4260,3363.051098603559,-0.10579335769725873,0.9292937707454991,0.5309999849108886,0.7376275269083314,0.013981955322394247,BH_from_pvalue
polymyxin,polymixinE,polymixinE_vs_control,not_regulated,b2802,b2802,319.5337721007661,0.2722899981061797,1.2077233332101422,0.7515069826574358,0.8886115688730668,0.0139652194865437,BH_from_pvalue
polymyxin,polymixinE,polymixinE_vs_control,not_regulated,b0457,b0457,696.8105349362542,0.14047084910922436,1.102264800842331,0.60898753952528,0.7954693051079876,0.013959511714439205,BH_from_pvalue
polymyxin,polymixinE,polymixinE_vs_control,not_regulated,b0801,b0801,865.5917008119449,-0.10484391910574686,0.9299055408916641,0.5288487405662928,0.7361041577948779,0.013950608328588425,BH_from_pvalue
polymyxin,polymixinE,polymixinE_vs_control,not_regulated,b0956,b0956,337.0175613691102,0.14430169706068696,1.1051955796514792,0.6153858893403864,0.8010347367558075,0.013903273760761238,BH_from_pvalue
polymyxin,polymixinE,polymixinE_vs_control,not_regulated,b4652,b4652,0.6444157151786167,-0.2306681889664582,0.8522400825413449,0.7190145738871003,0.8705592337400208,0.013886611045332413,BH_from_pvalue
polymyxin,polymixinE,polymixinE_vs_control,not_regulated,b3198,b3198,619.5569985350556,-0.10961944088693443,0.9268325127500266,0.5443716216888903,0.7472027935174332,0.013873602304594512,BH_from_pvalue
polymyxin,polymixinE,polymixinE_vs_control,not_regulated,b0843,b0843,234.50620964155215,0.14661530802566158,1.1069693737835256,0.6200110109303142,0.8045684108638831,0.013845913185730113,BH_from_pvalue
polymyxin,polymixinE,polymixinE_vs_control,not_regulated,b1179,b1179,195.27747306208673,0.10521517586095364,1.075654810839875,0.5331940913087885,0.7393054940526913,0.013801712893708275,BH_from_pvalue
polymyxin,polymixinE,polymixinE_vs_control,not_regulated,b2786,b2786,354.56283137056465,0.11836127222651172,1.0855011634341885,0.5660647809891629,0.7655319858356148,0.013734246546281746,BH_from_pvalue
polymyxin,polymixinE,polymixinE_vs_control,not_regulated,b0173,b0173,1275.2091924351414,-0.1687525467804214,0.8896115679644898,0.654071858219386,0.8293161113907253,0.01371618968107774,BH_from_pvalue
polymyxin,polymixinE,polymixinE_vs_control,not_regulated,b0779,b0779,3694.6728367527944,-0.19705212218789292,0.8723311893170285,0.6883108364740577,0.8521943689678809,0.013687504419043818,BH_from_pvalue
polymyxin,polymixinE,polymixinE_vs_control,not_regulated,b3660,b3660,271.3285951012759,0.11436230355788801,1.0824964573935456,0.5591876014061916,0.7603463818394951,0.013607800825135725,BH_from_pvalue
polymyxin,polymixinE,polymixinE_vs_control,not_regulated,b1064,b1064,3137.100746925302,-0.18583392648369212,0.879140755959572,0.6751125911315642,0.8449238828352186,0.01359977531263519,BH_from_pvalue
polymyxin,polymixinE,polymixinE_vs_control,not_regulated,b4506,b4506,3.8357984005201238,0.1997242487637081,1.1484788181491237,0.6943933449514978,0.8551567866361867,0.013572112192370634,BH_from_pvalue
polymyxin,polymixinE,polymixinE_vs_control,not_regulated,b1186,b1186,540.9174422543612,-0.08067190759018494,0.9456171410784948,0.45480390282864547,0.6809946587627321,0.013460615560303795,BH_from_pvalue
polymyxin,polymixinE,polymixinE_vs_control,not_regulated,b0435,b0435,8810.317065976784,0.09997142330023578,1.0717522332090597,0.5257130274720011,0.7340451398941062,0.01342388604472923,BH_from_pvalue
polymyxin,polymixinE,polymixinE_vs_control,not_regulated,b4256,b4256,82.39069598262103,-0.11724141778200714,0.9219488278800869,0.569283349850603,0.7684983516290554,0.013407383811684898,BH_from_pvalue
polymyxin,polymixinE,polymixinE_vs_control,not_regulated,b0216,b0216,6.755173949814268,-0.14239284861319224,0.9060151950076885,0.6245090029267715,0.8071406841351533,0.013249762983297936,BH_from_pvalue
polymyxin,polymixinE,polymixinE_vs_control,not_regulated,b0885,b0885,257.13640241552315,-0.14190937166905737,0.9063188703176537,0.6226376332281662,0.8066313577938629,0.013243677750117411,BH_from_pvalue
polymyxin,polymixinE,polymixinE_vs_control,not_regulated,b2159,b2159,589.8325862867414,0.17888597936448747,1.1320094323808567,0.6741995936884252,0.8442140086517063,0.013156606828821802,BH_from_pvalue
polymyxin,polymixinE,polymixinE_vs_control,not_regulated,b0375,b0375,1.8943199876131167,0.22517424018888388,1.1689184151009335,0.7263847024763076,0.8743456527690555,0.013131451245952327,BH_from_pvalue
polymyxin,polymixinE,polymixinE_vs_control,not_regulated,b0732,b0732,183.41165915792484,-0.09343413466401884,0.9372890057410058,0.5109859953796704,0.7238422581651979,0.013114047592424039,BH_from_pvalue
polymyxin,polymixinE,polymixinE_vs_control,not_regulated,b1628,b1628,91.00735473328125,0.18221217025933356,1.1346223361467902,0.6789383950437834,0.847354301028562,0.013107425506429602,BH_from_pvalue
polymyxin,polymixinE,polymixinE_vs_control,not_regulated,b0127,b0127,487.7482515624494,0.08530994066625297,1.0609156381668512,0.48331226968759866,0.7028576104283281,0.01306373714355805,BH_from_pvalue
polymyxin,polymixinE,polymixinE_vs_control,not_regulated,b0777,b0777,15.3431859466487,-0.18286918097831117,0.8809492521962865,0.6816371246988235,0.8484027545389908,0.013056481003503826,BH_from_pvalue
polymyxin,polymixinE,polymixinE_vs_control,not_regulated,b0871,b0871,4617.113096672368,0.20724326839985707,1.1544800704645013,0.7096445669622494,0.8650355724108937,0.013049286456447885,BH_from_pvalue
polymyxin,polymixinE,polymixinE_vs_control,not_regulated,b0373,b0373,1.8170953601413242,-0.28276307552143476,0.8220151704474001,0.7688040075248159,0.8993707219367028,0.013024421994920017,BH_from_pvalue
polymyxin,polymixinE,polymixinE_vs_control,not_regulated,b4675,b4675,1.6319172263878574,0.3287291612445854,1.255906586261521,0.7874802436008079,0.9129087978650603,0.0130086700811211,BH_from_pvalue
polymyxin,polymixinE,polymixinE_vs_control,not_regulated,b0367,b0367,10.817384811780812,0.08082599780954203,1.057623396890363,0.46800668998647316,0.6907751431368527,0.01298577141122728,BH_from_pvalue
polymyxin,polymixinE,polymixinE_vs_control,not_regulated,b2300,b2300,534.4526664944312,-0.09265999337371511,0.9377920842220561,0.5120113252934292,0.7248762335312611,0.012947949732207375,BH_from_pvalue
polymyxin,polymixinE,polymixinE_vs_control,not_regulated,b1324,b1324,4678.598097389778,0.11302997669221071,1.0814972348805574,0.5697779101417805,0.7687045710311123,0.012912605170080712,BH_from_pvalue
polymyxin,polymixinE,polymixinE_vs_control,not_regulated,b2796,b2796,1399.1361644012231,0.1249997547246604,1.0905075472659709,0.5943294133145857,0.7888149014721175,0.012878086449148334,BH_from_pvalue
polymyxin,polymixinE,polymixinE_vs_control,not_regulated,b4660,b4660,22.018178999291024,-0.2430604568858863,0.8449509755606023,0.7473331878370563,0.8851959502172383,0.012872623171096708,BH_from_pvalue
polymyxin,polymixinE,polymixinE_vs_control,not_regulated,b4449,b4449,4.201124325294785,0.36042998763916057,1.2838084728843209,0.8009331716219974,0.9211528208712473,0.012855929832968247,BH_from_pvalue
polymyxin,polymixinE,polymixinE_vs_control,not_regulated,b0758,b0758,786.810227384589,-0.18818909096059855,0.8777067509192223,0.6926666764558389,0.8546641893473873,0.012835341482860392,BH_from_pvalue
polymyxin,polymixinE,polymixinE_vs_control,not_regulated,b4186,b4186,14.94269792450536,0.21136250326154649,1.157781093916072,0.7164761797592202,0.8695677695945092,0.012828978062887762,BH_from_pvalue
polymyxin,polymixinE,polymixinE_vs_control,not_regulated,b0938,b0938,16.456102188341188,0.20670642197610745,1.1540505526663116,0.712384840083979,0.8669661825480891,0.01281535220767505,BH_from_pvalue
polymyxin,polymixinE,polymixinE_vs_control,not_regulated,b1311,b1311,8.775079246479578,0.2638761799697753,1.2007003723472656,0.7624610315527538,0.8942786768417214,0.012805152219758757,BH_from_pvalue
polymyxin,polymixinE,polymixinE_vs_control,not_regulated,b2836,b2836,694.5494460124822,0.08840762089722176,1.0631960286875153,0.5022818096648494,0.7183667980516669,0.012700086127634253,BH_from_pvalue
polymyxin,polymixinE,polymixinE_vs_control,not_regulated,b4678,b4678,1.172777044646165,0.21454914457968088,1.160341240446857,0.722635152897286,0.8727989357510586,0.01267680612550921,BH_from_pvalue
polymyxin,polymixinE,polymixinE_vs_control,not_regulated,b0228,b0228,173.78513638667403,-0.23754956999283028,0.8481847386934382,0.7463396239668983,0.8848275246713518,0.012623711032631029,BH_from_pvalue
polymyxin,polymixinE,polymixinE_vs_control,not_regulated,b0013,b0013,0.9473299225105909,0.2270948242946631,1.1704755710195471,0.7411211088630729,0.8807447883993867,0.012524260932353095,BH_from_pvalue
polymyxin,polymixinE,polymixinE_vs_control,not_regulated,b1676,b1676,8787.871505721354,0.1905781488896352,1.1412209597249943,0.7030343967971762,0.8604374470392241,0.012441074387312318,BH_from_pvalue
polymyxin,polymixinE,polymixinE_vs_control,not_regulated,b1873,b1873,11.836976672874258,-0.21242190930379667,0.8630871159408458,0.7264214788521184,0.8743456527690555,0.012387775543308426,BH_from_pvalue
polymyxin,polymixinE,polymixinE_vs_control,not_regulated,b2980,b2980,485.65813961719977,-0.15896677852895813,0.89566629469164,0.6658903093279144,0.8364073195635182,0.012332988469498613,BH_from_pvalue
polymyxin,polymixinE,polymixinE_vs_control,not_regulated,b0522,b0522,297.93021220649337,-0.17266041935646825,0.8872051103530326,0.6818532587057474,0.8484027545389908,0.012327596554676443,BH_from_pvalue
polymyxin,polymixinE,polymixinE_vs_control,not_regulated,b4104,b4104,3.2842655137826977,0.34555889731620937,1.2706431319375242,0.7996159098768336,0.9211508560135192,0.012325823234816883,BH_from_pvalue
polymyxin,polymixinE,polymixinE_vs_control,not_regulated,b2856,b2856,3.26257213771022,0.3580035631369296,1.2816510895503546,0.8062594035510077,0.9244552474006302,0.012212972238956567,BH_from_pvalue
polymyxin,polymixinE,polymixinE_vs_control,not_regulated,b1337,b1337,32.02035292092578,-0.1408063859090074,0.9070120445586606,0.6425755715408437,0.8194797053560291,0.012174373208914747,BH_from_pvalue
polymyxin,polymixinE,polymixinE_vs_control,not_regulated,b4299,b4299,19.30831683248549,0.2507059270772034,1.1897891499438855,0.761970961365436,0.8942786768417214,0.012166037718853755,BH_from_pvalue
polymyxin,polymixinE,polymixinE_vs_control,not_regulated,b3203,b3203,524.6116037657034,0.10901042700227492,1.0784882263830267,0.5758841729119503,0.7736938499874411,0.012147125116467027,BH_from_pvalue
polymyxin,polymixinE,polymixinE_vs_control,not_regulated,b2307,b2307,66.83076000477912,0.17339518618016214,1.127709274431648,0.6868862129744593,0.8513985187791505,0.012114620498149127,BH_from_pvalue
polymyxin,polymixinE,polymixinE_vs_control,not_regulated,b4138,b4138,10344.155763588848,-0.2185684185520529,0.8594178108735223,0.7402625797721771,0.8807447883993867,0.012054030355028247,BH_from_pvalue
polymyxin,polymixinE,polymixinE_vs_control,not_regulated,b2281,b2281,1388.741334847152,0.08950997131289995,1.0640087177367965,0.5268553074704813,0.7350481305838166,0.011966070929855282,BH_from_pvalue
polymyxin,polymixinE,polymixinE_vs_control,not_regulated,b3676,b3676,124.61962842713187,-0.12854594800619967,0.9147529396909863,0.6265765941784426,0.8071406841351533,0.011961298338599916,BH_from_pvalue
polymyxin,polymixinE,polymixinE_vs_control,not_regulated,b2145,b2145,14.172932460854176,-0.19658041118286151,0.8726164578518579,0.7164037777915474,0.8695677695945092,0.011931755840049253,BH_from_pvalue
polymyxin,polymixinE,polymixinE_vs_control,not_regulated,b4410,b4410,5.175289545158235,0.1885310110265741,1.139602752250793,0.7087063293278255,0.8648565035955487,0.011888000949686008,BH_from_pvalue
polymyxin,polymixinE,polymixinE_vs_control,not_regulated,b3170,b3170,831.0059730493293,0.11686639232488538,1.084376980275635,0.6026044343222396,0.7912839433543584,0.011881531102156432,BH_from_pvalue
polymyxin,polymixinE,polymixinE_vs_control,not_regulated,b3330,b3330,0.6154312075639459,0.23897068690389084,1.1801503644553417,0.7570549921632085,0.8923567491483521,0.011819845598720005,BH_from_pvalue
polymyxin,polymixinE,polymixinE_vs_control,not_regulated,b1119,b1119,1191.8151878197734,0.09499984649109905,1.0680652944011462,0.5495984833296577,0.7525400237494064,0.011729668782171116,BH_from_pvalue
polymyxin,polymixinE,polymixinE_vs_control,not_regulated,b3509,b3509,11630.79882627465,-0.2257002931320642,0.8551798153248387,0.7500698473394556,0.8876122529157777,0.011686018904934663,BH_from_pvalue
polymyxin,polymixinE,polymixinE_vs_control,not_regulated,b2700,b2700,107.8524792292925,-0.134631342575946,0.910902570299134,0.6420076893608567,0.8192200246085486,0.011658998948821213,BH_from_pvalue
polymyxin,polymixinE,polymixinE_vs_control,not_regulated,b0751,b0751,446.0662961525488,0.10636606857175401,1.0765132439546785,0.5814641125860208,0.7779240498628985,0.011600581465439883,BH_from_pvalue
polymyxin,polymixinE,polymixinE_vs_control,not_regulated,b3675,b3675,12.638059619906963,-0.13390075014827607,0.9113639755418926,0.6424048968554463,0.8194797053560291,0.011577299528958923,BH_from_pvalue
polymyxin,polymixinE,polymixinE_vs_control,not_regulated,b0191,b0191,81.11229684722615,0.1471380411584784,1.1073705357729182,0.6639222299333122,0.8348002984076589,0.011538183270804095,BH_from_pvalue
polymyxin,polymixinE,polymixinE_vs_control,not_regulated,b2509,b2509,2106.7966409994797,-0.1535602485679508,0.899029120133047,0.6707403642684482,0.8414062976090455,0.011516134408338069,BH_from_pvalue
polymyxin,polymixinE,polymixinE_vs_control,not_regulated,b4249,b4249,29.72306729940864,0.17541487372711817,1.129289106152521,0.7017285303386661,0.8602463258113499,0.011468128654042889,BH_from_pvalue
polymyxin,polymixinE,polymixinE_vs_control,not_regulated,b0771,b0771,33.38542513728499,0.17906221985364112,1.1321477277771883,0.7060592216210254,0.8630039072965686,0.011457696876565783,BH_from_pvalue
polymyxin,polymixinE,polymixinE_vs_control,not_regulated,b3580,b3580,20.353512267811855,0.19749865135181643,1.1467084641527905,0.7286570194607064,0.8751500312806859,0.011438625641849885,BH_from_pvalue
polymyxin,polymixinE,polymixinE_vs_control,not_regulated,b3471,b3471,102.57873754248827,0.10375643561959791,1.0745677426063074,0.5791893057121352,0.7762422521396471,0.011413490300764216,BH_from_pvalue
polymyxin,polymixinE,polymixinE_vs_control,not_regulated,b3571,b3571,103.93067786061503,0.16750454011740246,1.1231141295028277,0.6938848621150899,0.8551567866361867,0.011382645949488393,BH_from_pvalue
polymyxin,polymixinE,polymixinE_vs_control,not_regulated,b1303,b1303,171.18445761624898,0.14922328581175925,1.108972265882681,0.6687265823338221,0.839501023538245,0.011337801714940641,BH_from_pvalue
polymyxin,polymixinE,polymixinE_vs_control,not_regulated,b3666,b3666,66.85692462335008,0.07656935766804462,1.0545075011578053,0.49422436389199703,0.7120503487463814,0.011293160697306869,BH_from_pvalue
polymyxin,polymixinE,polymixinE_vs_control,not_regulated,b2094,b2094,9837.887165836275,-0.10465370936542939,0.9300281508313849,0.584089217364699,0.7800573930244703,0.011289355925749263,BH_from_pvalue
polymyxin,polymixinE,polymixinE_vs_control,not_regulated,b0227,b0227,61.078897013721416,0.1191555142201457,1.0860989252242226,0.6199663627931291,0.8045684108638831,0.01125269201224476,BH_from_pvalue
polymyxin,polymixinE,polymixinE_vs_control,not_regulated,b0080,b0080,2650.612967743302,-0.1934967849557605,0.8744835889231803,0.7301811059689193,0.8755107684885826,0.01117221564124527,BH_from_pvalue
polymyxin,polymixinE,polymixinE_vs_control,not_regulated,b1779,b1779,21565.102404151,-0.06936655746328313,0.9530563636087471,0.468039557150259,0.6907751431368527,0.0111446599264329,BH_from_pvalue
polymyxin,polymixinE,polymixinE_vs_control,not_regulated,b2949,b2949,282.6307275553441,0.11950314076421797,1.0863606591986286,0.6235612380774503,0.8071406841351533,0.011119858239417805,BH_from_pvalue
polymyxin,polymixinE,polymixinE_vs_control,not_regulated,b0992,b0992,59.490242939037195,0.3421725829804698,1.2676641578044598,0.8138890357833733,0.9284486134805006,0.011032372219672458,BH_from_pvalue
polymyxin,polymixinE,polymixinE_vs_control,not_regulated,b0783,b0783,216.2998504842138,-0.23119865026368291,0.8519267819026809,0.7650005293424884,0.8961436186295373,0.011010230773791254,BH_from_pvalue
polymyxin,polymixinE,polymixinE_vs_control,not_regulated,b0258,b0258,168.81405335961367,0.11068047033372697,1.0797373919367317,0.6084570234040854,0.7954693051079876,0.010999045937153399,BH_from_pvalue
polymyxin,polymixinE,polymixinE_vs_control,not_regulated,b0185,b0185,1261.7433829351091,-0.10802784897601647,0.9278555654949099,0.6010349682899506,0.7912839433543584,0.010982937198398336,BH_from_pvalue
polymyxin,polymixinE,polymixinE_vs_control,not_regulated,b4587,b4587,79.2879107061773,0.10780517683922763,1.0775876165741338,0.5998698807400479,0.7910333402429596,0.010975128839602765,BH_from_pvalue
polymyxin,polymixinE,polymixinE_vs_control,not_regulated,b3270,b3270,22.67654663584911,0.1576096715504658,1.1154374942332856,0.6888111610314825,0.8522197251008613,0.010945742355600632,BH_from_pvalue
polymyxin,polymixinE,polymixinE_vs_control,not_regulated,b0681,b0681,23.507215113554036,0.16048562147318712,1.1176632882209028,0.6939584796591083,0.8551567866361867,0.010905680573986514,BH_from_pvalue
polymyxin,polymixinE,polymixinE_vs_control,not_regulated,b0345,b0345,273.4972584568857,0.08370858060236941,1.0597386982319728,0.5352848247325758,0.7410964335100775,0.01089260221714201,BH_from_pvalue
polymyxin,polymixinE,polymixinE_vs_control,not_regulated,b0717,b0717,6.161012754979239,0.26801271037818264,1.2041479899245113,0.7843333925806716,0.910704814445475,0.010887310820525102,BH_from_pvalue
polymyxin,polymixinE,polymixinE_vs_control,not_regulated,b3553,b3553,795.0183813180644,0.10522850982993326,1.075664752521072,0.5950267611595821,0.789041972787677,0.010828002512149833,BH_from_pvalue
polymyxin,polymixinE,polymixinE_vs_control,not_regulated,b2333,b2333,5.571763721544724,0.1886416792477532,1.1396901738078096,0.7320437419465321,0.8763218554709499,0.010816026641041343,BH_from_pvalue
polymyxin,polymixinE,polymixinE_vs_control,not_regulated,b2615,b2615,538.9403995604814,0.09417549070415632,1.0674551763372464,0.5702851515245309,0.7689276413541187,0.010746791560639363,BH_from_pvalue
polymyxin,polymixinE,polymixinE_vs_control,not_regulated,b4094,b4094,10.616876504278103,0.1816653793500569,1.1341923883005198,0.7234456638962101,0.8727989357510586,0.010733842813726406,BH_from_pvalue
polymyxin,polymixinE,polymixinE_vs_control,not_regulated,b4113,b4113,223.40469340111792,-0.15015755175276357,0.9011520455282133,0.6810396116104996,0.8484027545389908,0.01072093838614132,BH_from_pvalue
polymyxin,polymixinE,polymixinE_vs_control,not_regulated,b1050,b1050,86.42752423224755,-0.11548746838010882,0.9230703642471707,0.6283504975211561,0.8076942930523202,0.010711807504834176,BH_from_pvalue
polymyxin,polymixinE,polymixinE_vs_control,not_regulated,b4480,b4480,176.39972864418098,-0.15416852413563475,0.898650147332233,0.6905449451155156,0.8530818904503128,0.010639058435457226,BH_from_pvalue
polymyxin,polymixinE,polymixinE_vs_control,not_regulated,b1185,b1185,295.68778848172263,-0.07972020367367527,0.9462411429715109,0.5275195034493002,0.7355185141087887,0.010635184658115098,BH_from_pvalue
polymyxin,polymixinE,polymixinE_vs_control,not_regulated,b4196,b4196,57.4413099826568,-0.15047243108764619,0.9009553835967812,0.6890891819012522,0.8522197251008613,0.01045007229634937,BH_from_pvalue
polymyxin,polymixinE,polymixinE_vs_control,not_regulated,b3140,b3140,6.645085402324203,0.2512691619422811,1.1902537398540518,0.7815872383073167,0.9094534197851308,0.010357199182067844,BH_from_pvalue
polymyxin,polymixinE,polymixinE_vs_control,not_regulated,b1484,b1484,192.5716480977534,-0.15398509626070123,0.8987644112352285,0.698986066517181,0.8587924958192515,0.010180225590617428,BH_from_pvalue
polymyxin,polymixinE,polymixinE_vs_control,not_regulated,b2218,b2218,1510.0746151541955,-0.14579549821828408,0.9038808426295396,0.6874800902521154,0.8517646541604119,0.010159086576718717,BH_from_pvalue
polymyxin,polymixinE,polymixinE_vs_control,not_regulated,b2142,b2142,271.8355046247225,0.15524859210517228,1.1136134894587981,0.7017381223891562,0.8602463258113499,0.010149714159306784,BH_from_pvalue
polymyxin,polymixinE,polymixinE_vs_control,not_regulated,b0855,b0855,177.2706971123654,-0.2090563138368431,0.8651029216911987,0.7624589530572173,0.8942786768417214,0.010144901754637578,BH_from_pvalue
polymyxin,polymixinE,polymixinE_vs_control,not_regulated,b3089,b3089,876.2637494258339,-0.12988321322885277,0.9139054282643905,0.6652584644974455,0.8358470875166228,0.010114417087600351,BH_from_pvalue
polymyxin,polymixinE,polymixinE_vs_control,not_regulated,b4386,b4386,284.0307446313814,-0.07376762390774694,0.95015341255205,0.5237002512919552,0.7328579692640274,0.009957167534635688,BH_from_pvalue
polymyxin,polymixinE,polymixinE_vs_control,not_regulated,b0854,b0854,301.15083536257265,0.14542702166819232,1.1060579857227062,0.6927758191108435,0.8546641893473873,0.009918776239465445,BH_from_pvalue
polymyxin,polymixinE,polymixinE_vs_control,not_regulated,b1664,b1664,2337.048775083252,0.13497531345966607,1.0980740240360338,0.6755070421299687,0.8451823853965506,0.009859887628593772,BH_from_pvalue
polymyxin,polymixinE,polymixinE_vs_control,not_regulated,b0062,b0062,334.90030958141983,0.2657326913007809,1.2022464708990186,0.7953052491481073,0.9183248035034216,0.00983308892087428,BH_from_pvalue
polymyxin,polymixinE,polymixinE_vs_control,not_regulated,b0612,b0612,20.05413223660854,-0.14726247839626705,0.9029622137284561,0.6976229716621043,0.8578207016227843,0.009808193125945377,BH_from_pvalue
polymyxin,polymixinE,polymixinE_vs_control,not_regulated,b1206,b1206,179.62560203655394,0.05298061009061339,1.0374059936720548,0.4212958306121082,0.6537408834886739,0.00977992151443633,BH_from_pvalue
polymyxin,polymixinE,polymixinE_vs_control,not_regulated,b4021,b4021,168.9540659031384,0.15917060927059712,1.1166450056372401,0.7145085365246744,0.8681413823036157,0.009774594130190424,BH_from_pvalue
polymyxin,polymixinE,polymixinE_vs_control,not_regulated,b3227,b3227,17.584603248923955,0.1980958879256116,1.1471832685919574,0.7591036678711518,0.8926662217214225,0.009768286225866002,BH_from_pvalue
polymyxin,polymixinE,polymixinE_vs_control,not_regulated,b0494,b0494,196.77929982949308,-0.07529490051631171,0.9491480862708034,0.5387132285545864,0.7430641220602666,0.009711062480300525,BH_from_pvalue
polymyxin,polymixinE,polymixinE_vs_control,not_regulated,b0525,b0525,1281.471385039429,-0.09196656573988093,0.9382429399004402,0.5911040285549088,0.7859254863848596,0.009621415881714073,BH_from_pvalue
polymyxin,polymixinE,polymixinE_vs_control,not_regulated,b0308,b0308,40.3866157633241,0.15248456367744012,1.1114819838089642,0.7090227723124718,0.8648565035955487,0.009615058169684101,BH_from_pvalue
polymyxin,polymixinE,polymixinE_vs_control,not_regulated,b2677,b2677,42.02535509982109,-0.164265164772309,0.892382938008423,0.7254295554628485,0.8740911171904345,0.009600197185513458,BH_from_pvalue
polymyxin,polymixinE,polymixinE_vs_control,not_regulated,b3884,b3884,130.7468455996507,-0.14601857826479048,0.9037410887757135,0.7008721374868672,0.8598603228447181,0.009574743436299098,BH_from_pvalue
polymyxin,polymixinE,polymixinE_vs_control,not_regulated,b4297,b4297,159.2571633190465,0.15392825397797072,1.1125947892550088,0.7115390606268686,0.866579672402071,0.009573029399384297,BH_from_pvalue
polymyxin,polymixinE,polymixinE_vs_control,not_regulated,b3484,b3484,2.450052833722589,0.2788848561164594,1.2132567243533923,0.8062778869614656,0.9244552474006302,0.009513908118040098,BH_from_pvalue
polymyxin,polymixinE,polymixinE_vs_control,not_regulated,b2587,b2587,4853.1590914152375,0.10209038209157839,1.0733275262087634,0.6238807509934138,0.8071406841351533,0.00949958778661878,BH_from_pvalue
polymyxin,polymixinE,polymixinE_vs_control,not_regulated,b3375,b3375,189.8474336881965,0.11726065929093554,1.0846733647745044,0.6561427189483786,0.8301912657749105,0.009477222247267792,BH_from_pvalue
polymyxin,polymixinE,polymixinE_vs_control,not_regulated,b0316,b0316,89.59549698591758,0.13915061996921896,1.101256565271854,0.6934689009552424,0.8551567866361867,0.009455876477445242,BH_from_pvalue
polymyxin,polymixinE,polymixinE_vs_control,not_regulated,b4261,b4261,990.0670023309148,-0.07667242990034318,0.9482422431580491,0.5518634439790885,0.7535609466721664,0.009421632162545449,BH_from_pvalue
polymyxin,polymixinE,polymixinE_vs_control,not_regulated,b4375,b4375,813.9558155697179,0.07930075609865028,1.0565058503131872,0.560120716405228,0.7609250928392375,0.009409676574693193,BH_from_pvalue
polymyxin,polymixinE,polymixinE_vs_control,not_regulated,b1675,b1675,76.52218919849754,0.13633648096827056,1.099110534152307,0.6908360427948348,0.8532071720184423,0.009399787196084563,BH_from_pvalue
polymyxin,polymixinE,polymixinE_vs_control,not_regulated,b0295,b0295,9.439810522762867,0.22685845663189985,1.1702838188442244,0.7805291799838486,0.9094142129955184,0.009355248608445346,BH_from_pvalue
polymyxin,polymixinE,polymixinE_vs_control,not_regulated,b3883,b3883,80.55643772467096,-0.1111957667487955,0.925820384648829,0.648024314632214,0.8239994184766403,0.009348572239075245,BH_from_pvalue
polymyxin,polymixinE,polymixinE_vs_control,not_regulated,b2495,b2495,355.70767995253806,-0.11895601353224627,0.9208537727762164,0.6645025167922178,0.8351305729341704,0.009307786689608792,BH_from_pvalue
polymyxin,polymixinE,polymixinE_vs_control,not_regulated,b2479,b2479,579.5076379279527,-0.06867777342627512,0.9535114887183482,0.5238191132022784,0.7328579692640274,0.00927013857415783,BH_from_pvalue
polymyxin,polymixinE,polymixinE_vs_control,not_regulated,b1336,b1336,35.62593619497567,0.10549274275987042,1.0758617810482731,0.6403192997958316,0.8182261961595597,0.009191226146361918,BH_from_pvalue
polymyxin,polymixinE,polymixinE_vs_control,not_regulated,b3412,b3412,265.06797829283136,-0.0892721414066564,0.9399968703687539,0.5966039672687671,0.7892629976361023,0.009175235126904482,BH_from_pvalue
polymyxin,polymixinE,polymixinE_vs_control,not_regulated,b3239,b3239,224.8104885978124,0.14322862102772405,1.1043738412340702,0.7068660687770622,0.8635207977618754,0.009127558699611928,BH_from_pvalue
polymyxin,polymixinE,polymixinE_vs_control,not_regulated,b3909,b3909,51.66108555217721,-0.17200320289710724,0.8876093667043069,0.7474375764617766,0.8851959502172383,0.009109389669894587,BH_from_pvalue
polymyxin,polymixinE,polymixinE_vs_control,not_regulated,b1978,b1978,418.22896306536023,0.06976757059718075,1.0495475797153795,0.5353325790646892,0.7410964335100775,0.00907852443205747,BH_from_pvalue
polymyxin,polymixinE,polymixinE_vs_control,not_regulated,b3636,b3636,27.666092026902678,-0.15334536777653618,0.8991630351122246,0.7209106514272215,0.8725832276183433,0.009076993680824387,BH_from_pvalue
polymyxin,polymixinE,polymixinE_vs_control,not_regulated,b0849,b0849,107.64003969142779,0.14950358507303374,1.1091877475311136,0.7168952321548646,0.8695677695945092,0.009074354171759873,BH_from_pvalue
polymyxin,polymixinE,polymixinE_vs_control,not_regulated,b4701,b4701,0.8587921114825973,-0.2426233309439289,0.8452070282546515,0.794428069002696,0.9180916192771461,0.009004716727011527,BH_from_pvalue
polymyxin,polymixinE,polymixinE_vs_control,not_regulated,b0834,b0834,9.754802821540624,-0.18112630120192952,0.8820141456047167,0.7561275186836118,0.8921010118366667,0.008981322983670131,BH_from_pvalue
polymyxin,polymixinE,polymixinE_vs_control,not_regulated,b0825,b0825,151.9045751037111,0.11286356561509336,1.0813724942144143,0.6596772316106887,0.8329640415097075,0.008958404033296964,BH_from_pvalue
polymyxin,polymixinE,polymixinE_vs_control,not_regulated,b2950,b2950,34.186970136539784,-0.18095455815022987,0.882119149651583,0.7578902153670926,0.8924483310989236,0.008942216609129758,BH_from_pvalue
polymyxin,polymixinE,polymixinE_vs_control,not_regulated,b3999,b3999,474.1332361931095,0.07540765148419837,1.0536587183132013,0.5631365551889648,0.7629482606144468,0.008860769508699646,BH_from_pvalue
polymyxin,polymixinE,polymixinE_vs_control,not_regulated,b3371,b3371,48.867592150759286,0.14416904227873228,1.105093962376609,0.7143212752554292,0.8681413823036157,0.008853354779946712,BH_from_pvalue
polymyxin,polymixinE,polymixinE_vs_control,not_regulated,b2665,b2665,11188.340600640067,-0.1858241263840732,0.8791467279051364,0.765049243116368,0.8961436186295373,0.00884938779916477,BH_from_pvalue
polymyxin,polymixinE,polymixinE_vs_control,not_regulated,b2387,b2387,4.760294048966095,0.1774487677163874,1.1308822870118218,0.7568839592260508,0.8923567491483521,0.008776879973292994,BH_from_pvalue
polymyxin,polymixinE,polymixinE_vs_control,not_regulated,b0348,b0348,14.814023485291669,-0.18216853923423448,0.8813771872105737,0.7642473506845209,0.8956708138037975,0.008717051956924,BH_from_pvalue
polymyxin,polymixinE,polymixinE_vs_control,not_regulated,b0976,b0976,129.4725272496303,0.3062483105365814,1.2364880616752878,0.8246172014347013,0.9365794748903591,0.00871440715055642,BH_from_pvalue
polymyxin,polymixinE,polymixinE_vs_control,not_regulated,b0478,b0478,1888.768057869527,-0.06590845697456515,0.955343553673119,0.5317865032148584,0.7380363133170111,0.00869479320532199,BH_from_pvalue
polymyxin,polymixinE,polymixinE_vs_control,not_regulated,b4595,b4595,111.68255146000679,-0.12233054359860773,0.9187023705365893,0.6850209496000729,0.8504621118689285,0.008605345693556657,BH_from_pvalue
polymyxin,polymixinE,polymixinE_vs_control,not_regulated,b2642,b2642,228.0839580152215,0.09969069240005357,1.0715437035549287,0.6440755903335167,0.8203430205405096,0.008573849402786748,BH_from_pvalue
polymyxin,polymixinE,polymixinE_vs_control,not_regulated,b1278,b1278,788.2519688299641,-0.0898052968320684,0.9396495538364608,0.6178205915970567,0.8028106714965006,0.008566245564759297,BH_from_pvalue
polymyxin,polymixinE,polymixinE_vs_control,not_regulated,b3427,b3427,35.7841338626217,-0.16146078072064807,0.8941192844369228,0.7484389233159259,0.8859153360723775,0.008494093260219866,BH_from_pvalue
polymyxin,polymixinE,polymixinE_vs_control,not_regulated,b1489,b1489,725.4718458937255,-0.17129871006206798,0.8880429074888728,0.7562430320438439,0.8921010118366667,0.008494012363440832,BH_from_pvalue
polymyxin,polymixinE,polymixinE_vs_control,not_regulated,b1322,b1322,439.2082047503116,-0.12222311570477729,0.9187707827322161,0.6890843123159769,0.8522197251008613,0.00848820203254401,BH_from_pvalue
polymyxin,polymixinE,polymixinE_vs_control,not_regulated,b1056,b1056,156.46659079960452,0.11578261198594486,1.0835626812713035,0.6765094923288176,0.8452706064815564,0.008452620777948639,BH_from_pvalue
polymyxin,polymixinE,polymixinE_vs_control,not_regulated,b4396,b4396,5896.590936853925,-0.09644952439192345,0.9353320155330558,0.6405930331621954,0.8183434999044461,0.008397316386729468,BH_from_pvalue
polymyxin,polymixinE,polymixinE_vs_control,not_regulated,b1952,b1952,106.92356693502457,0.1372902978962145,1.0998374354243043,0.7230402148603269,0.8727989357510586,0.008111905981975856,BH_from_pvalue
polymyxin,polymixinE,polymixinE_vs_control,not_regulated,b4428,b4428,1.592892383664975,0.23970509168021903,1.1807512736401922,0.807612463288464,0.9250422357706929,0.008111245811323239,BH_from_pvalue
polymyxin,polymixinE,polymixinE_vs_control,not_regulated,b4146,b4146,519.4034343679276,0.10239514850090359,1.0735542884283993,0.6619964470854703,0.833422251960714,0.008103030684598457,BH_from_pvalue
polymyxin,polymixinE,polymixinE_vs_control,not_regulated,b4200,b4200,4168.221074623381,0.09861309480692881,1.070743630253941,0.6526463635814634,0.8283305145004014,0.008066190188343854,BH_from_pvalue
polymyxin,polymixinE,polymixinE_vs_control,not_regulated,b3560,b3560,1567.1584003135185,0.07881922302093436,1.0561532757174323,0.6020314480132368,0.7912839433543584,0.008013364930164102,BH_from_pvalue
polymyxin,polymixinE,polymixinE_vs_control,not_regulated,b1363,b1363,139.54317594728002,-0.11199388005081534,0.9253083532111774,0.6808706020249283,0.8484027545389908,0.007996131221069904,BH_from_pvalue
polymyxin,polymixinE,polymixinE_vs_control,not_regulated,b4399,b4399,134.37304352782016,-0.08380095491148865,0.9435684237313828,0.617903633775208,0.8028106714965006,0.007993510223294472,BH_from_pvalue
polymyxin,polymixinE,polymixinE_vs_control,not_regulated,b0267,b0267,27.89600846635153,-0.13785926286523864,0.9088667734849588,0.7315853137561679,0.8761104209997984,0.00791879513031645,BH_from_pvalue
polymyxin,polymixinE,polymixinE_vs_control,not_regulated,b0652,b0652,332.2413378522397,0.10820275338157259,1.0778846180777302,0.6761121002471934,0.8452706064815564,0.00789925901460366,BH_from_pvalue
polymyxin,polymixinE,polymixinE_vs_control,not_regulated,b1699,b1699,27.18830256072035,-0.07172657215754441,0.9514985927170326,0.5798617470609428,0.776255398297655,0.00788959059937913,BH_from_pvalue
polymyxin,polymixinE,polymixinE_vs_control,not_regulated,b3207,b3207,6844.551350516598,-0.13321314254227445,0.9117984472388275,0.7216717613266582,0.8727989357510586,0.007871004028874456,BH_from_pvalue
polymyxin,polymixinE,polymixinE_vs_control,not_regulated,b4575,b4575,503.5222547640753,-0.08765297694828966,0.9410524392105686,0.6369017669133715,0.8154370403617609,0.007766892164485409,BH_from_pvalue
polymyxin,polymixinE,polymixinE_vs_control,not_regulated,b1212,b1212,162.50180443323123,-0.1149300154576629,0.923427104711503,0.6961889431424348,0.8562914591891364,0.007743799138821834,BH_from_pvalue
polymyxin,polymixinE,polymixinE_vs_control,not_regulated,b4251,b4251,68.07706073082947,0.1024185474168835,1.0735717004313474,0.671179590000279,0.8414062976090455,0.007680801307362169,BH_from_pvalue
polymyxin,polymixinE,polymixinE_vs_control,not_regulated,b3524,b3524,1235.8539904180182,0.11531835446658789,1.0832140482087929,0.7002244599886674,0.8596096127262626,0.007576270193374283,BH_from_pvalue
polymyxin,polymixinE,polymixinE_vs_control,not_regulated,b1342,b1342,538.8305803629678,0.06091077026152547,1.043124074997371,0.5507244107732356,0.7531310051322266,0.007499911033790297,BH_from_pvalue
polymyxin,polymixinE,polymixinE_vs_control,not_regulated,b3898,b3898,48.55209819716086,-0.11025924870452286,0.9264215712835687,0.6943416165666624,0.8551567866361867,0.007492584916089573,BH_from_pvalue
polymyxin,polymixinE,polymixinE_vs_control,not_regulated,b3150,b3150,533.9837659173912,0.06589924312590512,1.0467371759848936,0.571435421390824,0.7702476851710898,0.007470970714621781,BH_from_pvalue
polymyxin,polymixinE,polymixinE_vs_control,not_regulated,b3818,b3818,0.836049674234501,0.201550065262861,1.149933206608782,0.7956228900072997,0.9183248035034216,0.007458095216047295,BH_from_pvalue
polymyxin,polymixinE,polymixinE_vs_control,not_regulated,b2714,b2714,132.966352476207,-0.07750206796344017,0.9476971025155132,0.6178421422265925,0.8028106714965006,0.007392679155584302,BH_from_pvalue
polymyxin,polymixinE,polymixinE_vs_control,not_regulated,b0929,b0929,11383.888568665125,0.3631043295353962,1.2861904918633091,0.8600340581191702,0.9542262440601943,0.007388680454338215,BH_from_pvalue
polymyxin,polymixinE,polymixinE_vs_control,not_regulated,b0577,b0577,292.272748989337,-0.09302229990589517,0.9375566044230744,0.660000854588839,0.8329640415097075,0.007383528440927519,BH_from_pvalue
polymyxin,polymixinE,polymixinE_vs_control,not_regulated,b1829,b1829,3421.078461952191,0.10388519779412597,1.0746636532804523,0.6831013414469463,0.8492509214561539,0.007372106396138494,BH_from_pvalue
polymyxin,polymixinE,polymixinE_vs_control,not_regulated,b1904,b1904,6.114262382942139,0.27605062906971023,1.210875576942185,0.8328300413798747,0.9404670844628599,0.007358515928019085,BH_from_pvalue
polymyxin,polymixinE,polymixinE_vs_control,not_regulated,b2981,b2981,17.392494121638695,0.12093639753901186,1.0874404490436378,0.7158338254003354,0.8692820050352884,0.007357687051610725,BH_from_pvalue
polymyxin,polymixinE,polymixinE_vs_control,not_regulated,b0622,b0622,651.6640999468829,-0.23757840158300425,0.8481677882848416,0.8182397163593408,0.9312859929616182,0.007345194577656263,BH_from_pvalue
polymyxin,polymixinE,polymixinE_vs_control,not_regulated,b0714,b0714,197.36019876434844,0.092540876476642,1.0662464043898996,0.6606225539741214,0.8333174769992506,0.007328266636163326,BH_from_pvalue
polymyxin,polymixinE,polymixinE_vs_control,not_regulated,b3714,b3714,293.7688597139526,-0.09211380130610713,0.938147191542196,0.659183059769854,0.8328666861923605,0.007316093431531486,BH_from_pvalue
polymyxin,polymixinE,polymixinE_vs_control,not_regulated,b1714,b1714,706.5159912359132,0.07040995215910151,1.0500150105429529,0.5949712142830834,0.789041972787677,0.007245176616976371,BH_from_pvalue
polymyxin,polymixinE,polymixinE_vs_control,not_regulated,b3665,b3665,129.69848643614674,-0.1944587970407028,0.8739006636790598,0.7945890316679148,0.9180916192771461,0.007217139322976442,BH_from_pvalue
polymyxin,polymixinE,polymixinE_vs_control,not_regulated,b3482,b3482,8.338823323718954,-0.2600647226553896,0.8350504562821527,0.8283457316889478,0.9385136274903998,0.007167232116507914,BH_from_pvalue
polymyxin,polymixinE,polymixinE_vs_control,not_regulated,b1063,b1063,927.8004939292249,-0.12918632269920316,0.9143469948250895,0.7394306948255686,0.8802452395830815,0.007156446218312306,BH_from_pvalue
polymyxin,polymixinE,polymixinE_vs_control,not_regulated,b2447,b2447,21.993583426560466,0.12379270560974209,1.089595541860783,0.7294753482049725,0.8754482700709622,0.007151444084522851,BH_from_pvalue
polymyxin,polymixinE,polymixinE_vs_control,not_regulated,b3057,b3057,184.92667321438262,-0.10763169682112306,0.928110381961327,0.6987177560392357,0.8586973952635197,0.007120897398028992,BH_from_pvalue
polymyxin,polymixinE,polymixinE_vs_control,not_regulated,b1609,b1609,222.95994764388686,-0.1202359786895757,0.9200371497138603,0.7219700631502111,0.8727989357510586,0.007104238025020585,BH_from_pvalue
polymyxin,polymixinE,polymixinE_vs_control,not_regulated,b1740,b1740,705.9587479381968,-0.10877120744795299,0.9273776047253423,0.703095261693276,0.8604374470392241,0.007100660232781596,BH_from_pvalue
polymyxin,polymixinE,polymixinE_vs_control,not_regulated,b0102,b0102,285.4150928544844,-0.08046644646220535,0.9457518205459534,0.6379943294529621,0.8161827343229304,0.007098154182373322,BH_from_pvalue
polymyxin,polymixinE,polymixinE_vs_control,not_regulated,b1048,b1048,3135.7306651902977,-0.0865110847200441,0.941797576480293,0.6517662783501745,0.8279143518833904,0.007095171044561897,BH_from_pvalue
polymyxin,polymixinE,polymixinE_vs_control,not_regulated,b4231,b4231,370.5855299689329,-0.12657832854667106,0.9160013765254307,0.7410153304674315,0.8807447883993867,0.006980784436736644,BH_from_pvalue
polymyxin,polymixinE,polymixinE_vs_control,not_regulated,b4122,b4122,55.02881512332826,0.20724126701156909,1.1544784689054584,0.8087467774301738,0.9253988819335847,0.00697802682555845,BH_from_pvalue
polymyxin,polymixinE,polymixinE_vs_control,not_regulated,b4190,b4190,188.31965112732453,-0.09936432906467552,0.9334441890672398,0.6882893187355694,0.8521943689678809,0.0069019794258863,BH_from_pvalue
polymyxin,polymixinE,polymixinE_vs_control,not_regulated,b3024,b3024,9143.742325573156,0.09743581350933361,1.0698702285820318,0.6844215008343321,0.8501872164465136,0.006867805158273145,BH_from_pvalue
polymyxin,polymixinE,polymixinE_vs_control,not_regulated,b0448,b0448,535.8160973808305,-0.06143312145820978,0.9583116939193965,0.5771663651811023,0.7742601582417531,0.006826023831873796,BH_from_pvalue
polymyxin,polymixinE,polymixinE_vs_control,not_regulated,b4461,b4461,337.05628084658457,0.10602233712096876,1.0762567882443925,0.7065089834120102,0.8633190457449665,0.0067672656148501185,BH_from_pvalue
polymyxin,polymixinE,polymixinE_vs_control,not_regulated,b4615,b4615,1.4976699674286416,0.2566590394667795,1.1947088189860746,0.8351957123254483,0.9411535646193483,0.0067602729600695945,BH_from_pvalue
polymyxin,polymixinE,polymixinE_vs_control,not_regulated,b0136,b0136,4.035483212562945,-0.20965993699991747,0.8647410386049912,0.8146385413585654,0.9288011843144149,0.006725312012748235,BH_from_pvalue
polymyxin,polymixinE,polymixinE_vs_control,not_regulated,b3391,b3391,37.14130576519344,0.11938700385783374,1.0862732107188493,0.7367427936218853,0.8786321969742679,0.006708700334225438,BH_from_pvalue
polymyxin,polymixinE,polymixinE_vs_control,not_regulated,b2474,b2474,728.207241230673,0.11309558997366764,1.0815464221267266,0.721074223445394,0.8725832276183433,0.006694482985727106,BH_from_pvalue
polymyxin,polymixinE,polymixinE_vs_control,not_regulated,b3411,b3411,49.79386880414092,0.1155123695262148,1.0833597297035513,0.7285951378391758,0.8751500312806859,0.006690186201118317,BH_from_pvalue
polymyxin,polymixinE,polymixinE_vs_control,not_regulated,b4468,b4468,438.4379227755548,0.1192370435746053,1.086160304409582,0.7375959489008995,0.879095542701708,0.006672972600548028,BH_from_pvalue
polymyxin,polymixinE,polymixinE_vs_control,not_regulated,b0939,b0939,3.604618334668371,0.18191894637466222,1.1343917506440486,0.796550901227683,0.9191600702211694,0.006659843484507627,BH_from_pvalue
polymyxin,polymixinE,polymixinE_vs_control,not_regulated,b1308,b1308,1725.8767553365942,-0.179087795187737,0.883261298991196,0.7939057052256034,0.9179917383302736,0.0066551222654959346,BH_from_pvalue
polymyxin,polymixinE,polymixinE_vs_control,not_regulated,b3191,b3191,329.4482389330111,-0.11485599270650049,0.9234744857355401,0.7324626841084579,0.8764610676030444,0.006577500688561132,BH_from_pvalue
polymyxin,polymixinE,polymixinE_vs_control,not_regulated,b2292,b2292,1998.844462880102,0.12800515634361886,1.0927816448103587,0.7514028907852205,0.8886115688730668,0.006565133189544829,BH_from_pvalue
polymyxin,polymixinE,polymixinE_vs_control,not_regulated,b0042,b0042,9.518042515848848,-0.19843613692814266,0.8714947406781808,0.8124040883462106,0.9272556257977257,0.006508809085680639,BH_from_pvalue
polymyxin,polymixinE,polymixinE_vs_control,not_regulated,b1384,b1384,183.3285962997711,-0.0777362102495962,0.9475433084325353,0.6492694777953862,0.8252088474494623,0.006486008108765955,BH_from_pvalue
polymyxin,polymixinE,polymixinE_vs_control,not_regulated,b4003,b4003,118.30775762661482,-0.1918830872981072,0.8754622722771771,0.808955168803653,0.925401919959011,0.006460627523607534,BH_from_pvalue
polymyxin,polymixinE,polymixinE_vs_control,not_regulated,b2406,b2406,125.43411534921295,-0.11000460387876121,0.9265851049991561,0.7248259135789903,0.8735977918752139,0.006456002155326026,BH_from_pvalue
polymyxin,polymixinE,polymixinE_vs_control,not_regulated,b0729,b0729,8816.538364001666,-0.11137283333733272,0.9257067627170052,0.7303060034168879,0.8755107684885826,0.0064305012142999345,BH_from_pvalue
polymyxin,polymixinE,polymixinE_vs_control,not_regulated,b1321,b1321,852.1259456448588,-0.10232361767656784,0.9315314496879187,0.7109097521101173,0.8661083599651429,0.006387835211045545,BH_from_pvalue
polymyxin,polymixinE,polymixinE_vs_control,not_regulated,b3516,b3516,1887.1591495736518,0.10143819690071076,1.0728424270723875,0.7099908790741206,0.8652232387091288,0.006377604515405357,BH_from_pvalue
polymyxin,polymixinE,polymixinE_vs_control,not_regulated,b2229,b2229,2.697562963406821,0.22657505089780838,1.1700539486630388,0.8262147025096697,0.937279629732281,0.006373742327743328,BH_from_pvalue
polymyxin,polymixinE,polymixinE_vs_control,not_regulated,b3152,b3152,367.80338877765524,-0.08042125030709357,0.945781449132947,0.6606514279633898,0.8333174769992506,0.006368519381948682,BH_from_pvalue
polymyxin,polymixinE,polymixinE_vs_control,not_regulated,b3263,b3263,10.660856891100885,0.1664833337972227,1.12231941864219,0.7913643010869633,0.9159950144851161,0.006344162100156691,BH_from_pvalue
polymyxin,polymixinE,polymixinE_vs_control,not_regulated,b2776,b2776,32.63710913411685,-0.2030538095990968,0.8687097834332753,0.8172232009010238,0.9308356438725767,0.00632045489907493,BH_from_pvalue
polymyxin,polymixinE,polymixinE_vs_control,not_regulated,b1514,b1514,1389.2992784146825,0.14650554537986515,1.1068851569103495,0.7762990688476604,0.9055480320738528,0.006312705495031481,BH_from_pvalue
polymyxin,polymixinE,polymixinE_vs_control,not_regulated,b3839,b3839,428.4619511397739,-0.08790347818850108,0.940889054481423,0.681147669725264,0.8484027545389908,0.006276126392484905,BH_from_pvalue
polymyxin,polymixinE,polymixinE_vs_control,not_regulated,b3042,b3042,517.9934662204188,0.07075884482642358,1.0502689705469581,0.6385983406505534,0.8164909995014751,0.006230217104171545,BH_from_pvalue
polymyxin,polymixinE,polymixinE_vs_control,not_regulated,b0686,b0686,312.3088520114367,-0.046228168001258396,0.9684650104922093,0.525489540209862,0.7340451398941062,0.006207390460389968,BH_from_pvalue
polymyxin,polymixinE,polymixinE_vs_control,not_regulated,b1242,b1242,141.37981118875373,0.06245650586895124,1.0442423003090109,0.6084266656467363,0.7954693051079876,0.006206713569750272,BH_from_pvalue
polymyxin,polymixinE,polymixinE_vs_control,not_regulated,b3181,b3181,513.73278296956,0.08323711957635105,1.0593924408096234,0.6743576996633127,0.8442140086517063,0.006121877520643077,BH_from_pvalue
polymyxin,polymixinE,polymixinE_vs_control,not_regulated,b1503,b1503,1.1901085112965692,0.15902358401319372,1.1165312139837975,0.7917443211686611,0.9161991141282834,0.0060445074955465215,BH_from_pvalue
polymyxin,polymixinE,polymixinE_vs_control,not_regulated,b0542,b0542,3.401094154673855,-0.17835472576533373,0.8837102201860377,0.807124352587666,0.9249542262265787,0.006042615112037753,BH_from_pvalue
polymyxin,polymixinE,polymixinE_vs_control,not_regulated,b2123,b2123,13.252695327635777,0.12962812676766156,1.0940116693122235,0.7678802260433173,0.8987575479424516,0.006009229314922422,BH_from_pvalue
polymyxin,polymixinE,polymixinE_vs_control,not_regulated,b0944,b0944,37.1441171387345,0.09329018703309888,1.0668003379518178,0.7052296521619195,0.8622242390389545,0.006006001001605296,BH_from_pvalue
polymyxin,polymixinE,polymixinE_vs_control,not_regulated,b0052,b0052,689.5334175776005,0.09743989071572123,1.0698732521509569,0.7139250047931057,0.8679012625836188,0.005995445279369991,BH_from_pvalue
polymyxin,polymixinE,polymixinE_vs_control,not_regulated,b1090,b1090,1319.3189696108202,-0.10997766450419988,0.9266024072394454,0.7441730820924691,0.8829571414539504,0.0059454339463613,BH_from_pvalue
polymyxin,polymixinE,polymixinE_vs_control,not_regulated,b2266,b2266,9485.070696262515,0.15328338874214253,1.1120975855118918,0.7897622942966043,0.9146114314485392,0.005941781449578184,BH_from_pvalue
polymyxin,polymixinE,polymixinE_vs_control,not_regulated,b4268,b4268,12.716880346342625,-0.17810144959778462,0.8838653759046731,0.8105099599168373,0.92623826212041,0.005926732275661406,BH_from_pvalue
polymyxin,polymixinE,polymixinE_vs_control,not_regulated,b0932,b0932,3640.647087713813,-0.07247795181353212,0.9510031653939679,0.6534239722462719,0.8290835055468917,0.005899830300079507,BH_from_pvalue
polymyxin,polymixinE,polymixinE_vs_control,not_regulated,b1435,b1435,392.2463189605055,0.10826370182222433,1.0779301556116672,0.7426461757149231,0.8823091649143486,0.005887294528200784,BH_from_pvalue
polymyxin,polymixinE,polymixinE_vs_control,not_regulated,b4643,b4643,0.47711930005399666,0.16416766013694434,1.1205194257213444,0.8015318718595129,0.9211528208712473,0.005855583586113984,BH_from_pvalue
polymyxin,polymixinE,polymixinE_vs_control,not_regulated,b3136,b3136,5.269221434775044,-0.2720620946715473,0.828135017018128,0.8538928814373018,0.9518736507323379,0.005827759130842644,BH_from_pvalue
polymyxin,polymixinE,polymixinE_vs_control,not_regulated,b1513,b1513,3338.770188724269,0.18766492736662954,1.1389188273069586,0.8177091536746521,0.9311533603110342,0.005813631461044486,BH_from_pvalue
polymyxin,polymixinE,polymixinE_vs_control,not_regulated,b2874,b2874,118.53611432503249,-0.07946542090353148,0.9464082657675105,0.6778487341033484,0.8462291440457567,0.005762198324107782,BH_from_pvalue
polymyxin,polymixinE,polymixinE_vs_control,not_regulated,b2187,b2187,199.16409509919663,-0.1063572288734882,0.9289306312266808,0.7440757109788085,0.8829571414539504,0.005749711833180517,BH_from_pvalue
polymyxin,polymixinE,polymixinE_vs_control,not_regulated,b0947,b0947,477.3468481712479,-0.08315790907881926,0.9439890898938648,0.6912037438505612,0.8532181801609984,0.005732897876653263,BH_from_pvalue
polymyxin,polymixinE,polymixinE_vs_control,not_regulated,b3526,b3526,158.72614918744753,-0.09723709666500646,0.9348215538556619,0.7264056832878804,0.8743456527690555,0.005670560687063531,BH_from_pvalue
polymyxin,polymixinE,polymixinE_vs_control,not_regulated,b3322,b3322,22.34520520695652,-0.11472496745571625,0.923558359296723,0.7581247383568224,0.8924483310989236,0.005669354339295893,BH_from_pvalue
polymyxin,polymixinE,polymixinE_vs_control,not_regulated,b4713,b4713,1.5015761652362312,-0.16595723673743668,0.8913369158322866,0.8056669884298755,0.9244055035625389,0.0056653614449276146,BH_from_pvalue
polymyxin,polymixinE,polymixinE_vs_control,not_regulated,b2260,b2260,476.4870673853229,-0.12311703439938348,0.9182016728647608,0.7691886759186181,0.8995867561835528,0.00565808301497429,BH_from_pvalue
polymyxin,polymixinE,polymixinE_vs_control,not_regulated,b0655,b0655,2811.204292126668,-0.05798330606489799,0.9606059794010549,0.6124872171623967,0.7987728335159352,0.005657820474124925,BH_from_pvalue
polymyxin,polymixinE,polymixinE_vs_control,not_regulated,b2723,b2723,17.47406748175984,0.10431971903888826,1.0749873769392717,0.7434909242219605,0.8826134012009443,0.00565720439978913,BH_from_pvalue
polymyxin,polymixinE,polymixinE_vs_control,not_regulated,b1712,b1712,3904.751603097638,-0.12552944531420707,0.9166675795688851,0.7715221308464205,0.9016900110312446,0.005641637403252567,BH_from_pvalue
polymyxin,polymixinE,polymixinE_vs_control,not_regulated,b3244,b3244,2549.60001956321,-0.05248846314554356,0.9642716492489932,0.5870979193121882,0.7821371481687189,0.005601415861338982,BH_from_pvalue
polymyxin,polymixinE,polymixinE_vs_control,not_regulated,b1482,b1482,12612.601244183543,0.17026294027667177,1.125263552385246,0.8123852529964798,0.9272556257977257,0.005584713499178851,BH_from_pvalue
polymyxin,polymixinE,polymixinE_vs_control,not_regulated,b1011,b1011,2.0259338972127323,0.2196913672263232,1.164484444065472,0.8392127211533649,0.9434588402269021,0.005553147876507709,BH_from_pvalue
polymyxin,polymixinE,polymixinE_vs_control,not_regulated,b2818,b2818,123.68430833229246,-0.06992125484296086,0.9526899963345805,0.6619071376655083,0.833422251960714,0.00553321208858973,BH_from_pvalue
polymyxin,polymixinE,polymixinE_vs_control,not_regulated,b0411,b0411,786.4891090106066,-0.05911241136772638,0.9598544685468857,0.6263283910572949,0.8071406841351533,0.005500454886756285,BH_from_pvalue
polymyxin,polymixinE,polymixinE_vs_control,not_regulated,b2261,b2261,988.2581877036313,-0.13873575574090324,0.9083147695679344,0.7871759296095105,0.9127912687248204,0.005497893059513163,BH_from_pvalue
polymyxin,polymixinE,polymixinE_vs_control,not_regulated,b1340,b1340,182.31531787646418,-0.09235927594226911,0.9379875793282122,0.7230455435123225,0.8727989357510586,0.00545712096548455,BH_from_pvalue
polymyxin,polymixinE,polymixinE_vs_control,not_regulated,b0433,b0433,321.38432466294995,0.07747548164049611,1.05517002139261,0.6861893626730283,0.8509731881178058,0.0054298011966975954,BH_from_pvalue
polymyxin,polymixinE,polymixinE_vs_control,not_regulated,b3377,b3377,29.2632565420125,0.15210610866762408,1.1111904525116212,0.8006527660305094,0.9211528208712473,0.005425368385702982,BH_from_pvalue
polymyxin,polymixinE,polymixinE_vs_control,not_regulated,b3540,b3540,1987.481735419987,0.10908173958725875,1.0785415375000535,0.7573546565170843,0.8924483310989236,0.005390483408990121,BH_from_pvalue
polymyxin,polymixinE,polymixinE_vs_control,not_regulated,b3229,b3229,2306.9976785331237,0.05744032150850131,1.04061782254005,0.6264632176559739,0.8071406841351533,0.005344865652203564,BH_from_pvalue
polymyxin,polymixinE,polymixinE_vs_control,not_regulated,b1276,b1276,16807.201535098287,0.12956371434376912,1.0939628257463194,0.7824203421209321,0.9094534197851308,0.005340556659854696,BH_from_pvalue
polymyxin,polymixinE,polymixinE_vs_control,not_regulated,b3321,b3321,5626.246790706725,0.09428322277059209,1.0675348906514677,0.7350565299703662,0.8779299712710322,0.005330785156603048,BH_from_pvalue
polymyxin,polymixinE,polymixinE_vs_control,not_regulated,b0381,b0381,773.0440607091609,-0.05762666457320087,0.9608434753987773,0.6301264072032935,0.8081860791560919,0.005329811515131546,BH_from_pvalue
polymyxin,polymixinE,polymixinE_vs_control,not_regulated,b3255,b3255,1269.276653327716,-0.05229769666473594,0.9643991625946581,0.6023589241017185,0.7912839433543584,0.005316983754968601,BH_from_pvalue
polymyxin,polymixinE,polymixinE_vs_control,not_regulated,b2182,b2182,524.7009910138761,-0.08118780537467529,0.9452790553707027,0.7023240985827877,0.8602578664312951,0.005307356228356091,BH_from_pvalue
polymyxin,polymixinE,polymixinE_vs_control,not_regulated,b2799,b2799,516.5352088718001,-0.1899366351425602,0.8766442237124725,0.8275677502330259,0.9381047733236266,0.005270486013672105,BH_from_pvalue
polymyxin,polymixinE,polymixinE_vs_control,not_regulated,b0516,b0516,28.79388437023187,0.15658301471437053,1.1146440041837984,0.8095145538361407,0.9256535944651012,0.005253596284911185,BH_from_pvalue
polymyxin,polymixinE,polymixinE_vs_control,not_regulated,b2469,b2469,393.2239820247689,0.08884739542854092,1.0635201705144444,0.7221453343282428,0.8727989357510586,0.0052496187240018205,BH_from_pvalue
polymyxin,polymixinE,polymixinE_vs_control,not_regulated,b2237,b2237,626.7369368578343,0.08206493988422991,1.05853204139722,0.7072389668654397,0.8637417520936052,0.005220650330234142,BH_from_pvalue
polymyxin,polymixinE,polymixinE_vs_control,not_regulated,b1483,b1483,186.62745715654364,-0.0979820151480677,0.934338994420084,0.7470251832983577,0.8851736761001088,0.005190255285333034,BH_from_pvalue
polymyxin,polymixinE,polymixinE_vs_control,not_regulated,b0630,b0630,206.22156215738912,0.11907174458429282,1.0860358630610383,0.7753321110322002,0.9046546914196724,0.005181664193148322,BH_from_pvalue
polymyxin,polymixinE,polymixinE_vs_control,not_regulated,b3793,b3793,110.22796233120407,-0.10337506822212106,0.9308527876075215,0.7553020052828237,0.8916924986252337,0.005146516074627724,BH_from_pvalue
polymyxin,polymixinE,polymixinE_vs_control,not_regulated,b1794,b1794,608.5485914097198,-0.08929861345372281,0.9399796225011203,0.7313111672854182,0.8760958027909775,0.0051300624904416885,BH_from_pvalue
polymyxin,polymixinE,polymixinE_vs_control,not_regulated,b3342,b3342,5718.121798620461,-0.0908996326361109,0.9389370662896953,0.7369497197621534,0.8786321969742679,0.00510791272199962,BH_from_pvalue
polymyxin,polymixinE,polymixinE_vs_control,not_regulated,b0030,b0030,308.8602509581449,-0.19192257742355867,0.8754383090411344,0.8362265153103511,0.9411535646193483,0.0050551463656953385,BH_from_pvalue
polymyxin,polymixinE,polymixinE_vs_control,not_regulated,b1255,b1255,610.5202662563521,-0.1025310868769509,0.9313974988640418,0.7598250761901788,0.89304760718668,0.005036879509988886,BH_from_pvalue
polymyxin,polymixinE,polymixinE_vs_control,not_regulated,b3033,b3033,86.61906237215283,0.06898078923571216,1.0489753594444875,0.6769802416924503,0.8453795466775795,0.005032028810871453,BH_from_pvalue
polymyxin,polymixinE,polymixinE_vs_control,not_regulated,b1629,b1629,172.1261062823156,-0.12104430801994859,0.9195218053835231,0.7826798995082795,0.9094534197851308,0.0049893906531441445,BH_from_pvalue
polymyxin,polymixinE,polymixinE_vs_control,not_regulated,b4031,b4031,145.50411546758878,0.26682152101510237,1.203154171936389,0.8668932712624248,0.9583100447146421,0.0049345864527773125,BH_from_pvalue
polymyxin,polymixinE,polymixinE_vs_control,not_regulated,b0070,b0070,148.67735933935808,0.062367736066017976,1.044178049494535,0.6624761790918919,0.8335154835119803,0.004932435246094516,BH_from_pvalue
polymyxin,polymixinE,polymixinE_vs_control,not_regulated,b1124,b1124,148.68019984240925,0.1370303978511549,1.0996393186741422,0.798445078093129,0.9206372625641872,0.00492096043509599,BH_from_pvalue
polymyxin,polymixinE,polymixinE_vs_control,not_regulated,b0480,b0480,1408.169604016737,0.0860069147243312,1.0614282962802901,0.7331768995550276,0.8768491609142552,0.004908854056355882,BH_from_pvalue
polymyxin,polymixinE,polymixinE_vs_control,not_regulated,b0121,b0121,563.5333707171059,-0.10964318086263702,0.9268172615710334,0.772731489943378,0.9027912316273544,0.004869546153397698,BH_from_pvalue
polymyxin,polymixinE,polymixinE_vs_control,not_regulated,b0338,b0338,45.39820862194487,-0.08781736699134868,0.9409452156926306,0.7392828983237069,0.8802452395830815,0.004864758519140491,BH_from_pvalue
polymyxin,polymixinE,polymixinE_vs_control,not_regulated,b2219,b2219,354.1076191816946,-0.17700396439185795,0.8845380046999917,0.8297987686062939,0.9392024383419336,0.00482172757302431,BH_from_pvalue
polymyxin,polymixinE,polymixinE_vs_control,not_regulated,b3431,b3431,3388.9372895749857,-0.059268611784265346,0.9597505508460452,0.6565206744199026,0.8304358811981782,0.004782615090967585,BH_from_pvalue
polymyxin,polymixinE,polymixinE_vs_control,not_regulated,b4062,b4062,490.5116159195115,0.16746176173282556,1.1230808277346145,0.825233429501579,0.9368753068899803,0.004742216924907621,BH_from_pvalue
polymyxin,polymixinE,polymixinE_vs_control,not_regulated,b1872,b1872,74.44295939843202,-0.09702832452875398,0.9349568415007194,0.7609448318074139,0.8938965404726424,0.004726515886022933,BH_from_pvalue
polymyxin,polymixinE,polymixinE_vs_control,not_regulated,b1533,b1533,273.43764804850395,0.07823030611322324,1.0557222354965212,0.7189467680999295,0.8705592337400208,0.004709595362148484,BH_from_pvalue
polymyxin,polymixinE,polymixinE_vs_control,not_regulated,b1105,b1105,965.877903708054,0.09578334844008829,1.0686454991507917,0.7624630337234329,0.8942786768417214,0.004648090468165827,BH_from_pvalue
polymyxin,polymixinE,polymixinE_vs_control,not_regulated,b0489,b0489,1741.3814457004767,-0.08549853600673529,0.9424588046823382,0.7432102697060983,0.882513144967801,0.0046407593989015354,BH_from_pvalue
polymyxin,polymixinE,polymixinE_vs_control,not_regulated,b0049,b0049,699.8160553830681,0.11398092548271421,1.0822103360435755,0.7839672485541092,0.910704814445475,0.004630175045020692,BH_from_pvalue
polymyxin,polymixinE,polymixinE_vs_control,not_regulated,b3791,b3791,359.98964208500956,-0.07817307868489998,0.947256422374212,0.7235809763040679,0.8727989357510586,0.0046189182653889075,BH_from_pvalue
polymyxin,polymixinE,polymixinE_vs_control,not_regulated,b0365,b0365,10.422598878409397,0.1751885941917073,1.1291119966675687,0.8361839911510918,0.9411535646193483,0.004614381471571337,BH_from_pvalue
polymyxin,polymixinE,polymixinE_vs_control,not_regulated,b4213,b4213,548.9445457719999,0.1291078278333977,1.0936171919900923,0.8015544999755585,0.9211528208712473,0.004605058492454829,BH_from_pvalue
polymyxin,polymixinE,polymixinE_vs_control,not_regulated,b1267,b1267,439.9879201634737,0.07028126134934176,1.049921351625769,0.7023604672267685,0.8602578664312951,0.004594380750135445,BH_from_pvalue
polymyxin,polymixinE,polymixinE_vs_control,not_regulated,b0657,b0657,1227.0904777961625,0.09460801765074933,1.0677752525365056,0.7631562524355621,0.8946251820315763,0.004575137906105292,BH_from_pvalue
polymyxin,polymixinE,polymixinE_vs_control,not_regulated,b0640,b0640,432.05105248536046,0.11099156862232462,1.079970248267797,0.7824037060620264,0.9094534197851308,0.0045750213630100485,BH_from_pvalue
polymyxin,polymixinE,polymixinE_vs_control,not_regulated,b2563,b2563,49.57857821388391,0.09246419035993458,1.0661897298184948,0.7569503490027822,0.8923567491483521,0.004573416378489252,BH_from_pvalue
polymyxin,polymixinE,polymixinE_vs_control,not_regulated,b2545,b2545,95.30412151097214,-0.06725053356930033,0.9544552522578467,0.6943304651434882,0.8551567866361867,0.004569959793310707,BH_from_pvalue
polymyxin,polymixinE,polymixinE_vs_control,not_regulated,b1151,b1151,5.691602672060754,0.17174303183912576,1.1264185766050854,0.8343088784974664,0.9407674443423423,0.004554233622226292,BH_from_pvalue
polymyxin,polymixinE,polymixinE_vs_control,not_regulated,b1485,b1485,104.18029034932839,-0.13325514852230214,0.9117718994039131,0.8058234725363973,0.9244055035625389,0.004548994642341223,BH_from_pvalue
polymyxin,polymixinE,polymixinE_vs_control,not_regulated,b1529,b1529,495.5930425858523,0.09208553867675029,1.0659099329457993,0.7628178374260485,0.8944615830923791,0.004460467642273531,BH_from_pvalue
polymyxin,polymixinE,polymixinE_vs_control,not_regulated,b3879,b3879,5.686175627331623,0.20684339761556148,1.1541601283648586,0.8519419247673474,0.9515854923276704,0.004457927739566183,BH_from_pvalue
polymyxin,polymixinE,polymixinE_vs_control,not_regulated,b1876,b1876,1070.6566249405416,-0.09553523506940209,0.9359249579653832,0.7682553578818782,0.898962695044924,0.00441930044472064,BH_from_pvalue
polymyxin,polymixinE,polymixinE_vs_control,not_regulated,b0914,b0914,1494.103197374022,-0.10682140374942861,0.9286318037610916,0.7817001905139087,0.9094534197851308,0.0044031290867084785,BH_from_pvalue
polymyxin,polymixinE,polymixinE_vs_control,not_regulated,b2262,b2262,997.9266262613913,-0.12847279266977196,0.9147993256241389,0.8054114671107497,0.9244043835325727,0.004385804679260783,BH_from_pvalue
polymyxin,polymixinE,polymixinE_vs_control,not_regulated,b4090,b4090,23.62429406412285,-0.10583937214074446,0.9292641315961532,0.7815289252211531,0.9094534197851308,0.004362650195882375,BH_from_pvalue
polymyxin,polymixinE,polymixinE_vs_control,not_regulated,b2429,b2429,107.15087786769493,-0.10728407105060178,0.9283340425070671,0.7845667309862641,0.910704814445475,0.004358132963063693,BH_from_pvalue
polymyxin,polymixinE,polymixinE_vs_control,not_regulated,b3376,b3376,63.94908971658388,-0.10808038289335631,0.9278217794218059,0.785383205187484,0.911417352149975,0.004353770428649314,BH_from_pvalue
polymyxin,polymixinE,polymixinE_vs_control,not_regulated,b1108,b1108,1166.8297302797664,-0.06226072782665426,0.9577621131706148,0.68978233574849,0.8528424810876053,0.004304157274715665,BH_from_pvalue
polymyxin,polymixinE,polymixinE_vs_control,not_regulated,b1294,b1294,1031.7332187420934,0.08720329875635713,1.0623088722228833,0.7589286308639033,0.8926662217214225,0.004300073015204014,BH_from_pvalue
polymyxin,polymixinE,polymixinE_vs_control,not_regulated,b2355,b2355,0.6953178871841031,-0.12702722808949107,0.9157164038720781,0.80753957873693,0.9250422357706929,0.0042984029439784854,BH_from_pvalue
polymyxin,polymixinE,polymixinE_vs_control,not_regulated,b4658,b4658,755.021231105031,-0.0674560877129533,0.9543192718527901,0.709159250366708,0.8648565035955487,0.004253507316526608,BH_from_pvalue
polymyxin,polymixinE,polymixinE_vs_control,not_regulated,b2641,b2641,61.7377297208697,0.08606063303921019,1.061467818978688,0.7585627463005685,0.8926662217214225,0.004243727141988477,BH_from_pvalue
polymyxin,polymixinE,polymixinE_vs_control,not_regulated,b3582,b3582,18.97278012961973,-0.11862739076874984,0.9210635523698758,0.7999889907160587,0.9211508560135192,0.004231348869264294,BH_from_pvalue
polymyxin,polymixinE,polymixinE_vs_control,not_regulated,b2754,b2754,17.54175821934437,0.16387799869452646,1.120294472642068,0.837633728923973,0.942390323336676,0.0042230019678866195,BH_from_pvalue
polymyxin,polymixinE,polymixinE_vs_control,not_regulated,b3543,b3543,1748.963653040294,0.11813368435253047,1.085329937076604,0.8003240429748406,0.9211508560135192,0.004213738736625612,BH_from_pvalue
polymyxin,polymixinE,polymixinE_vs_control,not_regulated,b0431,b0431,5486.62664631311,-0.07464025922563167,0.9495788720606255,0.7356364754636321,0.8781562809541977,0.0042118145845583535,BH_from_pvalue
polymyxin,polymixinE,polymixinE_vs_control,not_regulated,b0271,b0271,290.8169036161223,0.09531782097644736,1.068300725266165,0.7737279241134462,0.9034860339206336,0.004201471945122742,BH_from_pvalue
polymyxin,polymixinE,polymixinE_vs_control,not_regulated,b0658,b0658,3840.6744779905407,-0.08275879013828202,0.9442502788735788,0.7533303115357939,0.8897601099217022,0.004198110825762131,BH_from_pvalue
polymyxin,polymixinE,polymixinE_vs_control,not_regulated,b1410,b1410,48.391097970503516,0.0732522030516618,1.0520856822610152,0.7328292603808408,0.8766664928704846,0.0041875055767290415,BH_from_pvalue
polymyxin,polymixinE,polymixinE_vs_control,not_regulated,b2797,b2797,832.8934631822427,-0.11949283932592536,0.9205111874872866,0.8039484936879151,0.923005828287053,0.004157819857473666,BH_from_pvalue
polymyxin,polymixinE,polymixinE_vs_control,not_regulated,b3206,b3206,67.90986861309987,-0.07455300302000456,0.9496363056503063,0.7393301920831431,0.8802452395830815,0.004129961635092106,BH_from_pvalue
polymyxin,polymixinE,polymixinE_vs_control,not_regulated,b0059,b0059,1157.4837262405179,0.10006780148455441,1.07182383322268,0.7808265208067345,0.9094142129955184,0.004126622275790111,BH_from_pvalue
polymyxin,polymixinE,polymixinE_vs_control,not_regulated,b2690,b2690,358.57239651187797,-0.06262317883910917,0.9575215230009176,0.7031943208795438,0.8604374470392241,0.004088084761272923,BH_from_pvalue
polymyxin,polymixinE,polymixinE_vs_control,not_regulated,b4626,b4626,1.1845572593620033,-0.18437003907362493,0.8800332635253777,0.8492030488000363,0.9502280878146102,0.0040878776555527165,BH_from_pvalue
polymyxin,polymixinE,polymixinE_vs_control,not_regulated,b1515,b1515,703.8186418531606,0.13189367182876133,1.0957310069217434,0.8179795715453161,0.9312255410809496,0.004081465629799937,BH_from_pvalue
polymyxin,polymixinE,polymixinE_vs_control,not_regulated,b0427,b0427,184.22531469662374,-0.05537015161352077,0.9623475023613509,0.676589557011463,0.8452706064815564,0.004042255447332856,BH_from_pvalue
polymyxin,polymixinE,polymixinE_vs_control,not_regulated,b1291,b1291,677.902899567426,-0.10806664690894863,0.9278306133096373,0.7946044183739284,0.9180916192771461,0.00401078304904629,BH_from_pvalue
polymyxin,polymixinE,polymixinE_vs_control,not_regulated,b0557,b0557,7.057481814812443,-0.16530856834485874,0.8917377712240474,0.8421082356676001,0.9457685003827379,0.004002972543074223,BH_from_pvalue
polymyxin,polymixinE,polymixinE_vs_control,not_regulated,b4073,b4073,97.61407584458088,-0.28367076842631356,0.8214981501178574,0.8845919244323149,0.9681008457655845,0.003993914348021596,BH_from_pvalue
polymyxin,polymixinE,polymixinE_vs_control,not_regulated,b3933,b3933,680.0902045650139,0.058811661353125544,1.0416074420281813,0.6958345520602266,0.8560896649800053,0.003968654774304241,BH_from_pvalue
polymyxin,polymixinE,polymixinE_vs_control,not_regulated,b3658,b3658,2.5360602579413745,0.18681241093196732,1.1382460169268598,0.8563806228260329,0.9523155201146478,0.003963998292328108,BH_from_pvalue
polymyxin,polymixinE,polymixinE_vs_control,not_regulated,b0973,b0973,891.7737431262053,0.21129753511559812,1.15772895732772,0.8669105317794306,0.9583100447146421,0.003907728095994375,BH_from_pvalue
polymyxin,polymixinE,polymixinE_vs_control,not_regulated,b2363,b2363,0.45219944099005965,0.13818106221327753,1.100516718587925,0.8258404483467836,0.9370914068274048,0.00389919937690703,BH_from_pvalue
polymyxin,polymixinE,polymixinE_vs_control,not_regulated,b3432,b3432,4258.02704800057,0.0516149768113241,1.0364244654908032,0.6710611487247852,0.8414062976090455,0.00387082605026805,BH_from_pvalue
polymyxin,polymixinE,polymixinE_vs_control,not_regulated,b0174,b0174,1556.6397654802095,-0.06970176187724064,0.9528349505034016,0.7405414722293491,0.8807447883993867,0.0038440464502291103,BH_from_pvalue
polymyxin,polymixinE,polymixinE_vs_control,not_regulated,b2720,b2720,6.853794191441232,0.13042533367396558,1.0946163672186433,0.8213968299624034,0.9344064089961787,0.0038428770001089955,BH_from_pvalue
polymyxin,polymixinE,polymixinE_vs_control,not_regulated,b1867,b1867,131.24203648863326,0.0715927430205241,1.0508762163884167,0.7469569273790354,0.8851736761001088,0.003792375695603285,BH_from_pvalue
polymyxin,polymixinE,polymixinE_vs_control,not_regulated,b3086,b3086,5.9108266793986814,0.09163487577185458,1.0655770205605832,0.782356756096412,0.9094534197851308,0.0037771473946777187,BH_from_pvalue
polymyxin,polymixinE,polymixinE_vs_control,not_regulated,b2620,b2620,1415.2768748000897,-0.0529669684122247,0.9639518778910602,0.68432826580166,0.8501872164465136,0.0037333995147966967,BH_from_pvalue
polymyxin,polymixinE,polymixinE_vs_control,not_regulated,b1842,b1842,33.56329569095352,0.11075620384648754,1.0797940736674974,0.8086900445757333,0.9253988819335847,0.003729275412578257,BH_from_pvalue
polymyxin,polymixinE,polymixinE_vs_control,not_regulated,b3977,b3977,32.00190305621768,0.0998425462759922,1.0716564970587017,0.7937319659496914,0.9179917383302736,0.0037102715574146676,BH_from_pvalue
polymyxin,polymixinE,polymixinE_vs_control,not_regulated,b1738,b1738,147.67989286483078,-0.05628302304593369,0.9617387654907597,0.6998960230872745,0.8594409805750917,0.0037025191106926283,BH_from_pvalue
polymyxin,polymixinE,polymixinE_vs_control,not_regulated,b1084,b1084,4828.495058203808,-0.05968224063066785,0.9594754243646423,0.7123810829460188,0.8669661825480891,0.003700170158785049,BH_from_pvalue
polymyxin,polymixinE,polymixinE_vs_control,not_regulated,b1378,b1378,7405.6840289305155,0.08931330403040683,1.0638636826219727,0.7807834698655426,0.9094142129955184,0.0036831254856056726,BH_from_pvalue
polymyxin,polymixinE,polymixinE_vs_control,not_regulated,b3691,b3691,33.02473601102579,-0.13019507543397868,0.913707893961432,0.8255079114143891,0.9369504379363922,0.003682356984123322,BH_from_pvalue
polymyxin,polymixinE,polymixinE_vs_control,not_regulated,b2306,b2306,98.15111887371262,0.09268631744993172,1.0663539002413756,0.7878775419503298,0.9129435848072174,0.003666305422061053,BH_from_pvalue
polymyxin,polymixinE,polymixinE_vs_control,not_regulated,b2782,b2782,50.219266492304406,-0.08913979050380405,0.9400831083731117,0.7844874057084278,0.910704814445475,0.0036210693303387774,BH_from_pvalue
polymyxin,polymixinE,polymixinE_vs_control,not_regulated,b3901,b3901,2.799846660000075,0.1354343712106214,1.0984234808399604,0.8333715172710034,0.9404670844628599,0.0036101927429512924,BH_from_pvalue
polymyxin,polymixinE,polymixinE_vs_control,not_regulated,b3355,b3355,376.86285563768547,0.05691549092048653,1.0402393303985524,0.7093053894539749,0.8648565035955487,0.003588860031197831,BH_from_pvalue
polymyxin,polymixinE,polymixinE_vs_control,not_regulated,b0614,b0614,2.357037043136829,-0.1882026989401624,0.877698472136207,0.8656023677003746,0.9573345094458532,0.003563860058954409,BH_from_pvalue
polymyxin,polymixinE,polymixinE_vs_control,not_regulated,b2465,b2465,16449.61621286147,-0.16309836478334816,0.8931049572445985,0.8514081025507447,0.9512254459198335,0.003541932254864622,BH_from_pvalue
polymyxin,polymixinE,polymixinE_vs_control,not_regulated,b1192,b1192,238.9357465114987,-0.06535059761327489,0.9557130360533294,0.7447750754826206,0.8832054546587997,0.003524897356143037,BH_from_pvalue
polymyxin,polymixinE,polymixinE_vs_control,not_regulated,b3092,b3092,447.65892163938906,0.10430890466505716,1.0749793189149097,0.8082745231379411,0.9253292962775411,0.0035155947457366954,BH_from_pvalue
polymyxin,polymixinE,polymixinE_vs_control,not_regulated,b3640,b3640,182.72007764570216,0.06719663284904698,1.047678911295366,0.7520014927272938,0.8889626055945775,0.0034348571760790844,BH_from_pvalue
polymyxin,polymixinE,polymixinE_vs_control,not_regulated,b4048,b4048,6.257656222140902,-0.22300268943086277,0.8567803575816254,0.8779265367768042,0.9652685315135823,0.0034235042633833255,BH_from_pvalue
polymyxin,polymixinE,polymixinE_vs_control,not_regulated,b1868,b1868,47.25900593648717,0.08202674245688613,1.0585040156091374,0.7805140061171002,0.9094142129955184,0.0033826403459591508,BH_from_pvalue
polymyxin,polymixinE,polymixinE_vs_control,not_regulated,b3826,b3826,317.02253240022617,0.055502752428008506,1.039221189487958,0.7189681743193402,0.8705592337400208,0.0033413585911718784,BH_from_pvalue
polymyxin,polymixinE,polymixinE_vs_control,not_regulated,b2153,b2153,1185.3617968106962,0.06764729238572542,1.0480062294257033,0.7590988095731931,0.8926662217214225,0.0033357487696905283,BH_from_pvalue
polymyxin,polymixinE,polymixinE_vs_control,not_regulated,b2224,b2224,30.18066393206108,-0.11321927716955038,0.9245227479720204,0.821702860552312,0.9345181964005814,0.003330032311644702,BH_from_pvalue
polymyxin,polymixinE,polymixinE_vs_control,not_regulated,b3677,b3677,60.27345765853215,0.06596456334463241,1.0467845696801785,0.7578650178108053,0.8924483310989236,0.003259765434947761,BH_from_pvalue
polymyxin,polymixinE,polymixinE_vs_control,not_regulated,b3018,b3018,290.88185967129584,-0.05608718435308724,0.9618693256170704,0.7288179745669495,0.8751500312806859,0.0032484287904201163,BH_from_pvalue
polymyxin,polymixinE,polymixinE_vs_control,not_regulated,b2316,b2316,2048.9197741922694,-0.06392734439661929,0.9566563350739145,0.753467376320979,0.8897601099217022,0.003242846785522651,BH_from_pvalue
polymyxin,polymixinE,polymixinE_vs_control,not_regulated,b4400,b4400,62.817644284853635,-0.08016259428565053,0.9459510303616898,0.7856046121403247,0.9114391399038382,0.0032283340866386657,BH_from_pvalue
polymyxin,polymixinE,polymixinE_vs_control,not_regulated,b1845,b1845,930.1722840070044,0.09259896653109045,1.0662893376203604,0.8034861111865016,0.9229010541667222,0.0032265978349002734,BH_from_pvalue
polymyxin,polymixinE,polymixinE_vs_control,not_regulated,b4180,b4180,664.9860052962241,0.031667523299677924,1.0221929336973437,0.6063976478011444,0.79428556197133,0.0031674911875548776,BH_from_pvalue
polymyxin,polymixinE,polymixinE_vs_control,not_regulated,b3062,b3062,5.65535909605812,0.2164686552002384,1.1618861058795058,0.8812890564636499,0.9669583425170287,0.003158761558767202,BH_from_pvalue
polymyxin,polymixinE,polymixinE_vs_control,not_regulated,b2122,b2122,58.21648105257078,-0.05539881098601107,0.9623283853610064,0.7349342831427697,0.8779299712710322,0.003132255672000626,BH_from_pvalue
polymyxin,polymixinE,polymixinE_vs_control,not_regulated,b2529,b2529,630.2438972837284,-0.0860639764081288,0.9420894959567528,0.7980767404125281,0.9204485072757824,0.0030983463764300717,BH_from_pvalue
polymyxin,polymixinE,polymixinE_vs_control,not_regulated,b2853,b2853,1.6314610137274073,0.143918131315369,1.1049017831064187,0.8536815248211577,0.9518736507323379,0.0030828263852026687,BH_from_pvalue
polymyxin,polymixinE,polymixinE_vs_control,not_regulated,b2377,b2377,456.6657236167745,0.05438926609531336,1.0384194177205464,0.7352725776021047,0.8779548855997524,0.0030745055604994654,BH_from_pvalue
polymyxin,polymixinE,polymixinE_vs_control,not_regulated,b1866,b1866,3808.312430246338,-0.08283945684576466,0.9441974836331097,0.7954588136816524,0.9183248035034216,0.003065365203407842,BH_from_pvalue
polymyxin,polymixinE,polymixinE_vs_control,not_regulated,b2827,b2827,473.08368277890503,0.04405892534210487,1.0310104284574806,0.6899835892573114,0.8528568794941981,0.0030455222378928293,BH_from_pvalue
polymyxin,polymixinE,polymixinE_vs_control,not_regulated,b0814,b0814,16383.878850173996,-0.1422675264795572,0.9060939009613748,0.856624808781072,0.9523155201146478,0.003018794250367473,BH_from_pvalue
polymyxin,polymixinE,polymixinE_vs_control,not_regulated,b0377,b0377,300.7812062809046,0.07103306026328937,1.0504686158832706,0.7775766523482718,0.9068031584813395,0.0030179799162454307,BH_from_pvalue
polymyxin,polymixinE,polymixinE_vs_control,not_regulated,b2585,b2585,2174.310868502625,-0.04945134282903041,0.9663037445357389,0.7179796073312366,0.8702431349436546,0.0029848530873146494,BH_from_pvalue
polymyxin,polymixinE,polymixinE_vs_control,not_regulated,b3119,b3119,0.8156186132275177,-0.140442881756351,0.907240605810414,0.8554393901263768,0.9523155201146478,0.002980076862530061,BH_from_pvalue
polymyxin,polymixinE,polymixinE_vs_control,not_regulated,b2737,b2737,61.270450955715894,-0.0788413268185657,0.9468177601902368,0.7923419060136484,0.916654807934514,0.0029797432425066666,BH_from_pvalue
polymyxin,polymixinE,polymixinE_vs_control,not_regulated,b3396,b3396,413.47358176533015,-0.058048380108012054,0.9605626513910648,0.7510838922753267,0.8885784711873802,0.0029781264699831485,BH_from_pvalue
polymyxin,polymixinE,polymixinE_vs_control,not_regulated,b0290,b0290,76.91165836805986,0.04881076785805227,1.0344118932336677,0.7170357619888916,0.8695677695945092,0.0029626459775071363,BH_from_pvalue
polymyxin,polymixinE,polymixinE_vs_control,not_regulated,b3705,b3705,1833.595089580352,-0.05371863489647666,0.9634497748303964,0.7408306942183461,0.8807447883993867,0.0029625783082591075,BH_from_pvalue
polymyxin,polymixinE,polymixinE_vs_control,not_regulated,b2448,b2448,5.657797646050805,0.17419794037034553,1.1283369367064817,0.8725435929122282,0.9616027954850908,0.0029621110408298242,BH_from_pvalue
polymyxin,polymixinE,polymixinE_vs_control,not_regulated,b1906,b1906,90.56372753807419,-0.08697234529131581,0.9414965117108958,0.8078231576369386,0.9250480048500381,0.0029427727237189044,BH_from_pvalue
polymyxin,polymixinE,polymixinE_vs_control,not_regulated,b0016,b0016,2.366367889360795,0.12827826435769762,1.092988532383139,0.8463882680388367,0.9486046084427833,0.002939466900763224,BH_from_pvalue
polymyxin,polymixinE,polymixinE_vs_control,not_regulated,b0437,b0437,5855.996275625639,0.03363975986805734,1.0235912783548464,0.6410194116000166,0.8184233077992833,0.002927399549530306,BH_from_pvalue
polymyxin,polymixinE,polymixinE_vs_control,not_regulated,b0724,b0724,2837.4683952802084,-0.050537064774715645,0.9655768116227449,0.7297020030970396,0.8754866924327779,0.0029185382774257903,BH_from_pvalue
polymyxin,polymixinE,polymixinE_vs_control,not_regulated,b2595,b2595,2039.3934141033658,0.05226100961352209,1.036888675957416,0.7384209247406038,0.8798456475452281,0.002905372960966283,BH_from_pvalue
polymyxin,polymixinE,polymixinE_vs_control,not_regulated,b3077,b3077,23.691675288600816,-0.16278971774057727,0.8932960466187613,0.8703030145693111,0.9599369689879258,0.002890703006258617,BH_from_pvalue
polymyxin,polymixinE,polymixinE_vs_control,not_regulated,b2800,b2800,57.8122839406135,-0.17007137275817286,0.8887987095837068,0.8731921423189476,0.9617086817215049,0.002883809005786072,BH_from_pvalue
polymyxin,polymixinE,polymixinE_vs_control,not_regulated,b2490,b2490,9.333078561089332,0.10407514081318547,1.0748051511652892,0.8291153117030395,0.9388301064692925,0.002853010988399974,BH_from_pvalue
polymyxin,polymixinE,polymixinE_vs_control,not_regulated,b4044,b4044,391.36978741418415,0.06808607246625442,1.048325017651991,0.7815963057694071,0.9094534197851308,0.002806476563246902,BH_from_pvalue
polymyxin,polymixinE,polymixinE_vs_control,not_regulated,b4522,b4522,6.698636518892752,-0.13096405824344792,0.9132210007369226,0.8550906286485117,0.9523155201146478,0.0027789444001257786,BH_from_pvalue
polymyxin,polymixinE,polymixinE_vs_control,not_regulated,b0517,b0517,12.90507366754188,0.12823449270292597,1.0929553713965177,0.8568541153670011,0.9523155201146478,0.002721025372757907,BH_from_pvalue
polymyxin,polymixinE,polymixinE_vs_control,not_regulated,b0727,b0727,13559.764707810491,-0.06530366048991354,0.9557441300469505,0.7802298617522976,0.9094142129955184,0.0026930095002627484,BH_from_pvalue
polymyxin,polymixinE,polymixinE_vs_control,not_regulated,b3268,b3268,120.68561776559493,0.07421716116634425,1.0527896135714516,0.7973807625544632,0.9198816799102272,0.0026917102526061165,BH_from_pvalue
polymyxin,polymixinE,polymixinE_vs_control,not_regulated,b1570,b1570,517.1534975858509,0.043060387226008245,1.0302970781049134,0.7136454677516786,0.8677959756547852,0.002651760621566162,BH_from_pvalue
polymyxin,polymixinE,polymixinE_vs_control,not_regulated,b4474,b4474,18.768298531454832,-0.11074164854456114,0.9261118516986053,0.8432694692785576,0.9465999682592843,0.0026393626786416877,BH_from_pvalue
polymyxin,polymixinE,polymixinE_vs_control,not_regulated,b4602,b4602,99.17878844804147,0.045551659929997435,1.0320777513226038,0.7321515190884459,0.8763218554709499,0.0026117662295586023,BH_from_pvalue
polymyxin,polymixinE,polymixinE_vs_control,not_regulated,b1568,b1568,0.5072505536444347,0.12295272401599866,1.0889613303434438,0.8553489160818653,0.9523155201146478,0.0026089507951053727,BH_from_pvalue
polymyxin,polymixinE,polymixinE_vs_control,not_regulated,b0743,b0743,171.8109524937846,0.08013261111300274,1.0571152050883934,0.814224441734501,0.9285957248787489,0.0025781321473560327,BH_from_pvalue
polymyxin,polymixinE,polymixinE_vs_control,not_regulated,b3905,b3905,57.812799032637535,-0.09368201289170308,0.9371279782384434,0.8299977084057772,0.9392024383419336,0.0025519719075688787,BH_from_pvalue
polymyxin,polymixinE,polymixinE_vs_control,not_regulated,b1134,b1134,172.22197230439102,0.07847498060330871,1.0559012963496555,0.8148175796586663,0.9288011843144149,0.0025172607475877694,BH_from_pvalue
polymyxin,polymixinE,polymixinE_vs_control,not_regulated,b2345,b2345,8.264510350909172,0.11226917820486992,1.0809270627201735,0.8494591243002552,0.9502280878146102,0.002489247533367844,BH_from_pvalue
polymyxin,polymixinE,polymixinE_vs_control,not_regulated,b2415,b2415,3417.260929009412,-0.09110878375168951,0.9388009560965055,0.8320204166408716,0.9399667535352603,0.0024496880655187616,BH_from_pvalue
polymyxin,polymixinE,polymixinE_vs_control,not_regulated,b1387,b1387,42.652236693144566,0.05941713272095139,1.0420446763860796,0.7826122302123286,0.9094534197851308,0.0024491468577414062,BH_from_pvalue
polymyxin,polymixinE,polymixinE_vs_control,not_regulated,b3192,b3192,1209.8857392904793,-0.07205023348611661,0.9512851527678363,0.811838478053807,0.9272556257977257,0.002363285345096526,BH_from_pvalue
polymyxin,polymixinE,polymixinE_vs_control,not_regulated,b1137,b1137,32.67141454143485,-0.1377984097914755,0.9089051104180542,0.8726684328968743,0.9616027954850908,0.0023431631291641114,BH_from_pvalue
polymyxin,polymixinE,polymixinE_vs_control,not_regulated,b2983,b2983,8.178393205584284,0.13078857008026645,1.0948920003650342,0.8715418776756364,0.9608321974963266,0.002269502403950503,BH_from_pvalue
polymyxin,polymixinE,polymixinE_vs_control,not_regulated,b2114,b2114,1734.3738583144805,0.06895142913302443,1.048954012098017,0.8124309518161043,0.9272556257977257,0.002261642941447755,BH_from_pvalue
polymyxin,polymixinE,polymixinE_vs_control,not_regulated,b1210,b1210,1430.2453146805246,0.06336682581343567,1.044901410193486,0.7999231160371174,0.9211508560135192,0.0022602465165674156,BH_from_pvalue
polymyxin,polymixinE,polymixinE_vs_control,not_regulated,b1148,b1148,2.641715780683931,-0.1671603544651692,0.8905939062645507,0.8866117066392762,0.9693678795487274,0.002258566221370544,BH_from_pvalue
polymyxin,polymixinE,polymixinE_vs_control,not_regulated,b3827,b3827,340.3605655413906,-0.08076420487438085,0.9455566465874425,0.8269644454345763,0.9376571907145762,0.00225783696440154,BH_from_pvalue
polymyxin,polymixinE,polymixinE_vs_control,not_regulated,b1333,b1333,11045.19200294608,0.06983680369842737,1.0495979473782124,0.8137780301175598,0.9284486134805006,0.002251687164185287,BH_from_pvalue
polymyxin,polymixinE,polymixinE_vs_control,not_regulated,b0770,b0770,7.229821711617276,-0.16317835947728687,0.8930554376475843,0.887383394796422,0.9699758225502566,0.0021603331092386016,BH_from_pvalue
polymyxin,polymixinE,polymixinE_vs_control,not_regulated,b2083,b2083,6.903665687606645,-0.09541634860238668,0.9360020868063476,0.8476224920930864,0.9493540760544579,0.0021537168883253186,BH_from_pvalue
polymyxin,polymixinE,polymixinE_vs_control,not_regulated,b1035,b1035,358.38918312061173,-0.06525919401569169,0.9557735882660925,0.8122681285367568,0.9272556257977257,0.002140535698330707,BH_from_pvalue
polymyxin,polymixinE,polymixinE_vs_control,not_regulated,b2795,b2795,6074.656389007473,-0.09459539676657158,0.9365348614261503,0.8478728753497025,0.9493981063786313,0.002133281223670781,BH_from_pvalue
polymyxin,polymixinE,polymixinE_vs_control,not_regulated,b1820,b1820,65.434233380612,-0.039222876327063005,0.97317901991555,0.743026284340928,0.882513144967801,0.0021289713306018587,BH_from_pvalue
polymyxin,polymixinE,polymixinE_vs_control,not_regulated,b3508,b3508,1557.1625972589852,-0.14410534161828892,0.9049403842161041,0.8816832703500828,0.9670351987404712,0.0020978449129340714,BH_from_pvalue
polymyxin,polymixinE,polymixinE_vs_control,not_regulated,b4476,b4476,66.5440816496468,0.062171574560726306,1.0440360835157723,0.8095867586984679,0.9256535944651012,0.0020859500868285062,BH_from_pvalue
polymyxin,polymixinE,polymixinE_vs_control,not_regulated,b2798,b2798,199.8993974163293,0.056519398928460696,1.0399537718428158,0.8014930305355442,0.9211528208712473,0.0020159516459359265,BH_from_pvalue
polymyxin,polymixinE,polymixinE_vs_control,not_regulated,b4208,b4208,1885.5857902680327,0.056216472759569314,1.0397354331561268,0.8012604246728458,0.9211528208712473,0.002005146780343732,BH_from_pvalue
polymyxin,polymixinE,polymixinE_vs_control,not_regulated,b2876,b2876,326.72887489306544,0.13377658988380325,1.097162022200153,0.8798558405301817,0.9662088795665912,0.001997147448471426,BH_from_pvalue
polymyxin,polymixinE,polymixinE_vs_control,not_regulated,b3329,b3329,2.9547863932598095,0.16018851939914347,1.117433145410069,0.8900514330316549,0.9717114916932971,0.001996375240438992,BH_from_pvalue
polymyxin,polymixinE,polymixinE_vs_control,not_regulated,b4211,b4211,134.57517155527992,-0.05541848243934311,0.9623152638985165,0.8001590192831839,0.9211508560135192,0.0019767351493313874,BH_from_pvalue
polymyxin,polymixinE,polymixinE_vs_control,not_regulated,b1647,b1647,956.8271987514496,0.03517563638115817,1.0246815620814038,0.7370118450831287,0.8786321969742679,0.001976620535915928,BH_from_pvalue
polymyxin,polymixinE,polymixinE_vs_control,not_regulated,b2812,b2812,215.60413244748017,-0.044852579242744106,0.9693888681799527,0.7741723927969759,0.9035359166582246,0.001975961496628942,BH_from_pvalue
polymyxin,polymixinE,polymixinE_vs_control,not_regulated,b3259,b3259,385.42027151695964,0.05910440209464518,1.0418188185592732,0.8100493614564073,0.925947148114592,0.0019749027645226108,BH_from_pvalue
polymyxin,polymixinE,polymixinE_vs_control,not_regulated,b3537,b3537,0.47435956310548305,0.10753044357283792,1.0773824304670818,0.8675375971774171,0.958678931819915,0.0019706907283282738,BH_from_pvalue
polymyxin,polymixinE,polymixinE_vs_control,not_regulated,b2434,b2434,132.9068643842143,-0.06655361357373124,0.954916430553028,0.8233597023610243,0.9354564135437957,0.0019284869979390121,BH_from_pvalue
polymyxin,polymixinE,polymixinE_vs_control,not_regulated,b2779,b2779,24430.62603911539,-0.07798719992857883,0.9473784760196907,0.841878834930754,0.9457470028767561,0.0018892419721147145,BH_from_pvalue
polymyxin,polymixinE,polymixinE_vs_control,not_regulated,b3320,b3320,7246.38182322041,-0.06410932712027417,0.9565356692777838,0.8211836699357048,0.9344002396586896,0.0018891133145796297,BH_from_pvalue
polymyxin,polymixinE,polymixinE_vs_control,not_regulated,b0935,b0935,21.732909156210265,-0.06432867313324664,0.9563902495387872,0.8220962775212248,0.9347292862210489,0.0018857403809599375,BH_from_pvalue
polymyxin,polymixinE,polymixinE_vs_control,not_regulated,b2966,b2966,567.0398526421432,0.07058340936955965,1.0501412628824809,0.8334152509268473,0.9404670844628599,0.0018814995779945728,BH_from_pvalue
polymyxin,polymixinE,polymixinE_vs_control,not_regulated,b2330,b2330,407.87619730732854,-0.03659518634004577,0.9749531599320159,0.7532653242876833,0.8897601099217022,0.001856366528416214,BH_from_pvalue
polymyxin,polymixinE,polymixinE_vs_control,not_regulated,b3127,b3127,27.901185116294357,-0.090285550491366,0.9393368092706503,0.8592380785194803,0.9538258993089288,0.001853642643444917,BH_from_pvalue
polymyxin,polymixinE,polymixinE_vs_control,not_regulated,b2288,b2288,2266.1143659638733,0.04049364956675916,1.028465678413716,0.7709635177649262,0.9014281005735998,0.0018250045515572353,BH_from_pvalue
polymyxin,polymixinE,polymixinE_vs_control,not_regulated,b3034,b3034,221.5442915535053,-0.04557706117775773,0.9689021898498028,0.7870711020199505,0.9127912687248204,0.0018061516080264777,BH_from_pvalue
polymyxin,polymixinE,polymixinE_vs_control,not_regulated,b4107,b4107,363.5120275728027,0.0872500808641945,1.0623433201502535,0.8591166627287786,0.9538258993089288,0.0017913217525251126,BH_from_pvalue
polymyxin,polymixinE,polymixinE_vs_control,not_regulated,b2489,b2489,18.7065844921165,0.06340536668547525,1.0449293245817128,0.8278115279763265,0.9381446845143655,0.0017582420905450078,BH_from_pvalue
polymyxin,polymixinE,polymixinE_vs_control,not_regulated,b3235,b3235,360.49173233058974,0.038895144204214915,1.027326770042992,0.7715884509691552,0.9016900110312446,0.001748054409052395,BH_from_pvalue
polymyxin,polymixinE,polymixinE_vs_control,not_regulated,b0994,b0994,113.64002843319167,-0.0781359011323417,0.9472808330280184,0.8484690000589817,0.9498291593492533,0.0017466891498802675,BH_from_pvalue
polymyxin,polymixinE,polymixinE_vs_control,not_regulated,b0759,b0759,1086.7508677078388,-0.08887585737074843,0.9402551071465796,0.8626669005175915,0.9557950865887925,0.0017450958005068738,BH_from_pvalue
polymyxin,polymixinE,polymixinE_vs_control,not_regulated,b0661,b0661,1410.0933190619762,0.07944992234730996,1.0566150925004787,0.8508189300150365,0.9508033657658719,0.0017406913553642662,BH_from_pvalue
polymyxin,polymixinE,polymixinE_vs_control,not_regulated,b3834,b3834,240.9835428119574,-0.02980129324727443,0.9795552053980786,0.7266127278903356,0.8743456527690555,0.0017379173968329943,BH_from_pvalue
polymyxin,polymixinE,polymixinE_vs_control,not_regulated,b4191,b4191,163.64922393677688,0.0786958828749631,1.0560629859976716,0.8498876882711278,0.950471114332057,0.0017361159471143686,BH_from_pvalue
polymyxin,polymixinE,polymixinE_vs_control,not_regulated,b0417,b0417,426.9438736326667,0.06505607345298081,1.0461255989290512,0.8357653118089206,0.9411535646193483,0.0017135450018288267,BH_from_pvalue
polymyxin,polymixinE,polymixinE_vs_control,not_regulated,b0277,b0277,20.705408993144854,-0.08379127823506582,0.9435747526066348,0.8611287945825914,0.9547343648095874,0.001685666440783244,BH_from_pvalue
polymyxin,polymixinE,polymixinE_vs_control,not_regulated,b2366,b2366,134.51044403796618,-0.0761326921402512,0.9485970637396001,0.8506467079568555,0.9508033657658719,0.001668013198173142,BH_from_pvalue
polymyxin,polymixinE,polymixinE_vs_control,not_regulated,b1593,b1593,671.7745331262572,-0.05720637048083077,0.9611234345409976,0.8228169233756233,0.9350759275754305,0.0016677443697545654,BH_from_pvalue
polymyxin,polymixinE,polymixinE_vs_control,not_regulated,b0537,b0537,193.68507293016845,-0.057065880881285835,0.9612170332692958,0.8227095756426481,0.9350759275754305,0.001663648659142604,BH_from_pvalue
polymyxin,polymixinE,polymixinE_vs_control,not_regulated,b0011,b0011,21.630062100053266,0.06310384158109983,1.0447109558400487,0.8359090091621036,0.9411535646193483,0.001662124173781306,BH_from_pvalue
polymyxin,polymixinE,polymixinE_vs_control,not_regulated,b3996,b3996,597.7552438136013,0.06111854657024551,1.0432743160889335,0.8321359743391299,0.9399667535352603,0.001643325351845745,BH_from_pvalue
polymyxin,polymixinE,polymixinE_vs_control,not_regulated,b3505,b3505,0.665186633593665,-0.08581229196854534,0.9422538619133008,0.8647504102218495,0.956978803914388,0.0016388158025997922,BH_from_pvalue
polymyxin,polymixinE,polymixinE_vs_control,not_regulated,b1776,b1776,28.76858595645935,0.07636786241325311,1.0543602327370272,0.8530428763536314,0.9518736507323379,0.0016358526828923771,BH_from_pvalue
polymyxin,polymixinE,polymixinE_vs_control,not_regulated,b2428,b2428,105.8650757246495,-0.07922101246474877,0.9465686113391545,0.8588957190542033,0.9538258993089288,0.0016264778379524048,BH_from_pvalue
polymyxin,polymixinE,polymixinE_vs_control,not_regulated,b3350,b3350,263.05891125554564,0.06795303926473828,1.0482283543935995,0.8437641080797963,0.9469189017322663,0.0016096182019754973,BH_from_pvalue
polymyxin,polymixinE,polymixinE_vs_control,not_regulated,b3486,b3486,1035.645357863312,0.06745994934927957,1.0478701480526855,0.8430711136068436,0.9465999682592843,0.0016078076762953493,BH_from_pvalue
polymyxin,polymixinE,polymixinE_vs_control,not_regulated,b4141,b4141,99.00320461830968,-0.056345240680975905,0.9616972904599507,0.8247646287329286,0.9365794748903591,0.0016033243332177242,BH_from_pvalue
polymyxin,polymixinE,polymixinE_vs_control,not_regulated,b0280,b0280,166.70404544936522,0.07197962653595891,1.0511580647293068,0.8494295712117019,0.9502280878146102,0.001595942098021006,BH_from_pvalue
polymyxin,polymixinE,polymixinE_vs_control,not_regulated,b1036,b1036,236.0232508954872,-0.04017548874738708,0.9725366413166665,0.7884328834060649,0.9133070073552614,0.0015822397186860705,BH_from_pvalue
polymyxin,polymixinE,polymixinE_vs_control,not_regulated,b3981,b3981,1731.276284011433,0.0357194003629413,1.0250678460343634,0.7734767215795311,0.9034272380329085,0.0015754691531009752,BH_from_pvalue
polymyxin,polymixinE,polymixinE_vs_control,not_regulated,b3369,b3369,5.081037745982991,-0.0934848090906999,0.9372560841965981,0.8741568352478654,0.9620644592475895,0.001570154852418687,BH_from_pvalue
polymyxin,polymixinE,polymixinE_vs_control,not_regulated,b3378,b3378,3.532805463956928,-0.0923905924933619,0.9379672186724215,0.8730679850435855,0.9617086817215049,0.0015666176991533949,BH_from_pvalue
polymyxin,polymixinE,polymixinE_vs_control,not_regulated,b3208,b3208,156.56840367981036,0.05673786467551256,1.0401112628398632,0.828578647453851,0.93854111212476,0.0015629408611452147,BH_from_pvalue
polymyxin,polymixinE,polymixinE_vs_control,not_regulated,b3549,b3549,199.89455422585408,-0.040849076170868415,0.9720826745899037,0.7910969213245465,0.9159212231963475,0.0015580604652110453,BH_from_pvalue
polymyxin,polymixinE,polymixinE_vs_control,not_regulated,b3923,b3923,750.5464783958246,-0.05789840356758802,0.9606625126559383,0.8316005060800926,0.9399667535352603,0.0015567437341570166,BH_from_pvalue
polymyxin,polymixinE,polymixinE_vs_control,not_regulated,b3656,b3656,125.79938076220066,0.08137948773294124,1.0580292319296172,0.864855232972874,0.956978803914388,0.0015541595200965568,BH_from_pvalue
polymyxin,polymixinE,polymixinE_vs_control,not_regulated,b2954,b2954,125.57774954167179,-0.05729099738951415,0.961067057748049,0.8319468461179478,0.9399667535352603,0.00154041209626132,BH_from_pvalue
polymyxin,polymixinE,polymixinE_vs_control,not_regulated,b1347,b1347,0.3412590501220348,-0.08450074683982373,0.9431108485464715,0.8694543864182456,0.9592361614199826,0.001527305157983724,BH_from_pvalue
polymyxin,polymixinE,polymixinE_vs_control,not_regulated,b4422,b4422,0.3412590501220348,-0.08450074683982373,0.9431108485464715,0.8694543864182456,0.9592361614199826,0.001527305157983724,BH_from_pvalue
polymyxin,polymixinE,polymixinE_vs_control,not_regulated,b0894,b0894,2131.0223781849622,0.10685267450483593,1.076876401842607,0.8838306222209893,0.9680687621621865,0.0015059595349669677,BH_from_pvalue
polymyxin,polymixinE,polymixinE_vs_control,not_regulated,b1290,b1290,350.58385924482263,0.07640496172446021,1.0543873462573725,0.862491290978125,0.9557950865887925,0.0015002271909123426,BH_from_pvalue
polymyxin,polymixinE,polymixinE_vs_control,not_regulated,b1758,b1758,220.9185499644685,0.03782258364315094,1.0265632956712964,0.7879161841310844,0.9129435848072174,0.0014961123421712139,BH_from_pvalue
polymyxin,polymixinE,polymixinE_vs_control,not_regulated,b1775,b1775,15.82197104443875,-0.11022003335130037,0.9264467536276444,0.8861775582634658,0.9693678795487274,0.0014892241945888712,BH_from_pvalue
polymyxin,polymixinE,polymixinE_vs_control,not_regulated,b3803,b3803,1605.6162473577022,-0.030591529996112143,0.9790188005889243,0.7616229200355428,0.8942260230539993,0.0014853012497049022,BH_from_pvalue
polymyxin,polymixinE,polymixinE_vs_control,not_regulated,b0636,b0636,157.86751665729932,0.06890621581168688,1.048921138933338,0.853660507838073,0.9518736507323379,0.0014760190273958391,BH_from_pvalue
polymyxin,polymixinE,polymixinE_vs_control,not_regulated,b4485,b4485,673.7053502315422,-0.06944724170894112,0.9530030644142775,0.8565725052900156,0.9523155201146478,0.0014736105924000606,BH_from_pvalue
polymyxin,polymixinE,polymixinE_vs_control,not_regulated,b3942,b3942,12014.147153886976,-0.0981610021943986,0.9342230834349855,0.8797479373607064,0.9662088795665912,0.0014654432082789744,BH_from_pvalue
polymyxin,polymixinE,polymixinE_vs_control,not_regulated,b1314,b1314,25.883615448597354,0.05457968838362959,1.0385564884434109,0.8341837724995828,0.9407674443423423,0.0014473288916909163,BH_from_pvalue
polymyxin,polymixinE,polymixinE_vs_control,not_regulated,b0464,b0464,115.64965629152935,0.050538578345935115,1.03565147494333,0.8292512256564027,0.9388301064692925,0.001385413637036353,BH_from_pvalue
polymyxin,polymixinE,polymixinE_vs_control,not_regulated,b2739,b2739,33.03232898362234,0.06012962848166126,1.0425594322831684,0.8459470725318495,0.9484222164128263,0.0013828781162603609,BH_from_pvalue
polymyxin,polymixinE,polymixinE_vs_control,not_regulated,b2632,b2632,33.91178196577119,-0.07033349562259072,0.952417810217678,0.8630530473096174,0.9559252910117357,0.0013768518911154441,BH_from_pvalue
polymyxin,polymixinE,polymixinE_vs_control,not_regulated,b0214,b0214,364.41833834377195,-0.02807588135643968,0.9807274193626199,0.7602799965505989,0.8933488569708969,0.0013751261765127965,BH_from_pvalue
polymyxin,polymixinE,polymixinE_vs_control,not_regulated,b3964,b3964,636.1578064026086,-0.04402738289256192,0.9699435002758747,0.8169209432287968,0.9307270523412179,0.0013726708969191083,BH_from_pvalue
polymyxin,polymixinE,polymixinE_vs_control,not_regulated,b0369,b0369,1193.523547521937,-0.028990965552242898,0.980105552941598,0.7667572578763213,0.89767676885156,0.0013590968669305308,BH_from_pvalue
polymyxin,polymixinE,polymixinE_vs_control,not_regulated,b2463,b2463,4493.377307513065,-0.048760425831058996,0.9667666251561454,0.8307551064569646,0.9396472830379,0.0013182448243338047,BH_from_pvalue
polymyxin,polymixinE,polymixinE_vs_control,not_regulated,b0920,b0920,99.74406451192068,-0.046757664781962305,0.9681096304578282,0.8264701610341563,0.9373330268108006,0.0013141746853474277,BH_from_pvalue
polymyxin,polymixinE,polymixinE_vs_control,not_regulated,b0163,b0163,1926.846724879598,-0.05636582856127781,0.9616835667228684,0.8448998904527822,0.9479570235112533,0.0013083270507927435,BH_from_pvalue
polymyxin,polymixinE,polymixinE_vs_control,not_regulated,b2118,b2118,53.712853739755,0.048947314382157714,1.034509801682047,0.8332664590557768,0.9404670844628599,0.0013047591803310476,BH_from_pvalue
polymyxin,polymixinE,polymixinE_vs_control,not_regulated,b0654,b0654,269.256911538781,0.05118413303380542,1.0361149958182034,0.8390407143894597,0.9434588402269021,0.0012937834711308953,BH_from_pvalue
polymyxin,polymixinE,polymixinE_vs_control,not_regulated,b0520,b0520,16.64535160479167,0.05684903117623197,1.0401914114374766,0.8471273205590499,0.9490357877645346,0.0012914627601696245,BH_from_pvalue
polymyxin,polymixinE,polymixinE_vs_control,not_regulated,b4361,b4361,386.67289905185186,0.03524322067561059,1.0247295652980004,0.8001503150507012,0.9211508560135192,0.001257098895866985,BH_from_pvalue
polymyxin,polymixinE,polymixinE_vs_control,not_regulated,b1350,b1350,39.446851185999854,0.05915678405838065,1.0418566460313021,0.8570416241494208,0.9523155201146478,0.0012552559533768983,BH_from_pvalue
polymyxin,polymixinE,polymixinE_vs_control,not_regulated,b4597,b4597,4.587404686345479,-0.09578850692747176,0.9357606663856839,0.8882004590433116,0.9703972953064891,0.0012500804962345424,BH_from_pvalue
polymyxin,polymixinE,polymixinE_vs_control,not_regulated,b2074,b2074,186.52591711518764,0.04664869052902443,1.0328628454854434,0.8361108301925011,0.9411535646193483,0.001228703582235749,BH_from_pvalue
polymyxin,polymixinE,polymixinE_vs_control,not_regulated,b1791,b1791,51.071819937990085,-0.06661428303884875,0.9548762744221081,0.8678545847443194,0.958678931819915,0.0012208277544207475,BH_from_pvalue
polymyxin,polymixinE,polymixinE_vs_control,not_regulated,b3197,b3197,640.6353147651104,-0.0350350815963445,0.9760080271839042,0.8033144087807221,0.9229010541667222,0.0012207924414184966,BH_from_pvalue
polymyxin,polymixinE,polymixinE_vs_control,not_regulated,b3414,b3414,1252.0261569691427,-0.045095211005872216,0.969225850531459,0.83080863598082,0.9396472830379,0.0012191552370091514,BH_from_pvalue
polymyxin,polymixinE,polymixinE_vs_control,not_regulated,b4348,b4348,150.15917758454697,-0.06593062453240428,0.9553288745689551,0.8681646494514411,0.958678931819915,0.0012082984702921995,BH_from_pvalue
polymyxin,polymixinE,polymixinE_vs_control,not_regulated,b2839,b2839,84.48005527388102,-0.07977668819044137,0.9462040963844609,0.8806044214320239,0.9667948956800693,0.001169977080720448,BH_from_pvalue
polymyxin,polymixinE,polymixinE_vs_control,not_regulated,b4047,b4047,0.9646613891609954,0.12210828586556632,1.0883241260836427,0.9013621177319199,0.9783607156269729,0.0011601500866331913,BH_from_pvalue
polymyxin,polymixinE,polymixinE_vs_control,not_regulated,b1312,b1312,17.410492104214516,-0.06359031452338382,0.9568798469165549,0.8687906917366536,0.9589743635414645,0.0011568987674866811,BH_from_pvalue
polymyxin,polymixinE,polymixinE_vs_control,not_regulated,b2835,b2835,419.7921030179455,-0.04495429573624854,0.9693205243111317,0.8380741339816492,0.9426500261689067,0.0011530559313563983,BH_from_pvalue
polymyxin,polymixinE,polymixinE_vs_control,not_regulated,b1067,b1067,424.1267150866159,0.043317865915541987,1.0304809722805315,0.8342120692738182,0.9407674443423423,0.0011486910373193272,BH_from_pvalue
polymyxin,polymixinE,polymixinE_vs_control,not_regulated,b2278,b2278,6918.654234232044,-0.030945677637767233,0.978778504034511,0.7948984835013617,0.918195526139991,0.00114699620791332,BH_from_pvalue
polymyxin,polymixinE,polymixinE_vs_control,not_regulated,b1266,b1266,281.29080477412975,0.0420387416802015,1.0295677307517503,0.8320189029867551,0.9399667535352603,0.0011303169633356679,BH_from_pvalue
polymyxin,polymixinE,polymixinE_vs_control,not_regulated,b0462,b0462,3936.4457722785205,0.05555372291852656,1.0392579058750004,0.8605851670532445,0.9546022395574584,0.0011209380822145734,BH_from_pvalue
polymyxin,polymixinE,polymixinE_vs_control,not_regulated,b3930,b3930,132.1586735693318,0.05218769106981114,1.0368359820520372,0.8526884705172592,0.9518736507323379,0.0011178966092901075,BH_from_pvalue
polymyxin,polymixinE,polymixinE_vs_control,not_regulated,b2875,b2875,483.0765281275579,0.1109939778667961,1.0799720517775124,0.8995321023741706,0.9773177286181206,0.0011059687497003692,BH_from_pvalue
polymyxin,polymixinE,polymixinE_vs_control,not_regulated,b2661,b2661,5556.25739519125,0.10581524446528867,1.0761023073084786,0.8967698683098303,0.9763428595735398,0.001100229408714396,BH_from_pvalue
polymyxin,polymixinE,polymixinE_vs_control,not_regulated,b1033,b1033,405.03733769015656,0.03498298014732626,1.0245447361379063,0.8164471625412898,0.930422938208949,0.001095652639130761,BH_from_pvalue
polymyxin,polymixinE,polymixinE_vs_control,not_regulated,b1844,b1844,242.68059817278098,-0.04703536680232734,0.9679232985446451,0.8458666861489024,0.9484222164128263,0.001081732601442152,BH_from_pvalue
polymyxin,polymixinE,polymixinE_vs_control,not_regulated,b1117,b1117,332.52040430162594,-0.056555281637685084,0.9615572878192489,0.864695106977488,0.956978803914388,0.0010800747438641256,BH_from_pvalue
polymyxin,polymixinE,polymixinE_vs_control,not_regulated,b0436,b0436,4649.944479517653,0.030512513308959655,1.0213749017939495,0.8039877357111325,0.923005828287053,0.001061699884721854,BH_from_pvalue
polymyxin,polymixinE,polymixinE_vs_control,not_regulated,b3386,b3386,403.25589491291635,-0.021866056530729594,0.9849578846405542,0.7616057349195615,0.8942260230539993,0.0010616559909013465,BH_from_pvalue
polymyxin,polymixinE,polymixinE_vs_control,not_regulated,b1704,b1704,269.11988812224246,0.0421802516125549,1.029668723131566,0.8406027902234798,0.9445494255371502,0.0010450288844283699,BH_from_pvalue
polymyxin,polymixinE,polymixinE_vs_control,not_regulated,b1495,b1495,12.200305305100606,0.06355753150341403,1.0450395418219285,0.8753646471683488,0.9629225196779734,0.0010428936971225453,BH_from_pvalue
polymyxin,polymixinE,polymixinE_vs_control,not_regulated,b3522,b3522,1209.1408055853074,0.04146298910121082,1.0291569315237739,0.8396997620876928,0.9437704972190011,0.0010421143098953258,BH_from_pvalue
polymyxin,polymixinE,polymixinE_vs_control,not_regulated,b0039,b0039,163.5748254019708,-0.048373753395243746,0.9670257735525496,0.8538651034261139,0.9518736507323379,0.0010361994138970538,BH_from_pvalue
polymyxin,polymixinE,polymixinE_vs_control,not_regulated,b1209,b1209,417.37060647411096,0.03923811472925465,1.0275710244946266,0.8363252107122132,0.9411535646193483,0.0010335126577243443,BH_from_pvalue
polymyxin,polymixinE,polymixinE_vs_control,not_regulated,b3348,b3348,148.57638285039914,0.02979865286101102,1.020869639929068,0.8068188351229948,0.9248397350619854,0.0010111731643064092,BH_from_pvalue
polymyxin,polymixinE,polymixinE_vs_control,not_regulated,b3425,b3425,62.55854278278208,0.04712803403687982,1.0332060769680438,0.8565092592268391,0.9523155201146478,0.0010000162489793374,BH_from_pvalue
polymyxin,polymixinE,polymixinE_vs_control,not_regulated,b3645,b3645,351.1518555703863,-0.09614219536349644,0.9355312851576303,0.8972607196660377,0.9763428595735398,0.0009996524724940072,BH_from_pvalue
polymyxin,polymixinE,polymixinE_vs_control,not_regulated,b1259,b1259,552.5520547309432,0.14025901961940512,1.102102968270016,0.9125896710332415,0.9838994104284564,0.0009887278603141001,BH_from_pvalue
polymyxin,polymixinE,polymixinE_vs_control,not_regulated,b2162,b2162,9.511431384239478,0.10909568929233249,1.078551966182949,0.9039807006171072,0.9797843834640357,0.0009676227908042617,BH_from_pvalue
polymyxin,polymixinE,polymixinE_vs_control,not_regulated,b4358,b4358,8.673004997234637,-0.15718278820677734,0.8967745319107489,0.9160268863937905,0.9860271745762429,0.0009605622337750594,BH_from_pvalue
polymyxin,polymixinE,polymixinE_vs_control,not_regulated,b3866,b3866,1215.618316002702,0.015280757242342347,1.0106481056277734,0.7116819274907181,0.866579672402071,0.0009503332529629873,BH_from_pvalue
polymyxin,polymixinE,polymixinE_vs_control,not_regulated,b2264,b2264,702.623848455422,0.049480737539518316,1.0348923728415513,0.8644356019184442,0.956978803914388,0.0009449673554201187,BH_from_pvalue
polymyxin,polymixinE,polymixinE_vs_control,not_regulated,b1555,b1555,1.6208144374020337,0.1091253319909622,1.0785741271514409,0.9049290824147629,0.9803398392826598,0.0009410257178887801,BH_from_pvalue
polymyxin,polymixinE,polymixinE_vs_control,not_regulated,b0785,b0785,221.78215941828637,-0.09105534257135961,0.9388357323721588,0.8985655953318401,0.976739499227312,0.0009306993391935335,BH_from_pvalue
polymyxin,polymixinE,polymixinE_vs_control,not_regulated,b3945,b3945,1683.9358029444993,0.09301822864443743,1.0665992573706302,0.8994467796174153,0.9773177286181206,0.0009268543754391084,BH_from_pvalue
polymyxin,polymixinE,polymixinE_vs_control,not_regulated,b4430,b4430,23.4392582274977,-0.11099725202010458,0.9259477862288724,0.9075493409807314,0.9812877249354158,0.0009105808052084364,BH_from_pvalue
polymyxin,polymixinE,polymixinE_vs_control,not_regulated,b1778,b1778,1004.7780637737698,-0.04799687861793345,0.9672784223931884,0.8654346882188496,0.9573345094458532,0.0009088826017065848,BH_from_pvalue
polymyxin,polymixinE,polymixinE_vs_control,not_regulated,b3833,b3833,1413.66251445744,-0.03423627637362969,0.9765485823023636,0.8346729436192419,0.940942080300589,0.0009051081617289727,BH_from_pvalue
polymyxin,polymixinE,polymixinE_vs_control,not_regulated,b3555,b3555,6622.022658562343,0.061940622601207806,1.0438689637339562,0.8810401117250135,0.9669583425170287,0.0009038521416313889,BH_from_pvalue
polymyxin,polymixinE,polymixinE_vs_control,not_regulated,b0971,b0971,16.461790953598534,0.07861699684787737,1.0560052424459465,0.8936818489701146,0.9743002517096927,0.0008889369471997414,BH_from_pvalue
polymyxin,polymixinE,polymixinE_vs_control,not_regulated,b2707,b2707,178.42310535834974,-0.06664954175558879,0.9548529380275685,0.8877090113535641,0.9700959992877384,0.0008787933003079961,BH_from_pvalue
polymyxin,polymixinE,polymixinE_vs_control,not_regulated,b0696,b0696,53.57748376403194,0.05636337030796135,1.0398413060938465,0.8772309725276142,0.9647395878800021,0.0008786993028239693,BH_from_pvalue
polymyxin,polymixinE,polymixinE_vs_control,not_regulated,b2418,b2418,191.5736761860837,0.03977139169358779,1.0279509254653951,0.8506961778695156,0.9508033657658719,0.0008713629373884271,BH_from_pvalue
polymyxin,polymixinE,polymixinE_vs_control,not_regulated,b1788,b1788,16.24003228379309,-0.03979195693061488,0.972795218714163,0.8533706273973511,0.9518736507323379,0.0008523713699126362,BH_from_pvalue
polymyxin,polymixinE,polymixinE_vs_control,not_regulated,b2082,b2082,23.19983477897019,0.041255681087850604,1.0290090574791841,0.8592491204979501,0.9538258993089288,0.0008470158218298399,BH_from_pvalue
polymyxin,polymixinE,polymixinE_vs_control,not_regulated,b1732,b1732,4627.025369280859,0.0980977510732135,1.0703612192369185,0.9053001676464791,0.9805056956594903,0.0008387239230052253,BH_from_pvalue
polymyxin,polymixinE,polymixinE_vs_control,not_regulated,b4304,b4304,163.582898890648,-0.06180764607069911,0.9580629478414947,0.8863782608723044,0.9693678795487274,0.0008351062791434452,BH_from_pvalue
polymyxin,polymixinE,polymixinE_vs_control,not_regulated,b2891,b2891,1599.7360320262314,-0.03910754747815126,0.97325681882602,0.8568813376716853,0.9523155201146478,0.0008298284393802264,BH_from_pvalue
polymyxin,polymixinE,polymixinE_vs_control,not_regulated,b2334,b2334,4.3636440287816205,0.09276799826681703,1.0664142755257704,0.9037540413981718,0.9797748079558873,0.0008231982943822648,BH_from_pvalue
polymyxin,polymixinE,polymixinE_vs_control,not_regulated,b2127,b2127,714.6273196233811,0.06549933847274403,1.0464470682039384,0.8899662787684665,0.9717114916932971,0.0008162960621809609,BH_from_pvalue
polymyxin,polymixinE,polymixinE_vs_control,not_regulated,b0524,b0524,133.40560902026408,0.03525451052598605,1.0247375843792383,0.8453881334301258,0.9482682853288543,0.0008132783394281283,BH_from_pvalue
polymyxin,polymixinE,polymixinE_vs_control,not_regulated,b2960,b2960,417.17502142909825,-0.044068794018661706,0.9699156594120762,0.8683099084558323,0.958678931819915,0.0008076407098828551,BH_from_pvalue
polymyxin,polymixinE,polymixinE_vs_control,not_regulated,b3496,b3496,1830.9582102580518,0.06307876359888276,1.044692796066622,0.889217504615743,0.9712725438954862,0.000798506991220902,BH_from_pvalue
polymyxin,polymixinE,polymixinE_vs_control,not_regulated,b1751,b1751,30.484198417000822,0.06986324524977672,1.0496171844668305,0.8937222851387709,0.9743002517096927,0.0007899566562428431,BH_from_pvalue
polymyxin,polymixinE,polymixinE_vs_control,not_regulated,b1567,b1567,2.0158459037468277,0.10420579848299116,1.074902495296827,0.910504925076435,0.9827327961644157,0.0007882699991181317,BH_from_pvalue
polymyxin,polymixinE,polymixinE_vs_control,not_regulated,b0231,b0231,445.6483495203975,0.01560008810401392,1.0108718305599933,0.7558490553131624,0.8921010118366667,0.0007735454702387897,BH_from_pvalue
polymyxin,polymixinE,polymixinE_vs_control,not_regulated,b0975,b0975,371.4819411361497,0.12625189017987815,1.0914544250532168,0.9173170300589941,0.9860271745762429,0.0007715399315220841,BH_from_pvalue
polymyxin,polymixinE,polymixinE_vs_control,not_regulated,b1175,b1175,1796.6984517894873,-0.01213936976793839,0.9916209317989048,0.7132670218095278,0.8675703256082359,0.0007489421934251884,BH_from_pvalue
polymyxin,polymixinE,polymixinE_vs_control,not_regulated,b4157,b4157,5.9436202702541765,-0.06065644486974042,0.9588277410526475,0.89126042379724,0.9723234019500329,0.0007393572676502241,BH_from_pvalue
polymyxin,polymixinE,polymixinE_vs_control,not_regulated,b2659,b2659,1660.357932055135,0.11889485912771214,1.0859027149127256,0.9160323973318824,0.9860271745762429,0.0007265802621966844,BH_from_pvalue
polymyxin,polymixinE,polymixinE_vs_control,not_regulated,b0891,b0891,1137.3827094415908,0.05105422808563098,1.0360217048582636,0.8826154292880541,0.9678215994484807,0.0007252094684308765,BH_from_pvalue
polymyxin,polymixinE,polymixinE_vs_control,not_regulated,b4079,b4079,843.7791847539125,0.08877398605601172,1.0634660562630514,0.9089579886386151,0.9816538274270913,0.0007138880626557613,BH_from_pvalue
polymyxin,polymixinE,polymixinE_vs_control,not_regulated,b2244,b2244,16.973730861345057,-0.033379092681543376,0.9771289754018511,0.8558416773002494,0.9523155201146478,0.000708275567608222,BH_from_pvalue
polymyxin,polymixinE,polymixinE_vs_control,not_regulated,b0279,b0279,5.5391151887303804,-0.08699034915514625,0.941484762540941,0.9089695052865031,0.9816538274270913,0.0006995447043341379,BH_from_pvalue
polymyxin,polymixinE,polymixinE_vs_control,not_regulated,b1826,b1826,21.90661672694374,-0.03021598362909561,0.979273681073728,0.8465315469740623,0.9486046084427833,0.0006923923097685739,BH_from_pvalue
polymyxin,polymixinE,polymixinE_vs_control,not_regulated,b1701,b1701,21.36102230067196,-0.045604017663849916,0.9688840862633483,0.8786319001370063,0.9658079879805118,0.0006890405414963479,BH_from_pvalue
polymyxin,polymixinE,polymixinE_vs_control,not_regulated,b2304,b2304,2115.9105793080967,-0.04862050227660397,0.9668603940947095,0.8834515036335069,0.9680687621621865,0.0006852473214886269,BH_from_pvalue
polymyxin,polymixinE,polymixinE_vs_control,not_regulated,b2132,b2132,549.4669787088873,0.03233069775304642,1.0226629208052265,0.8596694120937236,0.9540569986670537,0.0006603764303992813,BH_from_pvalue
polymyxin,polymixinE,polymixinE_vs_control,not_regulated,b1002,b1002,8209.407726163096,-0.05559342369438269,0.9621985805879967,0.8924700975091573,0.9734070074190566,0.0006507505809672262,BH_from_pvalue
polymyxin,polymixinE,polymixinE_vs_control,not_regulated,b3541,b3541,1876.4988142800946,0.04576944814549044,1.0322335648050676,0.8843207367135345,0.9680687621621865,0.000645065153158689,BH_from_pvalue
polymyxin,polymixinE,polymixinE_vs_control,not_regulated,b4581,b4581,427.364427401375,0.030379311997261738,1.0212806045291483,0.8568628552794424,0.9523155201146478,0.000644622807866356,BH_from_pvalue
polymyxin,polymixinE,polymixinE_vs_control,not_regulated,b0653,b0653,202.50088757745257,-0.045645408849128266,0.968856289199997,0.8841049287537774,0.9680687621621865,0.0006433169689234057,BH_from_pvalue
polymyxin,polymixinE,polymixinE_vs_control,not_regulated,b1992,b1992,64.28256151699279,-0.0359503721988812,0.9753890137185407,0.8734951685988979,0.9618004079658028,0.0006081020933345495,BH_from_pvalue
polymyxin,polymixinE,polymixinE_vs_control,not_regulated,b1698,b1698,39.15244726831669,-0.03922169918660323,0.9731798139633798,0.8797786677474374,0.9662088795665912,0.0005855397908055234,BH_from_pvalue
polymyxin,polymixinE,polymixinE_vs_control,not_regulated,b2006,b2006,24.822091619179236,-0.0463004151866766,0.9684165129807589,0.8906309704024532,0.9718724174842879,0.000573696560372826,BH_from_pvalue
polymyxin,polymixinE,polymixinE_vs_control,not_regulated,b2436,b2436,306.67416892722594,-0.031212807994327463,0.9785972895444949,0.8681934729258374,0.958678931819915,0.0005720314106009074,BH_from_pvalue
polymyxin,polymixinE,polymixinE_vs_control,not_regulated,b3385,b3385,417.0144834188339,-0.027261940673847462,0.9812808829461259,0.8608591538442011,0.954670728301582,0.000549229781100172,BH_from_pvalue
polymyxin,polymixinE,polymixinE_vs_control,not_regulated,b2230,b2230,53.348579703760684,0.043955561936722454,1.0309365632757714,0.8904113644653284,0.971868555536289,0.00054471794270972,BH_from_pvalue
polymyxin,polymixinE,polymixinE_vs_control,not_regulated,b3738,b3738,1404.5266473667446,0.03059976019352284,1.0214366712394634,0.8705897142687719,0.960017782491036,0.0005422498562723891,BH_from_pvalue
polymyxin,polymixinE,polymixinE_vs_control,not_regulated,b4447,b4447,21.82969520832691,0.0478875390026996,1.0337501501913895,0.8941797867208314,0.9743267152786579,0.0005409083942626906,BH_from_pvalue
polymyxin,polymixinE,polymixinE_vs_control,not_regulated,b4064,b4064,179.5309710487928,-0.024615349343184434,0.9830826726352646,0.8542976312229764,0.9520888863332378,0.0005248608922771139,BH_from_pvalue
polymyxin,polymixinE,polymixinE_vs_control,not_regulated,b1862,b1862,10.82510920006168,-0.08537551011207922,0.9425391763327308,0.9174488068497566,0.9860271745762429,0.0005217396359902972,BH_from_pvalue
polymyxin,polymixinE,polymixinE_vs_control,not_regulated,b1274,b1274,5326.529574656622,0.0536126964707897,1.0378606107940926,0.9010359119274695,0.9783196972271163,0.0005103501098489093,BH_from_pvalue
polymyxin,polymixinE,polymixinE_vs_control,not_regulated,b2865,b2865,333.7940787776934,0.02365249183704421,1.0165297878953221,0.8535422056899049,0.9518736507323379,0.0005066528118771083,BH_from_pvalue
polymyxin,polymixinE,polymixinE_vs_control,not_regulated,b4663,b4663,3.824235899566967,-0.13097441749846173,0.9132144433876577,0.9253273224120045,0.9914582965832338,0.00048795156753074796,BH_from_pvalue
polymyxin,polymixinE,polymixinE_vs_control,not_regulated,b0565,b0565,159.25990821063365,-0.07234422784089478,0.9510913183380432,0.9139446456599117,0.9848881207901973,0.00047841966769997566,BH_from_pvalue
polymyxin,polymixinE,polymixinE_vs_control,not_regulated,b3261,b3261,311.44453583578417,-0.04518521101083017,0.9691653889591365,0.8976185950939586,0.9763428595735398,0.0004698198094641171,BH_from_pvalue
polymyxin,polymixinE,polymixinE_vs_control,not_regulated,b0856,b0856,66.7948152210137,-0.04858642281679959,0.9668832336194746,0.9015847363551578,0.9783662591376356,0.00046149975033931475,BH_from_pvalue
polymyxin,polymixinE,polymixinE_vs_control,not_regulated,b3231,b3231,5510.610232543891,-0.03379603006763432,0.9768466269320212,0.8864039574169159,0.9693678795487274,0.00045663083313864924,BH_from_pvalue
polymyxin,polymixinE,polymixinE_vs_control,not_regulated,b0778,b0778,16.46898826175201,-0.07336795008208785,0.950416672662643,0.9176322260507231,0.9860271745762429,0.0004483600451573404,BH_from_pvalue
polymyxin,polymixinE,polymixinE_vs_control,not_regulated,b2570,b2570,373.8854709679086,0.030467648669544545,1.021343139777114,0.8813982223921338,0.9669583425170287,0.0004445910994104795,BH_from_pvalue
polymyxin,polymixinE,polymixinE_vs_control,not_regulated,b2353,b2353,38.45782674219104,0.05805095625895973,1.041058367411205,0.9110751186961339,0.9827376220372207,0.00043900557223149636,BH_from_pvalue
polymyxin,polymixinE,polymixinE_vs_control,not_regulated,b4134,b4134,3.970900206404734,0.051228209467561125,1.0361466511232438,0.9055875317294549,0.9805808179391161,0.00043629050933452176,BH_from_pvalue
polymyxin,polymixinE,polymixinE_vs_control,not_regulated,b0047,b0047,425.99256330826705,0.030548514588421227,1.0214003896905797,0.8836752800942942,0.9680687621621865,0.00043054445793425957,BH_from_pvalue
polymyxin,polymixinE,polymixinE_vs_control,not_regulated,b1180,b1180,397.612608750864,-0.02344300176969405,0.9838818595403934,0.8737030829142441,0.9618004079658028,0.0003965393841079662,BH_from_pvalue
polymyxin,polymixinE,polymixinE_vs_control,not_regulated,b3925,b3925,338.41936023943623,0.023541999307770567,1.0164519373148773,0.8745357904004019,0.9622460824904617,0.00039347740594367563,BH_from_pvalue
polymyxin,polymixinE,polymixinE_vs_control,not_regulated,b1538,b1538,1433.2886816652292,-0.03746335623789321,0.9743666393327329,0.8976336786197914,0.9763428595735398,0.00038953070032924367,BH_from_pvalue
polymyxin,polymixinE,polymixinE_vs_control,not_regulated,b1660,b1660,60.10380128405679,-0.04149603062050389,0.9716468567585255,0.902670645449615,0.9788362013578515,0.0003854971717449212,BH_from_pvalue
polymyxin,polymixinE,polymixinE_vs_control,not_regulated,b3972,b3972,139.1821652340898,0.025232373201574454,1.0176435895647744,0.8791599479226873,0.9661523199990832,0.00037733497470409706,BH_from_pvalue
polymyxin,polymixinE,polymixinE_vs_control,not_regulated,b3985,b3985,8725.38403138889,-0.02597561477543664,0.9821561960669645,0.8843135498472033,0.9680687621621865,0.0003660949520353583,BH_from_pvalue
polymyxin,polymixinE,polymixinE_vs_control,not_regulated,b4440,b4440,145.06708445959262,0.025968908328558804,1.0181632569855301,0.8843473863326866,0.9680687621621865,0.00036600043275759355,BH_from_pvalue
polymyxin,polymixinE,polymixinE_vs_control,not_regulated,b4072,b4072,64.37408170185775,-0.1577249389437032,0.8964375960935224,0.9310885497707326,0.9946912986413341,0.00036460977015049384,BH_from_pvalue
polymyxin,polymixinE,polymixinE_vs_control,not_regulated,b4641,b4641,29.423261463490373,0.03363426343205855,1.0235873786441843,0.896948287802782,0.9763428595735398,0.00034971715044836626,BH_from_pvalue
polymyxin,polymixinE,polymixinE_vs_control,not_regulated,b3829,b3829,2128.6508764781343,0.10131860281517113,1.0727534960873393,0.9272818901946542,0.9920908278463927,0.00034940384024984505,BH_from_pvalue
polymyxin,polymixinE,polymixinE_vs_control,not_regulated,b2781,b2781,633.9647089514827,-0.017582889202575558,0.9878864370706059,0.8627229994554242,0.9557950865887925,0.0003452436580183268,BH_from_pvalue
polymyxin,polymixinE,polymixinE_vs_control,not_regulated,b3872,b3872,174.5872920384825,-0.05129475592519128,0.9650698320458005,0.9135084908524393,0.9846540119468661,0.0003445132896372844,BH_from_pvalue
polymyxin,polymixinE,polymixinE_vs_control,not_regulated,b1864,b1864,1253.3735133220387,0.0392582265389283,1.027585349390973,0.90467977373474,0.9803058593733703,0.00033912832452899944,BH_from_pvalue
polymyxin,polymixinE,polymixinE_vs_control,not_regulated,b4043,b4043,3552.396480653642,0.05506791252430432,1.0389080070525658,0.9156813978892324,0.9860271745762429,0.0003365263949516489,BH_from_pvalue
polymyxin,polymixinE,polymixinE_vs_control,not_regulated,b2937,b2937,2630.6403029696303,0.043653731460878475,1.0307209005634754,0.9106336803942385,0.9827327961644157,0.0003302208452995685,BH_from_pvalue
polymyxin,polymixinE,polymixinE_vs_control,not_regulated,b3789,b3789,270.4499139788947,-0.03857986949535963,0.9736128608947816,0.9088607153604613,0.9816538274270913,0.00031024525894530656,BH_from_pvalue
polymyxin,polymixinE,polymixinE_vs_control,not_regulated,b2808,b2808,185.3503801917863,0.036446116850516574,1.0255843248012133,0.9058382327095761,0.9806162143748913,0.00030982588891243315,BH_from_pvalue
polymyxin,polymixinE,polymixinE_vs_control,not_regulated,b2662,b2662,8139.852918076674,0.08092966039178329,1.057699393485768,0.9253316872068509,0.9914582965832338,0.00030150738901637446,BH_from_pvalue
polymyxin,polymixinE,polymixinE_vs_control,not_regulated,b4227,b4227,1851.7602643201299,0.04931123293048856,1.0347707887802329,0.9168985855008006,0.9860271745762429,0.0003013466588441013,BH_from_pvalue
polymyxin,polymixinE,polymixinE_vs_control,not_regulated,b0728,b0728,12737.67922767252,0.03708581927496546,1.0260391778609415,0.9089791443383359,0.9816538274270913,0.00029823065123495043,BH_from_pvalue
polymyxin,polymixinE,polymixinE_vs_control,not_regulated,b3485,b3485,395.19623013430464,0.03683104947783811,1.0258580025563184,0.9094599421227079,0.981937306689376,0.00029156340991210296,BH_from_pvalue
polymyxin,polymixinE,polymixinE_vs_control,not_regulated,b0660,b0660,2782.223694305259,-0.030836279079402118,0.9788527269396666,0.9026658605293145,0.9788362013578515,0.0002864683246684536,BH_from_pvalue
polymyxin,polymixinE,polymixinE_vs_control,not_regulated,b1088,b1088,2116.137496432581,0.034724186171358085,1.024360967414456,0.9070032044627944,0.9812877249354158,0.0002848645063608946,BH_from_pvalue
polymyxin,polymixinE,polymixinE_vs_control,not_regulated,b1068,b1068,610.9703987828135,-0.027172003387782695,0.9813420576836098,0.8977665778559717,0.9763428595735398,0.0002825248608742054,BH_from_pvalue
polymyxin,polymixinE,polymixinE_vs_control,not_regulated,b0063,b0063,145.80272831050397,0.07638427717138807,1.0543722291508055,0.9274199573235598,0.9920908278463927,0.0002634161845587081,BH_from_pvalue
polymyxin,polymixinE,polymixinE_vs_control,not_regulated,b0571,b0571,159.58461286460178,0.023215014286878777,1.0162215858640302,0.8941775685199265,0.9743267152786579,0.0002622226233006696,BH_from_pvalue
polymyxin,polymixinE,polymixinE_vs_control,not_regulated,b0551,b0551,4.68117256235221,0.11750007929212858,1.0848533848345538,0.932914011278042,0.9949294575580471,0.00025940615760433773,BH_from_pvalue
polymyxin,polymixinE,polymixinE_vs_control,not_regulated,b3064,b3064,579.9759700902393,0.02427842460276075,1.016970918787638,0.899753912649995,0.9773226513160294,0.0002418625280272374,BH_from_pvalue
polymyxin,polymixinE,polymixinE_vs_control,not_regulated,b2416,b2416,13365.146590720766,0.0462803639558107,1.0325991845848563,0.9204733936039283,0.9881358769523794,0.00023988649981111052,BH_from_pvalue
polymyxin,polymixinE,polymixinE_vs_control,not_regulated,b4475,b4475,224.66197622688674,-0.028292326544978152,0.9805802934611452,0.9083566059883466,0.9816538274270913,0.00022751658546091448,BH_from_pvalue
polymyxin,polymixinE,polymixinE_vs_control,not_regulated,b0997,b0997,71.10011415602327,0.03548502109577356,1.0249013277273102,0.9170732968844898,0.9860271745762429,0.00021685307607898556,BH_from_pvalue
polymyxin,polymixinE,polymixinE_vs_control,not_regulated,b2213,b2213,782.0803012452594,0.03525803680278372,1.0247400890754363,0.9167140419881514,0.9860271745762429,0.0002154659487605711,BH_from_pvalue
polymyxin,polymixinE,polymixinE_vs_control,not_regulated,b2297,b2297,3857.467309097546,-0.038278218630251715,0.9738164533791936,0.9189755060113389,0.9872347327535235,0.00021357614404475902,BH_from_pvalue
polymyxin,polymixinE,polymixinE_vs_control,not_regulated,b0503,b0503,166.0172047232919,-0.02257887486753951,0.9844713489547685,0.9025120596086657,0.9788362013578515,0.00020975722912441956,BH_from_pvalue
polymyxin,polymixinE,polymixinE_vs_control,not_regulated,b1411,b1411,86.51459832030163,0.02006072368573264,1.0140021587005768,0.8980271397619934,0.9763901558253436,0.0002081622635310769,BH_from_pvalue
polymyxin,polymixinE,polymixinE_vs_control,not_regulated,b1715,b1715,16.15402892911457,-0.056852697835935384,0.9613590801393591,0.9272697919466553,0.9920908278463927,0.00019606025350228597,BH_from_pvalue
polymyxin,polymixinE,polymixinE_vs_control,not_regulated,b3919,b3919,6010.567855192426,0.017602911042930103,1.0122761490114676,0.8954406944003808,0.9754643360166899,0.0001899108406064238,BH_from_pvalue
polymyxin,polymixinE,polymixinE_vs_control,not_regulated,b4672,b4672,8.253594531455201,-0.05439389693940422,0.9629989319187982,0.927465969562935,0.9920908278463927,0.00018758091750882604,BH_from_pvalue
polymyxin,polymixinE,polymixinE_vs_control,not_regulated,b1736,b1736,25.80771318537325,0.025950044508583403,1.0181499441770188,0.9120161311649897,0.9835167964469248,0.00018731309974303007,BH_from_pvalue
polymyxin,polymixinE,polymixinE_vs_control,not_regulated,b2299,b2299,586.351665305846,0.019524922328765015,1.0136256391721086,0.9011068265033221,0.9783196972271163,0.00018586168783183145,BH_from_pvalue
polymyxin,polymixinE,polymixinE_vs_control,not_regulated,b2705,b2705,118.57949544310299,-0.09002498420926486,0.9395064789496387,0.9342872344975849,0.9955384900375503,0.0001748235128814756,BH_from_pvalue
polymyxin,polymixinE,polymixinE_vs_control,not_regulated,b0307,b0307,99.87930376480591,-0.021022967551580507,0.9855336472236567,0.9074814812404676,0.9812877249354158,0.00017246472658189482,BH_from_pvalue
polymyxin,polymixinE,polymixinE_vs_control,not_regulated,b3609,b3609,1334.716921048436,-0.021607676324443048,0.9851343019740146,0.9110360766471035,0.9827376220372207,0.00016340627132978538,BH_from_pvalue
polymyxin,polymixinE,polymixinE_vs_control,not_regulated,b2804,b2804,67.29580111862694,-0.028265258697997453,0.9805986912829837,0.9202528341728667,0.9881349362877906,0.0001465199107192547,BH_from_pvalue
polymyxin,polymixinE,polymixinE_vs_control,not_regulated,b0960,b0960,378.6976606288399,-0.03615764678610134,0.9752488878937067,0.925009021188553,0.9914582965832338,0.00013470707306416135,BH_from_pvalue
polymyxin,polymixinE,polymixinE_vs_control,not_regulated,b2488,b2488,10.88269976169908,0.021794229526702846,1.015221290318341,0.9154726321837844,0.9860271745762429,0.00013318706225032715,BH_from_pvalue
polymyxin,polymixinE,polymixinE_vs_control,not_regulated,b1804,b1804,413.3333876032136,0.021227690120840137,1.0148226960671147,0.9166044748594252,0.9860271745762429,0.00012972487428798373,BH_from_pvalue
polymyxin,polymixinE,polymixinE_vs_control,not_regulated,b0488,b0488,884.6558401560657,0.02378617891960566,1.0166239888140571,0.9196805796825608,0.9877562672903912,0.00012726095834906438,BH_from_pvalue
polymyxin,polymixinE,polymixinE_vs_control,not_regulated,b1512,b1512,1797.5244438796208,0.05358427728935844,1.0378401665160872,0.9318115486701447,0.9946912986413341,0.00012386976439487975,BH_from_pvalue
polymyxin,polymixinE,polymixinE_vs_control,not_regulated,b3251,b3251,1953.6977789558175,-0.011592363052495003,0.991996982272539,0.8958771301506601,0.9757034700769175,0.0001238313661343543,BH_from_pvalue
polymyxin,polymixinE,polymixinE_vs_control,not_regulated,b3428,b3428,6729.357789614461,0.014491044279841603,1.0100950410605054,0.9071812086446392,0.9812877249354158,0.00011887922023744567,BH_from_pvalue
polymyxin,polymixinE,polymixinE_vs_control,not_regulated,b1895,b1895,304.33360682197605,0.03272515917367791,1.0229425753483445,0.9260880881126866,0.9920324411361905,0.00011369130836004669,BH_from_pvalue
polymyxin,polymixinE,polymixinE_vs_control,not_regulated,b2571,b2571,1306.4277923094533,0.01838751876047695,1.0128268237337918,0.9166423133403576,0.9860271745762429,0.00011236825797306345,BH_from_pvalue
polymyxin,polymixinE,polymixinE_vs_control,not_regulated,b2186,b2186,389.033423015399,-0.012637484681279787,0.9912786169648299,0.9064866320550307,0.9810820190046987,0.00010482393997775119,BH_from_pvalue
polymyxin,polymixinE,polymixinE_vs_control,not_regulated,b1125,b1125,98.13483976164115,0.03153201951619877,1.0220969296899263,0.928276261289904,0.9927214986405107,0.00010003762813870822,BH_from_pvalue
polymyxin,polymixinE,polymixinE_vs_control,not_regulated,b4241,b4241,293.4734033006499,0.02553814539201582,1.0178592970276523,0.9240142873446764,0.991227346643538,9.772745584585523e-05,BH_from_pvalue
polymyxin,polymixinE,polymixinE_vs_control,not_regulated,b3960,b3960,582.5828053301027,0.04131064743572388,1.029048263233489,0.9318685721589124,0.9946912986413341,9.549704547156965e-05,BH_from_pvalue
polymyxin,polymixinE,polymixinE_vs_control,not_regulated,b2704,b2704,17.109487245740542,-0.07119828519481164,0.9518470768606243,0.9387956933497931,0.9969851358253123,9.336349257095437e-05,BH_from_pvalue
polymyxin,polymixinE,polymixinE_vs_control,not_regulated,b2634,b2634,3.4128877620916875,0.06970359606173782,1.0495010398519706,0.9389126356949807,0.9969851358253123,9.140348191353767e-05,BH_from_pvalue
polymyxin,polymixinE,polymixinE_vs_control,not_regulated,b3642,b3642,29.837516568218007,-0.06563806759069646,0.9555226205969526,0.9384144437019295,0.9969851358253123,8.607228698146179e-05,BH_from_pvalue
polymyxin,polymixinE,polymixinE_vs_control,not_regulated,b2430,b2430,138.22697703507603,0.035183328638872524,1.024687025561516,0.9311373142292007,0.9946912986413341,8.133263803466975e-05,BH_from_pvalue
polymyxin,polymixinE,polymixinE_vs_control,not_regulated,b3797,b3797,0.35405883706206837,-0.04252648124966735,0.9709531019427737,0.9353952198011403,0.9961657128840509,7.095162217414614e-05,BH_from_pvalue
polymyxin,polymixinE,polymixinE_vs_control,not_regulated,b3403,b3403,9843.854044358988,-0.053708942373646096,0.9634562476399944,0.9376946975745912,0.9969851358253123,7.042942717756827e-05,BH_from_pvalue
polymyxin,polymixinE,polymixinE_vs_control,not_regulated,b2922,b2922,1421.064474971003,-0.01703074475443067,0.988264590725554,0.9231757300887607,0.9906510143660475,6.94737118425219e-05,BH_from_pvalue
polymyxin,polymixinE,polymixinE_vs_control,not_regulated,b0908,b0908,382.14909927795776,0.03077645867000811,1.0215617824734906,0.9327059701223795,0.9949294575580471,6.794551064435186e-05,BH_from_pvalue
polymyxin,polymixinE,polymixinE_vs_control,not_regulated,b1249,b1249,832.7530646836391,0.016560049074749728,1.0115446826848815,0.9232567924016165,0.9906510143660475,6.75535975734635e-05,BH_from_pvalue
polymyxin,polymixinE,polymixinE_vs_control,not_regulated,b0188,b0188,467.6393527878892,0.02564988600224183,1.0179381360202682,0.9300092193541125,0.9941020600415393,6.589522990904382e-05,BH_from_pvalue
polymyxin,polymixinE,polymixinE_vs_control,not_regulated,b1379,b1379,828.8093182081308,-0.04353191462871564,0.9702766675362212,0.936268249564445,0.9967655826132246,6.124793293042445e-05,BH_from_pvalue
polymyxin,polymixinE,polymixinE_vs_control,not_regulated,b2886,b2886,16.512893418650453,-0.046558966136893254,0.968242974867957,0.9381683060323954,0.9969851358253123,6.105354471865732e-05,BH_from_pvalue
polymyxin,polymixinE,polymixinE_vs_control,not_regulated,b0357,b0357,55.61246327330645,-0.016224259845406763,0.9888171976658741,0.9270355161134932,0.9920908278463927,5.595042309789579e-05,BH_from_pvalue
polymyxin,polymixinE,polymixinE_vs_control,not_regulated,b4045,b4045,9712.532104665932,-0.06698246003898589,0.954632620277315,0.9402739722349917,0.9981504658626131,5.385297346784195e-05,BH_from_pvalue
polymyxin,polymixinE,polymixinE_vs_control,not_regulated,b4112,b4112,308.208587554058,-0.015409625591704668,0.9893757022729563,0.927051780878684,0.9920908278463927,5.314110349879095e-05,BH_from_pvalue
polymyxin,polymixinE,polymixinE_vs_control,not_regulated,b4547,b4547,300.27967781903027,0.03651196522100619,1.0256311362172714,0.9375191552552389,0.9969851358253123,4.787874573572972e-05,BH_from_pvalue
polymyxin,polymixinE,polymixinE_vs_control,not_regulated,b0126,b0126,500.60066264623373,-0.021601919110626255,0.9851382332553809,0.9333246830350624,0.9949294575580471,4.769078342011522e-05,BH_from_pvalue
polymyxin,polymixinE,polymixinE_vs_control,not_regulated,b0495,b0495,358.0568013645025,-0.012760324539456747,0.9911942170484509,0.9249329656196992,0.9914582965832338,4.753921017669055e-05,BH_from_pvalue
polymyxin,polymixinE,polymixinE_vs_control,not_regulated,b1987,b1987,58.58938701121655,-0.019485296404013752,0.9865846209178508,0.9319103028623528,0.9946912986413341,4.5043792635212364e-05,BH_from_pvalue
polymyxin,polymixinE,polymixinE_vs_control,not_regulated,b0817,b0817,275.91196086747124,0.011495805823962257,1.0080001166719417,0.9251270593952033,0.9914582965832338,4.282818415204913e-05,BH_from_pvalue
polymyxin,polymixinE,polymixinE_vs_control,not_regulated,b3446,b3446,26.033184017664038,0.018819108843761256,1.013129861722869,0.9334375969086168,0.9949294575580471,4.154714400286327e-05,BH_from_pvalue
polymyxin,polymixinE,polymixinE_vs_control,not_regulated,b2777,b2777,658.2244828804992,0.01774559132717357,1.0123762664908083,0.931600399959136,0.9946912986413341,4.102214918146057e-05,BH_from_pvalue
polymyxin,polymixinE,polymixinE_vs_control,not_regulated,b1521,b1521,242.9090274332018,0.021028098859215305,1.0146823089955896,0.9344516462735744,0.9955384900375503,4.083539857381764e-05,BH_from_pvalue
polymyxin,polymixinE,polymixinE_vs_control,not_regulated,b2740,b2740,47.478992845520025,-0.027056326982894063,0.9814207456038483,0.9381979969199439,0.9969851358253123,3.547941044300351e-05,BH_from_pvalue
polymyxin,polymixinE,polymixinE_vs_control,not_regulated,b3651,b3651,134.27230924971857,0.025867605029287866,1.0180917660099411,0.9370199842831192,0.9969851358253123,3.39206196240846e-05,BH_from_pvalue
polymyxin,polymixinE,polymixinE_vs_control,not_regulated,b2806,b2806,329.53037969615167,0.01450764013932293,1.0101066606275708,0.9321084534844871,0.9946912986413341,3.353703841668717e-05,BH_from_pvalue
polymyxin,polymixinE,polymixinE_vs_control,not_regulated,b2413,b2413,292.42981004774606,-0.023729074065167666,0.9836867847460758,0.9373111829112133,0.9969851358253123,3.111632849214113e-05,BH_from_pvalue
polymyxin,polymixinE,polymixinE_vs_control,not_regulated,b2303,b2303,303.81676230818124,0.01857169103252332,1.0129561279310753,0.935483319524729,0.9961657128840509,3.098520184490645e-05,BH_from_pvalue
polymyxin,polymixinE,polymixinE_vs_control,not_regulated,b0968,b0968,303.6536893034566,-0.011213133906675665,0.9922577744742271,0.9330801950067233,0.9949294575580471,2.4755353349182893e-05,BH_from_pvalue
polymyxin,polymixinE,polymixinE_vs_control,not_regulated,b3602,b3602,509.66753286543127,0.007659932894114263,1.005323581055395,0.9288568925616034,0.9931063234471339,2.3012374838834037e-05,BH_from_pvalue
polymyxin,polymixinE,polymixinE_vs_control,not_regulated,b0659,b0659,1160.3556319552715,0.026279495735263225,1.0183824736032936,0.941016525113026,0.998276492914715,1.9687425865440788e-05,BH_from_pvalue
polymyxin,polymixinE,polymixinE_vs_control,not_regulated,b4234,b4234,1310.4009368802074,-0.012653132396851063,0.9912678654468083,0.9381462878597516,0.9969851358253123,1.6592262430202365e-05,BH_from_pvalue
polymyxin,polymixinE,polymixinE_vs_control,not_regulated,b3124,b3124,160.58535429660515,-0.013819855906182177,0.9904665401740572,0.9407605732658334,0.9982404006958524,1.0570218876208694e-05,BH_from_pvalue
polymyxin,polymixinE,polymixinE_vs_control,not_regulated,b3725,b3725,226.38296067412762,0.00786183459122114,1.0054642835151006,0.9385930271065628,0.9969851358253123,1.0309354129009776e-05,BH_from_pvalue
polymyxin,polymixinE,polymixinE_vs_control,not_regulated,b3788,b3788,290.6583911286605,-0.020810002037009667,0.9856791389362753,0.9427808808324578,0.9989701771459117,9.31199381395847e-06,BH_from_pvalue
polymyxin,polymixinE,polymixinE_vs_control,not_regulated,b3542,b3542,1361.1884340650784,-0.024446615027915897,0.9831976584623147,0.9432739940446938,0.9992572833756553,7.888374464168883e-06,BH_from_pvalue
polymyxin,polymixinE,polymixinE_vs_control,not_regulated,b2298,b2298,36.44611597686498,0.011856864516694543,1.0082524172204543,0.9415402627840948,0.9985721135890123,7.357971061036072e-06,BH_from_pvalue
polymyxin,polymixinE,polymixinE_vs_control,not_regulated,b3807,b3807,140.3144091043255,0.01248716363023572,1.008693008910971,0.9422730364564297,0.9987890176368615,6.571265680318388e-06,BH_from_pvalue
polymyxin,polymixinE,polymixinE_vs_control,not_regulated,b3706,b3706,512.1475437955354,0.007649771925420268,1.0053165005392968,0.9404539071422309,0.9981504658626131,6.150311055982784e-06,BH_from_pvalue
polymyxin,polymixinE,polymixinE_vs_control,not_regulated,b0274,b0274,0.8280785427594862,0.04211680383268057,1.0296234406871883,0.943918655335977,0.9997047590537378,5.401077692456471e-06,BH_from_pvalue
polymyxin,polymixinE,polymixinE_vs_control,not_regulated,b3867,b3867,1336.5963145442686,-0.00793468773940198,0.9945151903605395,0.9417391964972411,0.9985721135890123,4.9240001589521046e-06,BH_from_pvalue
polymyxin,polymixinE,polymixinE_vs_control,not_regulated,b3963,b3963,826.5205107983243,0.00821506829740315,1.0057104944941824,0.9423878592376256,0.9987890176368615,4.323111153399524e-06,BH_from_pvalue
polymyxin,polymixinE,polymixinE_vs_control,not_regulated,b2964,b2964,581.3720570557376,-0.02969324699633269,0.9796285689488033,0.944161458571675,0.9997265161618158,3.5272241679628914e-06,BH_from_pvalue
polymyxin,polymixinE,polymixinE_vs_control,not_regulated,b3576,b3576,3.0049237721883535,0.07090450254453673,1.0503750134043668,0.958109966145973,1.0,-0.0,BH_from_pvalue
polymyxin,polymixinE,polymixinE_vs_control,not_regulated,b3137,b3137,7.224610317090774,0.06777386568595922,1.0480981791603803,0.9462334547952742,1.0,-0.0,BH_from_pvalue
polymyxin,polymixinE,polymixinE_vs_control,not_regulated,b3578,b3578,4.700543743684388,0.057528905286524434,1.040681720096845,0.9682911758254412,1.0,-0.0,BH_from_pvalue
polymyxin,polymixinE,polymixinE_vs_control,not_regulated,b0974,b0974,337.1270154643154,0.0510372392491929,1.0360095049829192,0.96767152467208,1.0,-0.0,BH_from_pvalue
polymyxin,polymixinE,polymixinE_vs_control,not_regulated,b0508,b0508,11.284920173387102,0.046083475082580705,1.0324582723256153,0.9511064636423062,1.0,-0.0,BH_from_pvalue
polymyxin,polymixinE,polymixinE_vs_control,not_regulated,b2464,b2464,6025.371847798765,0.04211382018215026,1.0296213113159345,0.9559535319958038,1.0,-0.0,BH_from_pvalue
polymyxin,polymixinE,polymixinE_vs_control,not_regulated,b4426,b4426,8.992482333774552,0.0403958620555529,1.0283959702024392,0.9460888967553407,1.0,-0.0,BH_from_pvalue
polymyxin,polymixinE,polymixinE_vs_control,not_regulated,b4195,b4195,22.53944478274595,0.037755831027369346,1.0265157983152988,0.9595066987927949,1.0,-0.0,BH_from_pvalue
polymyxin,polymixinE,polymixinE_vs_control,not_regulated,b4634,b4634,1.074455034053253,0.036991563690564444,1.025972145840673,0.9716921813436153,1.0,-0.0,BH_from_pvalue
polymyxin,polymixinE,polymixinE_vs_control,not_regulated,b0988,b0988,7.4837416405143165,0.03457595579965789,1.0242557243780477,0.962250267599607,1.0,-0.0,BH_from_pvalue
polymyxin,polymixinE,polymixinE_vs_control,not_regulated,b3595,b3595,5.625360293969497,0.03267375729814548,1.0229061295100026,0.9755112897795334,1.0,-0.0,BH_from_pvalue
polymyxin,polymixinE,polymixinE_vs_control,not_regulated,b1573,b1573,11.362124875127256,0.032112653354030574,1.0225083704215374,0.9526143577440658,1.0,-0.0,BH_from_pvalue
polymyxin,polymixinE,polymixinE_vs_control,not_regulated,b2766,b2766,207.21690358170557,0.031332012469387216,1.0219552417981312,0.9491114260705643,1.0,-0.0,BH_from_pvalue
polymyxin,polymixinE,polymixinE_vs_control,not_regulated,b0022,b0022,2.201382850477288,0.030712771677516182,1.021516687176339,0.9599982537852079,1.0,-0.0,BH_from_pvalue
polymyxin,polymixinE,polymixinE_vs_control,not_regulated,b1625,b1625,56.06123470238723,0.029961341151870435,1.020984766755542,0.9538424720310792,1.0,-0.0,BH_from_pvalue
polymyxin,polymixinE,polymixinE_vs_control,not_regulated,b1167,b1167,16.22891786802743,0.027341408826282887,1.0191323422508916,0.9738324209019523,1.0,-0.0,BH_from_pvalue
polymyxin,polymixinE,polymixinE_vs_control,not_regulated,b3902,b3902,9.592163503552575,0.026877092373258193,1.018804397840028,0.9582698314810894,1.0,-0.0,BH_from_pvalue
polymyxin,polymixinE,polymixinE_vs_control,not_regulated,b3544,b3544,26060.447047385536,0.026557392067580565,1.0185786564448922,0.9467348985174434,1.0,-0.0,BH_from_pvalue
polymyxin,polymixinE,polymixinE_vs_control,not_regulated,b1390,b1390,38.4033147372092,0.02385448788366684,1.0166721252348592,0.9616245886926567,1.0,-0.0,BH_from_pvalue
polymyxin,polymixinE,polymixinE_vs_control,not_regulated,b4551,b4551,45.26281882312864,0.023141326606658907,1.0161696822414459,0.9532483081873044,1.0,-0.0,BH_from_pvalue
polymyxin,polymixinE,polymixinE_vs_control,not_regulated,b4556,b4556,16.624696756512318,0.021194790471687597,1.0147995540107395,0.9561800961311624,1.0,-0.0,BH_from_pvalue
polymyxin,polymixinE,polymixinE_vs_control,not_regulated,b2232,b2232,676.5410142566981,0.020051808883440714,1.0139958929267416,0.9534519071400617,1.0,-0.0,BH_from_pvalue
polymyxin,polymixinE,polymixinE_vs_control,not_regulated,b2597,b2597,32409.99011587512,0.019779011707267813,1.0138041759958176,0.9677815360141423,1.0,-0.0,BH_from_pvalue
polymyxin,polymixinE,polymixinE_vs_control,not_regulated,b0782,b0782,378.24678647096863,0.01940430009442906,1.013540894527678,0.9825821324238954,1.0,-0.0,BH_from_pvalue
polymyxin,polymixinE,polymixinE_vs_control,not_regulated,b4501,b4501,7.338558374193448,0.01851003891665215,1.0129128411986523,0.9811237874231725,1.0,-0.0,BH_from_pvalue
polymyxin,polymixinE,polymixinE_vs_control,not_regulated,b0863,b0863,3135.607421834773,0.01774379396446868,1.0123750052358933,0.9524738190515414,1.0,-0.0,BH_from_pvalue
polymyxin,polymixinE,polymixinE_vs_control,not_regulated,b1409,b1409,1.52780122101908,0.01639472945695486,1.011428775584252,0.9884790756428672,1.0,-0.0,BH_from_pvalue
polymyxin,polymixinE,polymixinE_vs_control,not_regulated,b4259,b4259,347.44802131859706,0.015162583356547188,1.0105653249159094,0.951502162021342,1.0,-0.0,BH_from_pvalue
polymyxin,polymixinE,polymixinE_vs_control,not_regulated,b0870,b0870,1257.7439676453303,0.01505847010143313,1.010492399282846,0.9698171188096426,1.0,-0.0,BH_from_pvalue
polymyxin,polymixinE,polymixinE_vs_control,not_regulated,b0117,b0117,46.611916453784914,0.014299362023899143,1.0099608446926776,0.9504176258475535,1.0,-0.0,BH_from_pvalue
polymyxin,polymixinE,polymixinE_vs_control,not_regulated,b1250,b1250,547.8319345201352,0.013617086171667125,1.009483329372334,0.9644887766107166,1.0,-0.0,BH_from_pvalue
polymyxin,polymixinE,polymixinE_vs_control,not_regulated,b3937,b3937,204.0024770424619,0.012522187503919646,1.0087174969450736,0.9771689428198501,1.0,-0.0,BH_from_pvalue
polymyxin,polymixinE,polymixinE_vs_control,not_regulated,b1819,b1819,3695.68603295811,0.012274341796000954,1.0085442206659367,0.9644692660806106,1.0,-0.0,BH_from_pvalue
polymyxin,polymixinE,polymixinE_vs_control,not_regulated,b3162,b3162,7541.83295336278,0.012114602429553756,1.0084325579155673,0.9458588376922297,1.0,-0.0,BH_from_pvalue
polymyxin,polymixinE,polymixinE_vs_control,not_regulated,b1193,b1193,197.9508762939137,0.011441017434353995,1.0079618371652481,0.9565123526010216,1.0,-0.0,BH_from_pvalue
polymyxin,polymixinE,polymixinE_vs_control,not_regulated,b1315,b1315,36.99375806246624,0.010813001884125484,1.007523159598833,0.9548629204101106,1.0,-0.0,BH_from_pvalue
polymyxin,polymixinE,polymixinE_vs_control,not_regulated,b4433,b4433,17.756861959118186,0.010092503279319764,1.0070201164925496,0.9887341099326976,1.0,-0.0,BH_from_pvalue
polymyxin,polymixinE,polymixinE_vs_control,not_regulated,b1040,b1040,189.9558902321959,0.010068173518279266,1.0070031341424936,0.984712618005012,1.0,-0.0,BH_from_pvalue
polymyxin,polymixinE,polymixinE_vs_control,not_regulated,b2600,b2600,383.1690195974952,0.009365461138209241,1.0065127593655103,0.9665380483314877,1.0,-0.0,BH_from_pvalue
polymyxin,polymixinE,polymixinE_vs_control,not_regulated,b3071,b3071,148.71673429150192,0.009220851169075672,1.0064118756164022,0.973431348018078,1.0,-0.0,BH_from_pvalue
polymyxin,polymixinE,polymixinE_vs_control,not_regulated,b3128,b3128,292.82779447242393,0.008061784852586129,1.0056036454543809,0.9850251639178107,1.0,-0.0,BH_from_pvalue
polymyxin,polymixinE,polymixinE_vs_control,not_regulated,b0247,b0247,1.1170462171756597,0.007609276409087262,1.00528828235163,0.9919681544535114,1.0,-0.0,BH_from_pvalue
polymyxin,polymixinE,polymixinE_vs_control,not_regulated,b0424,b0424,399.7757625720676,0.007557775946954948,1.0052523968140885,0.9517634680303841,1.0,-0.0,BH_from_pvalue
polymyxin,polymixinE,polymixinE_vs_control,not_regulated,b2679,b2679,53.141447296004706,0.007339229358417576,1.0051001277368734,0.9574498347477844,1.0,-0.0,BH_from_pvalue
polymyxin,polymixinE,polymixinE_vs_control,not_regulated,b4667,b4667,12.02476801432641,0.00720986679365998,1.0050100071656674,0.9914379017163113,1.0,-0.0,BH_from_pvalue
polymyxin,polymixinE,polymixinE_vs_control,not_regulated,b3452,b3452,75.36788710213825,0.007164366149311263,1.0049783110133237,0.984952776997519,1.0,-0.0,BH_from_pvalue
polymyxin,polymixinE,polymixinE_vs_control,not_regulated,b3347,b3347,2082.6177933060194,0.007035333791188592,1.0048884313652489,0.9531995295070232,1.0,-0.0,BH_from_pvalue
polymyxin,polymixinE,polymixinE_vs_control,not_regulated,b4454,b4454,29.843060379950874,0.006372937948924573,1.0044271549939103,0.9863639536749061,1.0,-0.0,BH_from_pvalue
polymyxin,polymixinE,polymixinE_vs_control,not_regulated,b2347,b2347,351.82426115249444,0.006234499653743342,1.0043307766826948,0.9849375120211977,1.0,-0.0,BH_from_pvalue
polymyxin,polymixinE,polymixinE_vs_control,not_regulated,b3512,b3512,5889.322220649377,0.005411698696660139,1.003758147888171,0.9947658073805288,1.0,-0.0,BH_from_pvalue
polymyxin,polymixinE,polymixinE_vs_control,not_regulated,b0916,b0916,107.36391619869188,0.00535164995070847,1.0037163697147253,0.9791772921037329,1.0,-0.0,BH_from_pvalue
polymyxin,polymixinE,polymixinE_vs_control,not_regulated,b4020,b4020,650.6173324724294,0.004756315802973532,1.0033022673996155,0.9666027215512448,1.0,-0.0,BH_from_pvalue
polymyxin,polymixinE,polymixinE_vs_control,not_regulated,b4352,b4352,280.77363248937354,0.004469115576608118,1.0031025578623394,0.9843246962154707,1.0,-0.0,BH_from_pvalue
polymyxin,polymixinE,polymixinE_vs_control,not_regulated,b3438,b3438,1074.1995352874185,0.00410390111827752,1.0028486572243738,0.9840469862605137,1.0,-0.0,BH_from_pvalue
polymyxin,polymixinE,polymixinE_vs_control,not_regulated,b4692,b4692,1.467282863411602,0.003834235269370101,1.0026612241537136,0.9964021034872754,1.0,-0.0,BH_from_pvalue
polymyxin,polymixinE,polymixinE_vs_control,not_regulated,b2400,b2400,2466.2486935425545,0.0026412676705636073,1.001832464153114,0.9910729365154212,1.0,-0.0,BH_from_pvalue
polymyxin,polymixinE,polymixinE_vs_control,not_regulated,b3922,b3922,423.38147232769705,0.002036740980312146,1.0014127582720953,0.9951405578924628,1.0,-0.0,BH_from_pvalue
polymyxin,polymixinE,polymixinE_vs_control,not_regulated,b0933,b0933,42.59372441272853,0.0013192371630754707,1.0009148437345572,0.9972673644022648,1.0,-0.0,BH_from_pvalue
polymyxin,polymixinE,polymixinE_vs_control,not_regulated,b0356,b0356,487.30933652823416,0.0008462435161789017,1.0005867433738973,0.9982316927261823,1.0,-0.0,BH_from_pvalue
polymyxin,polymixinE,polymixinE_vs_control,not_regulated,b0757,b0757,974.0548843411361,0.0005093494196088955,1.0003531164450608,0.9990687193273462,1.0,-0.0,BH_from_pvalue
polymyxin,polymixinE,polymixinE_vs_control,not_regulated,b1443,b1443,1101.4711907397884,0.0003522327879839082,1.0002441789707246,0.9991322594354883,1.0,-0.0,BH_from_pvalue
polymyxin,polymixinE,polymixinE_vs_control,not_regulated,b0202,b0202,0.0,0.0,1.0,,1.0,-0.0,no_valid_pvalue_set_to_1
polymyxin,polymixinE,polymixinE_vs_control,not_regulated,b0203,b0203,0.0,0.0,1.0,,1.0,-0.0,no_valid_pvalue_set_to_1
polymyxin,polymixinE,polymixinE_vs_control,not_regulated,b0205,b0205,0.0,0.0,1.0,,1.0,-0.0,no_valid_pvalue_set_to_1
polymyxin,polymixinE,polymixinE_vs_control,not_regulated,b0206,b0206,0.0,0.0,1.0,,1.0,-0.0,no_valid_pvalue_set_to_1
polymyxin,polymixinE,polymixinE_vs_control,not_regulated,b0246,b0246,0.0,0.0,1.0,,1.0,-0.0,no_valid_pvalue_set_to_1
polymyxin,polymixinE,polymixinE_vs_control,not_regulated,b0256,b0256,0.0,0.0,1.0,,1.0,-0.0,no_valid_pvalue_set_to_1
polymyxin,polymixinE,polymixinE_vs_control,not_regulated,b0264,b0264,0.0,0.0,1.0,,1.0,-0.0,no_valid_pvalue_set_to_1
polymyxin,polymixinE,polymixinE_vs_control,not_regulated,b0298,b0298,0.0,0.0,1.0,,1.0,-0.0,no_valid_pvalue_set_to_1
polymyxin,polymixinE,polymixinE_vs_control,not_regulated,b0360,b0360,0.0,0.0,1.0,,1.0,-0.0,no_valid_pvalue_set_to_1
polymyxin,polymixinE,polymixinE_vs_control,not_regulated,b0540,b0540,0.0,0.0,1.0,,1.0,-0.0,no_valid_pvalue_set_to_1
polymyxin,polymixinE,polymixinE_vs_control,not_regulated,b0541,b0541,0.0,0.0,1.0,,1.0,-0.0,no_valid_pvalue_set_to_1
polymyxin,polymixinE,polymixinE_vs_control,not_regulated,b0548,b0548,0.0,0.0,1.0,,1.0,-0.0,no_valid_pvalue_set_to_1
polymyxin,polymixinE,polymixinE_vs_control,not_regulated,b0552,b0552,0.0,0.0,1.0,,1.0,-0.0,no_valid_pvalue_set_to_1
polymyxin,polymixinE,polymixinE_vs_control,not_regulated,b0560,b0560,0.0,0.0,1.0,,1.0,-0.0,no_valid_pvalue_set_to_1
polymyxin,polymixinE,polymixinE_vs_control,not_regulated,b0582,b0582,0.0,0.0,1.0,,1.0,-0.0,no_valid_pvalue_set_to_1
polymyxin,polymixinE,polymixinE_vs_control,not_regulated,b0666,b0666,0.0,0.0,1.0,,1.0,-0.0,no_valid_pvalue_set_to_1
polymyxin,polymixinE,polymixinE_vs_control,not_regulated,b0668,b0668,0.0,0.0,1.0,,1.0,-0.0,no_valid_pvalue_set_to_1
polymyxin,polymixinE,polymixinE_vs_control,not_regulated,b0670,b0670,0.0,0.0,1.0,,1.0,-0.0,no_valid_pvalue_set_to_1
polymyxin,polymixinE,polymixinE_vs_control,not_regulated,b0672,b0672,0.0,0.0,1.0,,1.0,-0.0,no_valid_pvalue_set_to_1
polymyxin,polymixinE,polymixinE_vs_control,not_regulated,b1150,b1150,0.0,0.0,1.0,,1.0,-0.0,no_valid_pvalue_set_to_1
polymyxin,polymixinE,polymixinE_vs_control,not_regulated,b1229,b1229,0.0,0.0,1.0,,1.0,-0.0,no_valid_pvalue_set_to_1
polymyxin,polymixinE,polymixinE_vs_control,not_regulated,b1346,b1346,0.0,0.0,1.0,,1.0,-0.0,no_valid_pvalue_set_to_1
polymyxin,polymixinE,polymixinE_vs_control,not_regulated,b1348,b1348,0.0,0.0,1.0,,1.0,-0.0,no_valid_pvalue_set_to_1
polymyxin,polymixinE,polymixinE_vs_control,not_regulated,b1362,b1362,0.0,0.0,1.0,,1.0,-0.0,no_valid_pvalue_set_to_1
polymyxin,polymixinE,polymixinE_vs_control,not_regulated,b1373,b1373,0.0,0.0,1.0,,1.0,-0.0,no_valid_pvalue_set_to_1
polymyxin,polymixinE,polymixinE_vs_control,not_regulated,b1374,b1374,0.0,0.0,1.0,,1.0,-0.0,no_valid_pvalue_set_to_1
polymyxin,polymixinE,polymixinE_vs_control,not_regulated,b1375,b1375,0.0,0.0,1.0,,1.0,-0.0,no_valid_pvalue_set_to_1
polymyxin,polymixinE,polymixinE_vs_control,not_regulated,b1382,b1382,0.0,0.0,1.0,,1.0,-0.0,no_valid_pvalue_set_to_1
polymyxin,polymixinE,polymixinE_vs_control,not_regulated,b1403,b1403,0.0,0.0,1.0,,1.0,-0.0,no_valid_pvalue_set_to_1
polymyxin,polymixinE,polymixinE_vs_control,not_regulated,b1404,b1404,0.0,0.0,1.0,,1.0,-0.0,no_valid_pvalue_set_to_1
polymyxin,polymixinE,polymixinE_vs_control,not_regulated,b1460,b1460,0.0,0.0,1.0,,1.0,-0.0,no_valid_pvalue_set_to_1
polymyxin,polymixinE,polymixinE_vs_control,not_regulated,b1544,b1544,0.0,0.0,1.0,,1.0,-0.0,no_valid_pvalue_set_to_1
polymyxin,polymixinE,polymixinE_vs_control,not_regulated,b1545,b1545,0.0,0.0,1.0,,1.0,-0.0,no_valid_pvalue_set_to_1
polymyxin,polymixinE,polymixinE_vs_control,not_regulated,b1546,b1546,0.0,0.0,1.0,,1.0,-0.0,no_valid_pvalue_set_to_1
polymyxin,polymixinE,polymixinE_vs_control,not_regulated,b1548,b1548,0.0,0.0,1.0,,1.0,-0.0,no_valid_pvalue_set_to_1
polymyxin,polymixinE,polymixinE_vs_control,not_regulated,b1572,b1572,0.0,0.0,1.0,,1.0,-0.0,no_valid_pvalue_set_to_1
polymyxin,polymixinE,polymixinE_vs_control,not_regulated,b1578,b1578,0.0,0.0,1.0,,1.0,-0.0,no_valid_pvalue_set_to_1
polymyxin,polymixinE,polymixinE_vs_control,not_regulated,b1665,b1665,0.0,0.0,1.0,,1.0,-0.0,no_valid_pvalue_set_to_1
polymyxin,polymixinE,polymixinE_vs_control,not_regulated,b1666,b1666,0.0,0.0,1.0,,1.0,-0.0,no_valid_pvalue_set_to_1
polymyxin,polymixinE,polymixinE_vs_control,not_regulated,b1893,b1893,0.0,0.0,1.0,,1.0,-0.0,no_valid_pvalue_set_to_1
polymyxin,polymixinE,polymixinE_vs_control,not_regulated,b1894,b1894,0.0,0.0,1.0,,1.0,-0.0,no_valid_pvalue_set_to_1
polymyxin,polymixinE,polymixinE_vs_control,not_regulated,b1910,b1910,0.0,0.0,1.0,,1.0,-0.0,no_valid_pvalue_set_to_1
polymyxin,polymixinE,polymixinE_vs_control,not_regulated,b1994,b1994,0.0,0.0,1.0,,1.0,-0.0,no_valid_pvalue_set_to_1
polymyxin,polymixinE,polymixinE_vs_control,not_regulated,b1997,b1997,0.0,0.0,1.0,,1.0,-0.0,no_valid_pvalue_set_to_1
polymyxin,polymixinE,polymixinE_vs_control,not_regulated,b2030,b2030,0.0,0.0,1.0,,1.0,-0.0,no_valid_pvalue_set_to_1
polymyxin,polymixinE,polymixinE_vs_control,not_regulated,b2088,b2088,0.0,0.0,1.0,,1.0,-0.0,no_valid_pvalue_set_to_1
polymyxin,polymixinE,polymixinE_vs_control,not_regulated,b2192,b2192,0.0,0.0,1.0,,1.0,-0.0,no_valid_pvalue_set_to_1
polymyxin,polymixinE,polymixinE_vs_control,not_regulated,b2362,b2362,0.0,0.0,1.0,,1.0,-0.0,no_valid_pvalue_set_to_1
polymyxin,polymixinE,polymixinE_vs_control,not_regulated,b2394,b2394,0.0,0.0,1.0,,1.0,-0.0,no_valid_pvalue_set_to_1
polymyxin,polymixinE,polymixinE_vs_control,not_regulated,b2403,b2403,0.0,0.0,1.0,,1.0,-0.0,no_valid_pvalue_set_to_1
polymyxin,polymixinE,polymixinE_vs_control,not_regulated,b2404,b2404,0.0,0.0,1.0,,1.0,-0.0,no_valid_pvalue_set_to_1
polymyxin,polymixinE,polymixinE_vs_control,not_regulated,b2588,b2588,0.0,0.0,1.0,,1.0,-0.0,no_valid_pvalue_set_to_1
polymyxin,polymixinE,polymixinE_vs_control,not_regulated,b2589,b2589,0.0,0.0,1.0,,1.0,-0.0,no_valid_pvalue_set_to_1
polymyxin,polymixinE,polymixinE_vs_control,not_regulated,b2635,b2635,0.0,0.0,1.0,,1.0,-0.0,no_valid_pvalue_set_to_1
polymyxin,polymixinE,polymixinE_vs_control,not_regulated,b2815,b2815,0.0,0.0,1.0,,1.0,-0.0,no_valid_pvalue_set_to_1
polymyxin,polymixinE,polymixinE_vs_control,not_regulated,b2860,b2860,0.0,0.0,1.0,,1.0,-0.0,no_valid_pvalue_set_to_1
polymyxin,polymixinE,polymixinE_vs_control,not_regulated,b2861,b2861,0.0,0.0,1.0,,1.0,-0.0,no_valid_pvalue_set_to_1
polymyxin,polymixinE,polymixinE_vs_control,not_regulated,b3044,b3044,0.0,0.0,1.0,,1.0,-0.0,no_valid_pvalue_set_to_1
polymyxin,polymixinE,polymixinE_vs_control,not_regulated,b3045,b3045,0.0,0.0,1.0,,1.0,-0.0,no_valid_pvalue_set_to_1
polymyxin,polymixinE,polymixinE_vs_control,not_regulated,b3272,b3272,0.0,0.0,1.0,,1.0,-0.0,no_valid_pvalue_set_to_1
polymyxin,polymixinE,polymixinE_vs_control,not_regulated,b3273,b3273,0.0,0.0,1.0,,1.0,-0.0,no_valid_pvalue_set_to_1
polymyxin,polymixinE,polymixinE_vs_control,not_regulated,b3274,b3274,0.0,0.0,1.0,,1.0,-0.0,no_valid_pvalue_set_to_1
polymyxin,polymixinE,polymixinE_vs_control,not_regulated,b3275,b3275,0.0,0.0,1.0,,1.0,-0.0,no_valid_pvalue_set_to_1
polymyxin,polymixinE,polymixinE_vs_control,not_regulated,b3276,b3276,0.0,0.0,1.0,,1.0,-0.0,no_valid_pvalue_set_to_1
polymyxin,polymixinE,polymixinE_vs_control,not_regulated,b3277,b3277,0.0,0.0,1.0,,1.0,-0.0,no_valid_pvalue_set_to_1
polymyxin,polymixinE,polymixinE_vs_control,not_regulated,b3278,b3278,0.0,0.0,1.0,,1.0,-0.0,no_valid_pvalue_set_to_1
polymyxin,polymixinE,polymixinE_vs_control,not_regulated,b3444,b3444,0.0,0.0,1.0,,1.0,-0.0,no_valid_pvalue_set_to_1
polymyxin,polymixinE,polymixinE_vs_control,not_regulated,b3445,b3445,0.0,0.0,1.0,,1.0,-0.0,no_valid_pvalue_set_to_1
polymyxin,polymixinE,polymixinE_vs_control,not_regulated,b3756,b3756,0.0,0.0,1.0,,1.0,-0.0,no_valid_pvalue_set_to_1
polymyxin,polymixinE,polymixinE_vs_control,not_regulated,b3757,b3757,0.0,0.0,1.0,,1.0,-0.0,no_valid_pvalue_set_to_1
polymyxin,polymixinE,polymixinE_vs_control,not_regulated,b3759,b3759,0.0,0.0,1.0,,1.0,-0.0,no_valid_pvalue_set_to_1
polymyxin,polymixinE,polymixinE_vs_control,not_regulated,b3760,b3760,0.0,0.0,1.0,,1.0,-0.0,no_valid_pvalue_set_to_1
polymyxin,polymixinE,polymixinE_vs_control,not_regulated,b3761,b3761,0.0,0.0,1.0,,1.0,-0.0,no_valid_pvalue_set_to_1
polymyxin,polymixinE,polymixinE_vs_control,not_regulated,b3798,b3798,0.0,0.0,1.0,,1.0,-0.0,no_valid_pvalue_set_to_1
polymyxin,polymixinE,polymixinE_vs_control,not_regulated,b3851,b3851,0.0,0.0,1.0,,1.0,-0.0,no_valid_pvalue_set_to_1
polymyxin,polymixinE,polymixinE_vs_control,not_regulated,b3852,b3852,0.0,0.0,1.0,,1.0,-0.0,no_valid_pvalue_set_to_1
polymyxin,polymixinE,polymixinE_vs_control,not_regulated,b3853,b3853,0.0,0.0,1.0,,1.0,-0.0,no_valid_pvalue_set_to_1
polymyxin,polymixinE,polymixinE_vs_control,not_regulated,b3855,b3855,0.0,0.0,1.0,,1.0,-0.0,no_valid_pvalue_set_to_1
polymyxin,polymixinE,polymixinE_vs_control,not_regulated,b3968,b3968,0.0,0.0,1.0,,1.0,-0.0,no_valid_pvalue_set_to_1
polymyxin,polymixinE,polymixinE_vs_control,not_regulated,b3970,b3970,0.0,0.0,1.0,,1.0,-0.0,no_valid_pvalue_set_to_1
polymyxin,polymixinE,polymixinE_vs_control,not_regulated,b3971,b3971,0.0,0.0,1.0,,1.0,-0.0,no_valid_pvalue_set_to_1
polymyxin,polymixinE,polymixinE_vs_control,not_regulated,b4007,b4007,0.0,0.0,1.0,,1.0,-0.0,no_valid_pvalue_set_to_1
polymyxin,polymixinE,polymixinE_vs_control,not_regulated,b4008,b4008,0.0,0.0,1.0,,1.0,-0.0,no_valid_pvalue_set_to_1
polymyxin,polymixinE,polymixinE_vs_control,not_regulated,b4009,b4009,0.0,0.0,1.0,,1.0,-0.0,no_valid_pvalue_set_to_1
polymyxin,polymixinE,polymixinE_vs_control,not_regulated,b4010,b4010,0.0,0.0,1.0,,1.0,-0.0,no_valid_pvalue_set_to_1
polymyxin,polymixinE,polymixinE_vs_control,not_regulated,b4011,b4011,0.0,0.0,1.0,,1.0,-0.0,no_valid_pvalue_set_to_1
polymyxin,polymixinE,polymixinE_vs_control,not_regulated,b4164,b4164,0.0,0.0,1.0,,1.0,-0.0,no_valid_pvalue_set_to_1
polymyxin,polymixinE,polymixinE_vs_control,not_regulated,b4369,b4369,0.0,0.0,1.0,,1.0,-0.0,no_valid_pvalue_set_to_1
polymyxin,polymixinE,polymixinE_vs_control,not_regulated,b4412,b4412,0.0,0.0,1.0,,1.0,-0.0,no_valid_pvalue_set_to_1
polymyxin,polymixinE,polymixinE_vs_control,not_regulated,b4423,b4423,0.0,0.0,1.0,,1.0,-0.0,no_valid_pvalue_set_to_1
polymyxin,polymixinE,polymixinE_vs_control,not_regulated,b4425,b4425,0.0,0.0,1.0,,1.0,-0.0,no_valid_pvalue_set_to_1
polymyxin,polymixinE,polymixinE_vs_control,not_regulated,b4455,b4455,0.0,0.0,1.0,,1.0,-0.0,no_valid_pvalue_set_to_1
polymyxin,polymixinE,polymixinE_vs_control,not_regulated,b4504,b4504,0.0,0.0,1.0,,1.0,-0.0,no_valid_pvalue_set_to_1
polymyxin,polymixinE,polymixinE_vs_control,not_regulated,b4509,b4509,0.0,0.0,1.0,,1.0,-0.0,no_valid_pvalue_set_to_1
polymyxin,polymixinE,polymixinE_vs_control,not_regulated,b4510,b4510,0.0,0.0,1.0,,1.0,-0.0,no_valid_pvalue_set_to_1
polymyxin,polymixinE,polymixinE_vs_control,not_regulated,b4515,b4515,0.0,0.0,1.0,,1.0,-0.0,no_valid_pvalue_set_to_1
polymyxin,polymixinE,polymixinE_vs_control,not_regulated,b4526,b4526,0.0,0.0,1.0,,1.0,-0.0,no_valid_pvalue_set_to_1
polymyxin,polymixinE,polymixinE_vs_control,not_regulated,b4528,b4528,0.0,0.0,1.0,,1.0,-0.0,no_valid_pvalue_set_to_1
polymyxin,polymixinE,polymixinE_vs_control,not_regulated,b4545,b4545,0.0,0.0,1.0,,1.0,-0.0,no_valid_pvalue_set_to_1
polymyxin,polymixinE,polymixinE_vs_control,not_regulated,b4548,b4548,0.0,0.0,1.0,,1.0,-0.0,no_valid_pvalue_set_to_1
polymyxin,polymixinE,polymixinE_vs_control,not_regulated,b4552,b4552,0.0,0.0,1.0,,1.0,-0.0,no_valid_pvalue_set_to_1
polymyxin,polymixinE,polymixinE_vs_control,not_regulated,b4609,b4609,0.0,0.0,1.0,,1.0,-0.0,no_valid_pvalue_set_to_1
polymyxin,polymixinE,polymixinE_vs_control,not_regulated,b4614,b4614,0.0,0.0,1.0,,1.0,-0.0,no_valid_pvalue_set_to_1
polymyxin,polymixinE,polymixinE_vs_control,not_regulated,b4628,b4628,0.0,0.0,1.0,,1.0,-0.0,no_valid_pvalue_set_to_1
polymyxin,polymixinE,polymixinE_vs_control,not_regulated,b4633,b4633,0.0,0.0,1.0,,1.0,-0.0,no_valid_pvalue_set_to_1
polymyxin,polymixinE,polymixinE_vs_control,not_regulated,b4647,b4647,0.0,0.0,1.0,,1.0,-0.0,no_valid_pvalue_set_to_1
polymyxin,polymixinE,polymixinE_vs_control,not_regulated,b4650,b4650,0.0,0.0,1.0,,1.0,-0.0,no_valid_pvalue_set_to_1
polymyxin,polymixinE,polymixinE_vs_control,not_regulated,b4662,b4662,0.0,0.0,1.0,,1.0,-0.0,no_valid_pvalue_set_to_1
polymyxin,polymixinE,polymixinE_vs_control,not_regulated,b4669,b4669,0.0,0.0,1.0,,1.0,-0.0,no_valid_pvalue_set_to_1
polymyxin,polymixinE,polymixinE_vs_control,not_regulated,b4673,b4673,0.0,0.0,1.0,,1.0,-0.0,no_valid_pvalue_set_to_1
polymyxin,polymixinE,polymixinE_vs_control,not_regulated,b4676,b4676,0.0,0.0,1.0,,1.0,-0.0,no_valid_pvalue_set_to_1
polymyxin,polymixinE,polymixinE_vs_control,not_regulated,b4684,b4684,0.0,0.0,1.0,,1.0,-0.0,no_valid_pvalue_set_to_1
polymyxin,polymixinE,polymixinE_vs_control,not_regulated,b4689,b4689,0.0,0.0,1.0,,1.0,-0.0,no_valid_pvalue_set_to_1
polymyxin,polymixinE,polymixinE_vs_control,not_regulated,b4695,b4695,0.0,0.0,1.0,,1.0,-0.0,no_valid_pvalue_set_to_1
polymyxin,polymixinE,polymixinE_vs_control,not_regulated,b4698,b4698,0.0,0.0,1.0,,1.0,-0.0,no_valid_pvalue_set_to_1
polymyxin,polymixinE,polymixinE_vs_control,not_regulated,b4706,b4706,0.0,0.0,1.0,,1.0,-0.0,no_valid_pvalue_set_to_1
polymyxin,polymixinE,polymixinE_vs_control,not_regulated,b4707,b4707,0.0,0.0,1.0,,1.0,-0.0,no_valid_pvalue_set_to_1
polymyxin,polymixinE,polymixinE_vs_control,not_regulated,b2984,b2984,1.5834346488061277,-0.00011134631552200958,0.9999228235935823,0.9999063874001752,1.0,-0.0,BH_from_pvalue
polymyxin,polymixinE,polymixinE_vs_control,not_regulated,b2541,b2541,45.9355294571187,-0.0012201055327309973,0.999154644804204,0.9971616396059803,1.0,-0.0,BH_from_pvalue
polymyxin,polymixinE,polymixinE_vs_control,not_regulated,b0726,b0726,14074.558158967915,-0.0013445236820643913,0.9990684813337168,0.993590701695059,1.0,-0.0,BH_from_pvalue
polymyxin,polymixinE,polymixinE_vs_control,not_regulated,b1752,b1752,65.06045701884946,-0.0015243177208761338,0.9989439814499459,0.9935197154572942,1.0,-0.0,BH_from_pvalue
polymyxin,polymixinE,polymixinE_vs_control,not_regulated,b0125,b0125,792.5662553390604,-0.0017501422950942924,0.9987876293184501,0.9937308330651453,1.0,-0.0,BH_from_pvalue
polymyxin,polymixinE,polymixinE_vs_control,not_regulated,b0010,b0010,149.95663037667552,-0.002118323972448266,0.998532767151134,0.9921250487954943,1.0,-0.0,BH_from_pvalue
polymyxin,polymixinE,polymixinE_vs_control,not_regulated,b1837,b1837,407.1452469779722,-0.0029744001775213746,0.997940426740733,0.9916359530303388,1.0,-0.0,BH_from_pvalue
polymyxin,polymixinE,polymixinE_vs_control,not_regulated,b2073,b2073,20.365300952350136,-0.0030027539634556177,0.99792081406419,0.9919603055016051,1.0,-0.0,BH_from_pvalue
polymyxin,polymixinE,polymixinE_vs_control,not_regulated,b4383,b4383,9226.395475810494,-0.003165062316631051,0.9978085507177934,0.9940048100980097,1.0,-0.0,BH_from_pvalue
polymyxin,polymixinE,polymixinE_vs_control,not_regulated,b1983,b1983,169.8525659955304,-0.0041148036563249946,0.9971518990041499,0.9923657473715221,1.0,-0.0,BH_from_pvalue
polymyxin,polymixinE,polymixinE_vs_control,not_regulated,b3874,b3874,26.232574320928382,-0.0048495188847521575,0.9966442129399967,0.9962347372705853,1.0,-0.0,BH_from_pvalue
polymyxin,polymixinE,polymixinE_vs_control,not_regulated,b3105,b3105,256.28446003942133,-0.004946397311571538,0.9965772895230874,0.9792906265621917,1.0,-0.0,BH_from_pvalue
polymyxin,polymixinE,polymixinE_vs_control,not_regulated,b1127,b1127,2103.0655677396862,-0.005164470113500741,0.9964266617248491,0.9852667821688178,1.0,-0.0,BH_from_pvalue
polymyxin,polymixinE,polymixinE_vs_control,not_regulated,b3466,b3466,40.122543613750494,-0.005199644934071657,0.9964023678160352,0.9829932256052686,1.0,-0.0,BH_from_pvalue
polymyxin,polymixinE,polymixinE_vs_control,not_regulated,b1323,b1323,2038.763314362145,-0.005317171390778697,0.9963212010644071,0.9750256668499784,1.0,-0.0,BH_from_pvalue
polymyxin,polymixinE,polymixinE_vs_control,not_regulated,b2676,b2676,59.44957649459899,-0.005329462628489878,0.9963127128058312,0.9956501824148575,1.0,-0.0,BH_from_pvalue
polymyxin,polymixinE,polymixinE_vs_control,not_regulated,b1780,b1780,355.87038565248304,-0.0054753356148733445,0.996211979276294,0.9694995730448308,1.0,-0.0,BH_from_pvalue
polymyxin,polymixinE,polymixinE_vs_control,not_regulated,b0823,b0823,134.63605927393417,-0.005617357245600196,0.9961139151101979,0.9850427759656177,1.0,-0.0,BH_from_pvalue
polymyxin,polymixinE,polymixinE_vs_control,not_regulated,b4347,b4347,15.42833882394209,-0.00590951492033831,0.9959122142297339,0.9851685191775851,1.0,-0.0,BH_from_pvalue
polymyxin,polymixinE,polymixinE_vs_control,not_regulated,b0567,b0567,81.27981884109512,-0.006073055243262182,0.9957993264956804,0.9874008361798773,1.0,-0.0,BH_from_pvalue
polymyxin,polymixinE,polymixinE_vs_control,not_regulated,b1157,b1157,0.9345301355705574,-0.006674356924174396,0.995384373212286,0.9938509796610765,1.0,-0.0,BH_from_pvalue
polymyxin,polymixinE,polymixinE_vs_control,not_regulated,b0470,b0470,1934.7517070605381,-0.0066762863208502665,0.9953830420300457,0.9854628333936903,1.0,-0.0,BH_from_pvalue
polymyxin,polymixinE,polymixinE_vs_control,not_regulated,b0772,b0772,491.6070820384918,-0.006860515272760992,0.9952559419421,0.9551420255662015,1.0,-0.0,BH_from_pvalue
polymyxin,polymixinE,polymixinE_vs_control,not_regulated,b2180,b2180,296.6715342053303,-0.007124193280287017,0.9950740579567956,0.9744159000273844,1.0,-0.0,BH_from_pvalue
polymyxin,polymixinE,polymixinE_vs_control,not_regulated,b1351,b1351,2.2623543454964428,-0.007579097893921194,0.9947603447960007,0.9948131032013664,1.0,-0.0,BH_from_pvalue
polymyxin,polymixinE,polymixinE_vs_control,not_regulated,b4054,b4054,613.2621548218634,-0.00798670768822518,0.9944793312945961,0.9676423556083134,1.0,-0.0,BH_from_pvalue
polymyxin,polymixinE,polymixinE_vs_control,not_regulated,b2696,b2696,8771.302161077796,-0.008327949927439349,0.9942441338252704,0.9672726792185509,1.0,-0.0,BH_from_pvalue
polymyxin,polymixinE,polymixinE_vs_control,not_regulated,b1391,b1391,29.529957395596842,-0.008976275239509057,0.9937974359394025,0.9887201423072581,1.0,-0.0,BH_from_pvalue
polymyxin,polymixinE,polymixinE_vs_control,not_regulated,b3454,b3454,17.899077782935606,-0.009748574754673278,0.9932655814154862,0.9701344460339772,1.0,-0.0,BH_from_pvalue
polymyxin,polymixinE,polymixinE_vs_control,not_regulated,b1985,b1985,169.969990763077,-0.010524976005756415,0.9927311890815745,0.9615768959451056,1.0,-0.0,BH_from_pvalue
polymyxin,polymixinE,polymixinE_vs_control,not_regulated,b0479,b0479,277.0780749195141,-0.011308576124973158,0.992192133331829,0.9772343443709967,1.0,-0.0,BH_from_pvalue
polymyxin,polymixinE,polymixinE_vs_control,not_regulated,b2510,b2510,184.55511949561242,-0.01132368519139959,0.9921817423497252,0.9747268244356413,1.0,-0.0,BH_from_pvalue
polymyxin,polymixinE,polymixinE_vs_control,not_regulated,b1174,b1174,317.64945835975647,-0.011670047600826905,0.991943567822102,0.9545611056722423,1.0,-0.0,BH_from_pvalue
polymyxin,polymixinE,polymixinE_vs_control,not_regulated,b2417,b2417,10566.980491836708,-0.011725701701932323,0.9919053028657238,0.9725583907000657,1.0,-0.0,BH_from_pvalue
polymyxin,polymixinE,polymixinE_vs_control,not_regulated,b0547,b0547,0.331898714946645,-0.011875862609227739,0.9918020671541633,0.9810516391891818,1.0,-0.0,BH_from_pvalue
polymyxin,polymixinE,polymixinE_vs_control,not_regulated,b4421,b4421,0.331898714946645,-0.011875862609227739,0.9918020671541633,0.9810516391891818,1.0,-0.0,BH_from_pvalue
polymyxin,polymixinE,polymixinE_vs_control,not_regulated,b2787,b2787,129.9839432749808,-0.011925309054327649,0.99176807504587,0.9609279204625186,1.0,-0.0,BH_from_pvalue
polymyxin,polymixinE,polymixinE_vs_control,not_regulated,b2780,b2780,6829.7981529036015,-0.012746860777195224,0.9912034672816509,0.9695959862772222,1.0,-0.0,BH_from_pvalue
polymyxin,polymixinE,polymixinE_vs_control,not_regulated,b3946,b3946,62.642453800924976,-0.012802713886086892,0.9911650941522046,0.9885132870595142,1.0,-0.0,BH_from_pvalue
polymyxin,polymixinE,polymixinE_vs_control,not_regulated,b2664,b2664,642.7136507491033,-0.012825358753881133,0.9911495367227168,0.9877804973782103,1.0,-0.0,BH_from_pvalue
polymyxin,polymixinE,polymixinE_vs_control,not_regulated,b2402,b2402,8.683136112412011,-0.013723801136217517,0.9905324877237686,0.9878849206348557,1.0,-0.0,BH_from_pvalue
polymyxin,polymixinE,polymixinE_vs_control,not_regulated,b1490,b1490,703.3995926115882,-0.01601124106958629,0.9889632106307457,0.9625841531701324,1.0,-0.0,BH_from_pvalue
polymyxin,polymixinE,polymixinE_vs_control,not_regulated,b3998,b3998,552.172229631257,-0.01716805070363847,0.9881705388664915,0.9491075515029117,1.0,-0.0,BH_from_pvalue
polymyxin,polymixinE,polymixinE_vs_control,not_regulated,b2938,b2938,3522.94031869577,-0.0172353647699115,0.9881244333324254,0.9602125286566449,1.0,-0.0,BH_from_pvalue
polymyxin,polymixinE,polymixinE_vs_control,not_regulated,b1132,b1132,459.930967300889,-0.01747790229433832,0.9879583295451875,0.9693703242796677,1.0,-0.0,BH_from_pvalue
polymyxin,polymixinE,polymixinE_vs_control,not_regulated,b4356,b4356,114.0196339942408,-0.018452195635829227,0.9872913581857339,0.9525713013736895,1.0,-0.0,BH_from_pvalue
polymyxin,polymixinE,polymixinE_vs_control,not_regulated,b3635,b3635,125.31856461786889,-0.019257017517277042,0.9867407414087287,0.9453431066984411,1.0,-0.0,BH_from_pvalue
polymyxin,polymixinE,polymixinE_vs_control,not_regulated,b0390,b0390,511.476554902918,-0.02075045149650201,0.9857198259389234,0.9612572220838392,1.0,-0.0,BH_from_pvalue
polymyxin,polymixinE,polymixinE_vs_control,not_regulated,b0774,b0774,85.09511026091714,-0.021011589073501646,0.9855414201187627,0.971429820259325,1.0,-0.0,BH_from_pvalue
polymyxin,polymixinE,polymixinE_vs_control,not_regulated,b4194,b4194,8.647875383587705,-0.021461451018081057,0.9852341559705269,0.9690076569136786,1.0,-0.0,BH_from_pvalue
polymyxin,polymixinE,polymixinE_vs_control,not_regulated,b0568,b0568,506.2589885469227,-0.02280347504104796,0.9843180974227981,0.9608462475128956,1.0,-0.0,BH_from_pvalue
polymyxin,polymixinE,polymixinE_vs_control,not_regulated,b2401,b2401,1.1648487948245674,-0.0232926357114831,0.9839844107676099,0.9829098584556928,1.0,-0.0,BH_from_pvalue
polymyxin,polymixinE,polymixinE_vs_control,not_regulated,b0037,b0037,39.16355258997931,-0.023745696074413125,0.9836754512652123,0.963665766884925,1.0,-0.0,BH_from_pvalue
polymyxin,polymixinE,polymixinE_vs_control,not_regulated,b0045,b0045,10.066387115849361,-0.02876884306416594,0.9802564651149197,0.9764422688811428,1.0,-0.0,BH_from_pvalue
polymyxin,polymixinE,polymixinE_vs_control,not_regulated,b4302,b4302,56.662704445459134,-0.02884948891867012,0.9802016708524205,0.9480325934456122,1.0,-0.0,BH_from_pvalue
polymyxin,polymixinE,polymixinE_vs_control,not_regulated,b0220,b0220,1745.1935569880734,-0.029138567823835615,0.9800052833754174,0.9486108770746613,1.0,-0.0,BH_from_pvalue
polymyxin,polymixinE,polymixinE_vs_control,not_regulated,b4193,b4193,32.972804018530304,-0.02937110499366291,0.9798473364193447,0.9666402604510002,1.0,-0.0,BH_from_pvalue
polymyxin,polymixinE,polymixinE_vs_control,not_regulated,b0018,b0018,2.650948942107748,-0.033961871117183406,0.97673434266236,0.9719956411078456,1.0,-0.0,BH_from_pvalue
polymyxin,polymixinE,polymixinE_vs_control,not_regulated,b1502,b1502,2.5353936507105472,-0.03412372646744011,0.9766247693935933,0.9760082450521813,1.0,-0.0,BH_from_pvalue
polymyxin,polymixinE,polymixinE_vs_control,not_regulated,b1679,b1679,373.53984909323117,-0.03695570177055352,0.9747095590770501,0.9475643911832955,1.0,-0.0,BH_from_pvalue
polymyxin,polymixinE,polymixinE_vs_control,not_regulated,b0919,b0919,3186.942831978294,-0.03764577392564661,0.9742434459566058,0.9607858278093547,1.0,-0.0,BH_from_pvalue
polymyxin,polymixinE,polymixinE_vs_control,not_regulated,b0775,b0775,52.90788316580815,-0.04093209531294573,0.9720267382031638,0.9466899623555665,1.0,-0.0,BH_from_pvalue
polymyxin,polymixinE,polymixinE_vs_control,not_regulated,b0769,b0769,2.92733058451973,-0.04371119691848624,0.9701560997033288,0.9714944968648599,1.0,-0.0,BH_from_pvalue
polymyxin,polymixinE,polymixinE_vs_control,not_regulated,b0702,b0702,2.0560651508031706,-0.051931424635445866,0.9646440357463028,0.9535802555009979,1.0,-0.0,BH_from_pvalue
polymyxin,polymixinE,polymixinE_vs_control,not_regulated,b3120,b3120,2.3023018618060296,-0.05427741180585999,0.9630766888838617,0.9644908018480954,1.0,-0.0,BH_from_pvalue
polymyxin,polymixinE,polymixinE_vs_control,not_regulated,b1153,b1153,1.8120242469516976,-0.05572336496962449,0.9621119207765838,0.954251508780594,1.0,-0.0,BH_from_pvalue
polymyxin,polymixinE,polymixinE_vs_control,not_regulated,b2660,b2660,2066.8037070613022,-0.05685376579673296,0.9613583684897029,0.9511279387073542,1.0,-0.0,BH_from_pvalue
polymyxin,polymixinE,polymixinE_vs_control,not_regulated,b2985,b2985,2.985499961982921,-0.07325337620259642,0.9504921544840254,0.9531436001232384,1.0,-0.0,BH_from_pvalue
polymyxin,polymixinE,polymixinE_vs_control,not_regulated,b0901,b0901,7.130631761396973,-0.074125736248571,0.9499175904095237,0.9479299176222742,1.0,-0.0,BH_from_pvalue
polymyxin,polymixinE,polymixinE_vs_control,not_regulated,b0621,b0621,636.0651317510263,-0.08577788807881603,0.9422763320705915,0.9464197725498308,1.0,-0.0,BH_from_pvalue
polymyxin,polymixinE,polymixinE_vs_control,not_regulated,b4070,b4070,376.12230865011344,-0.09344204319911231,0.9372838677440851,0.9623970589902205,1.0,-0.0,BH_from_pvalue
polymyxin,polymixinE,polymixinE_vs_control,not_regulated,b3562,b3562,4.471540814531785,-0.1109607951490359,0.9259711852041423,0.9453011913006258,1.0,-0.0,BH_from_pvalue
